g Fork
v 0.108395591 0.00943553075 -0.140521139
v 0.0406295098 0.00943644717 -0.142686307
v -0.0994969159 0.00943605974 -0.161923081
v 0.0677367449 -5.21540642E-08 -0.342564464
v 0.0520328954 -0.0117809791 -0.269501358
v 0.0520328954 -8.08387995E-07 -0.269501358
v 0.0677367449 -0.0117809791 -0.342564464
v 0.0821841955 -5.21540642E-08 -0.419052571
v 0.0821841955 -0.0117809791 -0.419052571
v 0.0886565745 -5.21540642E-08 -0.45888263
v 0.0886565745 -0.0117809791 -0.45888263
v 0.0942453444 -5.21540642E-08 -0.498712718
v 0.0942453444 -0.0117809791 -0.498712718
v 0.095342271 -5.21540642E-08 -0.539630473
v 0.095342271 -0.0117809791 -0.539630473
v 0.0928817764 -5.21540642E-08 -0.573428869
v 0.0928817764 -0.0117809791 -0.573428869
v 0.0867128149 -5.21540642E-08 -0.606552124
v 0.0867128149 -0.0117809791 -0.606552124
v 0.0769450143 -5.21540642E-08 -0.63348943
v 0.0769450143 -0.0117809791 -0.63348943
v 0.0585271381 -5.21540642E-08 -0.6592592
v 0.0585271381 -0.0117809791 -0.6592592
v 0.0389627926 -5.21540642E-08 -0.674867392
v 0.0389627926 -0.0117809791 -0.674867392
v 0.020806592 -5.21540642E-08 -0.681742787
v 0.020806592 -0.0117809791 -0.681742787
v 0.00265038875 -5.21540642E-08 -0.684972644
v 0.00265038875 -0.0117809791 -0.684972644
v -0.0155058634 -5.21540642E-08 -0.681742787
v -0.0155058634 -0.0117809791 -0.681742787
v -0.033662118 -5.21540642E-08 -0.674867392
v -0.033662118 -0.0117809791 -0.674867392
v -0.0532264709 -5.21540642E-08 -0.6592592
v -0.0532264709 -0.0117809791 -0.6592592
v -0.0716443509 -5.21540642E-08 -0.63348943
v -0.0716443509 -0.0117809791 -0.63348943
v -0.081412144 -5.21540642E-08 -0.606552124
v -0.081412144 -0.0117809791 -0.606552124
v -0.0875811279 -5.21540642E-08 -0.573428869
v -0.0875811279 -0.0117809791 -0.573428869
v -0.0900412649 -8.08387995E-07 -0.539630115
v -0.0900412649 -0.0117809791 -0.539630115
v -0.0889439434 -8.08387995E-07 -0.498712063
v -0.0889439434 -0.0117809791 -0.498712063
v -0.0833564773 -5.21540642E-08 -0.458886683
v -0.0833564773 -0.0117809791 -0.458886683
v -0.0768853948 -8.08387995E-07 -0.419061303
v -0.0768853948 -0.0117809791 -0.419061303
v -0.0611169748 -8.08387995E-07 -0.34248054
v -0.0611169748 -0.0117809791 -0.34248054
v -0.0439793803 -5.21540642E-08 -0.269463211
v -0.0439793803 -0.0117809791 -0.269463211
v 0.0622037388 -5.21540642E-08 0
v 0.0496054776 -0.0117809791 0
v 0.0496054776 -5.21540642E-08 0
v 0.0622037388 -0.0117809791 0
v 0.0622037388 -5.21540642E-08 0
v 0.0710533112 -0.0117809791 -0.00293016434
v 0.0710533112 -5.21540642E-08 -0.00293016434
v 0.0699108616 0.00544759259 -0.00451463461
v 0.06301561 0.00667192368 -0.00332707167
v 0.0496054776 -5.21540642E-08 0
v 0.0498540401 0.00667192368 -0.00321680307
v 0.0436191894 0.00544759259 -0.00462710857
v 0.0420805216 -5.21540642E-08 -0.00319635868
v 0.0496054776 -0.0117809791 0
v 0.0420805216 -0.0117809791 -0.00319635868
v 0.0766288564 -4.84287739E-08 -0.0104010403
v 0.0732157081 0.00667192368 -0.0106817186
v 0.0710533112 -5.21540642E-08 -0.00293016434
v 0.115902469 0.00667192042 -0.138529867
v 0.0766288489 -0.0117809791 -0.0104010403
v 0.0710533112 -0.0117809791 -0.00293016434
v 0.119011931 -5.21540642E-08 -0.137705088
v 0.12056151 0.00667510135 -0.161788151
v 0.123738021 -5.58793545E-08 -0.161558896
v 0.112786375 0.00943553075 -0.162271455
v 0.108395591 0.00943553075 -0.140521139
v 0.0732157081 0.00667192368 -0.0106817186
v 0.0652618259 0.00943554565 -0.0109623671
v 0.0699108616 0.00544759259 -0.00451463461
v 0.06301561 0.00667192368 -0.00332707167
v 0.0498540401 0.00667192368 -0.00321680307
v 0.0504321195 0.00943554565 -0.0109623671
v 0.0436191894 0.00544759259 -0.00462710857
v 0.11391215 0.009435541 -0.182794154
v 0.121698819 0.0066921562 -0.183778122
v 0.111470029 0.00943555683 -0.202289954
v 0.118961096 0.0066999495 -0.204668
v 0.105810314 0.00943557546 -0.219230473
v 0.124819398 -6.33299351E-08 -0.184150845
v 0.112655669 0.00664744107 -0.222760573
v 0.121972069 -5.58793545E-08 -0.20564805
v 0.112655669 0.00664744107 -0.222760573
v 0.115664244 7.4505806E-09 -0.224458694
v 0.102399558 0.00654220209 -0.238844916
v 0.105385274 6.70552254E-08 -0.241304755
v 0.0898663998 0.00641130656 -0.250772357
v 0.0927357674 9.31322575E-08 -0.253910363
v 0.0754297301 0.00635229377 -0.259459376
v 0.0779346824 -5.21540642E-08 -0.262652099
v 0.0485725664 0.00667119352 -0.269499987
v 0.0520328954 -8.08387995E-07 -0.269501358
v 0.0964855552 0.00943556428 -0.234348729
v 0.102399558 0.00654220209 -0.238844916
v 0.0850185603 0.00943550467 -0.245525539
v 0.0898663998 0.00641130656 -0.250772357
v 0.0716613084 0.00943537056 -0.253337264
v 0.0754297301 0.00635229377 -0.259459376
v 0.0402186327 0.00943488255 -0.262497962
v 0.0485725664 0.00667119352 -0.269499987
v 0.0560646616 0.0094354786 -0.342556834
v 0.0643180758 0.00667190552 -0.342562169
v -0.0835813284 0.00943513587 -0.233269781
v -0.0718717575 0.00943440199 -0.245089293
v 0.0850185603 0.00943550467 -0.245525539
v -0.0586948246 0.00943415612 -0.253204703
v 0.0716613084 0.00943537056 -0.253337264
v -0.0320697464 0.00943545159 -0.262469232
v 0.0402186327 0.00943488255 -0.262497962
v -0.0493717752 0.0094348602 -0.342488199
v 0.0706163347 0.0094354935 -0.419053227
v 0.0706163347 0.0094354935 -0.419053227
v -0.0652588531 0.0094348453 -0.419060618
v 0.077155605 0.00943554565 -0.458882898
v -0.0718106106 0.00943554565 -0.458886355
v 0.0827778876 0.00943549722 -0.498712689
v -0.0774416775 0.00943483785 -0.498712122
v 0.0838720948 0.00943550095 -0.539630473
v -0.0785433203 0.00943483785 -0.539630115
v 0.0813694522 0.00943554565 -0.573428869
v -0.0760459155 0.00943554565 -0.573428869
v 0.0751212314 0.00943554565 -0.606552124
v -0.0698007867 0.00943554565 -0.606552124
v 0.0652502105 0.00943554565 -0.63348943
v -0.0599315576 0.00943554565 -0.63348943
v 0.054477606 0.00943554565 -0.648466408
v -0.0491366871 0.00943554565 -0.648498535
v 0.0334713645 0.00943554565 -0.66522485
v -0.0281706899 0.00943554565 -0.66522485
v 0.0178802609 0.00943554565 -0.671128988
v -0.0125795556 0.00943554565 -0.671128988
v 0.00265038339 0.00943554565 -0.673838258
v -0.022205241 0.000110957772 -0.124630265
v -0.022205241 -0.0118919872 -0.124630265
v -0.0296589416 -0.0118962545 -0.12976703
v -0.0296589416 0.00011523068 -0.12976703
v 0.0477117375 -5.21540642E-08 -0.124630265
v 0.0477117375 -0.0117809791 -0.124630265
v 0.0401627757 -0.0117809791 -0.129754126
v 0.0401627757 -5.21540642E-08 -0.129754126
v 0.0140078077 -5.21540642E-08 0
v 0.0140078077 -0.0117809791 0
v -4.59840521E-09 -0.0117809791 0
v -4.59840521E-09 -5.21540642E-08 0
v 0.0401627757 -5.21540642E-08 -0.129754126
v 0.0401627757 -0.0117809791 -0.129754126
v 0.0312997364 -0.0117809791 -0.124630265
v 0.0312997364 -8.08387995E-07 -0.124630265
v -0.0619039759 -5.21540642E-08 -0.0103679299
v -0.0619039796 -0.0117809791 -0.0103679299
v -0.105537422 -0.0117809791 -0.137417793
v -0.105537422 -5.21540642E-08 -0.137417793
v -0.110437676 -0.0117809791 -0.161108166
v -0.110437676 -1.34110451E-07 -0.161108166
v -0.111586109 -0.0117809791 -0.183447197
v -0.111586109 -1.52736902E-07 -0.183447197
v -0.108585864 -0.0117809791 -0.205509275
v -0.108585864 -1.78813934E-07 -0.205509275
v -0.101974554 -0.0117809791 -0.224363357
v -0.101974554 -2.5331974E-07 -0.224363357
v -0.0921986848 -0.0117809791 -0.240304559
v -0.0921986848 -5.21540642E-07 -0.240304559
v -0.0790342763 -0.0117809791 -0.253508747
v -0.0790342763 -7.74860382E-07 -0.253508747
v -0.0641729832 -0.0117809791 -0.262603581
v -0.0641729832 -8.08387995E-07 -0.262603581
v -0.0439793803 -0.0117809791 -0.269463211
v -0.0439793803 -5.21540642E-08 -0.269463211
v -0.107261091 0.00667198747 -0.16133897
v -0.110437676 -1.34110451E-07 -0.161108166
v -0.108435631 0.00667202473 -0.18300502
v -0.108585864 -1.78813934E-07 -0.205509275
v -0.102443971 0.00667192042 -0.138295472
v -0.105537422 -5.21540642E-08 -0.137417793
v -0.0584810339 0.00667192368 -0.0106651485
v -0.0619039759 -5.21540642E-08 -0.0103679299
v -0.0551253147 0.00544759259 -0.00450760126
v -0.0562632792 -5.21540642E-08 -0.00291359425
v -0.0562632792 -0.0117809791 -0.00291362405
v -0.0619039796 -0.0117809791 -0.0103679299
v -0.105533615 0.00667202799 -0.20439212
v -0.101974554 -2.5331974E-07 -0.224363357
v -0.0990616083 0.00667199492 -0.222533584
v -0.0921986848 -5.21540642E-07 -0.240304559
v -0.0894884095 0.0066719763 -0.237742156
v -0.0790342763 -7.74860382E-07 -0.253508747
v -0.0767707825 0.00667196838 -0.250465274
v -0.0641729832 -8.08387995E-07 -0.262603581
v -0.0626281798 0.00667195767 -0.259644389
v -0.0439793803 -5.21540642E-08 -0.269463211
v -0.0404911302 0.00667189807 -0.269464612
v -0.100652605 0.00943646207 -0.182112217
v -0.0980746597 0.00943648443 -0.202068955
v -0.0990616083 0.00667199492 -0.222533584
v -0.0922443494 0.00943595544 -0.219011188
v -0.0894884095 0.0066719763 -0.237742156
v -0.0994969159 0.00943605974 -0.161923081
v -0.0949757844 0.00943553075 -0.140414476
v -0.0767707825 0.00667196838 -0.250465274
v -0.0718717575 0.00943440199 -0.245089293
v 0.111470029 0.00943555683 -0.202289954
v -0.0626281798 0.00667195767 -0.259644389
v -0.0980746597 0.00943648443 -0.202068955
v -0.0586948246 0.00943415612 -0.253204703
v 0.11391215 0.009435541 -0.182794154
v -0.0404911302 0.00667189807 -0.269464612
v -0.0320697464 0.00943545159 -0.262469232
v -0.0994969159 0.00943605974 -0.161923081
v 0.108395591 0.00943553075 -0.140521139
v -0.0576768965 0.00667118654 -0.342482775
v -0.0734800547 0.00667118654 -0.419061065
v -0.0652588531 0.0094348453 -0.419060618
v -0.0799747705 0.00667192368 -0.458886594
v -0.0718106106 0.00943554565 -0.458886355
v -0.0855750144 0.00667118281 -0.498712063
v -0.0774416775 0.00943483785 -0.498712122
v -0.0866736099 0.00667118281 -0.539630115
v -0.0785433203 0.00943483785 -0.539630115
v -0.0842025429 0.00667192368 -0.573428869
v -0.0760459155 0.00943554565 -0.573428869
v -0.078011252 0.00667192368 -0.606552124
v -0.0698007867 0.00943554565 -0.606552124
v -0.0682137534 0.00667192368 -0.63348943
v -0.0599315576 0.00943554565 -0.63348943
v -0.0520285964 0.00667192368 -0.656107485
v -0.0491366871 0.00943554565 -0.648498535
v -0.0320537277 0.00667192368 -0.672043145
v -0.0281706899 0.00943554565 -0.66522485
v -0.0146487756 0.00667192368 -0.678634107
v -0.0125795556 0.00943554565 -0.671128988
v 0.00265038689 0.00667192368 -0.681711495
v 0.00265038339 0.00943554565 -0.673838258
v 0.0199494958 0.00667192368 -0.678634107
v 0.0178802609 0.00943554565 -0.671128988
v 0.0373543985 0.00667192368 -0.672043145
v 0.0334713645 0.00943554565 -0.66522485
v 0.057341069 0.00667192368 -0.656098068
v 0.054477606 0.00943554565 -0.648466408
v 0.0735196918 0.00667192368 -0.63348943
v 0.0652502105 0.00943554565 -0.63348943
v 0.0833177194 0.00667192368 -0.606552124
v 0.0751212314 0.00943554565 -0.606552124
v 0.0895098969 0.00667192368 -0.573428869
v 0.0813694522 0.00943554565 -0.573428869
v 0.0919827372 0.00667190552 -0.539630473
v 0.0838720948 0.00943550095 -0.539630473
v 0.0908866227 0.00667190878 -0.498712689
v 0.0827778876 0.00943549722 -0.498712689
v 0.0852880254 0.00667192368 -0.458882689
v 0.077155605 0.00943554565 -0.458882898
v 0.0787960514 0.00667190552 -0.41905275
v 0.0867128149 -5.21540642E-08 -0.606552124
v 0.0928817764 -5.21540642E-08 -0.573428869
v 0.057341069 0.00667192368 -0.656098068
v 0.095342271 -5.21540642E-08 -0.539630473
v 0.0942453444 -5.21540642E-08 -0.498712718
v 0.0886565745 -5.21540642E-08 -0.45888263
v 0.020806592 -5.21540642E-08 -0.681742787
v 0.0821841955 -5.21540642E-08 -0.419052571
v -0.0146487756 0.00667192368 -0.678634107
v 0.0677367449 -5.21540642E-08 -0.342564464
v -0.0155058634 -5.21540642E-08 -0.681742787
v 0.0520328954 -8.08387995E-07 -0.269501358
v 0.0485725664 0.00667119352 -0.269499987
v -0.0520285964 0.00667192368 -0.656107485
v -0.081412144 -5.21540642E-08 -0.606552124
v -0.0875811279 -5.21540642E-08 -0.573428869
v -0.0900412649 -8.08387995E-07 -0.539630115
v -0.0889439434 -8.08387995E-07 -0.498712063
v -0.0833564773 -5.21540642E-08 -0.458886683
v -0.0768853948 -8.08387995E-07 -0.419061303
v -0.0611169748 -8.08387995E-07 -0.34248054
v -0.0404911302 0.00667189807 -0.269464612
v -0.0439793803 -5.21540642E-08 -0.269463211
v -0.0364952087 0.000110957772 -0.124630265
v -0.0364952087 -0.0118919872 -0.124630265
v -0.027027728 -0.011887718 -0.0109245479
v -0.0270277299 0.000106688589 -0.0109245479
v 0.119011931 -5.21540642E-08 -0.137705088
v 0.0766288489 -0.0117809791 -0.0104010403
v 0.0766288564 -4.84287739E-08 -0.0104010403
v 0.119011931 -0.0117809791 -0.137705088
v 0.123738021 -0.0117809791 -0.161558896
v 0.124819398 -0.0117809791 -0.184150845
v 0.121972069 -0.0117809791 -0.20564805
v 0.115664244 7.4505806E-09 -0.224458694
v 0.115664244 -0.0117809791 -0.224458694
v 0.105385274 6.70552254E-08 -0.241304755
v 0.105385274 -0.0117809791 -0.241304755
v 0.0927357674 9.31322575E-08 -0.253910363
v 0.0927357674 -0.0117809791 -0.253910363
v 0.0779346824 -5.21540642E-08 -0.262652099
v 0.0779346824 -0.0117809791 -0.262652099
v 0.0520328954 -8.08387995E-07 -0.269501358
v 0.0520328954 -0.0117809791 -0.269501358
v -0.0119472295 0.000106688589 -0.0109179914
v -0.0119472295 -0.011887718 -0.0109179914
v -0.022205241 -0.0118919872 -0.124630265
v -0.022205241 0.000110957772 -0.124630265
v 0.0312997364 -8.08387995E-07 -0.124630265
v 0.0312997364 -0.0117809791 -0.124630265
v 0.0255261529 -0.0117809791 -0.010948211
v 0.0255261529 -1.15483999E-07 -0.010948211
v 0.0394387133 -5.21540642E-08 -0.010933429
v 0.0394387133 -0.0117809791 -0.010933429
v 0.0477117375 -0.0117809791 -0.124630265
v 0.0477117375 -5.21540642E-08 -0.124630265
v 0.059104424 -0.0212165751 -0.130146533
v 0.0504321195 -0.0212165751 -0.0109623671
v 0.0652618259 -0.0212165751 -0.0109623671
v 0.108395591 -0.0212165751 -0.140521139
v 0.0406295098 -0.0212165751 -0.142686307
v 0.113029592 -0.0212165751 -0.162366599
v -0.0299292002 -0.0212165751 -0.142953485
v -0.0117192483 -0.0212165751 -0.130403936
v 0.0206538122 -0.0212165751 -0.131138116
v 0.0145504232 -0.0212165751 -0.0109623671
v -0.000944403524 -0.0212165751 -0.0109623671
v -0.0949757844 -0.0212165751 -0.140414476
v -0.0478969626 -0.0212165751 -0.129452497
v 0.12055514 -0.0184529535 -0.161773503
v 0.115902476 -0.0184529535 -0.138529867
v 0.0652618259 -0.0212165751 -0.0109623671
v 0.014163956 -0.0184529535 -0.00321370363
v -0.000472206011 -0.0184529554 -0.00321084261
v -0.00677568652 -0.0172512867 -0.00458180904
v 0.0205690768 -0.0172286239 -0.00463023782
v -0.00870866887 -0.0184823629 -0.0107384026
v -0.0117192483 -0.0212165751 -0.130403936
v -0.0191339627 -0.018485466 -0.126321375
v -0.0299292002 -0.0212165751 -0.142953485
v -0.0297380965 -0.0184867159 -0.133629262
v -0.0398347117 -0.018485466 -0.126042664
v -0.0119472295 -0.011887718 -0.0109179914
v -0.00804000441 -0.0118343495 -0.0031978488
v -0.0191339627 -0.018485466 -0.126321375
v -0.022205241 -0.0118919872 -0.124630265
v -0.0380311199 -0.0212165751 -0.0109623671
v -0.0302590504 -0.0185063221 -0.0109434128
v -0.0505173281 -0.0212165751 -0.0109623671
v -0.0373673849 -0.0184308477 -0.00321859121
v -0.0482117012 -0.0184529554 -0.0033339262
v -0.0551253147 -0.0172286239 -0.00450766087
v -0.0311444607 -0.0172511805 -0.00462523103
v -0.0584810339 -0.0184529535 -0.0106651485
v -0.027027728 -0.011887718 -0.0109245479
v -0.0295868125 -0.0118343495 -0.00319188833
v -0.0364952087 -0.0118919872 -0.124630265
v -0.0398347117 -0.018485466 -0.126042664
v -0.102443971 -0.0184529535 -0.138295472
v -0.100286841 -0.0212165751 -0.16317302
v -0.0619039796 -0.0117809791 -0.0103679299
v -0.0551253147 -0.0172286239 -0.00450766087
v -0.0562632792 -0.0117809791 -0.00291362405
v -0.105537422 -0.0117809791 -0.137417793
v -0.107219264 -0.0184529535 -0.161367849
v -0.110437676 -0.0117809791 -0.161108166
v -0.10828574 -0.0184529535 -0.183167219
v -0.111586109 -0.0117809791 -0.183447197
v -0.105344549 -0.0184529535 -0.204711393
v -0.108585864 -0.0117809791 -0.205509275
v -0.0989635289 -0.0184529535 -0.223267317
v -0.101974554 -0.0117809791 -0.224363357
v -0.101376772 -0.0212150943 -0.184059724
v -0.10828574 -0.0184529535 -0.183167219
v -0.0896448568 -0.0184529535 -0.239207432
v -0.0921986848 -0.0117809791 -0.240304559
v -0.0770389363 -0.0184529535 -0.252582014
v -0.0790342763 -0.0117809791 -0.253508747
v -0.0626587793 -0.0184529535 -0.261933327
v -0.0641729832 -0.0117809791 -0.262603581
v -0.0404911414 -0.0184529535 -0.269464612
v -0.0439793803 -0.0117809791 -0.269463211
v -0.0987468287 -0.0211600177 -0.203194723
v -0.105344549 -0.0184529535 -0.204711393
v 0.114071369 -0.0212165751 -0.184282124
v -0.0925857052 -0.0210096017 -0.220996439
v -0.0833493918 -0.0207911003 -0.236333191
v -0.0896448568 -0.0184529535 -0.239207432
v -0.0701550618 -0.0206664447 -0.250100285
v -0.0770389363 -0.0184529535 -0.252582014
v -0.0626587793 -0.0184529535 -0.261933327
v -0.0320697464 -0.0212165751 -0.26946795
v 0.121651895 -0.0184529535 -0.183797196
v 0.105722398 -0.0213551428 -0.220100284
v 0.110767819 -0.0212289896 -0.204664439
v 0.118874736 -0.0184529535 -0.204751387
v 0.112601124 -0.0184529535 -0.223064184
v 0.102423646 -0.0184529535 -0.239430845
v 0.0963879451 -0.0214741006 -0.235186875
v -0.0833493918 -0.0207911003 -0.236333191
v 0.0899231732 -0.0184529535 -0.251738846
v 0.0857601017 -0.0216649361 -0.246770859
v 0.0857601017 -0.0216649361 -0.246770859
v -0.0701550618 -0.0206664447 -0.250100285
v 0.0753827542 -0.0184529535 -0.260605127
v 0.0706241652 -0.021813307 -0.256882012
v 0.0706241652 -0.021813307 -0.256882012
v 0.0485725664 -0.0184529535 -0.269499987
v 0.0402186327 -0.0212165751 -0.269496709
v -0.0320697464 -0.0212165751 -0.26946795
v 0.0402186327 -0.0212165751 -0.269496709
v 0.0560646616 -0.0212165751 -0.342556834
v -0.0493717752 -0.0212165751 -0.342488199
v 0.0706163347 -0.0212165751 -0.419053227
v -0.0652588531 -0.0212165751 -0.419060618
v 0.077155605 -0.0212165751 -0.458882898
v -0.0718106106 -0.0212165751 -0.458886355
v 0.0827778876 -0.0212165751 -0.498712689
v -0.0774416775 -0.0212165751 -0.498712122
v 0.0838720948 -0.0212165751 -0.539630473
v -0.0785433203 -0.0212165751 -0.539630115
v 0.0813694522 -0.0212165751 -0.573428869
v -0.0760459155 -0.0212165751 -0.573428869
v 0.0751212314 -0.0212165751 -0.606552124
v -0.0698007867 -0.0212165751 -0.606552124
v 0.0652502105 -0.0212165751 -0.63348943
v -0.0599315576 -0.0212165751 -0.63348943
v 0.054477606 -0.0212165751 -0.648466408
v -0.0491366871 -0.0212165751 -0.648498535
v -0.0281706899 -0.0212165751 -0.66522485
v 0.0334713645 -0.0212165751 -0.66522485
v -0.0125795556 -0.0212165751 -0.671128988
v 0.0178802628 -0.0212165751 -0.671128988
v 0.00265038339 -0.0212165751 -0.673838258
v -0.0370804295 -4.84287739E-08 0
v -0.0370804295 -0.0117809791 0
v -0.0473809578 -0.0117809791 0
v -0.0473809578 -4.84287739E-08 0
v -0.0296589416 0.00011523068 -0.12976703
v -0.0296589416 -0.0118962545 -0.12976703
v -0.0364952087 -0.0118919872 -0.124630265
v -0.0364952087 0.000110957772 -0.124630265
v -0.0473809578 -0.0117809791 0
v -0.0551253147 -0.0172286239 -0.00450766087
v -0.0562632792 -0.0117809791 -0.00291362405
v -0.0482117012 -0.0184529554 -0.0033339262
v -0.0370804295 -0.0117809791 0
v -0.0373673849 -0.0184308477 -0.00321859121
v -0.0311444607 -0.0172511805 -0.00462523103
v -0.0295868125 -0.0118343495 -0.00319188833
v 0.0622037388 -0.0117809791 0
v 0.0710533112 -0.0117809791 -0.00293016434
v 0.0699108616 -0.0172286239 -0.00451463461
v 0.0630156174 -0.0184529535 -0.00332707167
v 0.0498540401 -0.0184529554 -0.00321680307
v 0.0496054776 -0.0117809791 0
v 0.0436191894 -0.0172286239 -0.00462710857
v 0.0420805216 -0.0117809791 -0.00319635868
v 0.0766288489 -0.0117809791 -0.0104010403
v 0.0699108616 -0.0172286239 -0.00451463461
v 0.0710533112 -0.0117809791 -0.00293016434
v 0.0732157081 -0.0184529554 -0.0106817186
v 0.119011931 -0.0117809791 -0.137705088
v 0.0630156174 -0.0184529535 -0.00332707167
v 0.123738021 -0.0117809791 -0.161558896
v 0.124819398 -0.0117809791 -0.184150845
v 0.121972069 -0.0117809791 -0.20564805
v 0.115664244 -0.0117809791 -0.224458694
v 0.112601124 -0.0184529535 -0.223064184
v 0.105385274 -0.0117809791 -0.241304755
v 0.102423646 -0.0184529535 -0.239430845
v 0.0927357674 -0.0117809791 -0.253910363
v 0.0899231732 -0.0184529535 -0.251738846
v 0.0779346824 -0.0117809791 -0.262652099
v 0.0753827542 -0.0184529535 -0.260605127
v 0.0520328954 -0.0117809791 -0.269501358
v 0.0485725664 -0.0184529535 -0.269499987
v -4.59840521E-09 -0.0117809791 0
v -0.00677568652 -0.0172512867 -0.00458180904
v -0.00804000441 -0.0118343495 -0.0031978488
v -0.000472206011 -0.0184529554 -0.00321084261
v 0.0140078077 -0.0117809791 0
v 0.014163956 -0.0184529535 -0.00321370363
v 0.0205690768 -0.0172286239 -0.00463023782
v 0.0219249688 -0.0117809791 -0.00320374966
v 0.0394387133 -0.0117809791 -0.010933429
v 0.0420805216 -0.0117809791 -0.00319635868
v 0.0436191894 -0.0172286239 -0.00462710857
v 0.042665042 -0.0184529535 -0.0109478831
v 0.051048588 -0.0184529535 -0.126245946
v 0.0477117375 -0.0117809791 -0.124630265
v 0.0504321195 -0.0212165751 -0.0109623671
v 0.0498540401 -0.0184529554 -0.00321680307
v 0.059104424 -0.0212165751 -0.130146533
v 0.051048588 -0.0184529535 -0.126245946
v 0.0406295098 -0.0212165751 -0.142686307
v 0.0402994715 -0.0184529535 -0.133541822
v 0.0206538122 -0.0212165751 -0.131138116
v 0.028181605 -0.0184529535 -0.126536369
v 0.0223086588 -0.0184529554 -0.0109552443
v 0.0255261529 -0.0117809791 -0.010948211
v 0.0219249688 -0.0117809791 -0.00320374966
v 0.0312997364 -0.0117809791 -0.124630265
v 0.028181605 -0.0184529535 -0.126536369
v -0.00871618558 0.00672529638 -0.0109401345
v -0.022205241 0.000110957772 -0.124630265
v -0.0191339627 0.00670443801 -0.126321375
v -0.0119472295 0.000106688589 -0.0109179914
v -0.00673680939 0.00547015294 -0.00462383032
v -0.00804839563 5.332008E-05 -0.00318863988
v -0.00804000441 -0.0118343495 -0.0031978488
v -0.0119472295 -0.011887718 -0.0109179914
v -0.000944403524 0.00943554565 -0.0109623671
v -0.000268221105 0.00664981827 -0.00321999192
v -0.0191339627 0.00670443801 -0.126321375
v -0.0117192483 0.00943554565 -0.130403936
v -0.0297381021 0.00670568971 -0.133629262
v -0.0299292039 0.00943554565 -0.142953485
v -0.0398347117 0.00670443801 -0.126042664
v -0.0478969626 0.00943554565 -0.129452497
v -0.03026524 0.00670133531 -0.0111295581
v -0.0380311199 0.00943554565 -0.0109623671
v 0.0145504232 0.0094354786 -0.0109623671
v 0.014163956 0.00667190179 -0.00321370363
v 0.020569073 0.00544756278 -0.00463023782
v 0.0223086588 0.00667185709 -0.0109552443
v 0.0206538122 0.00943375006 -0.131138116
v 0.0281816199 0.0066708657 -0.126536369
v 0.0406295098 0.00943644717 -0.142686307
v 0.0402994715 0.00667218864 -0.133541822
v 0.059104424 0.00943554565 -0.130146533
v 0.051048588 0.00667192368 -0.126245946
v 0.042665042 0.00667192368 -0.0109478831
v 0.0255261529 -1.15483999E-07 -0.010948211
v 0.0281816199 0.0066708657 -0.126536369
v 0.0312997364 -8.08387995E-07 -0.124630265
v 0.0219249688 -6.70552254E-08 -0.00320374966
v 0.0255261529 -0.0117809791 -0.010948211
v 0.0219249688 -0.0117809791 -0.00320374966
v 0.0394387133 -5.21540642E-08 -0.010933429
v 0.0420805216 -5.21540642E-08 -0.00319635868
v 0.0420805216 -0.0117809791 -0.00319635868
v 0.0394387133 -0.0117809791 -0.010933429
v 0.0477117375 -5.21540642E-08 -0.124630265
v 0.051048588 0.00667192368 -0.126245946
v 0.0652618259 0.00943554565 -0.0109623671
v 0.059104424 0.00943554565 -0.130146533
v 0.0406295098 0.00943644717 -0.142686307
v -0.0398347117 0.00670443801 -0.126042664
v -0.0364952087 0.000110957772 -0.124630265
v -0.0270277299 0.000106688589 -0.0109245479
v -0.0311868247 0.00547026098 -0.00466376543
v -0.0295953248 5.332008E-05 -0.00319972634
v -0.027027728 -0.011887718 -0.0109245479
v -0.0295868125 -0.0118343495 -0.00319188833
v -0.0375557765 0.00667192787 -0.00321084261
v -0.0482117012 0.00667192368 -0.0033338964
v -0.0505173281 0.00943554565 -0.0109623671
v -0.0584810339 0.00667192368 -0.0106651485
v -0.0478969626 0.00943554565 -0.129452497
v -0.0505173281 0.00943554565 -0.0109623671
v -0.0299292039 0.00943554565 -0.142953485
v -0.0994969159 0.00943605974 -0.161923081
v 0.0406295098 0.00943644717 -0.142686307
v -0.0117192483 0.00943554565 -0.130403936
v 0.0206538122 0.00943375006 -0.131138116
v 0.0145504232 0.0094354786 -0.0109623671
v 0.051048588 0.00667192368 -0.126245946
v 0.0477117375 -5.21540642E-08 -0.124630265
v 0.0401627757 -5.21540642E-08 -0.129754126
v 0.0402994715 0.00667218864 -0.133541822
v 0.0402994715 0.00667218864 -0.133541822
v 0.0401627757 -5.21540642E-08 -0.129754126
v 0.0312997364 -8.08387995E-07 -0.124630265
v 0.0281816199 0.0066708657 -0.126536369
v -0.0297381021 0.00670568971 -0.133629262
v -0.0296589416 0.00011523068 -0.12976703
v -0.0364952087 0.000110957772 -0.124630265
v -0.0398347117 0.00670443801 -0.126042664
v -0.0191339627 0.00670443801 -0.126321375
v -0.022205241 0.000110957772 -0.124630265
v -0.0296589416 0.00011523068 -0.12976703
v -0.0297381021 0.00670568971 -0.133629262
v -0.0404911414 -0.0184529535 -0.269464612
v -0.0320697464 -0.0212165751 -0.26946795
v -0.0493717752 -0.0212165751 -0.342488199
v -0.0576768965 -0.0184529535 -0.342482775
v -0.0439793803 -0.0117809791 -0.269463211
v -0.0652588531 -0.0212165751 -0.419060618
v -0.0611169748 -0.0117809791 -0.34248054
v -0.0734800547 -0.0184529535 -0.419061065
v -0.0718106106 -0.0212165751 -0.458886355
v -0.0768853948 -0.0117809791 -0.419061303
v -0.0799747705 -0.0184529535 -0.458886594
v -0.0774416775 -0.0212165751 -0.498712122
v -0.0833564773 -0.0117809791 -0.458886683
v -0.0855750144 -0.0184529535 -0.498712063
v -0.0785433203 -0.0212165751 -0.539630115
v -0.0889439434 -0.0117809791 -0.498712063
v -0.0866736099 -0.0184529535 -0.539630115
v -0.0760459155 -0.0212165751 -0.573428869
v -0.0900412649 -0.0117809791 -0.539630115
v -0.0842025429 -0.0184529535 -0.573428869
v -0.0698007867 -0.0212165751 -0.606552124
v -0.0875811279 -0.0117809791 -0.573428869
v -0.078011252 -0.0184529535 -0.606552124
v -0.0599315576 -0.0212165751 -0.63348943
v -0.081412144 -0.0117809791 -0.606552124
v -0.0682137534 -0.0184529535 -0.63348943
v -0.0491366871 -0.0212165751 -0.648498535
v -0.0716443509 -0.0117809791 -0.63348943
v -0.0520285964 -0.0184529535 -0.656107485
v -0.0520285964 -0.0184529535 -0.656107485
v -0.0281706899 -0.0212165751 -0.66522485
v -0.0532264709 -0.0117809791 -0.6592592
v -0.0320537277 -0.0184529535 -0.672043145
v -0.0125795556 -0.0212165751 -0.671128988
v -0.033662118 -0.0117809791 -0.674867392
v -0.0146487756 -0.0184529535 -0.678634107
v 0.00265038339 -0.0212165751 -0.673838258
v -0.0155058634 -0.0117809791 -0.681742787
v 0.00265038689 -0.0184529535 -0.681711495
v 0.0178802628 -0.0212165751 -0.671128988
v 0.00265038875 -0.0117809791 -0.684972644
v 0.0199494958 -0.0184529535 -0.678634107
v 0.0199494958 -0.0184529535 -0.678634107
v 0.0334713645 -0.0212165751 -0.66522485
v 0.020806592 -0.0117809791 -0.681742787
v 0.0373543985 -0.0184529535 -0.672043145
v 0.054477606 -0.0212165751 -0.648466408
v 0.0389627926 -0.0117809791 -0.674867392
v 0.057341069 -0.0184529535 -0.656098068
v 0.057341069 -0.0184529535 -0.656098068
v 0.0652502105 -0.0212165751 -0.63348943
v 0.0585271381 -0.0117809791 -0.6592592
v 0.0735196918 -0.0184529535 -0.63348943
v 0.0751212314 -0.0212165751 -0.606552124
v 0.0769450143 -0.0117809791 -0.63348943
v 0.0833177194 -0.0184529535 -0.606552124
v 0.0813694522 -0.0212165751 -0.573428869
v 0.0867128149 -0.0117809791 -0.606552124
v 0.0895098969 -0.0184529535 -0.573428869
v 0.0838720948 -0.0212165751 -0.539630473
v 0.0928817764 -0.0117809791 -0.573428869
v 0.0919827372 -0.0184529535 -0.539630473
v 0.0827778876 -0.0212165751 -0.498712689
v 0.095342271 -0.0117809791 -0.539630473
v 0.0908866227 -0.0184529535 -0.498712689
v 0.077155605 -0.0212165751 -0.458882898
v 0.0942453444 -0.0117809791 -0.498712718
v 0.0852880254 -0.0184529535 -0.458882689
v 0.0706163347 -0.0212165751 -0.419053227
v 0.0886565745 -0.0117809791 -0.45888263
v 0.0787960514 -0.0184529535 -0.41905275
v 0.0560646616 -0.0212165751 -0.342556834
v 0.0821841955 -0.0117809791 -0.419052571
v 0.0643180758 -0.0184529535 -0.342562169
v 0.0402186327 -0.0212165751 -0.269496709
v 0.0677367449 -0.0117809791 -0.342564464
v 0.0485725664 -0.0184529535 -0.269499987
v 0.0520328954 -0.0117809791 -0.269501358
v 0.0477117375 -0.0117809791 -0.124630265
v 0.051048588 -0.0184529535 -0.126245946
v 0.0402994715 -0.0184529535 -0.133541822
v 0.0401627757 -0.0117809791 -0.129754126
v 0.0401627757 -0.0117809791 -0.129754126
v 0.0402994715 -0.0184529535 -0.133541822
v 0.028181605 -0.0184529535 -0.126536369
v 0.0312997364 -0.0117809791 -0.124630265
v -0.0296589416 -0.0118962545 -0.12976703
v -0.0297380965 -0.0184867159 -0.133629262
v -0.0398347117 -0.018485466 -0.126042664
v -0.0364952087 -0.0118919872 -0.124630265
v -0.022205241 -0.0118919872 -0.124630265
v -0.0191339627 -0.018485466 -0.126321375
v -0.0297380965 -0.0184867159 -0.133629262
v -0.0296589416 -0.0118962545 -0.12976703
v -0.0562632792 -5.21540642E-08 -0.00291359425
v -0.0473809578 -0.0117809791 0
v -0.0562632792 -0.0117809791 -0.00291362405
v -0.0473809578 -4.84287739E-08 0
v -0.0551253147 0.00544759259 -0.00450760126
v -0.0482117012 0.00667192368 -0.0033338964
v -0.0375557765 0.00667192787 -0.00321084261
v -0.0370804295 -4.84287739E-08 0
v -0.0311868247 0.00547026098 -0.00466376543
v -0.0295953248 5.332008E-05 -0.00319972634
v -0.0295868125 -0.0118343495 -0.00319188833
v -0.0370804295 -0.0117809791 0
v -0.00804839563 5.332008E-05 -0.00318863988
v -4.59840521E-09 -0.0117809791 0
v -0.00804000441 -0.0118343495 -0.0031978488
v -4.59840521E-09 -5.21540642E-08 0
v -0.00673680939 0.00547015294 -0.00462383032
v -0.000268221105 0.00664981827 -0.00321999192
v 0.014163956 0.00667190179 -0.00321370363
v 0.0140078077 -5.21540642E-08 0
v 0.020569073 0.00544756278 -0.00463023782
v 0.0219249688 -6.70552254E-08 -0.00320374966
v 0.0219249688 -0.0117809791 -0.00320374966
v 0.0140078077 -0.0117809791 0
v -0.0134257656 0.0272691622 -0.67103219
v 0.00298213237 0.0272677746 -0.673951089
v 0.0187401343 0.0272711646 -0.672334254
v 0.0345008932 0.0272670984 -0.666365981
v -0.029442383 0.0272691175 -0.666172922
v 0.0554237403 0.0272699967 -0.649674058
v -0.0501187965 0.0272691175 -0.649677634
v -0.0622240007 0.0272691175 -0.632822454
v 0.0675264448 0.0272691175 -0.632822454
v -0.0720837191 0.0272684023 -0.605885267
v 0.0773863569 0.0272690784 -0.605885267
v -0.0783313289 0.0272690784 -0.572761953
v 0.0836343095 0.0272683948 -0.572761953
v -0.0808477104 0.0272691175 -0.538963258
v 0.0861516073 0.0272691175 -0.538963616
v -0.0797845796 0.0272691175 -0.498045236
v 0.0850896314 0.0272691175 -0.498045832
v -0.0742151067 0.0272691175 -0.458219588
v 0.0795200542 0.0272691175 -0.458216012
v -0.0677514896 0.0272684023 -0.41839388
v 0.0730567724 0.0272690728 -0.418386191
v -0.0532892793 0.0272687376 -0.348149359
v 0.0597981289 0.0272691175 -0.348179072
v 0.037919309 0.0272691175 -0.338769436
v -0.0313102826 0.0272698328 -0.338730186
v 0.00330470013 0.0272683874 -0.334415227
v 0.0595543832 0.0199255906 -0.338378608
v 0.0595543832 0.00975761935 -0.338378608
v 0.0402809791 0.00975761935 -0.33008945
v 0.0402809791 0.0199255906 -0.33008945
v 0.00330976117 0.00975761935 -0.325438797
v 0.00330976117 0.0199255906 -0.325438797
v -0.0336614512 0.00975761935 -0.330047488
v -0.0336614512 0.0199248306 -0.330047488
v -0.0529303253 0.00975761935 -0.338305235
v -0.0529303215 0.0199253671 -0.338305235
v -0.0155059798 0.0199255906 -0.679708838
v 0.0026502714 0.00975761935 -0.682938755
v 0.0026502714 0.0199255906 -0.682938755
v -0.0155059798 0.00975761935 -0.679708838
v -0.0336622335 0.0199255906 -0.674200416
v -0.0336622335 0.00975761935 -0.674200416
v -0.053226579 0.0199255906 -0.658592343
v -0.053226579 0.00975761935 -0.658592343
v -0.0716444626 0.0199255906 -0.632822454
v -0.0716444626 0.00975761935 -0.632822454
v -0.0814122632 0.0199248306 -0.605885267
v -0.0814122632 0.00975761935 -0.605885267
v -0.0875812322 0.0199255906 -0.572761953
v -0.0875812322 0.00975761935 -0.572761953
v -0.0900413617 0.0199255906 -0.538963258
v -0.0900413617 0.00975761935 -0.538963258
v -0.0889440626 0.0199255906 -0.498045176
v -0.0889440626 0.00975761935 -0.498045176
v -0.0833565891 0.0199255906 -0.458219826
v -0.0833565891 0.00975761935 -0.458219826
v -0.0768855065 0.0199248306 -0.418394387
v -0.0768855065 0.00975761935 -0.418394387
v -0.062913388 0.0199255012 -0.350537568
v -0.062913388 0.00975761935 -0.350537568
v -0.0529303253 0.00975761935 -0.338305235
v -0.0529303215 0.0199253671 -0.338305235
v 0.0026502714 0.0199255906 -0.682938755
v 0.0026502714 0.00975761935 -0.682938755
v 0.0208064727 0.00975761935 -0.681075871
v 0.0208064727 0.0199248306 -0.681075871
v 0.0389626734 0.00975761935 -0.674200416
v 0.0389626734 0.0199255906 -0.674200416
v 0.0585270151 0.00975761935 -0.658592343
v 0.0585270151 0.0199248306 -0.658592343
v 0.0769448951 0.00975761935 -0.632822454
v 0.0769448951 0.0199255906 -0.632822454
v 0.0867126957 0.00975761935 -0.605885267
v 0.0867126957 0.0199255906 -0.605885267
v 0.0928816497 0.00975761935 -0.572761953
v 0.0928816497 0.0199248306 -0.572761953
v 0.0953421444 0.00975761935 -0.538963616
v 0.0953421444 0.0199255906 -0.538963616
v 0.0942452103 0.00975761935 -0.498045832
v 0.0942452103 0.0199255906 -0.498045832
v 0.0886564404 0.00975761935 -0.458215773
v 0.0886564404 0.0199255906 -0.458215773
v 0.0821840763 0.00975761935 -0.418385684
v 0.0821840763 0.0199255906 -0.418385684
v 0.0693897679 0.00975761935 -0.350649714
v 0.0693897679 0.0199255906 -0.350649714
v 0.0595543832 0.0199255906 -0.338378608
v 0.0595543832 0.00975761935 -0.338378608
v -0.062913388 0.0199255012 -0.350537568
v -0.0532892793 0.0272687376 -0.348149359
v -0.0529303215 0.0199253671 -0.338305235
v -0.0768855065 0.0199248306 -0.418394387
v -0.0677514896 0.0272684023 -0.41839388
v -0.0833565891 0.0199255906 -0.458219826
v -0.0742151067 0.0272691175 -0.458219588
v -0.0889440626 0.0199255906 -0.498045176
v -0.0797845796 0.0272691175 -0.498045236
v -0.0900413617 0.0199255906 -0.538963258
v -0.0808477104 0.0272691175 -0.538963258
v -0.0875812322 0.0199255906 -0.572761953
v -0.0783313289 0.0272690784 -0.572761953
v -0.0814122632 0.0199248306 -0.605885267
v -0.0720837191 0.0272684023 -0.605885267
v -0.0716444626 0.0199255906 -0.632822454
v -0.0622240007 0.0272691175 -0.632822454
v -0.053226579 0.0199255906 -0.658592343
v -0.0501187965 0.0272691175 -0.649677634
v -0.0336622335 0.0199255906 -0.674200416
v -0.029442383 0.0272691175 -0.666172922
v -0.0155059798 0.0199255906 -0.679708838
v -0.0134257656 0.0272691622 -0.67103219
v 0.0026502714 0.0199255906 -0.682938755
v 0.00298213237 0.0272677746 -0.673951089
v 0.0693897679 0.0199255906 -0.350649714
v 0.0595543832 0.0199255906 -0.338378608
v 0.0597981289 0.0272691175 -0.348179072
v 0.0730567724 0.0272690728 -0.418386191
v 0.0821840763 0.0199255906 -0.418385684
v 0.0795200542 0.0272691175 -0.458216012
v 0.0886564404 0.0199255906 -0.458215773
v 0.0850896314 0.0272691175 -0.498045832
v 0.0942452103 0.0199255906 -0.498045832
v 0.0861516073 0.0272691175 -0.538963616
v 0.0953421444 0.0199255906 -0.538963616
v 0.0836343095 0.0272683948 -0.572761953
v 0.0928816497 0.0199248306 -0.572761953
v 0.0773863569 0.0272690784 -0.605885267
v 0.0867126957 0.0199255906 -0.605885267
v 0.0675264448 0.0272691175 -0.632822454
v 0.0769448951 0.0199255906 -0.632822454
v 0.0554237403 0.0272699967 -0.649674058
v 0.0585270151 0.0199248306 -0.658592343
v 0.0345008932 0.0272670984 -0.666365981
v 0.0389626734 0.0199255906 -0.674200416
v 0.0187401343 0.0272711646 -0.672334254
v 0.0208064727 0.0199248306 -0.681075871
v 0.00298213237 0.0272677746 -0.673951089
v 0.0026502714 0.0199255906 -0.682938755
v -0.062913388 0.00975761935 -0.350537568
v -0.0529303253 0.00975761935 -0.338305235
v -0.0532892793 0.0024140887 -0.348149359
v -0.0677514896 0.0024140887 -0.41839388
v -0.0768855065 0.00975761935 -0.418394387
v -0.0742151067 0.0024140887 -0.458219588
v -0.0833565891 0.00975761935 -0.458219826
v -0.0797845796 0.0024140887 -0.498045236
v -0.0889440626 0.00975761935 -0.498045176
v -0.0808477104 0.0024140887 -0.538963258
v -0.0900413617 0.00975761935 -0.538963258
v -0.0783313289 0.0024140887 -0.572761953
v -0.0875812322 0.00975761935 -0.572761953
v -0.0720837191 0.0024140887 -0.605885267
v -0.0814122632 0.00975761935 -0.605885267
v -0.0622240007 0.0024140887 -0.632822454
v -0.0716444626 0.00975761935 -0.632822454
v -0.0501187965 0.0024140887 -0.649677634
v -0.053226579 0.00975761935 -0.658592343
v -0.029442383 0.0024140887 -0.666172922
v -0.0336622335 0.00975761935 -0.674200416
v -0.0134257656 0.0024140887 -0.67103219
v -0.0155059798 0.00975761935 -0.679708838
v 0.00298213237 0.0024140887 -0.673951089
v 0.0026502714 0.00975761935 -0.682938755
v 0.0693897679 0.00975761935 -0.350649714
v 0.0597981326 0.0024140887 -0.348179072
v 0.0595543832 0.00975761935 -0.338378608
v 0.0821840763 0.00975761935 -0.418385684
v 0.0730567724 0.0024140887 -0.418386191
v 0.0886564404 0.00975761935 -0.458215773
v 0.0795200542 0.0024140887 -0.458216012
v 0.0942452103 0.00975761935 -0.498045832
v 0.0850896314 0.0024140887 -0.498045832
v 0.0953421444 0.00975761935 -0.538963616
v 0.0861516073 0.0024140887 -0.538963616
v 0.0928816497 0.00975761935 -0.572761953
v 0.0836343095 0.0024140887 -0.572761953
v 0.0867126957 0.00975761935 -0.605885267
v 0.0773863569 0.0024140887 -0.605885267
v 0.0769448951 0.00975761935 -0.632822454
v 0.0675264448 0.0024140887 -0.632822454
v 0.0585270151 0.00975761935 -0.658592343
v 0.0554237403 0.0024140887 -0.649674058
v 0.0389626734 0.00975761935 -0.674200416
v 0.0345008895 0.0024140887 -0.666365981
v 0.0208064727 0.00975761935 -0.681075871
v 0.0187401343 0.0024140887 -0.672334254
v 0.0026502714 0.00975761935 -0.682938755
v 0.00298213237 0.0024140887 -0.673951089
v -0.0313102826 0.0272698328 -0.338730186
v -0.0529303215 0.0199253671 -0.338305235
v -0.0532892793 0.0272687376 -0.348149359
v -0.0336614512 0.0199248306 -0.330047488
v 0.00330470013 0.0272683874 -0.334415227
v 0.00330976117 0.0199255906 -0.325438797
v 0.037919309 0.0272691175 -0.338769436
v 0.0402809791 0.0199255906 -0.33008945
v 0.0597981289 0.0272691175 -0.348179072
v 0.0595543832 0.0199255906 -0.338378608
v -0.0336614512 0.00975761935 -0.330047488
v -0.0532892793 0.0024140887 -0.348149359
v -0.0529303253 0.00975761935 -0.338305235
v -0.0313102826 0.0024140887 -0.338730186
v 0.00330976117 0.00975761935 -0.325438797
v 0.00330470013 0.0024140887 -0.334415227
v 0.0402809791 0.00975761935 -0.33008945
v 0.037919309 0.0024140887 -0.338769436
v 0.0595543832 0.00975761935 -0.338378608
v 0.0597981326 0.0024140887 -0.348179072
v -0.0313102826 -0.0392922238 -0.338730186
v 0.0033046999 -0.0392922238 -0.334415227
v 0.037919309 -0.0392922238 -0.338769436
v -0.0532892793 -0.0392922238 -0.348149359
v 0.0597981326 -0.0392922238 -0.348179072
v 0.0730567724 -0.0392922238 -0.418386191
v -0.0677514896 -0.03929222 -0.41839388
v 0.0795200542 -0.0392922238 -0.458216012
v -0.0742151067 -0.03929222 -0.458219588
v 0.0850896314 -0.0392922238 -0.498045832
v -0.0797845796 -0.03929222 -0.498045236
v 0.0861516073 -0.03929222 -0.538963616
v -0.0808477104 -0.03929222 -0.538963258
v 0.0836343095 -0.03929222 -0.572761953
v -0.0783313289 -0.03929222 -0.572761953
v 0.0773863569 -0.03929222 -0.605885267
v -0.0720837191 -0.03929222 -0.605885267
v 0.0675264448 -0.03929222 -0.632822454
v -0.0622240007 -0.03929222 -0.632822454
v 0.0554237403 -0.03929222 -0.649674058
v -0.0501187965 -0.03929222 -0.649677634
v -0.029442383 -0.03929222 -0.666172922
v 0.0345008895 -0.03929222 -0.666365981
v -0.0134257656 -0.03929222 -0.67103219
v 0.0187401343 -0.03929222 -0.672334254
v 0.00298213237 -0.03929222 -0.673951089
v 0.0595543832 -0.0217807163 -0.338378608
v 0.0595543832 -0.0319486931 -0.338378608
v 0.0402809791 -0.0319486931 -0.33008945
v 0.0402809791 -0.0217807163 -0.33008945
v 0.00330976117 -0.0319486931 -0.325438797
v 0.00330976117 -0.0217807163 -0.325438797
v -0.0336614512 -0.0319486931 -0.330047488
v -0.0336614512 -0.0217814781 -0.330047488
v -0.0529303253 -0.0319486931 -0.338305235
v -0.0529303215 -0.0217809435 -0.338305235
v -0.0155059798 -0.0217807163 -0.679708838
v 0.0026502714 -0.0319486931 -0.682938755
v 0.0026502714 -0.0217807163 -0.682938755
v -0.0155059798 -0.0319486931 -0.679708838
v -0.0336622335 -0.0217807163 -0.674200416
v -0.0336622335 -0.0319486931 -0.674200416
v -0.053226579 -0.0217807163 -0.658592343
v -0.053226579 -0.0319486931 -0.658592343
v -0.0716444626 -0.0217807163 -0.632822454
v -0.0716444626 -0.0319486931 -0.632822454
v -0.0814122632 -0.0217814781 -0.605885267
v -0.0814122632 -0.0319486931 -0.605885267
v -0.0875812322 -0.0217807163 -0.572761953
v -0.0875812322 -0.0319486931 -0.572761953
v -0.0900413617 -0.0217807163 -0.538963258
v -0.0900413617 -0.0319486931 -0.538963258
v -0.0889440626 -0.0217807163 -0.498045176
v -0.0889440626 -0.0319486931 -0.498045176
v -0.0833565891 -0.0217807163 -0.458219826
v -0.0833565891 -0.0319486931 -0.458219826
v -0.0768855065 -0.0217814781 -0.418394387
v -0.0768855065 -0.0319486931 -0.418394387
v -0.062913388 -0.0217808057 -0.350537568
v -0.062913388 -0.0319486931 -0.350537568
v -0.0529303253 -0.0319486931 -0.338305235
v -0.0529303215 -0.0217809435 -0.338305235
v 0.0026502714 -0.0217807163 -0.682938755
v 0.0026502714 -0.0319486931 -0.682938755
v 0.0208064727 -0.0319486931 -0.681075871
v 0.0208064727 -0.0217814781 -0.681075871
v 0.0389626734 -0.0319486931 -0.674200416
v 0.0389626734 -0.0217807163 -0.674200416
v 0.0585270151 -0.0319486931 -0.658592343
v 0.0585270151 -0.0217814781 -0.658592343
v 0.0769448951 -0.0319486931 -0.632822454
v 0.0769448951 -0.0217807163 -0.632822454
v 0.0867126957 -0.0319486931 -0.605885267
v 0.0867126957 -0.0217807163 -0.605885267
v 0.0928816497 -0.0319486931 -0.572761953
v 0.0928816497 -0.0217814781 -0.572761953
v 0.0953421444 -0.0319486931 -0.538963616
v 0.0953421444 -0.0217807163 -0.538963616
v 0.0942452103 -0.0319486931 -0.498045832
v 0.0942452103 -0.0217807163 -0.498045832
v 0.0886564404 -0.0319486931 -0.458215773
v 0.0886564404 -0.0217807163 -0.458215773
v 0.0821840763 -0.0319486931 -0.418385684
v 0.0821840763 -0.0217807163 -0.418385684
v 0.0693897679 -0.0319486931 -0.350649714
v 0.0693897679 -0.0217807163 -0.350649714
v 0.0595543832 -0.0217807163 -0.338378608
v 0.0595543832 -0.0319486931 -0.338378608
v -0.062913388 -0.0217808057 -0.350537568
v -0.0532892793 -0.0144375702 -0.348149359
v -0.0529303215 -0.0217809435 -0.338305235
v -0.0768855065 -0.0217814781 -0.418394387
v -0.0677514896 -0.0144379027 -0.41839388
v -0.0833565891 -0.0217807163 -0.458219826
v -0.0742151067 -0.0144371875 -0.458219588
v -0.0889440626 -0.0217807163 -0.498045176
v -0.0797845796 -0.0144371875 -0.498045236
v -0.0900413617 -0.0217807163 -0.538963258
v -0.0808477104 -0.0144371875 -0.538963258
v -0.0875812322 -0.0217807163 -0.572761953
v -0.0783313289 -0.0144372284 -0.572761953
v -0.0814122632 -0.0217814781 -0.605885267
v -0.0720837191 -0.0144379037 -0.605885267
v -0.0716444626 -0.0217807163 -0.632822454
v -0.0622240007 -0.0144371875 -0.632822454
v -0.053226579 -0.0217807163 -0.658592343
v -0.0501187965 -0.0144371875 -0.649677634
v -0.0336622335 -0.0217807163 -0.674200416
v -0.029442383 -0.0144371875 -0.666172922
v -0.0155059798 -0.0217807163 -0.679708838
v -0.0134257656 -0.0144371483 -0.67103219
v 0.0026502714 -0.0217807163 -0.682938755
v 0.00298213237 -0.0144385369 -0.673951089
v 0.0693897679 -0.0217807163 -0.350649714
v 0.0595543832 -0.0217807163 -0.338378608
v 0.0597981289 -0.0144371875 -0.348179072
v 0.0730567724 -0.0144372312 -0.418386191
v 0.0821840763 -0.0217807163 -0.418385684
v 0.0795200542 -0.0144371875 -0.458216012
v 0.0886564404 -0.0217807163 -0.458215773
v 0.0850896314 -0.0144371875 -0.498045832
v 0.0942452103 -0.0217807163 -0.498045832
v 0.0861516073 -0.0144371875 -0.538963616
v 0.0953421444 -0.0217807163 -0.538963616
v 0.0836343095 -0.0144379074 -0.572761953
v 0.0928816497 -0.0217814781 -0.572761953
v 0.0773863569 -0.0144372303 -0.605885267
v 0.0867126957 -0.0217807163 -0.605885267
v 0.0675264448 -0.0144371875 -0.632822454
v 0.0769448951 -0.0217807163 -0.632822454
v 0.0554237403 -0.0144363102 -0.649674058
v 0.0585270151 -0.0217814781 -0.658592343
v 0.0345008932 -0.0144392056 -0.666365981
v 0.0389626734 -0.0217807163 -0.674200416
v 0.0187401343 -0.0144351441 -0.672334254
v 0.0208064727 -0.0217814781 -0.681075871
v 0.00298213237 -0.0144385369 -0.673951089
v 0.0026502714 -0.0217807163 -0.682938755
v -0.062913388 -0.0319486931 -0.350537568
v -0.0529303253 -0.0319486931 -0.338305235
v -0.0532892793 -0.0392922238 -0.348149359
v -0.0677514896 -0.03929222 -0.41839388
v -0.0768855065 -0.0319486931 -0.418394387
v -0.0742151067 -0.03929222 -0.458219588
v -0.0833565891 -0.0319486931 -0.458219826
v -0.0797845796 -0.03929222 -0.498045236
v -0.0889440626 -0.0319486931 -0.498045176
v -0.0808477104 -0.03929222 -0.538963258
v -0.0900413617 -0.0319486931 -0.538963258
v -0.0783313289 -0.03929222 -0.572761953
v -0.0875812322 -0.0319486931 -0.572761953
v -0.0720837191 -0.03929222 -0.605885267
v -0.0814122632 -0.0319486931 -0.605885267
v -0.0622240007 -0.03929222 -0.632822454
v -0.0716444626 -0.0319486931 -0.632822454
v -0.0501187965 -0.03929222 -0.649677634
v -0.053226579 -0.0319486931 -0.658592343
v -0.029442383 -0.03929222 -0.666172922
v -0.0336622335 -0.0319486931 -0.674200416
v -0.0134257656 -0.03929222 -0.67103219
v -0.0155059798 -0.0319486931 -0.679708838
v 0.00298213237 -0.03929222 -0.673951089
v 0.0026502714 -0.0319486931 -0.682938755
v 0.0693897679 -0.0319486931 -0.350649714
v 0.0597981326 -0.0392922238 -0.348179072
v 0.0595543832 -0.0319486931 -0.338378608
v 0.0821840763 -0.0319486931 -0.418385684
v 0.0730567724 -0.0392922238 -0.418386191
v 0.0886564404 -0.0319486931 -0.458215773
v 0.0795200542 -0.0392922238 -0.458216012
v 0.0942452103 -0.0319486931 -0.498045832
v 0.0850896314 -0.0392922238 -0.498045832
v 0.0953421444 -0.0319486931 -0.538963616
v 0.0861516073 -0.03929222 -0.538963616
v 0.0928816497 -0.0319486931 -0.572761953
v 0.0836343095 -0.03929222 -0.572761953
v 0.0867126957 -0.0319486931 -0.605885267
v 0.0773863569 -0.03929222 -0.605885267
v 0.0769448951 -0.0319486931 -0.632822454
v 0.0675264448 -0.03929222 -0.632822454
v 0.0585270151 -0.0319486931 -0.658592343
v 0.0554237403 -0.03929222 -0.649674058
v 0.0389626734 -0.0319486931 -0.674200416
v 0.0345008895 -0.03929222 -0.666365981
v 0.0208064727 -0.0319486931 -0.681075871
v 0.0187401343 -0.03929222 -0.672334254
v 0.0026502714 -0.0319486931 -0.682938755
v 0.00298213237 -0.03929222 -0.673951089
v -0.0313102826 -0.0144364731 -0.338730186
v -0.0529303215 -0.0217809435 -0.338305235
v -0.0532892793 -0.0144375702 -0.348149359
v -0.0336614512 -0.0217814781 -0.330047488
v 0.0033046999 -0.0144379232 -0.334415227
v 0.00330976117 -0.0217807163 -0.325438797
v 0.037919309 -0.0144371875 -0.338769436
v 0.0402809791 -0.0217807163 -0.33008945
v 0.0597981289 -0.0144371875 -0.348179072
v 0.0595543832 -0.0217807163 -0.338378608
v -0.0336614512 -0.0319486931 -0.330047488
v -0.0532892793 -0.0392922238 -0.348149359
v -0.0529303253 -0.0319486931 -0.338305235
v -0.0313102826 -0.0392922238 -0.338730186
v 0.00330976117 -0.0319486931 -0.325438797
v 0.0033046999 -0.0392922238 -0.334415227
v 0.0402809791 -0.0319486931 -0.33008945
v 0.037919309 -0.0392922238 -0.338769436
v 0.0595543832 -0.0319486931 -0.338378608
v 0.0597981326 -0.0392922238 -0.348179072
vt 0.742675781 0.945800781
vt 0.734375 0.873046875
vt 0.724609375 0.724121094
vt 0.50390625 0.924316406
vt 0.592285156 0.918945312
vt 0.594726562 0.905761719
vt 0.5078125 0.94140625
vt 0.400390625 0.946289062
vt 0.404052734 0.96484375
vt 0.344238281 0.956054688
vt 0.347167969 0.975585938
vt 0.286865234 0.962890625
vt 0.288330078 0.982910156
vt 0.227783203 0.963867188
vt 0.227050781 0.984375
vt 0.178344727 0.958984375
vt 0.175048828 0.979492188
vt 0.129882812 0.948242188
vt 0.123291016 0.967773438
vt 0.0910644531 0.931640625
vt 0.0803833008 0.949707031
vt 0.0540161133 0.902832031
vt 0.0386962891 0.917480469
vt 0.0319519043 0.873046875
vt 0.0127334595 0.883300781
vt 0.0216217041 0.845214844
vt -0.000166535378 0.850585938
vt 0.0179595947 0.817871094
vt -0.00407409668 0.816894531
vt 0.0236663818 0.790527344
vt 0.00241470337 0.783691406
vt 0.035949707 0.764160156
vt 0.0176544189 0.752441406
vt 0.0600585938 0.735839844
vt 0.0459594727 0.720214844
vt 0.0989379883 0.709960938
vt 0.0895996094 0.69140625
vt 0.138671875 0.696289062
vt 0.133544922 0.676269531
vt 0.187744141 0.688964844
vt 0.185791016 0.668457031
vt 0.237060547 0.6875
vt 0.237670898 0.667480469
vt 0.295654297 0.692382812
vt 0.298339844 0.672851562
vt 0.351806641 0.703125
vt 0.355957031 0.684082031
vt 0.406738281 0.716308594
vt 0.411621094 0.697753906
vt 0.508300781 0.744628906
vt 0.512695312 0.728027344
vt 0.59765625 0.767578125
vt 0.596191406 0.75390625
vt 0.895019531 0.907226562
vt 0.908203125 0.891113281
vt 0.89453125 0.895507812
vt 0.910644531 0.909179688
vt 0.895019531 0.907226562
vt 0.904785156 0.923339844
vt 0.892089844 0.915039062
vt 0.887695312 0.912597656
vt 0.888183594 0.907226562
vt 0.89453125 0.895507812
vt 0.888183594 0.896484375
vt 0.887695312 0.892089844
vt 0.891113281 0.889160156
vt 0.908203125 0.891113281
vt 0.901367188 0.880371094
vt 0.886230469 0.921386719
vt 0.8828125 0.915039062
vt 0.892089844 0.915039062
vt 0.745117188 0.955078125
vt 0.89453125 0.93359375
vt 0.904785156 0.923339844
vt 0.747070312 0.963867188
vt 0.720214844 0.959472656
vt 0.720703125 0.968261719
vt 0.719726562 0.950195312
vt 0.742675781 0.945800781
vt 0.8828125 0.915039062
vt 0.881835938 0.908691406
vt 0.887695312 0.912597656
vt 0.888183594 0.907226562
vt 0.888183594 0.896484375
vt 0.882324219 0.896484375
vt 0.887695312 0.892089844
vt 0.698242188 0.951171875
vt 0.696777344 0.959960938
vt 0.678222656 0.948730469
vt 0.675292969 0.95703125
vt 0.660644531 0.943359375
vt 0.696289062 0.96875
vt 0.657226562 0.950683594
vt 0.672851562 0.965332031
vt 0.657226562 0.950683594
vt 0.653320312 0.958007812
vt 0.641113281 0.94140625
vt 0.636230469 0.947753906
vt 0.628417969 0.930664062
vt 0.623535156 0.936523438
vt 0.617675781 0.918945312
vt 0.61328125 0.924804688
vt 0.59765625 0.894042969
vt 0.594726562 0.905761719
vt 0.645019531 0.935058594
vt 0.641113281 0.94140625
vt 0.6328125 0.924804688
vt 0.628417969 0.930664062
vt 0.622558594 0.913574219
vt 0.617675781 0.918945312
vt 0.606933594 0.880859375
vt 0.59765625 0.894042969
vt 0.501953125 0.902832031
vt 0.502441406 0.9140625
vt 0.655273438 0.733886719
vt 0.642089844 0.742675781
vt 0.6328125 0.924804688
vt 0.630859375 0.753417969
vt 0.622558594 0.913574219
vt 0.607421875 0.79296875
vt 0.606933594 0.880859375
vt 0.505371094 0.765625
vt 0.398681641 0.922851562
vt 0.398681641 0.922851562
vt 0.403808594 0.739257812
vt 0.343017578 0.931640625
vt 0.349365234 0.727050781
vt 0.286621094 0.938964844
vt 0.293701172 0.716308594
vt 0.228515625 0.938964844
vt 0.236083984 0.712402344
vt 0.180419922 0.934082031
vt 0.187988281 0.713867188
vt 0.133544922 0.923339844
vt 0.140625 0.721191406
vt 0.0961914062 0.907714844
vt 0.102294922 0.733886719
vt 0.0756225586 0.892089844
vt 0.0806884766 0.748535156
vt 0.0530700684 0.861816406
vt 0.0561218262 0.776855469
vt 0.0452270508 0.83984375
vt 0.0467834473 0.797851562
vt 0.042175293 0.818847656
vt 0.7578125 0.801757812
vt 0.760253906 0.794921875
vt 0.758300781 0.795898438
vt 0.755371094 0.795898438
vt 0.759277344 0.875
vt 0.76171875 0.863769531
vt 0.757324219 0.865722656
vt 0.75390625 0.868652344
vt 0.895507812 0.838378906
vt 0.909667969 0.840820312
vt 0.909179688 0.821289062
vt 0.895019531 0.825195312
vt 0.75390625 0.868652344
vt 0.757324219 0.865722656
vt 0.7578125 0.866699219
vt 0.754882812 0.861816406
vt 0.885253906 0.744140625
vt 0.89453125 0.730957031
vt 0.751464844 0.703125
vt 0.747558594 0.714355469
vt 0.729003906 0.695800781
vt 0.7265625 0.708984375
vt 0.705566406 0.692382812
vt 0.705078125 0.706542969
vt 0.680664062 0.693847656
vt 0.683105469 0.708007812
vt 0.659179688 0.699707031
vt 0.6640625 0.712890625
vt 0.640625 0.709472656
vt 0.647949219 0.721191406
vt 0.625976562 0.721679688
vt 0.633789062 0.730957031
vt 0.615234375 0.732421875
vt 0.622070312 0.741699219
vt 0.596191406 0.75390625
vt 0.59765625 0.767578125
vt 0.725097656 0.716308594
vt 0.7265625 0.708984375
vt 0.705078125 0.714355469
vt 0.683105469 0.708007812
vt 0.745605469 0.721679688
vt 0.747558594 0.714355469
vt 0.882324219 0.750488281
vt 0.885253906 0.744140625
vt 0.88671875 0.753417969
vt 0.891113281 0.750488281
vt 0.904296875 0.742675781
vt 0.89453125 0.730957031
vt 0.684570312 0.715820312
vt 0.6640625 0.712890625
vt 0.666992188 0.720214844
vt 0.647949219 0.721191406
vt 0.651855469 0.727539062
vt 0.633789062 0.730957031
vt 0.638183594 0.737304688
vt 0.622070312 0.741699219
vt 0.626464844 0.747070312
vt 0.59765625 0.767578125
vt 0.599121094 0.779296875
vt 0.705566406 0.722167969
vt 0.686523438 0.723144531
vt 0.666992188 0.720214844
vt 0.669921875 0.727539062
vt 0.651855469 0.727539062
vt 0.724609375 0.724121094
vt 0.744140625 0.729003906
vt 0.638183594 0.737304688
vt 0.642089844 0.742675781
vt 0.678222656 0.948730469
vt 0.626464844 0.747070312
vt 0.686523438 0.723144531
vt 0.630859375 0.753417969
vt 0.698242188 0.951171875
vt 0.599121094 0.779296875
vt 0.607421875 0.79296875
vt 0.724609375 0.724121094
vt 0.742675781 0.945800781
vt 0.506347656 0.754882812
vt 0.404785156 0.727539062
vt 0.403808594 0.739257812
vt 0.350097656 0.71484375
vt 0.349365234 0.727050781
vt 0.294433594 0.704101562
vt 0.293701172 0.716308594
vt 0.236694336 0.699707031
vt 0.236083984 0.712402344
vt 0.188232422 0.701171875
vt 0.187988281 0.713867188
vt 0.14050293 0.708496094
vt 0.140625 0.721191406
vt 0.102172852 0.721679688
vt 0.102294922 0.733886719
vt 0.0695800781 0.743164062
vt 0.0806884766 0.748535156
vt 0.0461425781 0.770507812
vt 0.0561218262 0.776855469
vt 0.0354309082 0.794433594
vt 0.0467834473 0.797851562
vt 0.0303039551 0.818359375
vt 0.042175293 0.818847656
vt 0.0336303711 0.842773438
vt 0.0452270508 0.83984375
vt 0.0426025391 0.8671875
vt 0.0530700684 0.861816406
vt 0.0640869141 0.895996094
vt 0.0756225586 0.892089844
vt 0.0951538086 0.919921875
vt 0.0961914062 0.907714844
vt 0.132568359 0.936035156
vt 0.133544922 0.923339844
vt 0.17980957 0.946777344
vt 0.180419922 0.934082031
vt 0.228271484 0.951660156
vt 0.228515625 0.938964844
vt 0.286621094 0.951171875
vt 0.286621094 0.938964844
vt 0.343017578 0.944335938
vt 0.343017578 0.931640625
vt 0.398925781 0.934570312
vt 0.129882812 0.948242188
vt 0.178344727 0.958984375
vt 0.0640869141 0.895996094
vt 0.227783203 0.963867188
vt 0.286865234 0.962890625
vt 0.344238281 0.956054688
vt 0.0216217041 0.845214844
vt 0.400390625 0.946289062
vt 0.0354309082 0.794433594
vt 0.50390625 0.924316406
vt 0.0236663818 0.790527344
vt 0.594726562 0.905761719
vt 0.59765625 0.894042969
vt 0.0695800781 0.743164062
vt 0.138671875 0.696289062
vt 0.187744141 0.688964844
vt 0.237060547 0.6875
vt 0.295654297 0.692382812
vt 0.351806641 0.703125
vt 0.406738281 0.716308594
vt 0.508300781 0.744628906
vt 0.599121094 0.779296875
vt 0.59765625 0.767578125
vt 0.7578125 0.790039062
vt 0.760253906 0.797363281
vt 0.892089844 0.791992188
vt 0.886230469 0.779296875
vt 0.747070312 0.963867188
vt 0.89453125 0.93359375
vt 0.886230469 0.921386719
vt 0.750488281 0.979003906
vt 0.722167969 0.983886719
vt 0.694824219 0.984375
vt 0.668945312 0.979980469
vt 0.653320312 0.958007812
vt 0.646972656 0.971679688
vt 0.636230469 0.947753906
vt 0.627929688 0.958984375
vt 0.623535156 0.936523438
vt 0.614257812 0.9453125
vt 0.61328125 0.924804688
vt 0.604980469 0.932617188
vt 0.594726562 0.905761719
vt 0.592285156 0.918945312
vt 0.886230469 0.813476562
vt 0.892578125 0.800292969
vt 0.760253906 0.794921875
vt 0.7578125 0.801757812
vt 0.754882812 0.861816406
vt 0.7578125 0.866699219
vt 0.895019531 0.86328125
vt 0.887695312 0.850585938
vt 0.886230469 0.885253906
vt 0.891113281 0.873046875
vt 0.76171875 0.863769531
vt 0.759277344 0.875
vt 0.682617188 0.487548828
vt 0.826660156 0.489501953
vt 0.826660156 0.474365234
vt 0.671875 0.432373047
vt 0.66796875 0.508300781
vt 0.647460938 0.426025391
vt 0.665039062 0.590332031
vt 0.680175781 0.568847656
vt 0.680175781 0.532226562
vt 0.824707031 0.540527344
vt 0.82421875 0.55859375
vt 0.664550781 0.667480469
vt 0.680664062 0.612304688
vt 0.6484375 0.416992188
vt 0.674316406 0.423339844
vt 0.826660156 0.474365234
vt 0.833984375 0.541015625
vt 0.833496094 0.55859375
vt 0.83203125 0.565917969
vt 0.833007812 0.533203125
vt 0.824707031 0.568359375
vt 0.680175781 0.568847656
vt 0.684570312 0.577636719
vt 0.665039062 0.590332031
vt 0.677246094 0.590332031
vt 0.685546875 0.602050781
vt 0.826660156 0.578125
vt 0.837890625 0.571777344
vt 0.684570312 0.577636719
vt 0.688476562 0.584960938
vt 0.821289062 0.610839844
vt 0.822265625 0.602050781
vt 0.8203125 0.625
vt 0.830078125 0.610351562
vt 0.829589844 0.623046875
vt 0.828613281 0.630859375
vt 0.829101562 0.603515625
vt 0.821289062 0.634277344
vt 0.82421875 0.592773438
vt 0.834960938 0.598144531
vt 0.688964844 0.594238281
vt 0.685546875 0.602050781
vt 0.666992188 0.676757812
vt 0.637695312 0.672363281
vt 0.82421875 0.644042969
vt 0.828613281 0.630859375
vt 0.834960938 0.635742188
vt 0.668945312 0.686523438
vt 0.639648438 0.681152344
vt 0.640136719 0.690917969
vt 0.614257812 0.681152344
vt 0.61328125 0.69140625
vt 0.589355469 0.676757812
vt 0.586425781 0.686523438
vt 0.567871094 0.668457031
vt 0.563476562 0.677734375
vt 0.61328125 0.672363281
vt 0.614257812 0.681152344
vt 0.549804688 0.656738281
vt 0.543945312 0.664550781
vt 0.53515625 0.641601562
vt 0.528320312 0.647949219
vt 0.525390625 0.625
vt 0.518554688 0.629394531
vt 0.514648438 0.600585938
vt 0.51171875 0.609375
vt 0.591308594 0.668457031
vt 0.589355469 0.676757812
vt 0.622558594 0.423828125
vt 0.571289062 0.660644531
vt 0.553710938 0.649414062
vt 0.549804688 0.656738281
vt 0.538574219 0.633789062
vt 0.53515625 0.641601562
vt 0.525390625 0.625
vt 0.516113281 0.589355469
vt 0.623535156 0.414550781
vt 0.581542969 0.431396484
vt 0.599121094 0.426513672
vt 0.599609375 0.416503906
vt 0.578125 0.422607422
vt 0.55859375 0.433349609
vt 0.563476562 0.441162109
vt 0.553710938 0.649414062
vt 0.543945312 0.446777344
vt 0.549804688 0.452392578
vt 0.549804688 0.452392578
vt 0.538574219 0.633789062
vt 0.533203125 0.462402344
vt 0.537109375 0.468505859
vt 0.537109375 0.468505859
vt 0.518554688 0.490966797
vt 0.519042969 0.502441406
vt 0.516113281 0.589355469
vt 0.519042969 0.502441406
vt 0.431640625 0.479003906
vt 0.426513672 0.606933594
vt 0.338867188 0.456542969
vt 0.33203125 0.623046875
vt 0.290039062 0.446044922
vt 0.282470703 0.629882812
vt 0.240966797 0.436767578
vt 0.232666016 0.634765625
vt 0.190185547 0.432861328
vt 0.181640625 0.634277344
vt 0.147827148 0.434082031
vt 0.139648438 0.629882812
vt 0.106201172 0.439941406
vt 0.0985107422 0.620117188
vt 0.0720825195 0.450927734
vt 0.0654296875 0.606445312
vt 0.0527648926 0.463378906
vt 0.0472106934 0.592285156
vt 0.0272521973 0.565429688
vt 0.0305786133 0.488525391
vt 0.0204467773 0.545898438
vt 0.0221099854 0.507324219
vt 0.0178527832 0.526367188
vt 0.894042969 0.768554688
vt 0.907714844 0.771972656
vt 0.908691406 0.756835938
vt 0.894042969 0.758789062
vt 0.755371094 0.795898438
vt 0.758300781 0.795898438
vt 0.760253906 0.797363281
vt 0.7578125 0.790039062
vt 0.840332031 0.623046875
vt 0.828613281 0.630859375
vt 0.834960938 0.635742188
vt 0.829589844 0.623046875
vt 0.840332031 0.608886719
vt 0.830078125 0.610351562
vt 0.829101562 0.603515625
vt 0.834960938 0.598144531
vt 0.844726562 0.477050781
vt 0.840820312 0.465087891
vt 0.834472656 0.469238281
vt 0.834960938 0.476806641
vt 0.834472656 0.490478516
vt 0.84375 0.492675781
vt 0.833007812 0.496826172
vt 0.837890625 0.501953125
vt 0.831542969 0.45703125
vt 0.834472656 0.469238281
vt 0.840820312 0.465087891
vt 0.827636719 0.465820312
vt 0.676757812 0.414306641
vt 0.834960938 0.476806641
vt 0.649902344 0.407470703
vt 0.623535156 0.404785156
vt 0.59765625 0.406982422
vt 0.57421875 0.413330078
vt 0.578125 0.422607422
vt 0.553222656 0.424804688
vt 0.55859375 0.433349609
vt 0.537109375 0.439697266
vt 0.543945312 0.446777344
vt 0.525878906 0.456542969
vt 0.533203125 0.462402344
vt 0.516113281 0.482421875
vt 0.518554688 0.490966797
vt 0.844238281 0.560058594
vt 0.83203125 0.565917969
vt 0.837890625 0.571777344
vt 0.833496094 0.55859375
vt 0.844726562 0.540039062
vt 0.833984375 0.541015625
vt 0.833007812 0.533203125
vt 0.839355469 0.527832031
vt 0.828125 0.506835938
vt 0.837890625 0.501953125
vt 0.833007812 0.496826172
vt 0.827148438 0.497802734
vt 0.687011719 0.497314453
vt 0.690429688 0.504882812
vt 0.826660156 0.489501953
vt 0.834472656 0.490478516
vt 0.682617188 0.487548828
vt 0.687011719 0.497314453
vt 0.66796875 0.508300781
vt 0.679199219 0.509277344
vt 0.680175781 0.532226562
vt 0.686035156 0.5234375
vt 0.825683594 0.53125
vt 0.828125 0.520996094
vt 0.839355469 0.527832031
vt 0.690429688 0.516113281
vt 0.686035156 0.5234375
vt 0.883789062 0.819335938
vt 0.7578125 0.801757812
vt 0.75390625 0.807617188
vt 0.886230469 0.813476562
vt 0.888183594 0.821289062
vt 0.891601562 0.818359375
vt 0.902832031 0.809082031
vt 0.892578125 0.800292969
vt 0.883300781 0.825683594
vt 0.888671875 0.826171875
vt 0.75390625 0.807617188
vt 0.75 0.815429688
vt 0.747558594 0.795410156
vt 0.737792969 0.794921875
vt 0.753417969 0.784179688
vt 0.749023438 0.776367188
vt 0.883300781 0.7734375
vt 0.882324219 0.767578125
vt 0.883300781 0.838867188
vt 0.889160156 0.837890625
vt 0.889160156 0.842773438
vt 0.884765625 0.844726562
vt 0.744628906 0.849121094
vt 0.75 0.856445312
vt 0.734375 0.873046875
vt 0.745605469 0.87109375
vt 0.75 0.893554688
vt 0.754882812 0.883300781
vt 0.883789062 0.891113281
vt 0.887695312 0.850585938
vt 0.75 0.856445312
vt 0.754882812 0.861816406
vt 0.893066406 0.845214844
vt 0.895019531 0.86328125
vt 0.904785156 0.853515625
vt 0.886230469 0.885253906
vt 0.891113281 0.889160156
vt 0.901367188 0.880371094
vt 0.891113281 0.873046875
vt 0.759277344 0.875
vt 0.754882812 0.883300781
vt 0.881835938 0.908691406
vt 0.75 0.893554688
vt 0.734375 0.873046875
vt 0.753417969 0.784179688
vt 0.7578125 0.790039062
vt 0.886230469 0.779296875
vt 0.887695312 0.771972656
vt 0.891113281 0.774414062
vt 0.892089844 0.791992188
vt 0.901855469 0.783691406
vt 0.887695312 0.767089844
vt 0.887695312 0.758789062
vt 0.881347656 0.757324219
vt 0.882324219 0.750488281
vt 0.749023438 0.776367188
vt 0.881347656 0.757324219
vt 0.737792969 0.794921875
vt 0.724609375 0.724121094
vt 0.734375 0.873046875
vt 0.75 0.815429688
vt 0.744628906 0.849121094
vt 0.883300781 0.838867188
vt 0.754882812 0.883300781
vt 0.759277344 0.875
vt 0.75390625 0.868652344
vt 0.745605469 0.87109375
vt 0.745605469 0.87109375
vt 0.75390625 0.868652344
vt 0.754882812 0.861816406
vt 0.75 0.856445312
vt 0.747558594 0.795410156
vt 0.755371094 0.795898438
vt 0.7578125 0.790039062
vt 0.753417969 0.784179688
vt 0.75390625 0.807617188
vt 0.7578125 0.801757812
vt 0.755371094 0.795898438
vt 0.747558594 0.795410156
vt 0.514648438 0.600585938
vt 0.516113281 0.589355469
vt 0.426513672 0.606933594
vt 0.426269531 0.617675781
vt 0.51171875 0.609375
vt 0.33203125 0.623046875
vt 0.427246094 0.627441406
vt 0.331787109 0.634277344
vt 0.282470703 0.629882812
vt 0.332519531 0.64453125
vt 0.282226562 0.640625
vt 0.232666016 0.634765625
vt 0.282714844 0.651367188
vt 0.232299805 0.645996094
vt 0.181640625 0.634277344
vt 0.232543945 0.65625
vt 0.181274414 0.645507812
vt 0.139648438 0.629882812
vt 0.180786133 0.65625
vt 0.139038086 0.640625
vt 0.0985107422 0.620117188
vt 0.137817383 0.651367188
vt 0.0978393555 0.631347656
vt 0.0654296875 0.606445312
vt 0.0956420898 0.642089844
vt 0.0646362305 0.617675781
vt 0.0472106934 0.592285156
vt 0.0610656738 0.627929688
vt 0.0369567871 0.596191406
vt 0.0369567871 0.596191406
vt 0.0272521973 0.565429688
vt 0.0279998779 0.602539062
vt 0.0178375244 0.5703125
vt 0.0204467773 0.545898438
vt 0.00821685791 0.575683594
vt 0.00999450684 0.548339844
vt 0.0178527832 0.526367188
vt -0.000810623169 0.55078125
vt 0.0071105957 0.525878906
vt 0.0221099854 0.507324219
vt -0.00405883789 0.525390625
vt 0.011932373 0.504394531
vt 0.011932373 0.504394531
vt 0.0305786133 0.488525391
vt 0.00141811371 0.500488281
vt 0.0216522217 0.482666016
vt 0.0527648926 0.463378906
vt 0.0125198364 0.476806641
vt 0.0428771973 0.458740234
vt 0.0428771973 0.458740234
vt 0.0720825195 0.450927734
vt 0.0344848633 0.451904297
vt 0.0722045898 0.439697266
vt 0.106201172 0.439941406
vt 0.069519043 0.429443359
vt 0.106445312 0.428955078
vt 0.147827148 0.434082031
vt 0.105163574 0.418212891
vt 0.14831543 0.423095703
vt 0.190185547 0.432861328
vt 0.147949219 0.412353516
vt 0.190673828 0.422119141
vt 0.240966797 0.436767578
vt 0.191040039 0.411376953
vt 0.241577148 0.42578125
vt 0.290039062 0.446044922
vt 0.242553711 0.415283203
vt 0.290771484 0.435058594
vt 0.338867188 0.456542969
vt 0.292236328 0.424804688
vt 0.339599609 0.445800781
vt 0.431640625 0.479003906
vt 0.341308594 0.435546875
vt 0.432128906 0.468505859
vt 0.519042969 0.502441406
vt 0.434082031 0.458740234
vt 0.518554688 0.490966797
vt 0.516113281 0.482421875
vt 0.690429688 0.504882812
vt 0.687011719 0.497314453
vt 0.679199219 0.509277344
vt 0.687011719 0.509765625
vt 0.687011719 0.509765625
vt 0.679199219 0.509277344
vt 0.686035156 0.5234375
vt 0.690429688 0.516113281
vt 0.685058594 0.58984375
vt 0.677246094 0.590332031
vt 0.685546875 0.602050781
vt 0.688964844 0.594238281
vt 0.688476562 0.584960938
vt 0.684570312 0.577636719
vt 0.677246094 0.590332031
vt 0.685058594 0.58984375
vt 0.891113281 0.750488281
vt 0.908691406 0.756835938
vt 0.904296875 0.742675781
vt 0.894042969 0.758789062
vt 0.88671875 0.753417969
vt 0.887695312 0.758789062
vt 0.887695312 0.767089844
vt 0.894042969 0.768554688
vt 0.887695312 0.771972656
vt 0.891113281 0.774414062
vt 0.901855469 0.783691406
vt 0.907714844 0.771972656
vt 0.891601562 0.818359375
vt 0.909179688 0.821289062
vt 0.902832031 0.809082031
vt 0.895019531 0.825195312
vt 0.888183594 0.821289062
vt 0.888671875 0.826171875
vt 0.889160156 0.837890625
vt 0.895507812 0.838378906
vt 0.889160156 0.842773438
vt 0.893066406 0.845214844
vt 0.904785156 0.853515625
vt 0.909667969 0.840820312
vt 0.0508117676 0.243408203
vt 0.0432434082 0.263427734
vt 0.0492858887 0.282714844
vt 0.0585632324 0.299560547
vt 0.0583190918 0.225097656
vt 0.0783691406 0.321777344
vt 0.0762329102 0.202392578
vt 0.0943603516 0.188720703
vt 0.0972290039 0.334716797
vt 0.123779297 0.176025391
vt 0.127319336 0.346191406
vt 0.161499023 0.166625977
vt 0.165405273 0.354003906
vt 0.200927734 0.161865234
vt 0.205078125 0.356933594
vt 0.249267578 0.161254883
vt 0.253417969 0.35546875
vt 0.297119141 0.166015625
vt 0.301025391 0.348632812
vt 0.344970703 0.172485352
vt 0.348632812 0.340332031
vt 0.430908203 0.18737793
vt 0.433837891 0.322998047
vt 0.443115234 0.295410156
vt 0.44140625 0.214599609
vt 0.446777344 0.254882812
vt 0.451171875 0.322753906
vt 0.467285156 0.325439453
vt 0.470947266 0.299072266
vt 0.457275391 0.297607422
vt 0.474365234 0.254394531
vt 0.4609375 0.254638672
vt 0.468994141 0.209594727
vt 0.455322266 0.211791992
vt 0.464111328 0.18347168
vt 0.448242188 0.186889648
vt 0.0369567871 0.236572266
vt 0.0118713379 0.250244141
vt 0.0265808105 0.258300781
vt 0.0242004395 0.228881836
vt 0.0472412109 0.217651367
vt 0.0368041992 0.209960938
vt 0.0642089844 0.196655273
vt 0.0551757812 0.187255859
vt 0.0919189453 0.175292969
vt 0.0849609375 0.16394043
vt 0.121520996 0.161865234
vt 0.116577148 0.148803711
vt 0.159912109 0.151855469
vt 0.157104492 0.137817383
vt 0.200073242 0.146972656
vt 0.198974609 0.132568359
vt 0.248901367 0.146362305
vt 0.249511719 0.132202148
vt 0.297119141 0.150878906
vt 0.298828125 0.136474609
vt 0.345458984 0.157470703
vt 0.347900391 0.143432617
vt 0.426513672 0.172485352
vt 0.428955078 0.159423828
vt 0.447509766 0.161621094
vt 0.444580078 0.177124023
vt 0.0252990723 0.268554688
vt 0.0107116699 0.27734375
vt 0.0240631104 0.297607422
vt 0.0360717773 0.289794922
vt 0.0377807617 0.316650391
vt 0.0479431152 0.308105469
vt 0.0578613281 0.338378906
vt 0.0664672852 0.328369141
vt 0.0889892578 0.360107422
vt 0.0953979492 0.348388672
vt 0.121276855 0.373779297
vt 0.125732422 0.360351562
vt 0.162353516 0.383056641
vt 0.164550781 0.368652344
vt 0.204467773 0.386474609
vt 0.204833984 0.372070312
vt 0.254882812 0.384521484
vt 0.253662109 0.370361328
vt 0.303955078 0.378173828
vt 0.301757812 0.364013672
vt 0.352783203 0.369384766
vt 0.349853516 0.355224609
vt 0.432861328 0.350830078
vt 0.429931641 0.337890625
vt 0.447998047 0.332763672
vt 0.451171875 0.348144531
vt 0.426513672 0.172485352
vt 0.430908203 0.18737793
vt 0.444580078 0.177124023
vt 0.345458984 0.157470703
vt 0.344970703 0.172485352
vt 0.297119141 0.150878906
vt 0.297119141 0.166015625
vt 0.248901367 0.146362305
vt 0.249267578 0.161254883
vt 0.200073242 0.146972656
vt 0.200927734 0.161865234
vt 0.159912109 0.151855469
vt 0.161499023 0.166625977
vt 0.121520996 0.161865234
vt 0.123779297 0.176025391
vt 0.0919189453 0.175292969
vt 0.0943603516 0.188720703
vt 0.0642089844 0.196655273
vt 0.0762329102 0.202392578
vt 0.0472412109 0.217651367
vt 0.0583190918 0.225097656
vt 0.0369567871 0.236572266
vt 0.0508117676 0.243408203
vt 0.0265808105 0.258300781
vt 0.0432434082 0.263427734
vt 0.429931641 0.337890625
vt 0.447998047 0.332763672
vt 0.433837891 0.322998047
vt 0.348632812 0.340332031
vt 0.349853516 0.355224609
vt 0.301025391 0.348632812
vt 0.301757812 0.364013672
vt 0.253417969 0.35546875
vt 0.253662109 0.370361328
vt 0.205078125 0.356933594
vt 0.204833984 0.372070312
vt 0.165405273 0.354003906
vt 0.164550781 0.368652344
vt 0.127319336 0.346191406
vt 0.125732422 0.360351562
vt 0.0972290039 0.334716797
vt 0.0953979492 0.348388672
vt 0.0783691406 0.321777344
vt 0.0664672852 0.328369141
vt 0.0585632324 0.299560547
vt 0.0479431152 0.308105469
vt 0.0492858887 0.282714844
vt 0.0360717773 0.289794922
vt 0.0432434082 0.263427734
vt 0.0252990723 0.268554688
vt 0.428955078 0.159423828
vt 0.447509766 0.161621094
vt 0.438476562 0.147094727
vt 0.352294922 0.12878418
vt 0.347900391 0.143432617
vt 0.302246094 0.121154785
vt 0.298828125 0.136474609
vt 0.250976562 0.116577148
vt 0.249511719 0.132202148
vt 0.197631836 0.116577148
vt 0.198974609 0.132568359
vt 0.15234375 0.122192383
vt 0.157104492 0.137817383
vt 0.107666016 0.135009766
vt 0.116577148 0.148803711
vt 0.0720214844 0.154174805
vt 0.0849609375 0.16394043
vt 0.0483703613 0.172729492
vt 0.0551757812 0.187255859
vt 0.024520874 0.200439453
vt 0.0368041992 0.209960938
vt 0.010559082 0.219726562
vt 0.0242004395 0.228881836
vt -0.00192642212 0.239624023
vt 0.0118713379 0.250244141
vt 0.432861328 0.350830078
vt 0.442626953 0.362792969
vt 0.451171875 0.348144531
vt 0.352783203 0.369384766
vt 0.357666016 0.383789062
vt 0.303955078 0.378173828
vt 0.308105469 0.393310547
vt 0.254882812 0.384521484
vt 0.257080078 0.400146484
vt 0.204467773 0.386474609
vt 0.203735352 0.40234375
vt 0.162353516 0.383056641
vt 0.158203125 0.398681641
vt 0.121276855 0.373779297
vt 0.113037109 0.387939453
vt 0.0889892578 0.360107422
vt 0.0765380859 0.370605469
vt 0.0578613281 0.338378906
vt 0.0518493652 0.353271484
vt 0.0377807617 0.316650391
vt 0.0258026123 0.326660156
vt 0.0240631104 0.297607422
vt 0.0110015869 0.307617188
vt 0.0107116699 0.27734375
vt -0.00242614746 0.2890625
vt 0.44140625 0.214599609
vt 0.448242188 0.186889648
vt 0.430908203 0.18737793
vt 0.455322266 0.211791992
vt 0.446777344 0.254882812
vt 0.4609375 0.254638672
vt 0.443115234 0.295410156
vt 0.457275391 0.297607422
vt 0.433837891 0.322998047
vt 0.451171875 0.322753906
vt 0.468994141 0.209594727
vt 0.479980469 0.175415039
vt 0.464111328 0.18347168
vt 0.484619141 0.207641602
vt 0.474365234 0.254394531
vt 0.489501953 0.25390625
vt 0.470947266 0.299072266
vt 0.486572266 0.300537109
vt 0.467285156 0.325439453
vt 0.483398438 0.332763672
vt 0.5390625 0.111816406
vt 0.533691406 0.15222168
vt 0.537109375 0.192871094
vt 0.549804688 0.0846557617
vt 0.546386719 0.220336914
vt 0.631835938 0.237548828
vt 0.635253906 0.0699462891
vt 0.679199219 0.24609375
vt 0.683105469 0.0634765625
vt 0.727050781 0.252929688
vt 0.730957031 0.0586853027
vt 0.775390625 0.254394531
vt 0.779296875 0.0592651367
vt 0.814941406 0.251220703
vt 0.818847656 0.0640869141
vt 0.853027344 0.243530273
vt 0.856445312 0.073425293
vt 0.8828125 0.232177734
vt 0.885742188 0.0859985352
vt 0.901855469 0.219116211
vt 0.903808594 0.0996704102
vt 0.921875 0.122253418
vt 0.921875 0.196899414
vt 0.929199219 0.14050293
vt 0.931152344 0.17980957
vt 0.936523438 0.16027832
vt 0.513183594 0.223144531
vt 0.529296875 0.220214844
vt 0.522949219 0.195068359
vt 0.509277344 0.196655273
vt 0.51953125 0.151855469
vt 0.505859375 0.151611328
vt 0.524902344 0.108947754
vt 0.511230469 0.106750488
vt 0.532226562 0.0840454102
vt 0.516113281 0.0805053711
vt 0.955566406 0.125976562
vt 0.953125 0.155151367
vt 0.967773438 0.147338867
vt 0.942871094 0.133666992
vt 0.942871094 0.107055664
vt 0.932617188 0.114746094
vt 0.924804688 0.0844726562
vt 0.915527344 0.0938720703
vt 0.895019531 0.0613098145
vt 0.888183594 0.0726318359
vt 0.86328125 0.0462646484
vt 0.858398438 0.0592651367
vt 0.823242188 0.0352478027
vt 0.8203125 0.0493469238
vt 0.78125 0.0300598145
vt 0.780273438 0.0444030762
vt 0.730957031 0.0296936035
vt 0.731445312 0.0438842773
vt 0.681640625 0.0339050293
vt 0.683105469 0.0483093262
vt 0.6328125 0.0408325195
vt 0.634765625 0.0549316406
vt 0.551757812 0.056640625
vt 0.554199219 0.0697021484
vt 0.535644531 0.0743408203
vt 0.533203125 0.0588989258
vt 0.970703125 0.173828125
vt 0.954589844 0.165039062
vt 0.944335938 0.186889648
vt 0.956542969 0.194824219
vt 0.932617188 0.205444336
vt 0.942871094 0.213989258
vt 0.9140625 0.225708008
vt 0.922363281 0.235839844
vt 0.884765625 0.245849609
vt 0.891113281 0.257568359
vt 0.854492188 0.2578125
vt 0.858886719 0.271240234
vt 0.815429688 0.266113281
vt 0.817871094 0.280273438
vt 0.775390625 0.269287109
vt 0.775878906 0.283691406
vt 0.7265625 0.267578125
vt 0.725585938 0.281738281
vt 0.678710938 0.261230469
vt 0.676269531 0.275634766
vt 0.630371094 0.252685547
vt 0.627441406 0.266601562
vt 0.550292969 0.235351562
vt 0.547851562 0.248291016
vt 0.529296875 0.245483398
vt 0.532714844 0.230102539
vt 0.551757812 0.056640625
vt 0.541992188 0.044342041
vt 0.533203125 0.0588989258
vt 0.6328125 0.0408325195
vt 0.627929688 0.0261688232
vt 0.681640625 0.0339050293
vt 0.678222656 0.0186462402
vt 0.730957031 0.0296936035
vt 0.729003906 0.0141220093
vt 0.78125 0.0300598145
vt 0.782714844 0.0141220093
vt 0.823242188 0.0352478027
vt 0.827636719 0.0196685791
vt 0.86328125 0.0462646484
vt 0.872558594 0.0325012207
vt 0.895019531 0.0613098145
vt 0.907714844 0.051574707
vt 0.924804688 0.0844726562
vt 0.931640625 0.0700683594
vt 0.942871094 0.107055664
vt 0.955566406 0.0975952148
vt 0.955566406 0.125976562
vt 0.969238281 0.116821289
vt 0.967773438 0.147338867
vt 0.981933594 0.13671875
vt 0.547851562 0.248291016
vt 0.529296875 0.245483398
vt 0.538085938 0.260253906
vt 0.622558594 0.28125
vt 0.627441406 0.266601562
vt 0.672363281 0.290527344
vt 0.676269531 0.275634766
vt 0.723144531 0.297363281
vt 0.725585938 0.281738281
vt 0.776367188 0.299560547
vt 0.775878906 0.283691406
vt 0.821777344 0.296142578
vt 0.817871094 0.280273438
vt 0.8671875 0.285400391
vt 0.858886719 0.271240234
vt 0.903808594 0.268066406
vt 0.891113281 0.257568359
vt 0.928222656 0.250976562
vt 0.922363281 0.235839844
vt 0.955078125 0.224365234
vt 0.942871094 0.213989258
vt 0.970214844 0.204956055
vt 0.956542969 0.194824219
vt 0.984375 0.186157227
vt 0.970703125 0.173828125
vt 0.554199219 0.0697021484
vt 0.535644531 0.0743408203
vt 0.549804688 0.0846557617
vt 0.635253906 0.0699462891
vt 0.634765625 0.0549316406
vt 0.683105469 0.0634765625
vt 0.683105469 0.0483093262
vt 0.730957031 0.0586853027
vt 0.731445312 0.0438842773
vt 0.779296875 0.0592651367
vt 0.780273438 0.0444030762
vt 0.818847656 0.0640869141
vt 0.8203125 0.0493469238
vt 0.856445312 0.073425293
vt 0.858398438 0.0592651367
vt 0.885742188 0.0859985352
vt 0.888183594 0.0726318359
vt 0.903808594 0.0996704102
vt 0.915527344 0.0938720703
vt 0.921875 0.122253418
vt 0.932617188 0.114746094
vt 0.929199219 0.14050293
vt 0.942871094 0.133666992
vt 0.936523438 0.16027832
vt 0.953125 0.155151367
vt 0.550292969 0.235351562
vt 0.546386719 0.220336914
vt 0.532714844 0.230102539
vt 0.630371094 0.252685547
vt 0.631835938 0.237548828
vt 0.678710938 0.261230469
vt 0.679199219 0.24609375
vt 0.7265625 0.267578125
vt 0.727050781 0.252929688
vt 0.775390625 0.269287109
vt 0.775390625 0.254394531
vt 0.815429688 0.266113281
vt 0.814941406 0.251220703
vt 0.854492188 0.2578125
vt 0.853027344 0.243530273
vt 0.884765625 0.245849609
vt 0.8828125 0.232177734
vt 0.9140625 0.225708008
vt 0.901855469 0.219116211
vt 0.932617188 0.205444336
vt 0.921875 0.196899414
vt 0.944335938 0.186889648
vt 0.931152344 0.17980957
vt 0.954589844 0.165039062
vt 0.936523438 0.16027832
vt 0.495849609 0.104675293
vt 0.516113281 0.0805053711
vt 0.500488281 0.0723876953
vt 0.511230469 0.106750488
vt 0.490478516 0.151245117
vt 0.505859375 0.151611328
vt 0.493652344 0.197998047
vt 0.509277344 0.196655273
vt 0.496826172 0.23034668
vt 0.513183594 0.223144531
vt 0.524902344 0.108947754
vt 0.549804688 0.0846557617
vt 0.532226562 0.0840454102
vt 0.5390625 0.111816406
vt 0.51953125 0.151855469
vt 0.533691406 0.15222168
vt 0.522949219 0.195068359
vt 0.537109375 0.192871094
vt 0.529296875 0.220214844
vt 0.546386719 0.220336914
vn 4.35113907E-06 1 -2.14576721E-06
vn 4.35113907E-06 1 -2.14576721E-06
vn 4.35113907E-06 1 -2.14576721E-06
vn 0.98046875 0 0.197875977
vn 0.977539062 0 0.210083008
vn 0.977539062 0 0.210083008
vn 0.98046875 0 0.197875977
vn 0.984863281 0 0.172973633
vn 0.984863281 0 0.172973633
vn 0.988769531 0 0.149658203
vn 0.988769531 0 0.149658203
vn 0.996582031 0 0.0830078125
vn 0.996582031 0 0.0830078125
vn 0.999511719 0 -0.02293396
vn 0.999511719 0 -0.02293396
vn 0.991699219 0 -0.128051758
vn 0.991699219 0 -0.128051758
vn 0.96484375 0 -0.262939453
vn 0.96484375 0 -0.262939453
vn 0.885253906 0 -0.465576172
vn 0.885253906 0 -0.465576172
vn 0.725585938 0 -0.687988281
vn 0.725585938 0 -0.687988281
vn 0.494873047 0 -0.869140625
vn 0.494873047 0 -0.869140625
vn 0.265869141 0 -0.963867188
vn 0.265869141 0 -0.963867188
vn 2.38418579E-07 0 -1
vn 2.38418579E-07 0 -1
vn -0.265869141 0 -0.963867188
vn -0.265869141 0 -0.963867188
vn -0.494873047 0 -0.869140625
vn -0.494873047 0 -0.869140625
vn -0.725585938 0 -0.687988281
vn -0.725585938 0 -0.687988281
vn -0.885253906 0 -0.465576172
vn -0.885253906 0 -0.465576172
vn -0.96484375 0 -0.262939453
vn -0.96484375 0 -0.262939453
vn -0.991699219 0 -0.128051758
vn -0.991699219 0 -0.128051758
vn -0.999511719 0 -0.0229187012
vn -0.999511719 0 -0.0229187012
vn -0.996582031 0 0.0830078125
vn -0.996582031 0 0.0830078125
vn -0.988769531 0 0.149658203
vn -0.988769531 0 0.149658203
vn -0.983398438 0 0.181030273
vn -0.983398438 0 0.181030273
vn -0.9765625 0 0.215087891
vn -0.9765625 0 0.215087891
vn -0.973632812 0 0.228515625
vn -0.973632812 0 0.228515625
vn -0 0 1
vn -0 0 1
vn -0 0 1
vn -0 0 1
vn -0.00197219849 0.0333862305 0.999511719
vn 0.587890625 -0.0216674805 0.80859375
vn 0.587890625 0.0216674805 0.80859375
vn 0.467529297 0.610351562 0.639160156
vn -0.00264167786 0.742675781 0.669433594
vn 0.00167942047 0.0332946777 0.999511719
vn 0.00968933105 0.743652344 0.668945312
vn -0.576171875 0.627929688 0.522949219
vn -0.735839844 0.0220947266 0.676757812
vn 0.00167942047 -0.0332946777 0.999511719
vn -0.735839844 -0.0220947266 0.676757812
vn 0.948730469 0.0333862305 0.313720703
vn 0.63671875 0.742675781 0.206665039
vn 0.581542969 0.0216674805 0.812988281
vn 0.642089844 0.742675781 0.189697266
vn 0.948730469 -0.0333862305 0.313720703
vn 0.581542969 -0.0216674805 0.812988281
vn 0.958007812 0.054473877 0.281005859
vn 0.667480469 0.741699219 0.0646972656
vn 0.995605469 -9.41753387E-06 0.0943603516
vn -0.0458068848 0.999023438 -0.00589752197
vn -0.0465393066 0.999023438 -0.0118942261
vn 0.635742188 0.745117188 0.201293945
vn -0.0262908936 0.999023438 -0.0364074707
vn 0.458984375 0.619628906 0.63671875
vn -0.00727462769 0.745117188 0.666992188
vn 0.0176239014 0.741210938 0.670898438
vn 0.0278167725 0.999511719 -0.0260162354
vn -0.567871094 0.631347656 0.527832031
vn -0.0540161133 0.998535156 0.00294685364
vn 0.667480469 0.744140625 -0.0255279541
vn -0.0510864258 0.998535156 0.0109100342
vn 0.643554688 0.750976562 -0.148681641
vn -0.0391235352 0.999023438 0.013671875
vn 0.999023438 0 -0.0419006348
vn 0.611816406 0.732910156 -0.297607422
vn 0.974121094 0 -0.225708008
vn 0.573242188 0.7734375 -0.269775391
vn 0.900390625 0.0763549805 -0.428222656
vn 0.4609375 0.806152344 -0.370849609
vn 0.772949219 0.129150391 -0.62109375
vn 0.342529297 0.822753906 -0.453613281
vn 0.604492188 0.1484375 -0.782714844
vn 0.259277344 0.755371094 -0.602050781
vn 0.356689453 0.116027832 -0.927246094
vn 0.245239258 0.598632812 -0.762695312
vn 0.297119141 0.243041992 -0.923339844
vn -0.0227203369 0.999511719 0.00890350342
vn 0.537109375 0.718261719 -0.442626953
vn 0.000568389893 1 -0.00968170166
vn 0.432861328 0.699707031 -0.568359375
vn 0.321533203 0.777832031 0.540527344
vn 0.0536804199 0.831542969 -0.552734375
vn -0.24609375 0.948242188 0.199462891
vn 0.47265625 0.83984375 -0.267578125
vn -3.03983688E-06 1 0
vn 0.640625 0.756835938 0.129638672
vn 0.0321350098 0.999023438 0.0220184326
vn 4.35113907E-06 1 -2.14576721E-06
vn 4.35113907E-06 1 -2.14576721E-06
vn 4.35113907E-06 1 -2.14576721E-06
vn 4.35113907E-06 1 -2.14576721E-06
vn 2.56299973E-06 1 -1.31130219E-06
vn 2.56299973E-06 1 -1.31130219E-06
vn -3.09944153E-06 1 0
vn -0.0478820801 0.999023438 -0.0085067749
vn -3.57627869E-06 1 5.30481339E-06
vn -3.57627869E-06 1 5.30481339E-06
vn -2.20537186E-06 1 -9.53674316E-07
vn -2.20537186E-06 1 -9.53674316E-07
vn -3.15904617E-06 1 -4.47034836E-06
vn -3.15904617E-06 1 -4.47034836E-06
vn -3.09944153E-06 1 5.48362732E-06
vn -3.09944153E-06 1 5.48362732E-06
vn -1.13248825E-06 1 6.02006912E-06
vn -1.13248825E-06 1 6.02006912E-06
vn -0 1 0
vn -0 1 0
vn -0 1 0
vn -0 1 0
vn -0 1 0
vn -0 1 0
vn -0 1 0
vn -0 1 0
vn -0 1 0
vn -0 1 0
vn -0 1 0
vn -0.567382812 0 0.823242188
vn -0.567382812 0 0.823242188
vn -0.567382812 0 0.823242188
vn -0.567382812 0 0.823242188
vn -0.561523438 0 0.827636719
vn -0.561523438 0 0.827636719
vn -0.561523438 0 0.827636719
vn -0.561523438 0 0.827636719
vn -0 0 1
vn -0 0 1
vn -0 0 1
vn -0 0 1
vn 0.500488281 0 0.865722656
vn 0.500488281 0 0.865722656
vn 0.500488281 0 0.865722656
vn 0.500488281 0 0.865722656
vn -0.945800781 2.98023224E-07 0.324707031
vn -0.945800781 2.98023224E-07 0.324707031
vn -0.952148438 1.1920929E-07 0.305419922
vn -0.952148438 1.90734863E-06 0.305419922
vn -0.99609375 0 0.0859375
vn -0.99609375 0 0.0859375
vn -0.999023438 0 -0.0419006348
vn -0.999023438 0 -0.0419006348
vn -0.972167969 0 -0.234008789
vn -0.972167969 0 -0.234008789
vn -0.903320312 0 -0.429199219
vn -0.903320312 0 -0.429199219
vn -0.785644531 0 -0.618652344
vn -0.785644531 0 -0.618652344
vn -0.619628906 0 -0.78515625
vn -0.619628906 0 -0.78515625
vn -0.424316406 0 -0.905273438
vn -0.424316406 0 -0.905273438
vn -0.321533203 0 -0.946777344
vn -0.321533203 0 -0.946777344
vn -0.66796875 0.741699219 0.0567626953
vn -0.995117188 0.0511474609 0.0866699219
vn -0.665039062 0.746582031 -0.025390625
vn -0.970214844 0.0512390137 -0.237060547
vn -0.635742188 0.743652344 0.20703125
vn -0.950683594 0.0566711426 0.3046875
vn -0.634765625 0.742675781 0.212646484
vn -0.945800781 0.0333862305 0.322753906
vn -0.455566406 0.610839844 0.647460938
vn -0.577636719 0.021697998 0.815917969
vn -0.577636719 -0.021697998 0.815917969
vn -0.945800781 -0.0333862305 0.322753906
vn -0.638183594 0.754882812 -0.151245117
vn -0.8984375 0.069519043 -0.43359375
vn -0.578613281 0.768554688 -0.2734375
vn -0.779296875 0.0963745117 -0.619628906
vn -0.487548828 0.78515625 -0.381835938
vn -0.619628906 0.0895385742 -0.779785156
vn -0.386962891 0.784179688 -0.485351562
vn -0.401123047 0.0530090332 -0.914550781
vn -0.317138672 0.737792969 -0.596191406
vn -0.359375 0.188110352 -0.9140625
vn -0.289550781 0.614257812 -0.733886719
vn 0.0475769043 0.999023438 0.00228500366
vn 0.050994873 0.998535156 0.0117797852
vn -0.610351562 0.735351562 -0.295166016
vn 0.0399475098 0.999023438 0.0166625977
vn -0.53515625 0.73046875 -0.424804688
vn 0.0481262207 0.999023438 -0.00695419312
vn 0.0460205078 0.999023438 -0.0119552612
vn -0.432128906 0.7265625 -0.533691406
vn 0.018951416 0.999511719 0.0244750977
vn 4.35113907E-06 1 -2.14576721E-06
vn -0.344482422 0.648925781 -0.678222656
vn 4.35113907E-06 1 -2.14576721E-06
vn 0.0167236328 0.998535156 0.0535583496
vn 4.35113907E-06 1 -2.14576721E-06
vn -0.498291016 0.831054688 -0.247680664
vn -0.00397109985 0.962402344 0.270751953
vn 4.35113907E-06 1 -2.14576721E-06
vn 4.35113907E-06 1 -2.14576721E-06
vn -0.655273438 0.741699219 0.143432617
vn -0.649414062 0.750488281 0.119995117
vn 0.0476074219 0.999023438 -0.00891876221
vn -0.653320312 0.750488281 0.0992431641
vn 0.0480041504 0.999023438 -0.00735855103
vn -0.658691406 0.750488281 0.0549926758
vn 0.0479431152 0.999023438 -0.00411224365
vn -0.659667969 0.751464844 -0.0152282715
vn 0.048034668 0.999023438 0.00113010406
vn -0.655761719 0.75 -0.0850219727
vn 0.0477600098 0.999023438 0.00639343262
vn -0.644042969 0.744140625 -0.17590332
vn 0.0469665527 0.999023438 0.0134277344
vn -0.612792969 0.72265625 -0.3203125
vn 0.0451049805 0.998535156 0.025604248
vn -0.5 0.722167969 -0.477783203
vn 0.0385131836 0.998535156 0.0346069336
vn -0.322265625 0.758789062 -0.565917969
vn 0.0240478516 0.999023438 0.0422058105
vn -0.178833008 0.740234375 -0.6484375
vn 0.013092041 0.999023438 0.0475463867
vn 1.85966492E-05 0.762207031 -0.646972656
vn -1.60932541E-05 0.999023438 0.0483398438
vn 0.17578125 0.75 -0.637207031
vn -0.013092041 0.999023438 0.0475463867
vn 0.322265625 0.758789062 -0.565917969
vn -0.0240478516 0.999023438 0.0422058105
vn 0.5 0.722167969 -0.478027344
vn -0.0385742188 0.998535156 0.0346374512
vn 0.593261719 0.737304688 -0.323730469
vn -0.0451660156 0.998535156 0.0256652832
vn 0.633789062 0.753417969 -0.175170898
vn -0.047088623 0.999023438 0.0134353638
vn 0.647460938 0.757324219 -0.0843505859
vn -0.0478515625 0.999023438 0.0064201355
vn 0.651855469 0.758300781 -0.0151062012
vn -0.0481262207 0.999023438 0.00114822388
vn 0.650390625 0.7578125 0.0545959473
vn -0.0480651855 0.999023438 -0.00411224365
vn 0.647949219 0.754882812 0.0983886719
vn -0.0481872559 0.999023438 -0.00737762451
vn 0.645019531 0.755859375 0.113647461
vn 0.963867188 0.0491333008 -0.261962891
vn 0.990234375 0.0539855957 -0.127685547
vn 0.496337891 0.737792969 -0.457275391
vn 0.998046875 0.0548706055 -0.0228881836
vn 0.995117188 0.0539550781 0.0827636719
vn 0.987304688 0.0570983887 0.149414062
vn 0.265380859 0.046081543 -0.962890625
vn 0.983398438 0.0571289062 0.172607422
vn -0.17578125 0.75 -0.637207031
vn 0.978515625 0.0572814941 0.197509766
vn -0.265625 0.046081543 -0.962890625
vn 0.9765625 0.0574951172 0.208251953
vn 0.638183594 0.757324219 0.138916016
vn -0.49609375 0.737792969 -0.457275391
vn -0.963867188 0.0492553711 -0.261962891
vn -0.990234375 0.0540771484 -0.127685547
vn -0.998046875 0.0549926758 -0.022857666
vn -0.995117188 0.0540771484 0.0827636719
vn -0.987304688 0.057220459 0.149414062
vn -0.981933594 0.0569458008 0.180664062
vn -0.975097656 0.0573120117 0.21472168
vn -0.634277344 0.758300781 0.150878906
vn -0.972167969 0.0575866699 0.22644043
vn 0.996582031 0 -0.0829467773
vn 0.996582031 0 -0.0829467773
vn 0.996582031 0 -0.0829467773
vn 0.996582031 0 -0.0829467773
vn 0.959472656 -1.1920929E-07 0.281494141
vn 0.948730469 -2.98023224E-07 0.315917969
vn 0.948730469 -2.98023224E-07 0.315917969
vn 0.959472656 -2.74181366E-06 0.281494141
vn 0.995605469 0 0.0943603516
vn 0.999023438 0 -0.0419006348
vn 0.974121094 0 -0.225708008
vn 0.906738281 0 -0.422119141
vn 0.906738281 0 -0.422119141
vn 0.78515625 0 -0.619140625
vn 0.78515625 0 -0.619140625
vn 0.611816406 0 -0.791015625
vn 0.611816406 0 -0.791015625
vn 0.385742188 0 -0.922851562
vn 0.385742188 0 -0.922851562
vn 0.255615234 0 -0.966796875
vn 0.255615234 0 -0.966796875
vn -0.99609375 0 0.08984375
vn -0.99609375 0 0.08984375
vn -0.99609375 0 0.08984375
vn -0.99609375 0 0.08984375
vn 0.998535156 0 0.0507202148
vn 0.998535156 0 0.0507202148
vn 0.998535156 0 0.0507202148
vn 0.998535156 0 0.0507202148
vn -0.997558594 0 -0.0725708008
vn -0.997558594 0 -0.0725708008
vn -0.997558594 0 -0.0725708008
vn -0.997558594 0 -0.0725708008
vn -0.0010433197 -1 6.3419342E-05
vn -0.0010433197 -1 6.3419342E-05
vn -0.0010433197 -1 6.3419342E-05
vn -0.0010433197 -1 6.3419342E-05
vn -0.0010433197 -1 6.3419342E-05
vn -0.0010433197 -1 6.3419342E-05
vn -0.0010433197 -1 6.3419342E-05
vn -0.0010433197 -1 6.3419342E-05
vn -0.0010433197 -1 6.3419342E-05
vn -0.0010433197 -1 6.3419342E-05
vn -0.0010433197 -1 6.3419342E-05
vn -0.0010433197 -1 6.3419342E-05
vn -0.0010433197 -1 6.3419342E-05
vn 0.672363281 -0.737304688 0.0649414062
vn 0.643554688 -0.741210938 0.190795898
vn -0.0262908936 -0.999023438 -0.0364074707
vn -0.0132217407 -0.741699219 0.670898438
vn 0.0128479004 -0.741699219 0.670410156
vn -0.528320312 -0.609863281 0.590820312
vn 0.537597656 -0.615722656 0.576171875
vn -0.666503906 -0.743652344 0.0542297363
vn 0.0429382324 -0.998535156 -0.0248565674
vn -0.617675781 -0.69921875 0.359863281
vn -0.000978469849 -0.999023438 -0.0466918945
vn 0.0152664185 -0.666503906 0.745605469
vn 0.661621094 -0.688964844 0.295898438
vn -0.995605469 -0.0328979492 0.0876464844
vn -0.671386719 -0.0216827393 0.740722656
vn -0.660644531 -0.748535156 0.0569152832
vn -0.994140625 -0.0562133789 0.092590332
vn -0.0010433197 -1 6.3419342E-05
vn 0.666015625 -0.742675781 -0.0705566406
vn -0.0010433197 -1 6.3419342E-05
vn -0.0174865723 -0.741210938 0.671386719
vn 0.00715637207 -0.745117188 0.666992188
vn -0.455810547 -0.620117188 0.638671875
vn 0.566894531 -0.633789062 0.525878906
vn -0.634765625 -0.742675781 0.212646484
vn 0.99609375 -0.0332946777 -0.0846557617
vn 0.731933594 -0.021774292 0.681152344
vn 0.995117188 -0.0562133789 -0.0793457031
vn 0.66015625 -0.749023438 -0.0581665039
vn -0.640625 -0.739257812 0.208007812
vn -0.0010433197 -1 6.3419342E-05
vn -0.945800781 -0.0333862305 0.322753906
vn -0.455566406 -0.610839844 0.647460938
vn -0.577636719 -0.021697998 0.815917969
vn -0.950683594 -0.0582275391 0.304199219
vn -0.683105469 -0.728027344 0.0618591309
vn -0.994628906 -0.0589904785 0.0853881836
vn -0.654296875 -0.755859375 -0.026763916
vn -0.997558594 -0.0523376465 -0.0432739258
vn -0.634765625 -0.7578125 -0.151977539
vn -0.970703125 -0.0560913086 -0.232788086
vn -0.622558594 -0.727539062 -0.288574219
vn -0.905761719 -0.0294647217 -0.422607422
vn -0.0010433197 -1 6.3419342E-05
vn -0.700683594 -0.712890625 -0.0276947021
vn -0.559082031 -0.702148438 -0.440429688
vn -0.794921875 0.0255584717 -0.606445312
vn -0.477783203 -0.634765625 -0.607421875
vn -0.630859375 0.119384766 -0.766601562
vn -0.356445312 -0.590332031 -0.724609375
vn -0.390869141 0.149047852 -0.908203125
vn -0.288085938 -0.461425781 -0.838867188
vn -0.322509766 -0.0156860352 -0.946289062
vn -0.0010433197 -1 6.3419342E-05
vn -0.679199219 -0.715332031 -0.163330078
vn -0.0010433197 -1 6.3419342E-05
vn -0.0010433197 -1 6.3419342E-05
vn 0.048034668 -0.998535156 0.0279083252
vn -0.538085938 -0.740234375 -0.403076172
vn 0.0445556641 -0.997558594 0.0521240234
vn -0.428466797 -0.748046875 -0.506835938
vn -0.336425781 -0.643554688 -0.6875
vn 0.032409668 -0.999023438 0.0353393555
vn 0.674804688 -0.737792969 -0.0276641846
vn -0.0010433197 -1 6.3419342E-05
vn -0.0010433197 -1 6.3419342E-05
vn 0.662109375 -0.733886719 -0.151855469
vn 0.627441406 -0.721191406 -0.293457031
vn 0.564941406 -0.696777344 -0.442138672
vn -0.0010433197 -1 6.3419342E-05
vn -0.0010433197 -1 6.3419342E-05
vn 0.474853516 -0.65234375 -0.590820312
vn -0.0010433197 -1 6.3419342E-05
vn 0.0396728516 -0.997558594 -0.0570678711
vn -0.0010433197 -1 6.3419342E-05
vn 0.248046875 -0.642089844 -0.725097656
vn -0.0010433197 -1 6.3419342E-05
vn 0.11328125 -0.985351562 0.125610352
vn 0.260986328 -0.608398438 -0.749511719
vn -0.106811523 -0.962890625 0.246948242
vn -0.000623226166 -1 3.78489494E-05
vn -0.000632762909 -1 3.84449959E-05
vn -0 -1 0
vn -0 -1 0
vn -0 -1 0
vn -0 -1 0
vn -0 -1 0
vn -0 -1 0
vn -0 -1 0
vn -0 -1 0
vn -0 -1 0
vn -0 -1 0
vn -0 -1 0
vn -0 -1 0
vn -0 -1 0
vn -0 -1 0
vn -0 -1 0
vn -0 -1 0
vn -0 -1 0
vn -0 -1 0
vn -0 -1 0
vn -0 -1 0
vn -0 -1 0
vn -0 -1 0
vn -0 -1 0
vn -0 0 1
vn -0 0 1
vn -0 0 1
vn -0 0 1
vn 0.600585938 0 0.799316406
vn 0.600585938 0 0.799316406
vn 0.600585938 0 0.799316406
vn 0.600585938 0 0.799316406
vn 0.00198364258 -0.0334472656 0.999511719
vn -0.464355469 -0.610839844 0.641113281
vn -0.583984375 -0.021697998 0.811523438
vn 0.00259780884 -0.742675781 0.669921875
vn -0.00165653229 -0.0333862305 0.999511719
vn -0.00971984863 -0.743652344 0.668945312
vn 0.575195312 -0.630859375 0.520507812
vn 0.739746094 -0.0217132568 0.672851562
vn -0.00197219849 -0.0333862305 0.999511719
vn 0.587890625 -0.0216674805 0.80859375
vn 0.467529297 -0.610351562 0.639160156
vn -0.00264167786 -0.742675781 0.669433594
vn 0.00968933105 -0.743652344 0.668945312
vn 0.00167942047 -0.0332946777 0.999511719
vn -0.576171875 -0.627929688 0.522949219
vn -0.735839844 -0.0220947266 0.676757812
vn 0.948730469 -0.0333862305 0.313720703
vn 0.458984375 -0.619628906 0.63671875
vn 0.581542969 -0.0216674805 0.812988281
vn 0.635742188 -0.745117188 0.201293945
vn 0.958007812 -0.0546264648 0.281005859
vn -0.00727462769 -0.745117188 0.666992188
vn 0.994140625 -0.0480957031 0.0948486328
vn 0.998046875 -0.0442199707 -0.0428771973
vn 0.97265625 -0.0496520996 -0.227661133
vn 0.903808594 -0.0599975586 -0.423339844
vn 0.584472656 -0.763671875 -0.273925781
vn 0.783691406 -0.0731201172 -0.6171875
vn 0.49609375 -0.772460938 -0.396728516
vn 0.618164062 -0.0479125977 -0.784667969
vn 0.391357422 -0.761230469 -0.517089844
vn 0.361083984 -0.0137863159 -0.932617188
vn 0.279541016 -0.684570312 -0.672851562
vn 0.282714844 -0.152832031 -0.946777344
vn 0.243652344 -0.519042969 -0.819335938
vn 0.00211143494 -0.0327453613 0.999511719
vn -0.538085938 -0.609375 0.58203125
vn -0.677734375 -0.0215911865 0.734863281
vn 0.00583267212 -0.740722656 0.671875
vn -0.00195026398 -0.0328369141 0.999511719
vn -0.00620651245 -0.741210938 0.670898438
vn 0.548339844 -0.615722656 0.565917969
vn 0.692382812 -0.0215301514 0.721191406
vn -0.996582031 -0.0331115723 -0.0742797852
vn -0.728515625 -0.0220947266 0.685058594
vn -0.563476562 -0.627929688 0.536621094
vn -0.66796875 -0.7421875 -0.0555114746
vn -0.664550781 -0.745605469 -0.0517578125
vn -0.99609375 -0.0558166504 -0.0687255859
vn 0.0278167725 -0.999511719 -0.0260162354
vn 0.0176239014 -0.741210938 0.670898438
vn 0.0435180664 -0.999023438 -0.0210723877
vn -0.655273438 -0.685546875 0.317138672
vn 0.00173950195 -0.999023438 -0.0476074219
vn -0.026473999 -0.6796875 0.732910156
vn -0.041595459 -0.999023438 -0.0254211426
vn 0.617675781 -0.689941406 0.377685547
vn 0.670410156 -0.741210938 0.0277709961
vn 0.998046875 -0.0328369141 0.0487365723
vn 0.685546875 -0.0215301514 0.728027344
vn 0.997070312 -0.0558166504 0.0541381836
vn 0.666015625 -0.745605469 0.0305786133
vn -0.665527344 0.744628906 0.0537414551
vn -0.994140625 0.0562438965 0.092590332
vn -0.66015625 0.749023438 0.056854248
vn -0.995605469 0.032989502 0.0878295898
vn -0.524414062 0.615234375 0.588867188
vn -0.670898438 0.0210418701 0.741210938
vn -0.671386719 -0.0216827393 0.740722656
vn -0.995605469 -0.0328979492 0.0876464844
vn 0.0273895264 0.999023438 -0.0303955078
vn 0.0118484497 0.741699219 0.670410156
vn -0.617675781 0.69921875 0.359863281
vn 0.0428466797 0.998535156 -0.0248413086
vn 0.015296936 0.666503906 0.745605469
vn -0.000935077667 0.999023438 -0.0466918945
vn 0.662109375 0.688476562 0.296142578
vn -0.0444641113 0.999023438 -0.019744873
vn 0.663574219 0.745605469 -0.0626220703
vn -0.027633667 0.999511719 -0.0258483887
vn -0.0277557373 0.999023438 -0.0292816162
vn -0.0140380859 0.741699219 0.670898438
vn 0.537597656 0.615722656 0.576171875
vn 0.670410156 0.741210938 0.0278015137
vn -0.041595459 0.999023438 -0.0254516602
vn 0.617675781 0.689941406 0.377685547
vn 0.00173664093 0.999023438 -0.0476074219
vn -0.0264892578 0.6796875 0.732910156
vn 0.0434875488 0.999023438 -0.0210876465
vn -0.655273438 0.685546875 0.317138672
vn -0.669433594 0.740234375 -0.0634155273
vn 0.998046875 0.0328369141 0.0487365723
vn 0.666015625 0.745605469 0.0305786133
vn 0.997070312 0.0558166504 0.0541381836
vn 0.685546875 0.0215301514 0.728027344
vn 0.998046875 -0.0328369141 0.0487365723
vn 0.685546875 -0.0215301514 0.728027344
vn -0.996582031 0.0331115723 -0.0742797852
vn -0.728515625 0.0220947266 0.685058594
vn -0.728515625 -0.0220947266 0.685058594
vn -0.996582031 -0.0331115723 -0.0742797852
vn -0.99609375 0.0558166504 -0.0687255859
vn -0.664550781 0.745605469 -0.0517578125
vn 4.35113907E-06 1 -2.14576721E-06
vn 4.35113907E-06 1 -2.14576721E-06
vn 4.35113907E-06 1 -2.14576721E-06
vn 0.660644531 0.748535156 -0.0581665039
vn 0.995117188 0.0562133789 -0.0794067383
vn 0.99609375 0.0334777832 -0.0845336914
vn 0.560058594 0.635253906 0.531738281
vn 0.731933594 0.0229949951 0.681152344
vn 0.99609375 -0.0332946777 -0.0846557617
vn 0.731933594 -0.021774292 0.681152344
vn -0.0185699463 0.741210938 0.670898438
vn 0.00609970093 0.745117188 0.666992188
vn 0.0262145996 0.999023438 -0.0366210938
vn -0.633789062 0.745117188 0.207397461
vn 4.35113907E-06 1 -2.14576721E-06
vn 4.35113907E-06 1 -2.14576721E-06
vn 4.35113907E-06 1 -2.14576721E-06
vn 4.35113907E-06 1 -2.14576721E-06
vn 4.35113907E-06 1 -2.14576721E-06
vn 4.35113907E-06 1 -2.14576721E-06
vn 4.35113907E-06 1 -2.14576721E-06
vn 4.35113907E-06 1 -2.14576721E-06
vn -0.371582031 0.745605469 0.553710938
vn -0.563964844 0.0557861328 0.82421875
vn -0.557617188 0.0557861328 0.828613281
vn -0.377441406 0.745605469 0.549316406
vn 0.336669922 0.745605469 0.575195312
vn 0.49609375 0.0558166504 0.866210938
vn 0.502929688 0.0557861328 0.862792969
vn 0.330810547 0.745605469 0.578613281
vn 0.405761719 0.7421875 0.533203125
vn 0.596191406 0.0553894043 0.80078125
vn 0.602539062 0.0553894043 0.795898438
vn 0.399658203 0.7421875 0.537597656
vn -0.377685547 0.7421875 0.553222656
vn -0.569335938 0.0553894043 0.8203125
vn -0.562988281 0.0553894043 0.824707031
vn -0.383544922 0.7421875 0.549316406
vn -0.634277344 -0.758300781 0.150878906
vn 0.0472106934 -0.999023438 -0.0106887817
vn 0.0472412109 -0.999023438 -0.0105209351
vn -0.637695312 -0.757324219 0.140869141
vn -0.972167969 -0.0575866699 0.22644043
vn 0.0476074219 -0.999023438 -0.00889587402
vn -0.975097656 -0.0573120117 0.214599609
vn -0.643066406 -0.756835938 0.118835449
vn 0.0480041504 -0.999023438 -0.00736236572
vn -0.981933594 -0.0569458008 0.180664062
vn -0.646972656 -0.755859375 0.0982666016
vn 0.0479431152 -0.999023438 -0.00410079956
vn -0.987304688 -0.057220459 0.149291992
vn -0.649414062 -0.758300781 0.0545349121
vn 0.048034668 -0.999023438 0.00115299225
vn -0.995117188 -0.0540771484 0.0827636719
vn -0.650878906 -0.758789062 -0.0150756836
vn 0.0477600098 -0.999023438 0.00638580322
vn -0.998046875 -0.0549926758 -0.0228881836
vn -0.646972656 -0.7578125 -0.0842285156
vn 0.0469665527 -0.999023438 0.013420105
vn -0.990234375 -0.0540771484 -0.127685547
vn -0.633300781 -0.75390625 -0.175048828
vn 0.0451049805 -0.998535156 0.025604248
vn -0.963867188 -0.0492553711 -0.261962891
vn -0.592773438 -0.737792969 -0.323486328
vn 0.0385131836 -0.998535156 0.0346069336
vn -0.885742188 -0.0319213867 -0.463378906
vn -0.5 -0.722167969 -0.477783203
vn -0.49609375 -0.737792969 -0.457275391
vn 0.0240478516 -0.999023438 0.0422058105
vn -0.723632812 -0.0312347412 -0.689453125
vn -0.334716797 -0.736816406 -0.587890625
vn 0.013092041 -0.999023438 0.0475463867
vn -0.494628906 -0.0289916992 -0.868652344
vn -0.178710938 -0.740234375 -0.6484375
vn 1.62124634E-05 -0.999023438 0.0483398438
vn -0.265380859 -0.046081543 -0.962890625
vn 2.13384628E-05 -0.735351562 -0.677734375
vn -0.013092041 -0.999023438 0.0475463867
vn 2.14576721E-05 -0.0218353271 -1
vn 0.178833008 -0.740234375 -0.6484375
vn 0.17578125 -0.75 -0.637207031
vn -0.0240325928 -0.999023438 0.0422058105
vn 0.265625 -0.046081543 -0.962890625
vn 0.334716797 -0.736816406 -0.587890625
vn -0.0385742188 -0.998535156 0.0346374512
vn 0.494628906 -0.0289916992 -0.868652344
vn 0.5 -0.722167969 -0.478027344
vn 0.496337891 -0.737792969 -0.457275391
vn -0.0451660156 -0.998535156 0.0256652832
vn 0.723632812 -0.0311889648 -0.689453125
vn 0.61328125 -0.722167969 -0.320556641
vn -0.047088623 -0.999023438 0.0134353638
vn 0.885742188 -0.0318603516 -0.463378906
vn 0.64453125 -0.744140625 -0.176025391
vn -0.0478515625 -0.999023438 0.00638580322
vn 0.963867188 -0.0491333008 -0.261962891
vn 0.65625 -0.749511719 -0.085144043
vn -0.0481262207 -0.999023438 0.00114822388
vn 0.990234375 -0.0539855957 -0.127685547
vn 0.66015625 -0.750976562 -0.0153045654
vn -0.0480651855 -0.999023438 -0.00411224365
vn 0.998046875 -0.0548706055 -0.0228881836
vn 0.659179688 -0.75 0.0550231934
vn -0.0481872559 -0.999023438 -0.00737762451
vn 0.995117188 -0.0539550781 0.082824707
vn 0.654296875 -0.749511719 0.0993652344
vn -0.0478820801 -0.999023438 -0.0085067749
vn 0.987304688 -0.0570983887 0.149414062
vn 0.651367188 -0.75 0.114746094
vn -0.0475158691 -0.999023438 -0.00968933105
vn 0.983398438 -0.0571289062 0.172607422
vn 0.647460938 -0.750976562 0.130981445
vn -0.0475463867 -0.999023438 -0.00984954834
vn 0.978515625 -0.0572814941 0.197509766
vn 0.645019531 -0.751464844 0.138549805
vn 0.9765625 -0.0574951172 0.208251953
vn -0.563964844 -0.0557861328 0.82421875
vn -0.371582031 -0.745605469 0.553222656
vn -0.377441406 -0.745605469 0.549316406
vn -0.557617188 -0.0557861328 0.828613281
vn 0.496337891 -0.0558166504 0.866210938
vn 0.336669922 -0.745605469 0.575195312
vn 0.330810547 -0.745605469 0.578613281
vn 0.502929688 -0.0557861328 0.862792969
vn 0.596191406 -0.0553894043 0.80078125
vn 0.405761719 -0.7421875 0.533203125
vn 0.399658203 -0.7421875 0.537597656
vn 0.602539062 -0.0553894043 0.795898438
vn -0.569335938 -0.0553894043 0.8203125
vn -0.377685547 -0.7421875 0.553222656
vn -0.383544922 -0.7421875 0.549316406
vn -0.562988281 -0.0553894043 0.824707031
vn -0.583984375 0.021697998 0.811523438
vn 0.00198364258 -0.0334472656 0.999511719
vn -0.583984375 -0.021697998 0.811523438
vn 0.00198936462 0.0333862305 0.999511719
vn -0.464355469 0.610839844 0.641113281
vn 0.00160884857 0.742675781 0.669921875
vn -0.0110397339 0.743652344 0.668457031
vn -0.00151634216 0.0335083008 0.999511719
vn 0.573730469 0.634765625 0.517578125
vn 0.739746094 0.022857666 0.672851562
vn 0.739746094 -0.0217132568 0.672851562
vn -0.00165653229 -0.0333862305 0.999511719
vn -0.677734375 0.020980835 0.734863281
vn 0.00211143494 -0.0327453613 0.999511719
vn -0.677734375 -0.0215911865 0.734863281
vn 0.00199508667 0.0328674316 0.999511719
vn -0.534667969 0.614746094 0.579589844
vn 0.00533676147 0.741210938 0.671386719
vn -0.0069694519 0.741210938 0.671386719
vn -0.00195121765 0.0328674316 0.999511719
vn 0.548339844 0.615722656 0.565917969
vn 0.692382812 0.0215301514 0.721191406
vn 0.692382812 -0.0215301514 0.721191406
vn -0.00195026398 -0.0328369141 0.999511719
vn -0 1 -2.98023224E-06
vn -0 1 -2.98023224E-06
vn -0 1 -2.98023224E-06
vn -0 1 -2.98023224E-06
vn -0 1 -2.98023224E-06
vn -0 1 -2.98023224E-06
vn -0 1 -2.98023224E-06
vn -1.66893005E-06 1 8.34465027E-06
vn -1.66893005E-06 1 8.34465027E-06
vn -9.53674316E-07 1 5.78165054E-06
vn -9.53674316E-07 1 5.78165054E-06
vn 1.13248825E-06 1 -6.07967377E-06
vn 1.13248825E-06 1 -6.07967377E-06
vn 1.01327896E-06 1 -5.54323196E-06
vn 1.01327896E-06 1 -5.54323196E-06
vn -0 1 0
vn -0 1 0
vn -1.01327896E-06 1 4.29153442E-06
vn -1.01327896E-06 1 4.29153442E-06
vn -2.74181366E-06 1 3.75509262E-06
vn -2.74181366E-06 1 3.69548798E-06
vn -3.39746475E-06 1 -3.63588333E-06
vn -3.39746475E-06 1 -3.63588333E-06
vn -3.39746475E-06 1 -3.63588333E-06
vn -3.39746475E-06 1 -3.63588333E-06
vn -3.39746475E-06 1 -3.63588333E-06
vn 0.395019531 0 0.918457031
vn 0.395019531 0 0.918457031
vn 0.262451172 0 0.96484375
vn 0.262451172 0 0.96484375
vn 0.000558853149 0 1
vn 0.000559329987 0 1
vn -0.261474609 1.13248825E-06 0.965332031
vn -0.261474609 1.13248825E-06 0.965332031
vn -0.393798828 2.20537186E-06 0.918945312
vn -0.393798828 2.20537186E-06 0.918945312
vn -0.233154297 0 -0.97265625
vn -0.036895752 0 -0.999511719
vn -0.036895752 0 -0.999511719
vn -0.233154297 0 -0.97265625
vn -0.465332031 0 -0.885253906
vn -0.465332031 0 -0.885253906
vn -0.725585938 0 -0.687988281
vn -0.725585938 0 -0.687988281
vn -0.885253906 0 -0.465576172
vn -0.885253906 0 -0.465576172
vn -0.96484375 0 -0.262939453
vn -0.96484375 0 -0.262939453
vn -0.991699219 0 -0.128051758
vn -0.991699219 0 -0.128051758
vn -0.999511719 0 -0.0229187012
vn -0.999511719 0 -0.0229187012
vn -0.996582031 0 0.0830078125
vn -0.996582031 0 0.0830078125
vn -0.988769531 0 0.149658203
vn -0.988769531 0 0.149658203
vn -0.983398438 0 0.181030273
vn -0.983398438 0 0.181030273
vn -0.979492188 0 0.201660156
vn -0.979492188 0 0.201660156
vn -0.393798828 2.28881836E-05 0.918945312
vn -0.393798828 -2.28881836E-05 0.918945312
vn -0.036895752 0 -0.999511719
vn -0.036895752 0 -0.999511719
vn 0.229980469 0 -0.973144531
vn 0.229980469 0 -0.973144531
vn 0.494873047 0 -0.869140625
vn 0.494873047 0 -0.869140625
vn 0.725585938 0 -0.687988281
vn 0.725585938 0 -0.687988281
vn 0.885253906 0 -0.465576172
vn 0.885253906 0 -0.465576172
vn 0.96484375 0 -0.262939453
vn 0.96484375 0 -0.262939453
vn 0.991699219 0 -0.128051758
vn 0.991699219 0 -0.128051758
vn 0.999511719 0 -0.02293396
vn 0.999511719 0 -0.02293396
vn 0.996582031 0 0.0830078125
vn 0.996582031 0 0.0830078125
vn 0.988769531 0 0.149658203
vn 0.988769531 0 0.149658203
vn 0.984863281 0 0.172973633
vn 0.984863281 0 0.172973633
vn 0.982421875 0 0.185546875
vn 0.982421875 0 0.185546875
vn 0.395019531 -2.25305557E-05 0.918457031
vn 0.395019531 0.000292778015 0.918457031
vn -0.974609375 0.100769043 0.19934082
vn 0.0604248047 0.997070312 -0.0493164062
vn -0.390625 0.100646973 0.915039062
vn -0.979003906 0.0959472656 0.180297852
vn 0.0935668945 0.995605469 -0.0172271729
vn -0.984375 0.0958251953 0.149047852
vn 0.0942993164 0.995605469 -0.014289856
vn -0.9921875 0.0953369141 0.0827026367
vn 0.0938720703 0.995605469 -0.00777816772
vn -0.995117188 0.0953979492 -0.0227813721
vn 0.0942382812 0.995605469 0.00221252441
vn -0.987304688 0.0952758789 -0.127441406
vn 0.0933837891 0.995605469 0.0122299194
vn -0.960449219 0.0943603516 -0.26171875
vn 0.0903320312 0.995605469 0.0248718262
vn -0.881347656 0.0899658203 -0.463623047
vn 0.0816650391 0.995605469 0.04296875
vn -0.72265625 0.0897827148 -0.685546875
vn 0.0667114258 0.995605469 0.063659668
vn -0.463623047 0.0826416016 -0.882324219
vn 0.0425415039 0.995605469 0.080871582
vn -0.232055664 0.0953979492 -0.967773438
vn 0.0220031738 0.995605469 0.091796875
vn -0.0368041992 0.0894165039 -0.995117188
vn 0.0034122467 0.995605469 0.0924682617
vn 0.978027344 0.100769043 0.183349609
vn 0.391845703 0.100646973 0.914550781
vn -0.0606994629 0.997070312 -0.0486755371
vn -0.0939331055 0.995605469 -0.0164642334
vn 0.98046875 0.0959472656 0.172241211
vn -0.0942993164 0.995605469 -0.0142364502
vn 0.984375 0.0958251953 0.149047852
vn -0.0938720703 0.995605469 -0.00777053833
vn 0.9921875 0.0953369141 0.0827026367
vn -0.0942382812 0.995605469 0.00227546692
vn 0.995117188 0.0954589844 -0.0227966309
vn -0.0933837891 0.995605469 0.0122451782
vn 0.987304688 0.0953369141 -0.127441406
vn -0.0903320312 0.995605469 0.0248718262
vn 0.960449219 0.0943603516 -0.26171875
vn -0.0816650391 0.995605469 0.04296875
vn 0.881347656 0.0899658203 -0.463623047
vn -0.0667114258 0.995605469 0.0635986328
vn 0.72265625 0.0897827148 -0.685546875
vn -0.0455932617 0.995605469 0.080078125
vn 0.492919922 0.0874023438 -0.865722656
vn -0.0213470459 0.995605469 0.0902099609
vn 0.229125977 0.0903930664 -0.969238281
vn 0.0034122467 0.995605469 0.0924682617
vn -0.0368041992 0.0894165039 -0.995117188
vn -0.974609375 -0.100708008 0.19934082
vn -0.390625 -0.100646973 0.915039062
vn 0.0604248047 -0.997070312 -0.0493164062
vn 0.0935668945 -0.995605469 -0.0172271729
vn -0.979003906 -0.0960083008 0.180297852
vn 0.0942993164 -0.995605469 -0.0142440796
vn -0.984375 -0.0958251953 0.149047852
vn 0.0938720703 -0.995605469 -0.00777435303
vn -0.9921875 -0.0953369141 0.0826416016
vn 0.0942382812 -0.995605469 0.00227928162
vn -0.995117188 -0.0953979492 -0.022857666
vn 0.0933227539 -0.995605469 0.0122375488
vn -0.987304688 -0.0952758789 -0.127441406
vn 0.0903320312 -0.995605469 0.0248718262
vn -0.960449219 -0.0943603516 -0.26171875
vn 0.0816650391 -0.995605469 0.04296875
vn -0.881347656 -0.0899658203 -0.463623047
vn 0.0667114258 -0.995605469 0.063659668
vn -0.72265625 -0.0897827148 -0.685546875
vn 0.0424804688 -0.995605469 0.080871582
vn -0.463623047 -0.0826416016 -0.882324219
vn 0.0220336914 -0.995605469 0.091796875
vn -0.232055664 -0.0953979492 -0.967773438
vn 0.00338363647 -0.995605469 0.0924682617
vn -0.0367126465 -0.0894165039 -0.995117188
vn 0.978027344 -0.100769043 0.183349609
vn -0.0606994629 -0.997070312 -0.0486755371
vn 0.391845703 -0.100646973 0.914550781
vn 0.98046875 -0.0959472656 0.172241211
vn -0.0939331055 -0.995605469 -0.0165252686
vn 0.984375 -0.0958251953 0.149047852
vn -0.0942993164 -0.995605469 -0.0142288208
vn 0.9921875 -0.0953369141 0.0827026367
vn -0.0938720703 -0.995605469 -0.00777053833
vn 0.995117188 -0.0954589844 -0.0227966309
vn -0.0942382812 -0.995605469 0.00228691101
vn 0.987304688 -0.0952758789 -0.127441406
vn -0.0933837891 -0.995605469 0.0122451782
vn 0.960449219 -0.0943603516 -0.26171875
vn -0.0903320312 -0.995605469 0.0248718262
vn 0.881347656 -0.0899658203 -0.463623047
vn -0.0816650391 -0.995605469 0.04296875
vn 0.72265625 -0.0897827148 -0.685546875
vn -0.0667114258 -0.995605469 0.063659668
vn 0.492919922 -0.0874023438 -0.865722656
vn -0.0455932617 -0.995605469 0.080078125
vn 0.229125977 -0.0903930664 -0.969238281
vn -0.0213623047 -0.995605469 0.0902099609
vn -0.0367126465 -0.0894165039 -0.995117188
vn 0.00338363647 -0.995605469 0.0924682617
vn 0.0241394043 0.995605469 -0.0892944336
vn -0.390625 0.100646973 0.915039062
vn 0.0604248047 0.997070312 -0.0493164062
vn -0.260253906 0.0892333984 0.961425781
vn -8.10623169E-05 0.995605469 -0.0928344727
vn 0.000595569611 0.0909423828 0.99609375
vn -0.0242614746 0.995605469 -0.0892333984
vn 0.261474609 0.0892333984 0.9609375
vn -0.0606994629 0.997070312 -0.0486755371
vn 0.391845703 0.100646973 0.914550781
vn -0.260253906 -0.0892944336 0.961425781
vn 0.0604248047 -0.997070312 -0.0493164062
vn -0.390625 -0.100646973 0.915039062
vn 0.0241394043 -0.995605469 -0.0892944336
vn 0.00052022934 -0.0909423828 0.99609375
vn -2.03847885E-05 -0.995605469 -0.0928955078
vn 0.261474609 -0.0892944336 0.9609375
vn -0.0243225098 -0.995605469 -0.0892333984
vn 0.391845703 -0.100646973 0.914550781
vn -0.0606994629 -0.997070312 -0.0486755371
vn -0 -1 0
vn -0 -1 0
vn -0 -1 0
vn -0 -1 0
vn -0 -1 0
vn -0 -1 0
vn -0 -1 0
vn -0 -1 0
vn -0 -1 0
vn -0 -1 0
vn -0 -1 0
vn -0 -1 0
vn -0 -1 0
vn -0 -1 0
vn -0 -1 0
vn -0 -1 0
vn -0 -1 0
vn -0 -1 0
vn -0 -1 0
vn -0 -1 0
vn -0 -1 0
vn -0 -1 0
vn -0 -1 0
vn -0 -1 0
vn -0 -1 0
vn -0 -1 0
vn 0.395019531 0 0.918457031
vn 0.395019531 0 0.918457031
vn 0.262451172 0 0.96484375
vn 0.262451172 0 0.96484375
vn 0.000558853149 0 1
vn 0.000559329987 0 1
vn -0.261474609 1.13248825E-06 0.965332031
vn -0.261474609 1.13248825E-06 0.965332031
vn -0.393798828 2.20537186E-06 0.918945312
vn -0.393798828 2.20537186E-06 0.918945312
vn -0.233154297 0 -0.97265625
vn -0.036895752 0 -0.999511719
vn -0.036895752 0 -0.999511719
vn -0.233154297 0 -0.97265625
vn -0.465332031 0 -0.885253906
vn -0.465332031 0 -0.885253906
vn -0.725585938 0 -0.687988281
vn -0.725585938 0 -0.687988281
vn -0.885253906 0 -0.465576172
vn -0.885253906 0 -0.465576172
vn -0.96484375 0 -0.262939453
vn -0.96484375 0 -0.262939453
vn -0.991699219 0 -0.128051758
vn -0.991699219 0 -0.128051758
vn -0.999511719 0 -0.0229187012
vn -0.999511719 0 -0.0229187012
vn -0.996582031 0 0.0830078125
vn -0.996582031 0 0.0830078125
vn -0.988769531 0 0.149658203
vn -0.988769531 0 0.149658203
vn -0.983398438 0 0.181030273
vn -0.983398438 0 0.181030273
vn -0.979492188 0 0.201660156
vn -0.979492188 0 0.201660156
vn -0.393798828 2.28881836E-05 0.918945312
vn -0.393798828 -2.27689743E-05 0.918945312
vn -0.036895752 0 -0.999511719
vn -0.036895752 0 -0.999511719
vn 0.229980469 0 -0.973144531
vn 0.229980469 0 -0.973144531
vn 0.494873047 0 -0.869140625
vn 0.494873047 0 -0.869140625
vn 0.725585938 0 -0.687988281
vn 0.725585938 0 -0.687988281
vn 0.885253906 0 -0.465576172
vn 0.885253906 0 -0.465576172
vn 0.96484375 0 -0.262939453
vn 0.96484375 0 -0.262939453
vn 0.991699219 0 -0.128051758
vn 0.991699219 0 -0.128051758
vn 0.999511719 0 -0.02293396
vn 0.999511719 0 -0.02293396
vn 0.996582031 0 0.0830078125
vn 0.996582031 0 0.0830078125
vn 0.988769531 0 0.149658203
vn 0.988769531 0 0.149658203
vn 0.984863281 0 0.172973633
vn 0.984863281 0 0.172973633
vn 0.982421875 0 0.185546875
vn 0.982421875 0 0.185546875
vn 0.395019531 -2.25305557E-05 0.918457031
vn 0.395019531 0.000292778015 0.918457031
vn -0.974609375 0.100769043 0.19934082
vn 0.0604248047 0.997070312 -0.0493164062
vn -0.390625 0.100646973 0.915039062
vn -0.979003906 0.0959472656 0.180297852
vn 0.0935668945 0.995605469 -0.0172271729
vn -0.984375 0.0958251953 0.149047852
vn 0.0942993164 0.995605469 -0.014289856
vn -0.9921875 0.0953369141 0.0827026367
vn 0.0938720703 0.995605469 -0.00777816772
vn -0.995117188 0.0953979492 -0.0227813721
vn 0.0942382812 0.995605469 0.00221252441
vn -0.987304688 0.0952758789 -0.127441406
vn 0.0933837891 0.995605469 0.0122299194
vn -0.960449219 0.0943603516 -0.26171875
vn 0.0903320312 0.995605469 0.0248718262
vn -0.881347656 0.0899658203 -0.463623047
vn 0.0816650391 0.995605469 0.04296875
vn -0.72265625 0.0897827148 -0.685546875
vn 0.0667114258 0.995605469 0.063659668
vn -0.463623047 0.0826416016 -0.882324219
vn 0.0425415039 0.995605469 0.080871582
vn -0.232055664 0.0953979492 -0.967773438
vn 0.0220031738 0.995605469 0.091796875
vn -0.0368041992 0.0894165039 -0.995117188
vn 0.0034122467 0.995605469 0.0924682617
vn 0.978027344 0.100769043 0.183349609
vn 0.391845703 0.100646973 0.914550781
vn -0.0606994629 0.997070312 -0.0486755371
vn -0.0939331055 0.995605469 -0.0164642334
vn 0.98046875 0.0959472656 0.172241211
vn -0.0942993164 0.995605469 -0.0142288208
vn 0.984375 0.0958251953 0.149047852
vn -0.0938720703 0.995605469 -0.00777053833
vn 0.9921875 0.0953369141 0.0827026367
vn -0.0942382812 0.995605469 0.00227546692
vn 0.995117188 0.0954589844 -0.0227966309
vn -0.0933837891 0.995605469 0.0122451782
vn 0.987304688 0.0953369141 -0.127441406
vn -0.0903320312 0.995605469 0.0248718262
vn 0.960449219 0.0943603516 -0.26171875
vn -0.0816650391 0.995605469 0.04296875
vn 0.881347656 0.0899658203 -0.463623047
vn -0.0667114258 0.995605469 0.0635986328
vn 0.72265625 0.0897827148 -0.685546875
vn -0.0455932617 0.995605469 0.080078125
vn 0.492919922 0.0874023438 -0.865722656
vn -0.0213470459 0.995605469 0.0902099609
vn 0.229003906 0.0903930664 -0.969238281
vn 0.0034122467 0.995605469 0.0924682617
vn -0.0368041992 0.0894165039 -0.995117188
vn -0.974609375 -0.100708008 0.19934082
vn -0.390625 -0.100646973 0.915039062
vn 0.0604248047 -0.997070312 -0.0493164062
vn 0.0935668945 -0.995605469 -0.0172271729
vn -0.979003906 -0.0960083008 0.180297852
vn 0.0942993164 -0.995605469 -0.0142440796
vn -0.984375 -0.0958251953 0.149047852
vn 0.0938720703 -0.995605469 -0.00777435303
vn -0.9921875 -0.0953369141 0.0826416016
vn 0.0942382812 -0.995605469 0.00227928162
vn -0.995117188 -0.0953979492 -0.022857666
vn 0.0933837891 -0.995605469 0.0122375488
vn -0.987304688 -0.0952758789 -0.127441406
vn 0.0903320312 -0.995605469 0.0248718262
vn -0.960449219 -0.0943603516 -0.26171875
vn 0.0816650391 -0.995605469 0.04296875
vn -0.881347656 -0.0899658203 -0.463623047
vn 0.0667114258 -0.995605469 0.063659668
vn -0.72265625 -0.0897827148 -0.685546875
vn 0.0424804688 -0.995605469 0.080871582
vn -0.463623047 -0.0826416016 -0.882324219
vn 0.0220336914 -0.995605469 0.091796875
vn -0.232055664 -0.0953979492 -0.967773438
vn 0.00338363647 -0.995605469 0.0924682617
vn -0.0367126465 -0.0894165039 -0.995117188
vn 0.978027344 -0.100769043 0.183349609
vn -0.0606994629 -0.997070312 -0.0486755371
vn 0.391845703 -0.100646973 0.914550781
vn 0.98046875 -0.0959472656 0.172241211
vn -0.0939331055 -0.995605469 -0.0165252686
vn 0.984375 -0.0958251953 0.149047852
vn -0.0942993164 -0.995605469 -0.0142288208
vn 0.9921875 -0.0953369141 0.0827026367
vn -0.0938720703 -0.995605469 -0.00777053833
vn 0.995117188 -0.0954589844 -0.0227966309
vn -0.0942382812 -0.995605469 0.00228691101
vn 0.987304688 -0.0952758789 -0.127441406
vn -0.0933837891 -0.995605469 0.0122451782
vn 0.960449219 -0.0943603516 -0.26171875
vn -0.0903320312 -0.995605469 0.0248718262
vn 0.881347656 -0.0899658203 -0.463623047
vn -0.0816650391 -0.995605469 0.04296875
vn 0.72265625 -0.0897827148 -0.685546875
vn -0.0667114258 -0.995605469 0.063659668
vn 0.492919922 -0.0874023438 -0.865722656
vn -0.0455932617 -0.995605469 0.080078125
vn 0.229125977 -0.0903930664 -0.969238281
vn -0.0213623047 -0.995605469 0.0902099609
vn -0.0367126465 -0.0894165039 -0.995117188
vn 0.00338363647 -0.995605469 0.0924682617
vn 0.0241394043 0.995605469 -0.0892944336
vn -0.390625 0.100646973 0.915039062
vn 0.0604248047 0.997070312 -0.0493164062
vn -0.260253906 0.0892333984 0.961425781
vn -8.10027122E-05 0.995605469 -0.0928344727
vn 0.000595569611 0.0909423828 0.99609375
vn -0.0242614746 0.995605469 -0.0892333984
vn 0.261474609 0.0892333984 0.9609375
vn -0.0606994629 0.997070312 -0.0486755371
vn 0.391845703 0.100646973 0.914550781
vn -0.260253906 -0.0892944336 0.961425781
vn 0.0604248047 -0.997070312 -0.0493164062
vn -0.390625 -0.100646973 0.915039062
vn 0.0241394043 -0.995605469 -0.0892944336
vn 0.00052022934 -0.0909423828 0.99609375
vn -2.03847885E-05 -0.995605469 -0.0928955078
vn 0.261474609 -0.0892944336 0.9609375
vn -0.0243225098 -0.995605469 -0.0892333984
vn 0.391845703 -0.100646973 0.914550781
vn -0.0606994629 -0.997070312 -0.0486755371
g Fork_0
f 3/3/3 2/2/2 1/1/1
f 6/6/6 5/5/5 4/4/4
f 5/5/5 7/7/7 4/4/4
f 4/4/4 7/7/7 8/8/8
f 7/7/7 9/9/9 8/8/8
f 8/8/8 9/9/9 10/10/10
f 9/9/9 11/11/11 10/10/10
f 10/10/10 11/11/11 12/12/12
f 11/11/11 13/13/13 12/12/12
f 12/12/12 13/13/13 14/14/14
f 13/13/13 15/15/15 14/14/14
f 14/14/14 15/15/15 16/16/16
f 15/15/15 17/17/17 16/16/16
f 16/16/16 17/17/17 18/18/18
f 17/17/17 19/19/19 18/18/18
f 18/18/18 19/19/19 20/20/20
f 19/19/19 21/21/21 20/20/20
f 20/20/20 21/21/21 22/22/22
f 21/21/21 23/23/23 22/22/22
f 22/22/22 23/23/23 24/24/24
f 23/23/23 25/25/25 24/24/24
f 24/24/24 25/25/25 26/26/26
f 25/25/25 27/27/27 26/26/26
f 26/26/26 27/27/27 28/28/28
f 27/27/27 29/29/29 28/28/28
f 28/28/28 29/29/29 30/30/30
f 29/29/29 31/31/31 30/30/30
f 30/30/30 31/31/31 32/32/32
f 31/31/31 33/33/33 32/32/32
f 32/32/32 33/33/33 34/34/34
f 33/33/33 35/35/35 34/34/34
f 34/34/34 35/35/35 36/36/36
f 35/35/35 37/37/37 36/36/36
f 36/36/36 37/37/37 38/38/38
f 37/37/37 39/39/39 38/38/38
f 38/38/38 39/39/39 40/40/40
f 39/39/39 41/41/41 40/40/40
f 40/40/40 41/41/41 42/42/42
f 41/41/41 43/43/43 42/42/42
f 42/42/42 43/43/43 44/44/44
f 43/43/43 45/45/45 44/44/44
f 44/44/44 45/45/45 46/46/46
f 45/45/45 47/47/47 46/46/46
f 46/46/46 47/47/47 48/48/48
f 47/47/47 49/49/49 48/48/48
f 48/48/48 49/49/49 50/50/50
f 49/49/49 51/51/51 50/50/50
f 50/50/50 51/51/51 52/52/52
f 51/51/51 53/53/53 52/52/52
f 56/56/56 55/55/55 54/54/54
f 55/55/55 57/57/57 54/54/54
f 57/57/57 59/59/59 58/58/58
f 59/59/59 60/60/60 58/58/58
f 60/60/60 61/61/61 58/58/58
f 61/61/61 62/62/62 58/58/58
f 58/58/58 62/62/62 63/63/63
f 62/62/62 64/64/64 63/63/63
f 64/64/64 65/65/65 63/63/63
f 65/65/65 66/66/66 63/63/63
f 67/67/67 63/63/63 66/66/66
f 68/68/68 67/67/67 66/66/66
f 70/70/70 61/61/61 69/69/69
f 61/61/61 71/71/71 69/69/69
f 72/72/72 70/70/70 69/69/69
f 73/73/73 69/69/69 71/71/71
f 74/74/74 73/73/73 71/71/71
f 75/75/75 72/72/72 69/69/69
f 76/76/76 72/72/72 75/75/75
f 77/77/77 76/76/76 75/75/75
f 76/76/76 78/78/78 72/72/72
f 78/78/78 79/79/79 72/72/72
f 72/72/72 79/79/79 80/80/80
f 79/79/79 81/81/81 80/80/80
f 82/82/82 80/80/80 81/81/81
f 83/83/83 82/82/82 81/81/81
f 83/83/83 81/81/81 84/84/84
f 81/81/81 85/85/85 84/84/84
f 86/86/86 84/84/84 85/85/85
f 87/87/87 78/78/78 76/76/76
f 88/88/88 87/87/87 76/76/76
f 88/88/88 76/76/76 77/77/77
f 89/89/89 87/87/87 88/88/88
f 90/90/90 89/89/89 88/88/88
f 91/91/91 89/89/89 90/90/90
f 92/92/92 88/88/88 77/77/77
f 90/90/90 88/88/88 92/92/92
f 93/93/93 91/91/91 90/90/90
f 94/94/94 90/90/90 92/92/92
f 95/95/95 90/90/90 94/94/94
f 96/96/96 95/95/95 94/94/94
f 97/97/97 95/95/95 96/96/96
f 98/98/98 97/97/97 96/96/96
f 99/99/99 97/97/97 98/98/98
f 100/100/100 99/99/99 98/98/98
f 101/101/101 99/99/99 100/100/100
f 102/102/102 101/101/101 100/100/100
f 103/103/103 101/101/101 102/102/102
f 104/104/104 103/103/103 102/102/102
f 105/105/105 91/91/91 93/93/93
f 106/106/106 105/105/105 93/93/93
f 107/107/107 105/105/105 106/106/106
f 108/108/108 107/107/107 106/106/106
f 107/107/107 108/108/108 109/109/109
f 108/108/108 110/110/110 109/109/109
f 111/111/111 109/109/109 110/110/110
f 112/112/112 111/111/111 110/110/110
f 113/113/113 111/111/111 112/112/112
f 114/114/114 113/113/113 112/112/112
f 115/115/115 91/91/91 105/105/105
f 116/116/116 115/115/115 105/105/105
f 116/116/116 105/105/105 117/117/117
f 118/118/118 116/116/116 117/117/117
f 118/118/118 117/117/117 119/119/119
f 120/120/120 118/118/118 119/119/119
f 119/119/119 121/121/121 120/120/120
f 121/121/121 113/113/113 120/120/120
f 113/113/113 122/122/122 120/120/120
f 123/123/123 113/113/113 114/114/114
f 113/113/113 124/124/124 122/122/122
f 124/124/124 125/125/125 122/122/122
f 124/124/124 126/126/126 125/125/125
f 126/126/126 127/127/127 125/125/125
f 126/126/126 128/128/128 127/127/127
f 128/128/128 129/129/129 127/127/127
f 128/128/128 130/130/130 129/129/129
f 130/130/130 131/131/131 129/129/129
f 130/130/130 132/132/132 131/131/131
f 132/132/132 133/133/133 131/131/131
f 132/132/132 134/134/134 133/133/133
f 134/134/134 135/135/135 133/133/133
f 134/134/134 136/136/136 135/135/135
f 136/136/136 137/137/137 135/135/135
f 137/137/137 136/136/136 138/138/138
f 139/139/139 137/137/137 138/138/138
f 139/139/139 138/138/138 140/140/140
f 141/141/141 139/139/139 140/140/140
f 141/141/141 140/140/140 142/142/142
f 143/143/143 141/141/141 142/142/142
f 142/142/142 144/144/144 143/143/143
f 147/147/147 146/146/146 145/145/145
f 148/148/148 147/147/147 145/145/145
f 151/151/151 150/150/150 149/149/149
f 152/152/152 151/151/151 149/149/149
f 155/155/155 154/154/154 153/153/153
f 156/156/156 155/155/155 153/153/153
f 159/159/159 158/158/158 157/157/157
f 160/160/160 159/159/159 157/157/157
f 163/163/163 162/162/162 161/161/161
f 164/164/164 163/163/163 161/161/161
f 165/165/165 163/163/163 164/164/164
f 166/166/166 165/165/165 164/164/164
f 167/167/167 165/165/165 166/166/166
f 168/168/168 167/167/167 166/166/166
f 169/169/169 167/167/167 168/168/168
f 170/170/170 169/169/169 168/168/168
f 171/171/171 169/169/169 170/170/170
f 172/172/172 171/171/171 170/170/170
f 173/173/173 171/171/171 172/172/172
f 174/174/174 173/173/173 172/172/172
f 175/175/175 173/173/173 174/174/174
f 176/176/176 175/175/175 174/174/174
f 177/177/177 175/175/175 176/176/176
f 178/178/178 177/177/177 176/176/176
f 179/179/179 177/177/177 178/178/178
f 180/180/180 179/179/179 178/178/178
f 182/182/182 181/181/181 168/168/168
f 181/181/181 183/183/183 168/168/168
f 168/168/168 183/183/183 184/184/184
f 185/185/185 181/181/181 182/182/182
f 186/186/186 185/185/185 182/182/182
f 187/187/187 185/185/185 186/186/186
f 188/188/188 187/187/187 186/186/186
f 189/189/189 187/187/187 188/188/188
f 190/190/190 189/189/189 188/188/188
f 191/191/191 190/190/190 188/188/188
f 192/192/192 191/191/191 188/188/188
f 183/183/183 193/193/193 184/184/184
f 184/184/184 193/193/193 194/194/194
f 193/193/193 195/195/195 194/194/194
f 194/194/194 195/195/195 196/196/196
f 195/195/195 197/197/197 196/196/196
f 196/196/196 197/197/197 198/198/198
f 197/197/197 199/199/199 198/198/198
f 198/198/198 199/199/199 200/200/200
f 199/199/199 201/201/201 200/200/200
f 200/200/200 201/201/201 202/202/202
f 201/201/201 203/203/203 202/202/202
f 183/183/183 204/204/204 193/193/193
f 204/204/204 205/205/205 193/193/193
f 193/193/193 205/205/205 206/206/206
f 205/205/205 207/207/207 206/206/206
f 206/206/206 207/207/207 208/208/208
f 209/209/209 204/204/204 183/183/183
f 181/181/181 209/209/209 183/183/183
f 210/210/210 209/209/209 181/181/181
f 185/185/185 210/210/210 181/181/181
f 207/207/207 115/115/115 208/208/208
f 208/208/208 115/115/115 211/211/211
f 115/115/115 207/207/207 91/91/91
f 115/115/115 212/212/212 211/211/211
f 207/207/207 213/213/213 91/91/91
f 211/211/211 212/212/212 214/214/214
f 207/207/207 215/215/215 213/213/213
f 212/212/212 216/216/216 214/214/214
f 215/215/215 217/217/217 213/213/213
f 218/218/218 214/214/214 216/216/216
f 215/215/215 204/204/204 217/217/217
f 219/219/219 218/218/218 216/216/216
f 204/204/204 78/78/78 217/217/217
f 204/204/204 220/220/220 78/78/78
f 220/220/220 221/221/221 78/78/78
f 222/222/222 218/218/218 219/219/219
f 122/122/122 222/222/222 219/219/219
f 223/223/223 222/222/222 122/122/122
f 224/224/224 223/223/223 122/122/122
f 225/225/225 223/223/223 224/224/224
f 226/226/226 225/225/225 224/224/224
f 227/227/227 225/225/225 226/226/226
f 228/228/228 227/227/227 226/226/226
f 229/229/229 227/227/227 228/228/228
f 230/230/230 229/229/229 228/228/228
f 231/231/231 229/229/229 230/230/230
f 232/232/232 231/231/231 230/230/230
f 233/233/233 231/231/231 232/232/232
f 234/234/234 233/233/233 232/232/232
f 235/235/235 233/233/233 234/234/234
f 236/236/236 235/235/235 234/234/234
f 237/237/237 235/235/235 236/236/236
f 238/238/238 237/237/237 236/236/236
f 239/239/239 237/237/237 238/238/238
f 240/240/240 239/239/239 238/238/238
f 239/239/239 240/240/240 241/241/241
f 240/240/240 242/242/242 241/241/241
f 241/241/241 242/242/242 243/243/243
f 242/242/242 244/244/244 243/243/243
f 243/243/243 244/244/244 245/245/245
f 244/244/244 246/246/246 245/245/245
f 245/245/245 246/246/246 247/247/247
f 246/246/246 248/248/248 247/247/247
f 247/247/247 248/248/248 249/249/249
f 248/248/248 250/250/250 249/249/249
f 249/249/249 250/250/250 251/251/251
f 250/250/250 252/252/252 251/251/251
f 251/251/251 252/252/252 253/253/253
f 252/252/252 254/254/254 253/253/253
f 253/253/253 254/254/254 255/255/255
f 254/254/254 256/256/256 255/255/255
f 255/255/255 256/256/256 257/257/257
f 256/256/256 258/258/258 257/257/257
f 257/257/257 258/258/258 259/259/259
f 258/258/258 260/260/260 259/259/259
f 259/259/259 260/260/260 261/261/261
f 260/260/260 262/262/262 261/261/261
f 261/261/261 262/262/262 263/263/263
f 262/262/262 123/123/123 263/263/263
f 263/263/263 123/123/123 114/114/114
f 251/251/251 253/253/253 264/264/264
f 20/20/20 251/251/251 264/264/264
f 264/264/264 253/253/253 265/265/265
f 253/253/253 255/255/255 265/265/265
f 266/266/266 251/251/251 20/20/20
f 265/265/265 255/255/255 267/267/267
f 22/22/22 266/266/266 20/20/20
f 255/255/255 257/257/257 267/267/267
f 247/247/247 266/266/266 22/22/22
f 267/267/267 257/257/257 268/268/268
f 24/24/24 247/247/247 22/22/22
f 257/257/257 259/259/259 268/268/268
f 245/245/245 247/247/247 24/24/24
f 268/268/268 259/259/259 269/269/269
f 270/270/270 245/245/245 24/24/24
f 259/259/259 261/261/261 269/269/269
f 243/243/243 245/245/245 270/270/270
f 269/269/269 261/261/261 271/271/271
f 28/28/28 243/243/243 270/270/270
f 261/261/261 263/263/263 271/271/271
f 272/272/272 243/243/243 28/28/28
f 271/271/271 263/263/263 273/273/273
f 274/274/274 272/272/272 28/28/28
f 263/263/263 114/114/114 273/273/273
f 273/273/273 114/114/114 275/275/275
f 114/114/114 276/276/276 275/275/275
f 239/239/239 272/272/272 274/274/274
f 32/32/32 239/239/239 274/274/274
f 239/239/239 32/32/32 277/277/277
f 32/32/32 34/34/34 277/277/277
f 277/277/277 34/34/34 235/235/235
f 34/34/34 36/36/36 235/235/235
f 235/235/235 36/36/36 233/233/233
f 36/36/36 278/278/278 233/233/233
f 233/233/233 278/278/278 231/231/231
f 278/278/278 279/279/279 231/231/231
f 231/231/231 279/279/279 229/229/229
f 279/279/279 280/280/280 229/229/229
f 229/229/229 280/280/280 227/227/227
f 280/280/280 281/281/281 227/227/227
f 227/227/227 281/281/281 225/225/225
f 281/281/281 282/282/282 225/225/225
f 225/225/225 282/282/282 223/223/223
f 282/282/282 283/283/283 223/223/223
f 223/223/223 283/283/283 222/222/222
f 283/283/283 284/284/284 222/222/222
f 222/222/222 284/284/284 285/285/285
f 284/284/284 286/286/286 285/285/285
f 289/289/289 288/288/288 287/287/287
f 290/290/290 289/289/289 287/287/287
f 293/293/293 292/292/292 291/291/291
f 292/292/292 294/294/294 291/291/291
f 291/291/291 294/294/294 77/77/77
f 294/294/294 295/295/295 77/77/77
f 77/77/77 295/295/295 92/92/92
f 295/295/295 296/296/296 92/92/92
f 92/92/92 296/296/296 94/94/94
f 296/296/296 297/297/297 94/94/94
f 94/94/94 297/297/297 298/298/298
f 297/297/297 299/299/299 298/298/298
f 298/298/298 299/299/299 300/300/300
f 299/299/299 301/301/301 300/300/300
f 300/300/300 301/301/301 302/302/302
f 301/301/301 303/303/303 302/302/302
f 302/302/302 303/303/303 304/304/304
f 303/303/303 305/305/305 304/304/304
f 304/304/304 305/305/305 306/306/306
f 305/305/305 307/307/307 306/306/306
f 310/310/310 309/309/309 308/308/308
f 311/311/311 310/310/310 308/308/308
f 314/314/314 313/313/313 312/312/312
f 315/315/315 314/314/314 312/312/312
f 318/318/318 317/317/317 316/316/316
f 319/319/319 318/318/318 316/316/316
f 322/322/322 321/321/321 320/320/320
f 323/323/323 322/322/322 320/320/320
f 323/323/323 320/320/320 324/324/324
f 325/325/325 323/323/323 324/324/324
f 324/324/324 326/326/326 325/325/325
f 327/327/327 326/326/326 324/324/324
f 324/324/324 328/328/328 327/327/327
f 328/328/328 329/329/329 327/327/327
f 329/329/329 330/330/330 327/327/327
f 325/325/325 326/326/326 331/331/331
f 326/326/326 332/332/332 331/331/331
f 325/325/325 333/333/333 323/323/323
f 333/333/333 334/334/334 323/323/323
f 323/323/323 334/334/334 335/335/335
f 329/329/329 336/336/336 330/330/330
f 336/336/336 337/337/337 330/330/330
f 337/337/337 338/338/338 330/330/330
f 339/339/339 336/336/336 329/329/329
f 338/338/338 340/340/340 330/330/330
f 341/341/341 330/330/330 340/340/340
f 342/342/342 341/341/341 340/340/340
f 343/343/343 341/341/341 342/342/342
f 344/344/344 343/343/343 342/342/342
f 332/332/332 343/343/343 344/344/344
f 345/345/345 332/332/332 344/344/344
f 340/340/340 338/338/338 346/346/346
f 338/338/338 347/347/347 346/346/346
f 348/348/348 340/340/340 346/346/346
f 349/349/349 348/348/348 346/346/346
f 350/350/350 332/332/332 345/345/345
f 351/351/351 350/350/350 345/345/345
f 332/332/332 350/350/350 352/352/352
f 332/332/332 352/352/352 331/331/331
f 350/350/350 353/353/353 352/352/352
f 353/353/353 354/354/354 352/352/352
f 354/354/354 355/355/355 352/352/352
f 356/356/356 353/353/353 350/350/350
f 351/351/351 356/356/356 350/350/350
f 355/355/355 357/357/357 352/352/352
f 352/352/352 357/357/357 331/331/331
f 356/356/356 351/351/351 358/358/358
f 359/359/359 356/356/356 358/358/358
f 358/358/358 351/351/351 360/360/360
f 351/351/351 361/361/361 360/360/360
f 357/357/357 362/362/362 331/331/331
f 331/331/331 362/362/362 363/363/363
f 325/325/325 331/331/331 363/363/363
f 357/357/357 364/364/364 362/362/362
f 357/357/357 365/365/365 364/364/364
f 365/365/365 366/366/366 364/364/364
f 364/364/364 367/367/367 362/362/362
f 362/362/362 367/367/367 368/368/368
f 362/362/362 368/368/368 363/363/363
f 367/367/367 369/369/369 368/368/368
f 368/368/368 369/369/369 370/370/370
f 369/369/369 371/371/371 370/370/370
f 370/370/370 371/371/371 372/372/372
f 371/371/371 373/373/373 372/372/372
f 372/372/372 373/373/373 374/374/374
f 373/373/373 375/375/375 374/374/374
f 363/363/363 368/368/368 376/376/376
f 368/368/368 377/377/377 376/376/376
f 325/325/325 363/363/363 376/376/376
f 374/374/374 375/375/375 378/378/378
f 375/375/375 379/379/379 378/378/378
f 378/378/378 379/379/379 380/380/380
f 379/379/379 381/381/381 380/380/380
f 380/380/380 381/381/381 382/382/382
f 381/381/381 383/383/383 382/382/382
f 382/382/382 383/383/383 384/384/384
f 383/383/383 385/385/385 384/384/384
f 376/376/376 377/377/377 386/386/386
f 377/377/377 387/387/387 386/386/386
f 388/388/388 325/325/325 376/376/376
f 388/388/388 376/376/376 386/386/386
f 387/387/387 374/374/374 389/389/389
f 386/386/386 387/387/387 389/389/389
f 389/389/389 374/374/374 390/390/390
f 374/374/374 391/391/391 390/390/390
f 390/390/390 391/391/391 392/392/392
f 391/391/391 393/393/393 392/392/392
f 393/393/393 394/394/394 392/392/392
f 394/394/394 384/384/384 395/395/395
f 392/392/392 394/394/394 395/395/395
f 388/388/388 396/396/396 325/325/325
f 396/396/396 333/333/333 325/325/325
f 397/397/397 386/386/386 389/389/389
f 398/398/398 388/388/388 386/386/386
f 397/397/397 398/398/398 386/386/386
f 398/398/398 399/399/399 388/388/388
f 399/399/399 396/396/396 388/388/388
f 397/397/397 400/400/400 398/398/398
f 400/400/400 399/399/399 398/398/398
f 401/401/401 400/400/400 397/397/397
f 402/402/402 397/397/397 389/389/389
f 402/402/402 401/401/401 397/397/397
f 402/402/402 389/389/389 403/403/403
f 404/404/404 401/401/401 402/402/402
f 405/405/405 402/402/402 403/403/403
f 406/406/406 404/404/404 402/402/402
f 405/405/405 403/403/403 407/407/407
f 408/408/408 404/404/404 406/406/406
f 409/409/409 405/405/405 407/407/407
f 410/410/410 408/408/408 406/406/406
f 411/411/411 408/408/408 410/410/410
f 412/412/412 411/411/411 410/410/410
f 409/409/409 407/407/407 413/413/413
f 413/413/413 414/414/414 409/409/409
f 415/415/415 414/414/414 413/413/413
f 416/416/416 415/415/415 413/413/413
f 417/417/417 415/415/415 416/416/416
f 418/418/418 417/417/417 416/416/416
f 419/419/419 417/417/417 418/418/418
f 420/420/420 419/419/419 418/418/418
f 421/421/421 419/419/419 420/420/420
f 422/422/422 421/421/421 420/420/420
f 423/423/423 421/421/421 422/422/422
f 424/424/424 423/423/423 422/422/422
f 425/425/425 423/423/423 424/424/424
f 426/426/426 425/425/425 424/424/424
f 427/427/427 425/425/425 426/426/426
f 428/428/428 427/427/427 426/426/426
f 429/429/429 427/427/427 428/428/428
f 430/430/430 429/429/429 428/428/428
f 431/431/431 429/429/429 430/430/430
f 431/431/431 430/430/430 432/432/432
f 431/431/431 432/432/432 433/433/433
f 434/434/434 431/431/431 433/433/433
f 434/434/434 433/433/433 435/435/435
f 436/436/436 434/434/434 435/435/435
f 435/435/435 437/437/437 436/436/436
f 440/440/440 439/439/439 438/438/438
f 441/441/441 440/440/440 438/438/438
f 444/444/444 443/443/443 442/442/442
f 445/445/445 444/444/444 442/442/442
f 448/448/448 447/447/447 446/446/446
f 447/447/447 449/449/449 446/446/446
f 450/450/450 446/446/446 449/449/449
f 451/451/451 450/450/450 449/449/449
f 451/451/451 452/452/452 450/450/450
f 452/452/452 453/453/453 450/450/450
f 456/456/456 455/455/455 454/454/454
f 457/457/457 456/456/456 454/454/454
f 457/457/457 454/454/454 458/458/458
f 454/454/454 459/459/459 458/458/458
f 460/460/460 458/458/458 459/459/459
f 461/461/461 460/460/460 459/459/459
f 464/464/464 463/463/463 462/462/462
f 463/463/463 465/465/465 462/462/462
f 466/466/466 462/462/462 465/465/465
f 465/465/465 463/463/463 335/335/335
f 463/463/463 467/467/467 335/335/335
f 334/334/334 466/466/466 465/465/465
f 334/334/334 465/465/465 335/335/335
f 468/468/468 466/466/466 334/334/334
f 333/333/333 468/468/468 334/334/334
f 469/469/469 468/468/468 333/333/333
f 396/396/396 469/469/469 333/333/333
f 470/470/470 469/469/469 396/396/396
f 399/399/399 470/470/470 396/396/396
f 471/471/471 470/470/470 399/399/399
f 472/472/472 471/471/471 399/399/399
f 473/473/473 471/471/471 472/472/472
f 474/474/474 473/473/473 472/472/472
f 475/475/475 473/473/473 474/474/474
f 476/476/476 475/475/475 474/474/474
f 477/477/477 475/475/475 476/476/476
f 478/478/478 477/477/477 476/476/476
f 479/479/479 477/477/477 478/478/478
f 480/480/480 479/479/479 478/478/478
f 483/483/483 482/482/482 481/481/481
f 482/482/482 484/484/484 481/481/481
f 485/485/485 481/481/481 484/484/484
f 486/486/486 485/485/485 484/484/484
f 486/486/486 487/487/487 485/485/485
f 487/487/487 488/488/488 485/485/485
f 491/491/491 490/490/490 489/489/489
f 492/492/492 491/491/491 489/489/489
f 493/493/493 492/492/492 489/489/489
f 494/494/494 493/493/493 489/489/489
f 491/491/491 492/492/492 495/495/495
f 496/496/496 491/491/491 495/495/495
f 467/467/467 496/496/496 495/495/495
f 335/335/335 467/467/467 495/495/495
f 497/497/497 495/495/495 492/492/492
f 498/498/498 497/497/497 492/492/492
f 499/499/499 497/497/497 498/498/498
f 500/500/500 499/499/499 498/498/498
f 501/501/501 499/499/499 500/500/500
f 502/502/502 501/501/501 500/500/500
f 329/329/329 501/501/501 502/502/502
f 503/503/503 329/329/329 502/502/502
f 503/503/503 339/339/339 329/329/329
f 339/339/339 503/503/503 504/504/504
f 505/505/505 339/339/339 504/504/504
f 504/504/504 503/503/503 506/506/506
f 503/503/503 507/507/507 506/506/506
f 510/510/510 509/509/509 508/508/508
f 509/509/509 511/511/511 508/508/508
f 512/512/512 508/508/508 511/511/511
f 513/513/513 512/512/512 511/511/511
f 514/514/514 513/513/513 511/511/511
f 515/515/515 514/514/514 511/511/511
f 508/508/508 512/512/512 516/516/516
f 512/512/512 517/517/517 516/516/516
f 518/518/518 508/508/508 516/516/516
f 519/519/519 518/518/518 516/516/516
f 520/520/520 518/518/518 519/519/519
f 521/521/521 520/520/520 519/519/519
f 522/522/522 520/520/520 521/521/521
f 523/523/523 522/522/522 521/521/521
f 524/524/524 522/522/522 523/523/523
f 525/525/525 524/524/524 523/523/523
f 526/526/526 516/516/516 517/517/517
f 527/527/527 526/526/526 517/517/517
f 527/527/527 528/528/528 526/526/526
f 528/528/528 529/529/529 526/526/526
f 526/526/526 529/529/529 530/530/530
f 529/529/529 531/531/531 530/530/530
f 530/530/530 531/531/531 532/532/532
f 531/531/531 533/533/533 532/532/532
f 532/532/532 533/533/533 534/534/534
f 533/533/533 535/535/535 534/534/534
f 534/534/534 535/535/535 85/85/85
f 535/535/535 536/536/536 85/85/85
f 529/529/529 528/528/528 537/537/537
f 529/529/529 537/537/537 538/538/538
f 537/537/537 539/539/539 538/538/538
f 528/528/528 540/540/540 537/537/537
f 541/541/541 537/537/537 540/540/540
f 542/542/542 541/541/541 540/540/540
f 536/536/536 86/86/86 85/85/85
f 86/86/86 536/536/536 543/543/543
f 544/544/544 86/86/86 543/543/543
f 545/545/545 544/544/544 543/543/543
f 546/546/546 545/545/545 543/543/543
f 547/547/547 543/543/543 536/536/536
f 548/548/548 547/547/547 536/536/536
f 550/550/550 85/85/85 549/549/549
f 550/550/550 549/549/549 221/221/221
f 551/551/551 550/550/550 221/221/221
f 554/554/554 553/553/553 552/552/552
f 524/524/524 554/554/554 552/552/552
f 524/524/524 555/555/555 554/554/554
f 555/555/555 524/524/524 525/525/525
f 555/555/555 556/556/556 554/554/554
f 557/557/557 554/554/554 556/556/556
f 558/558/558 557/557/557 556/556/556
f 559/559/559 555/555/555 525/525/525
f 559/559/559 525/525/525 560/560/560
f 525/525/525 561/561/561 560/560/560
f 189/189/189 560/560/560 561/561/561
f 562/562/562 189/189/189 561/561/561
f 562/562/562 561/561/561 185/185/185
f 561/561/561 210/210/210 185/185/185
f 564/564/564 525/525/525 563/563/563
f 210/210/210 564/564/564 563/563/563
f 210/210/210 563/563/563 565/565/565
f 565/565/565 566/566/566 210/210/210
f 566/566/566 565/565/565 567/567/567
f 567/567/567 565/565/565 568/568/568
f 568/568/568 569/569/569 567/567/567
f 568/568/568 570/570/570 569/569/569
f 568/568/568 516/516/516 570/570/570
f 573/573/573 572/572/572 571/571/571
f 574/574/574 573/573/573 571/571/571
f 577/577/577 576/576/576 575/575/575
f 578/578/578 577/577/577 575/575/575
f 581/581/581 580/580/580 579/579/579
f 582/582/582 581/581/581 579/579/579
f 585/585/585 584/584/584 583/583/583
f 586/586/586 585/585/585 583/583/583
f 589/589/589 588/588/588 587/587/587
f 590/590/590 589/589/589 587/587/587
f 590/590/590 587/587/587 591/591/591
f 592/592/592 589/589/589 590/590/590
f 593/593/593 590/590/590 591/591/591
f 594/594/594 592/592/592 590/590/590
f 594/594/594 590/590/590 593/593/593
f 595/595/595 592/592/592 594/594/594
f 596/596/596 594/594/594 593/593/593
f 597/597/597 595/595/595 594/594/594
f 597/597/597 594/594/594 596/596/596
f 598/598/598 595/595/595 597/597/597
f 599/599/599 597/597/597 596/596/596
f 600/600/600 598/598/598 597/597/597
f 600/600/600 597/597/597 599/599/599
f 601/601/601 598/598/598 600/600/600
f 602/602/602 600/600/600 599/599/599
f 603/603/603 601/601/601 600/600/600
f 603/603/603 600/600/600 602/602/602
f 604/604/604 601/601/601 603/603/603
f 605/605/605 603/603/603 602/602/602
f 606/606/606 604/604/604 603/603/603
f 606/606/606 603/603/603 605/605/605
f 607/607/607 604/604/604 606/606/606
f 608/608/608 606/606/606 605/605/605
f 609/609/609 607/607/607 606/606/606
f 609/609/609 606/606/606 608/608/608
f 610/610/610 607/607/607 609/609/609
f 611/611/611 609/609/609 608/608/608
f 612/612/612 610/610/610 609/609/609
f 612/612/612 609/609/609 611/611/611
f 613/613/613 610/610/610 612/612/612
f 614/614/614 612/612/612 611/611/611
f 615/615/615 613/613/613 612/612/612
f 616/616/616 612/612/612 614/614/614
f 617/617/617 613/613/613 615/615/615
f 618/618/618 616/616/616 614/614/614
f 619/619/619 617/617/617 615/615/615
f 619/619/619 616/616/616 618/618/618
f 617/617/617 619/619/619 620/620/620
f 621/621/621 619/619/619 618/618/618
f 619/619/619 622/622/622 620/620/620
f 619/619/619 621/621/621 622/622/622
f 620/620/620 622/622/622 623/623/623
f 621/621/621 624/624/624 622/622/622
f 622/622/622 625/625/625 623/623/623
f 622/622/622 624/624/624 625/625/625
f 623/623/623 625/625/625 626/626/626
f 624/624/624 627/627/627 625/625/625
f 625/625/625 628/628/628 626/626/626
f 625/625/625 627/627/627 629/629/629
f 626/626/626 628/628/628 630/630/630
f 627/627/627 631/631/631 629/629/629
f 628/628/628 632/632/632 630/630/630
f 629/629/629 631/631/631 632/632/632
f 630/630/630 632/632/632 633/633/633
f 631/631/631 634/634/634 632/632/632
f 632/632/632 635/635/635 633/633/633
f 632/632/632 634/634/634 636/636/636
f 633/633/633 635/635/635 637/637/637
f 634/634/634 638/638/638 636/636/636
f 635/635/635 639/639/639 637/637/637
f 636/636/636 638/638/638 639/639/639
f 637/637/637 639/639/639 640/640/640
f 638/638/638 641/641/641 639/639/639
f 639/639/639 642/642/642 640/640/640
f 639/639/639 641/641/641 642/642/642
f 640/640/640 642/642/642 643/643/643
f 641/641/641 644/644/644 642/642/642
f 642/642/642 645/645/645 643/643/643
f 642/642/642 644/644/644 645/645/645
f 643/643/643 645/645/645 646/646/646
f 644/644/644 647/647/647 645/645/645
f 645/645/645 648/648/648 646/646/646
f 645/645/645 647/647/647 648/648/648
f 646/646/646 648/648/648 649/649/649
f 647/647/647 650/650/650 648/648/648
f 648/648/648 651/651/651 649/649/649
f 648/648/648 650/650/650 651/651/651
f 649/649/649 651/651/651 652/652/652
f 650/650/650 653/653/653 651/651/651
f 651/651/651 654/654/654 652/652/652
f 651/651/651 653/653/653 654/654/654
f 652/652/652 654/654/654 655/655/655
f 653/653/653 656/656/656 654/654/654
f 654/654/654 657/657/657 655/655/655
f 654/654/654 656/656/656 657/657/657
f 655/655/655 657/657/657 658/658/658
f 656/656/656 659/659/659 657/657/657
f 657/657/657 660/660/660 658/658/658
f 657/657/657 659/659/659 660/660/660
f 658/658/658 660/660/660 661/661/661
f 659/659/659 662/662/662 660/660/660
f 660/660/660 663/663/663 661/661/661
f 660/660/660 662/662/662 663/663/663
f 662/662/662 664/664/664 663/663/663
f 667/667/667 666/666/666 665/665/665
f 668/668/668 667/667/667 665/665/665
f 671/671/671 670/670/670 669/669/669
f 672/672/672 671/671/671 669/669/669
f 675/675/675 674/674/674 673/673/673
f 676/676/676 675/675/675 673/673/673
f 679/679/679 678/678/678 677/677/677
f 680/680/680 679/679/679 677/677/677
f 683/683/683 682/682/682 681/681/681
f 682/682/682 684/684/684 681/681/681
f 685/685/685 681/681/681 684/684/684
f 686/686/686 685/685/685 684/684/684
f 687/687/687 686/686/686 684/684/684
f 688/688/688 687/687/687 684/684/684
f 689/689/689 687/687/687 688/688/688
f 690/690/690 689/689/689 688/688/688
f 691/691/691 690/690/690 688/688/688
f 692/692/692 691/691/691 688/688/688
f 695/695/695 694/694/694 693/693/693
f 694/694/694 696/696/696 693/693/693
f 697/697/697 693/693/693 696/696/696
f 698/698/698 697/697/697 696/696/696
f 699/699/699 698/698/698 696/696/696
f 700/700/700 699/699/699 696/696/696
f 701/701/701 699/699/699 700/700/700
f 702/702/702 701/701/701 700/700/700
f 703/703/703 702/702/702 700/700/700
f 704/704/704 703/703/703 700/700/700
g Fork_1
f 707/707/707 706/706/706 705/705/705
f 705/705/705 708/708/708 707/707/707
f 705/705/705 709/709/709 708/708/708
f 709/709/709 710/710/710 708/708/708
f 709/709/709 711/711/711 710/710/710
f 711/711/711 712/712/712 710/710/710
f 712/712/712 713/713/713 710/710/710
f 713/713/713 712/712/712 714/714/714
f 715/715/715 713/713/713 714/714/714
f 715/715/715 714/714/714 716/716/716
f 717/717/717 715/715/715 716/716/716
f 717/717/717 716/716/716 718/718/718
f 719/719/719 717/717/717 718/718/718
f 719/719/719 718/718/718 720/720/720
f 721/721/721 719/719/719 720/720/720
f 721/721/721 720/720/720 722/722/722
f 723/723/723 721/721/721 722/722/722
f 723/723/723 722/722/722 724/724/724
f 725/725/725 723/723/723 724/724/724
f 725/725/725 724/724/724 726/726/726
f 726/726/726 727/727/727 725/725/725
f 726/726/726 728/728/728 727/727/727
f 726/726/726 729/729/729 728/728/728
f 729/729/729 730/730/730 728/728/728
f 733/733/733 732/732/732 731/731/731
f 734/734/734 733/733/733 731/731/731
f 735/735/735 733/733/733 734/734/734
f 736/736/736 735/735/735 734/734/734
f 737/737/737 735/735/735 736/736/736
f 738/738/738 737/737/737 736/736/736
f 739/739/739 737/737/737 738/738/738
f 740/740/740 739/739/739 738/738/738
f 743/743/743 742/742/742 741/741/741
f 742/742/742 744/744/744 741/741/741
f 741/741/741 744/744/744 745/745/745
f 744/744/744 746/746/746 745/745/745
f 745/745/745 746/746/746 747/747/747
f 746/746/746 748/748/748 747/747/747
f 747/747/747 748/748/748 749/749/749
f 748/748/748 750/750/750 749/749/749
f 749/749/749 750/750/750 751/751/751
f 750/750/750 752/752/752 751/751/751
f 751/751/751 752/752/752 753/753/753
f 752/752/752 754/754/754 753/753/753
f 753/753/753 754/754/754 755/755/755
f 754/754/754 756/756/756 755/755/755
f 755/755/755 756/756/756 757/757/757
f 756/756/756 758/758/758 757/757/757
f 757/757/757 758/758/758 759/759/759
f 758/758/758 760/760/760 759/759/759
f 759/759/759 760/760/760 761/761/761
f 760/760/760 762/762/762 761/761/761
f 761/761/761 762/762/762 763/763/763
f 762/762/762 764/764/764 763/763/763
f 764/764/764 765/765/765 763/763/763
f 765/765/765 766/766/766 763/763/763
f 769/769/769 768/768/768 767/767/767
f 770/770/770 769/769/769 767/767/767
f 771/771/771 769/769/769 770/770/770
f 772/772/772 771/771/771 770/770/770
f 773/773/773 771/771/771 772/772/772
f 774/774/774 773/773/773 772/772/772
f 775/775/775 773/773/773 774/774/774
f 776/776/776 775/775/775 774/774/774
f 777/777/777 775/775/775 776/776/776
f 778/778/778 777/777/777 776/776/776
f 779/779/779 777/777/777 778/778/778
f 780/780/780 779/779/779 778/778/778
f 781/781/781 779/779/779 780/780/780
f 782/782/782 781/781/781 780/780/780
f 783/783/783 781/781/781 782/782/782
f 784/784/784 783/783/783 782/782/782
f 785/785/785 783/783/783 784/784/784
f 786/786/786 785/785/785 784/784/784
f 787/787/787 785/785/785 786/786/786
f 788/788/788 787/787/787 786/786/786
f 789/789/789 787/787/787 788/788/788
f 790/790/790 789/789/789 788/788/788
f 789/789/789 790/790/790 791/791/791
f 792/792/792 789/789/789 791/791/791
f 795/795/795 794/794/794 793/793/793
f 796/796/796 793/793/793 794/794/794
f 797/797/797 796/796/796 794/794/794
f 798/798/798 796/796/796 797/797/797
f 799/799/799 798/798/798 797/797/797
f 800/800/800 798/798/798 799/799/799
f 801/801/801 800/800/800 799/799/799
f 802/802/802 800/800/800 801/801/801
f 803/803/803 802/802/802 801/801/801
f 804/804/804 802/802/802 803/803/803
f 805/805/805 804/804/804 803/803/803
f 806/806/806 804/804/804 805/805/805
f 807/807/807 806/806/806 805/805/805
f 808/808/808 806/806/806 807/807/807
f 809/809/809 808/808/808 807/807/807
f 810/810/810 808/808/808 809/809/809
f 811/811/811 810/810/810 809/809/809
f 812/812/812 810/810/810 811/811/811
f 813/813/813 812/812/812 811/811/811
f 814/814/814 812/812/812 813/813/813
f 815/815/815 814/814/814 813/813/813
f 816/816/816 814/814/814 815/815/815
f 817/817/817 816/816/816 815/815/815
f 820/820/820 819/819/819 818/818/818
f 820/820/820 818/818/818 821/821/821
f 818/818/818 822/822/822 821/821/821
f 821/821/821 822/822/822 823/823/823
f 822/822/822 824/824/824 823/823/823
f 823/823/823 824/824/824 825/825/825
f 824/824/824 826/826/826 825/825/825
f 825/825/825 826/826/826 827/827/827
f 826/826/826 828/828/828 827/827/827
f 827/827/827 828/828/828 829/829/829
f 828/828/828 830/830/830 829/829/829
f 829/829/829 830/830/830 831/831/831
f 830/830/830 832/832/832 831/831/831
f 831/831/831 832/832/832 833/833/833
f 832/832/832 834/834/834 833/833/833
f 833/833/833 834/834/834 835/835/835
f 834/834/834 836/836/836 835/835/835
f 835/835/835 836/836/836 837/837/837
f 836/836/836 838/838/838 837/837/837
f 837/837/837 838/838/838 839/839/839
f 838/838/838 840/840/840 839/839/839
f 839/839/839 840/840/840 841/841/841
f 840/840/840 842/842/842 841/841/841
f 845/845/845 844/844/844 843/843/843
f 846/846/846 845/845/845 843/843/843
f 847/847/847 846/846/846 843/843/843
f 848/848/848 846/846/846 847/847/847
f 849/849/849 848/848/848 847/847/847
f 850/850/850 848/848/848 849/849/849
f 851/851/851 850/850/850 849/849/849
f 852/852/852 850/850/850 851/851/851
f 853/853/853 852/852/852 851/851/851
f 854/854/854 852/852/852 853/853/853
f 855/855/855 854/854/854 853/853/853
f 856/856/856 854/854/854 855/855/855
f 857/857/857 856/856/856 855/855/855
f 858/858/858 856/856/856 857/857/857
f 859/859/859 858/858/858 857/857/857
f 860/860/860 858/858/858 859/859/859
f 861/861/861 860/860/860 859/859/859
f 862/862/862 860/860/860 861/861/861
f 863/863/863 862/862/862 861/861/861
f 864/864/864 862/862/862 863/863/863
f 865/865/865 864/864/864 863/863/863
f 866/866/866 864/864/864 865/865/865
f 867/867/867 866/866/866 865/865/865
f 870/870/870 869/869/869 868/868/868
f 868/868/868 869/869/869 871/871/871
f 869/869/869 872/872/872 871/871/871
f 871/871/871 872/872/872 873/873/873
f 872/872/872 874/874/874 873/873/873
f 873/873/873 874/874/874 875/875/875
f 874/874/874 876/876/876 875/875/875
f 875/875/875 876/876/876 877/877/877
f 876/876/876 878/878/878 877/877/877
f 877/877/877 878/878/878 879/879/879
f 878/878/878 880/880/880 879/879/879
f 879/879/879 880/880/880 881/881/881
f 880/880/880 882/882/882 881/881/881
f 881/881/881 882/882/882 883/883/883
f 882/882/882 884/884/884 883/883/883
f 883/883/883 884/884/884 885/885/885
f 884/884/884 886/886/886 885/885/885
f 885/885/885 886/886/886 887/887/887
f 886/886/886 888/888/888 887/887/887
f 887/887/887 888/888/888 889/889/889
f 888/888/888 890/890/890 889/889/889
f 889/889/889 890/890/890 891/891/891
f 890/890/890 892/892/892 891/891/891
f 895/895/895 894/894/894 893/893/893
f 894/894/894 896/896/896 893/893/893
f 893/893/893 896/896/896 897/897/897
f 896/896/896 898/898/898 897/897/897
f 897/897/897 898/898/898 899/899/899
f 898/898/898 900/900/900 899/899/899
f 899/899/899 900/900/900 901/901/901
f 900/900/900 902/902/902 901/901/901
f 905/905/905 904/904/904 903/903/903
f 904/904/904 906/906/906 903/903/903
f 903/903/903 906/906/906 907/907/907
f 906/906/906 908/908/908 907/907/907
f 907/907/907 908/908/908 909/909/909
f 908/908/908 910/910/910 909/909/909
f 909/909/909 910/910/910 911/911/911
f 910/910/910 912/912/912 911/911/911
f 915/915/915 914/914/914 913/913/913
f 915/915/915 913/913/913 916/916/916
f 917/917/917 915/915/915 916/916/916
f 918/918/918 917/917/917 916/916/916
f 916/916/916 919/919/919 918/918/918
f 920/920/920 918/918/918 919/919/919
f 921/921/921 920/920/920 919/919/919
f 922/922/922 920/920/920 921/921/921
f 923/923/923 922/922/922 921/921/921
f 924/924/924 922/922/922 923/923/923
f 925/925/925 924/924/924 923/923/923
f 926/926/926 924/924/924 925/925/925
f 927/927/927 926/926/926 925/925/925
f 928/928/928 926/926/926 927/927/927
f 929/929/929 928/928/928 927/927/927
f 930/930/930 928/928/928 929/929/929
f 931/931/931 930/930/930 929/929/929
f 932/932/932 930/930/930 931/931/931
f 932/932/932 931/931/931 933/933/933
f 932/932/932 933/933/933 934/934/934
f 935/935/935 932/932/932 934/934/934
f 935/935/935 934/934/934 936/936/936
f 937/937/937 935/935/935 936/936/936
f 936/936/936 938/938/938 937/937/937
f 941/941/941 940/940/940 939/939/939
f 942/942/942 941/941/941 939/939/939
f 943/943/943 941/941/941 942/942/942
f 944/944/944 943/943/943 942/942/942
f 945/945/945 943/943/943 944/944/944
f 946/946/946 945/945/945 944/944/944
f 947/947/947 945/945/945 946/946/946
f 948/948/948 947/947/947 946/946/946
f 951/951/951 950/950/950 949/949/949
f 950/950/950 952/952/952 949/949/949
f 949/949/949 952/952/952 953/953/953
f 952/952/952 954/954/954 953/953/953
f 953/953/953 954/954/954 955/955/955
f 954/954/954 956/956/956 955/955/955
f 955/955/955 956/956/956 957/957/957
f 956/956/956 958/958/958 957/957/957
f 957/957/957 958/958/958 959/959/959
f 958/958/958 960/960/960 959/959/959
f 959/959/959 960/960/960 961/961/961
f 960/960/960 962/962/962 961/961/961
f 961/961/961 962/962/962 963/963/963
f 962/962/962 964/964/964 963/963/963
f 963/963/963 964/964/964 965/965/965
f 964/964/964 966/966/966 965/965/965
f 965/965/965 966/966/966 967/967/967
f 966/966/966 968/968/968 967/967/967
f 967/967/967 968/968/968 969/969/969
f 968/968/968 970/970/970 969/969/969
f 969/969/969 970/970/970 971/971/971
f 970/970/970 972/972/972 971/971/971
f 972/972/972 973/973/973 971/971/971
f 973/973/973 974/974/974 971/971/971
f 977/977/977 976/976/976 975/975/975
f 978/978/978 977/977/977 975/975/975
f 979/979/979 977/977/977 978/978/978
f 980/980/980 979/979/979 978/978/978
f 981/981/981 979/979/979 980/980/980
f 982/982/982 981/981/981 980/980/980
f 983/983/983 981/981/981 982/982/982
f 984/984/984 983/983/983 982/982/982
f 985/985/985 983/983/983 984/984/984
f 986/986/986 985/985/985 984/984/984
f 987/987/987 985/985/985 986/986/986
f 988/988/988 987/987/987 986/986/986
f 989/989/989 987/987/987 988/988/988
f 990/990/990 989/989/989 988/988/988
f 991/991/991 989/989/989 990/990/990
f 992/992/992 991/991/991 990/990/990
f 993/993/993 991/991/991 992/992/992
f 994/994/994 993/993/993 992/992/992
f 995/995/995 993/993/993 994/994/994
f 996/996/996 995/995/995 994/994/994
f 997/997/997 995/995/995 996/996/996
f 998/998/998 997/997/997 996/996/996
f 997/997/997 998/998/998 999/999/999
f 1000/1000/1000 997/997/997 999/999/999
f 1003/1003/1003 1002/1002/1002 1001/1001/1001
f 1004/1004/1004 1001/1001/1001 1002/1002/1002
f 1005/1005/1005 1004/1004/1004 1002/1002/1002
f 1006/1006/1006 1004/1004/1004 1005/1005/1005
f 1007/1007/1007 1006/1006/1006 1005/1005/1005
f 1008/1008/1008 1006/1006/1006 1007/1007/1007
f 1009/1009/1009 1008/1008/1008 1007/1007/1007
f 1010/1010/1010 1008/1008/1008 1009/1009/1009
f 1011/1011/1011 1010/1010/1010 1009/1009/1009
f 1012/1012/1012 1010/1010/1010 1011/1011/1011
f 1013/1013/1013 1012/1012/1012 1011/1011/1011
f 1014/1014/1014 1012/1012/1012 1013/1013/1013
f 1015/1015/1015 1014/1014/1014 1013/1013/1013
f 1016/1016/1016 1014/1014/1014 1015/1015/1015
f 1017/1017/1017 1016/1016/1016 1015/1015/1015
f 1018/1018/1018 1016/1016/1016 1017/1017/1017
f 1019/1019/1019 1018/1018/1018 1017/1017/1017
f 1020/1020/1020 1018/1018/1018 1019/1019/1019
f 1021/1021/1021 1020/1020/1020 1019/1019/1019
f 1022/1022/1022 1020/1020/1020 1021/1021/1021
f 1023/1023/1023 1022/1022/1022 1021/1021/1021
f 1024/1024/1024 1022/1022/1022 1023/1023/1023
f 1025/1025/1025 1024/1024/1024 1023/1023/1023
f 1028/1028/1028 1027/1027/1027 1026/1026/1026
f 1028/1028/1028 1026/1026/1026 1029/1029/1029
f 1026/1026/1026 1030/1030/1030 1029/1029/1029
f 1029/1029/1029 1030/1030/1030 1031/1031/1031
f 1030/1030/1030 1032/1032/1032 1031/1031/1031
f 1031/1031/1031 1032/1032/1032 1033/1033/1033
f 1032/1032/1032 1034/1034/1034 1033/1033/1033
f 1033/1033/1033 1034/1034/1034 1035/1035/1035
f 1034/1034/1034 1036/1036/1036 1035/1035/1035
f 1035/1035/1035 1036/1036/1036 1037/1037/1037
f 1036/1036/1036 1038/1038/1038 1037/1037/1037
f 1037/1037/1037 1038/1038/1038 1039/1039/1039
f 1038/1038/1038 1040/1040/1040 1039/1039/1039
f 1039/1039/1039 1040/1040/1040 1041/1041/1041
f 1040/1040/1040 1042/1042/1042 1041/1041/1041
f 1041/1041/1041 1042/1042/1042 1043/1043/1043
f 1042/1042/1042 1044/1044/1044 1043/1043/1043
f 1043/1043/1043 1044/1044/1044 1045/1045/1045
f 1044/1044/1044 1046/1046/1046 1045/1045/1045
f 1045/1045/1045 1046/1046/1046 1047/1047/1047
f 1046/1046/1046 1048/1048/1048 1047/1047/1047
f 1047/1047/1047 1048/1048/1048 1049/1049/1049
f 1048/1048/1048 1050/1050/1050 1049/1049/1049
f 1053/1053/1053 1052/1052/1052 1051/1051/1051
f 1054/1054/1054 1053/1053/1053 1051/1051/1051
f 1055/1055/1055 1054/1054/1054 1051/1051/1051
f 1056/1056/1056 1054/1054/1054 1055/1055/1055
f 1057/1057/1057 1056/1056/1056 1055/1055/1055
f 1058/1058/1058 1056/1056/1056 1057/1057/1057
f 1059/1059/1059 1058/1058/1058 1057/1057/1057
f 1060/1060/1060 1058/1058/1058 1059/1059/1059
f 1061/1061/1061 1060/1060/1060 1059/1059/1059
f 1062/1062/1062 1060/1060/1060 1061/1061/1061
f 1063/1063/1063 1062/1062/1062 1061/1061/1061
f 1064/1064/1064 1062/1062/1062 1063/1063/1063
f 1065/1065/1065 1064/1064/1064 1063/1063/1063
f 1066/1066/1066 1064/1064/1064 1065/1065/1065
f 1067/1067/1067 1066/1066/1066 1065/1065/1065
f 1068/1068/1068 1066/1066/1066 1067/1067/1067
f 1069/1069/1069 1068/1068/1068 1067/1067/1067
f 1070/1070/1070 1068/1068/1068 1069/1069/1069
f 1071/1071/1071 1070/1070/1070 1069/1069/1069
f 1072/1072/1072 1070/1070/1070 1071/1071/1071
f 1073/1073/1073 1072/1072/1072 1071/1071/1071
f 1074/1074/1074 1072/1072/1072 1073/1073/1073
f 1075/1075/1075 1074/1074/1074 1073/1073/1073
f 1078/1078/1078 1077/1077/1077 1076/1076/1076
f 1076/1076/1076 1077/1077/1077 1079/1079/1079
f 1077/1077/1077 1080/1080/1080 1079/1079/1079
f 1079/1079/1079 1080/1080/1080 1081/1081/1081
f 1080/1080/1080 1082/1082/1082 1081/1081/1081
f 1081/1081/1081 1082/1082/1082 1083/1083/1083
f 1082/1082/1082 1084/1084/1084 1083/1083/1083
f 1083/1083/1083 1084/1084/1084 1085/1085/1085
f 1084/1084/1084 1086/1086/1086 1085/1085/1085
f 1085/1085/1085 1086/1086/1086 1087/1087/1087
f 1086/1086/1086 1088/1088/1088 1087/1087/1087
f 1087/1087/1087 1088/1088/1088 1089/1089/1089
f 1088/1088/1088 1090/1090/1090 1089/1089/1089
f 1089/1089/1089 1090/1090/1090 1091/1091/1091
f 1090/1090/1090 1092/1092/1092 1091/1091/1091
f 1091/1091/1091 1092/1092/1092 1093/1093/1093
f 1092/1092/1092 1094/1094/1094 1093/1093/1093
f 1093/1093/1093 1094/1094/1094 1095/1095/1095
f 1094/1094/1094 1096/1096/1096 1095/1095/1095
f 1095/1095/1095 1096/1096/1096 1097/1097/1097
f 1096/1096/1096 1098/1098/1098 1097/1097/1097
f 1097/1097/1097 1098/1098/1098 1099/1099/1099
f 1098/1098/1098 1100/1100/1100 1099/1099/1099
f 1103/1103/1103 1102/1102/1102 1101/1101/1101
f 1102/1102/1102 1104/1104/1104 1101/1101/1101
f 1101/1101/1101 1104/1104/1104 1105/1105/1105
f 1104/1104/1104 1106/1106/1106 1105/1105/1105
f 1105/1105/1105 1106/1106/1106 1107/1107/1107
f 1106/1106/1106 1108/1108/1108 1107/1107/1107
f 1107/1107/1107 1108/1108/1108 1109/1109/1109
f 1108/1108/1108 1110/1110/1110 1109/1109/1109
f 1113/1113/1113 1112/1112/1112 1111/1111/1111
f 1112/1112/1112 1114/1114/1114 1111/1111/1111
f 1111/1111/1111 1114/1114/1114 1115/1115/1115
f 1114/1114/1114 1116/1116/1116 1115/1115/1115
f 1115/1115/1115 1116/1116/1116 1117/1117/1117
f 1116/1116/1116 1118/1118/1118 1117/1117/1117
f 1117/1117/1117 1118/1118/1118 1119/1119/1119
f 1118/1118/1118 1120/1120/1120 1119/1119/1119
