g Fox
v -1.89725971 2.96603918 -0.610819578
v -1.69495654 2.95921874 -0.735007644
v -1.79774296 3.02799177 -0.595578432
v -2.02541161 3.0625186 -0.433396101
v -1.86196637 3.09344292 -0.480371833
v -1.89388728 3.14114308 -0.314813912
v -2.09901404 3.13671255 -0.230901897
v -2.06612945 3.1608243 -0.0228993297
v -1.87758243 3.15831995 -0.101816893
v -1.9336518 3.13192391 0.154046595
v -1.76352453 3.14453125 0.0665780306
v -1.71836114 3.05589771 0.25956434
v -1.59316874 3.093364 0.172739863
v -1.44773006 3.01934981 0.232932061
v -1.49641919 2.95002222 0.312816739
v -0.23041898 -0.22502923 -0.418800354
v -0.193475872 -0.208729982 -0.378474712
v -0.187471181 -0.229594707 -0.412888229
v -0.27244246 -0.196442604 -0.392127395
v -0.236144632 -0.204826593 -0.383779764
v -0.267162681 -0.213317156 -0.425144374
v -0.299152285 -0.188292265 -0.429927498
v -0.296762019 -0.180632114 -0.404661745
v -0.31657216 -0.149606705 -0.395132959
v -0.327837199 -0.143790245 -0.431157351
v -0.264279425 -0.210867643 -0.464442194
v -0.224797994 -0.223857164 -0.45871371
v -0.297575206 -0.183711052 -0.468864828
v -0.324709207 -0.135972738 -0.47175315
v -0.289196789 -0.17047286 -0.507179558
v -0.257103026 -0.194769144 -0.504918814
v -0.250694007 -0.16354537 -0.538412929
v -0.31129396 -0.125003815 -0.510106325
v -0.286719441 -0.116411686 -0.540386677
v -0.324417681 -0.0667459965 -0.509118915
v -0.342975169 -0.076176405 -0.469403863
v -0.142419457 -0.226929188 -0.407362878
v -0.179106355 -0.229093313 -0.451907992
v -0.187471181 -0.229594707 -0.412888229
v 0.139080763 0.552142859 0.285969853
v 0.131340146 0.552037358 0.326382726
v 0.118983835 0.53963542 0.314318836
v 0.522051573 -0.327175379 -0.171060503
v 0.524203956 -0.294530869 -0.195026264
v 0.497599095 -0.294348717 -0.20802477
v 0.434951186 2.10982299 0.533656478
v 0.321565956 2.10104322 0.407592356
v 0.30828777 1.9749043 0.423855245
v 0.414547026 1.95766068 0.546591759
v 0.255570263 1.84367943 0.442514658
v 0.546756864 2.1067276 0.729150653
v 0.500116944 1.95778871 0.711391747
v 0.602705717 2.10673523 0.971060574
v 0.368272901 1.80242801 0.563113034
v 0.5704059 1.97928178 0.914335072
v 0.603380561 2.14230633 1.13692176
v 0.455096722 1.7822032 0.719675958
v 0.274789989 1.65373373 0.598099768
v 0.373767793 1.62466896 0.755570233
v 0.517917752 1.80602884 0.898470163
v 0.599424124 2.01136184 1.10661089
v 0.444167972 1.64309835 0.929065824
v 0.560885012 1.85752082 1.07810533
v 0.577699065 2.09244061 1.2511903
v 0.500338376 1.69209266 1.08848274
v 0.555655777 1.93262112 1.24420559
v 0.5163849 1.75694394 1.23290837
v 0.512824178 2.009413 1.38861334
v 0.535206258 2.17982793 1.36007965
v 0.584016502 2.18573833 1.24146402
v 0.47251606 1.80432308 1.37531698
v 0.381464034 1.6332829 1.33783472
v 0.453433692 1.63785064 1.23543417
v 0.40888238 1.55931783 1.14011633
v 0.269827455 1.49221349 1.25596356
v 0.330162168 1.49438643 0.999354959
v 0.229806751 1.46998811 0.830183983
v 0.139742047 1.39614606 1.12956357
v 0.414547026 1.95766068 0.546591759
v 0.255570263 1.84367943 0.442514658
v 0.368272901 1.80242801 0.563113034
v 0.274789989 1.65373373 0.598099768
v 0.164402992 1.7070663 0.470737398
v 0.0223048031 1.57022858 0.516605794
v 0.114624768 1.49429822 0.658181608
v -0.205449402 1.50462461 0.567553401
v -0.0433938503 1.65385652 0.429664493
v -0.221462458 1.64907753 0.433410704
v 0.118103497 1.9013927 0.353247941
v 0.0402113348 1.76916492 0.386602759
v -0.143735766 1.82671189 0.340162069
v 0.183025882 2.02451825 0.339186907
v 0.0316605568 2.12963629 0.275096118
v 0.30828777 1.9749043 0.423855245
v 0.321565956 2.10104322 0.407592356
v 0.219829664 2.10624075 0.33733511
v 0.123616934 2.23768497 0.307587266
v -0.0636756867 2.42887259 0.288637847
v -0.452521235 1.68470633 0.455692351
v -0.456141919 1.51671004 0.637018919
v -0.6589728 1.73488998 0.503058374
v -0.0561966226 1.99259746 0.289740443
v -0.36851269 1.89426219 0.326064646
v -0.164799213 2.2794075 0.244533449
v -0.264439106 2.59103823 0.310184181
v -0.25714156 2.10313678 0.25906378
v -0.358478636 2.40597987 0.264534354
v -0.468915552 2.71751213 0.362314343
v -0.454831481 2.19556284 0.273324579
v -0.578006268 1.95756423 0.351252258
v -0.560374975 2.52313995 0.32043314
v -0.64177984 2.80300403 0.435891569
v -0.653442621 2.30639839 0.329458296
v -0.858181775 1.83914483 0.589823425
v -0.662696719 1.58131313 0.721381903
v -0.853915393 1.70089293 0.82097733
v -0.733139753 2.62309122 0.407883048
v -0.814527214 2.8886776 0.551328897
v -0.7760849 2.0622766 0.416718483
v -0.820287108 2.42196083 0.427889913
v -0.970060945 2.55904222 0.559481144
v -0.892269373 2.73169613 0.526440322
v -1.06788361 2.85221148 0.685700297
v -0.99859786 2.97903705 0.716373801
v -1.12702155 3.0444417 0.877487123
v -1.00766969 1.98645008 0.698104858
v -1.00815523 1.85950756 0.923494101
v -0.932319283 2.19270802 0.521129131
v -1.12620509 2.17526197 0.819185734
v -1.05959344 2.35915136 0.649690866
v -1.19707704 2.55034614 0.811484277
v -1.24308634 2.39422822 0.950622618
v -1.13960648 2.71059322 0.720281303
v -1.29554749 2.70727777 0.975373507
v -1.3101331 2.56755042 1.04375577
v -1.38471162 2.8074789 1.15606928
v -1.37005711 2.97654057 1.11323965
v -1.26626587 2.8572402 0.910418451
v -1.21790373 2.97181273 0.872573495
v -1.31272411 3.08763456 1.07480621
v -1.16914892 3.12653947 1.0249269
v -1.36096382 3.17672968 1.30502009
v -1.41896176 3.06952786 1.34313285
v -0.6589728 1.73488998 0.503058374
v -0.662696719 1.58131313 0.721381903
v -0.456141919 1.51671004 0.637018919
v -0.591779828 1.48806357 0.964526534
v -0.7964499 1.62605929 1.06658673
v -0.853915393 1.70089293 0.82097733
v -1.00815523 1.85950756 0.923494101
v -0.858181775 1.83914483 0.589823425
v -0.965048671 1.80446148 1.1602639
v -1.14388323 2.0614562 1.02486277
v -1.00766969 1.98645008 0.698104858
v -1.12620509 2.17526197 0.819185734
v -1.24308634 2.39422822 0.950622618
v -1.26098359 2.3170774 1.12466526
v -1.3101331 2.56755042 1.04375577
v -1.34637177 2.58476019 1.18463266
v -1.38471162 2.8074789 1.15606928
v -1.23156512 2.29238129 1.31637001
v -1.35055661 2.61034799 1.36836517
v -1.42386651 2.87861466 1.36573076
v -1.10619807 2.0181675 1.24442232
v -1.15630853 2.30453968 1.49327636
v -1.01561975 2.02225733 1.44216371
v -1.29504371 2.63416624 1.54353452
v -0.88837719 2.06848383 1.60477865
v -1.04824328 2.3295784 1.64102435
v -0.858300745 1.79896045 1.38704407
v -0.718780041 1.85536206 1.56344819
v -0.679696202 1.61250961 1.31303203
v -0.536137879 1.67615616 1.50292969
v -0.471896559 1.46652508 1.2138083
v -0.32366246 1.52652729 1.40869462
v -1.17911661 2.63965678 1.68570721
v -1.02946699 2.62157011 1.77581477
v -1.37377942 2.91656446 1.56190789
v -1.41896176 3.06952786 1.34313285
v -1.35960388 3.11292505 1.55080605
v -1.37005711 2.97654057 1.11323965
v -0.377919197 1.40795612 0.865447044
v -0.253725588 1.37682736 1.0968473
v -0.0980215669 1.42137492 1.28420925
v -0.128425241 1.39443576 0.751695454
v -0.00071567297 1.35678971 0.956887245
v -0.205449402 1.50462461 0.567553401
v -0.221462458 1.64907753 0.433410704
v 0.114624768 1.49429822 0.658181608
v 0.139742047 1.39614606 1.12956357
v 0.269827455 1.49221349 1.25596356
v 0.229806751 1.46998811 0.830183983
v 0.274789989 1.65373373 0.598099768
v 0.373767793 1.62466896 0.755570233
v 0.444167972 1.64309835 0.929065824
v -1.15630853 2.30453968 1.49327636
v -1.04824328 2.3295784 1.64102435
v -0.88837719 2.06848383 1.60477865
v -0.91422379 2.37486863 1.74385881
v -1.02946699 2.62157011 1.77581477
v -0.744253397 2.13855672 1.71500826
v -0.569293857 1.95213294 1.67882431
v -0.718780041 1.85536206 1.56344819
v -0.382609308 1.79077935 1.62455893
v -0.536137879 1.67615616 1.50292969
v -0.161229193 1.6406467 1.53014207
v -0.32366246 1.52652729 1.40869462
v 0.05869174 1.52677739 1.40583432
v -0.0980215669 1.42137492 1.28420925
v 0.269827455 1.49221349 1.25596356
v 0.216704339 1.69547772 1.48744226
v 0.381464034 1.6332829 1.33783472
v 0.00583553314 1.81245279 1.61266613
v -0.21877861 1.95530999 1.69381189
v -0.41558814 2.10085654 1.74355316
v 0.336964011 1.90825379 1.52926171
v 0.47251606 1.80432308 1.37531698
v 0.512824178 2.009413 1.38861334
v -0.059926033 2.16750669 1.72686458
v 0.149210215 2.0269084 1.64948034
v -0.59836477 2.26016426 1.78560674
v 0.39494431 2.11296153 1.51868927
v 0.535206258 2.17982793 1.36007965
v 0.42121309 2.29440713 1.45875621
v 0.271952331 2.41708398 1.54382527
v 0.23160705 2.23322487 1.61982548
v 0.0498520136 2.3741231 1.69525731
v -0.261062264 2.31451583 1.77496874
v -0.142685801 2.52622175 1.74760914
v -0.455169201 2.4639914 1.81812274
v -0.346880943 2.67841935 1.78734922
v -0.663772583 2.61103868 1.84268022
v -0.558597326 2.8164711 1.8026315
v -0.780656934 2.93682122 1.80642986
v -0.783856869 2.45144343 1.81386828
v -0.85172832 2.73941183 1.83329558
v -0.903390765 2.60244727 1.82035732
v -1.05011439 2.84859037 1.79549718
v -1.00983858 3.03843808 1.77993655
v -1.23782265 2.91991377 1.70894599
v -1.17911661 2.63965678 1.68570721
v -1.37377942 2.91656446 1.56190789
v -1.35960388 3.11292505 1.55080605
v -1.22065532 3.10242176 1.70151365
v -1.15423989 3.21063328 1.66788197
v -0.946187854 3.14695907 1.73560083
v 0.271952331 2.41708398 1.54382527
v 0.39494431 2.11296153 1.51868927
v 0.23160705 2.23322487 1.61982548
v 0.102350652 2.5482986 1.62121522
v 0.0498520136 2.3741231 1.69525731
v -0.0783492029 2.68322563 1.6857847
v -0.142685801 2.52622175 1.74760914
v 0.105665982 2.69517207 1.5129025
v 0.265907675 2.55598569 1.44362748
v 0.42121309 2.29440713 1.45875621
v 0.407407075 2.43267655 1.37091827
v 0.535206258 2.17982793 1.36007965
v 0.530582964 2.29021382 1.29911613
v 0.584016502 2.18573833 1.24146402
v -0.0638151467 2.82607031 1.57725358
v -0.286306351 2.82577515 1.73018062
v -0.346880943 2.67841935 1.78734922
v -0.272553951 2.94862604 1.62949204
v -0.5067693 2.95040154 1.74710357
v -0.558597326 2.8164711 1.8026315
v -0.503233016 3.05246162 1.66008818
v -0.780656934 2.93682122 1.80642986
v -0.724492371 3.05779886 1.74617851
v -1.00983858 3.03843808 1.77993655
v -0.678487897 3.11556268 1.65386999
v -0.946187854 3.14695907 1.73560083
v -0.8110677 3.17566705 1.63169825
v -0.96371156 3.2139225 1.5546279
v -1.15423989 3.21063328 1.66788197
v -1.30085135 3.22069883 1.51513577
v -1.12409663 3.21727371 1.41252136
v -1.36096382 3.17672968 1.30502009
v -1.1889832 3.18948364 1.22127903
v -1.31272411 3.08763456 1.07480621
v -1.16914892 3.12653947 1.0249269
v 0.5704059 1.97928178 0.914335072
v 0.599424124 2.01136184 1.10661089
v 0.603380561 2.14230633 1.13692176
v 0.577699065 2.09244061 1.2511903
v -1.41896176 3.06952786 1.34313285
v -1.36096382 3.17672968 1.30502009
v -1.30085135 3.22069883 1.51513577
v -1.35960388 3.11292505 1.55080605
v -1.22065532 3.10242176 1.70151365
v -1.15423989 3.21063328 1.66788197
v -0.194468796 1.07085276 -1.29145277
v -0.197529197 0.827765226 -1.06020701
v -0.0266438797 0.926196575 -1.14436972
v -0.372289211 0.971370697 -1.2199899
v -0.326480836 1.24044657 -1.38456869
v -0.511771798 1.14786708 -1.31835198
v -0.633470237 1.34812164 -1.36403418
v -0.438646555 1.43534231 -1.42602503
v -0.747429729 1.56643915 -1.35248816
v -0.547941029 1.66132987 -1.4112581
v -0.0344642997 2.61365008 -0.570385754
v -0.191917509 2.6541152 -0.503616631
v -0.288557589 2.5776577 -0.703308821
v -0.449662477 2.56455326 -0.652158141
v -0.362350255 2.65602326 -0.428438246
v -0.344429493 2.48783541 -0.870688498
v -0.230773926 2.49929881 -0.86547339
v -0.190005451 2.42554116 -0.942301512
v -0.342558056 2.37768435 -1.01148081
v -0.502958953 2.45163345 -0.853941858
v -0.51406163 2.3189652 -1.03461432
v -0.681473911 2.38900256 -0.811157227
v -0.700435698 2.2410295 -1.01690948
v -0.629377186 2.51616764 -0.584400356
v -0.548247516 2.61324573 -0.339339793
v -0.257573247 2.71616697 -0.191670865
v -0.450851142 2.67536449 -0.0930289254
v -0.811901927 2.42449164 -0.496864021
v -0.863690615 2.29534435 -0.73867178
v -0.885125637 2.14205599 -0.954910219
v -0.687098861 2.07241726 -1.19822049
v -0.734051108 2.52181673 -0.241994262
v -0.641606092 2.58704615 0.00686863065
v -0.341918647 2.70342398 0.145000041
v -0.535691381 2.61769056 0.244753063
v -0.409149915 2.60523415 0.47405231
v -0.217163742 2.69364905 0.376629174
v -0.264659166 2.55854321 0.701375902
v -0.0231813043 2.73450637 0.279403239
v -0.0777912289 2.65005565 0.606169581
v -0.105578393 2.47975659 0.922684312
v 0.104071826 2.69251752 0.508963227
v 0.266896665 2.69001412 0.418494761
v 0.0714878142 2.57100534 0.824177742
v 0.232443348 2.61792326 0.71871841
v 0.370029628 2.62918735 0.620300651
v 0.472441554 2.55174994 0.771035135
v 0.364535421 2.51950908 0.889523208
v 0.224641889 2.4598999 1.00992787
v 0.0598139763 2.36760187 1.11736083
v 0.50588882 2.39876914 1.01525259
v 0.381707191 2.32569957 1.15794969
v 0.223905385 2.2288301 1.27398801
v 0.539435565 2.16838503 1.26683259
v 0.654594302 2.2521143 1.10093093
v -0.526067972 0.88502872 -1.09882295
v -0.654248655 0.811264634 -0.94760716
v -0.504304171 0.694275856 -0.800845265
v -0.360635698 0.752414703 -0.937604427
v -0.362205893 0.602439523 -0.618895054
v -0.610677958 0.654885769 -0.654383481
v -0.507906795 0.57469523 -0.500530958
v -0.189376503 0.655457377 -0.735189915
v -0.197529197 0.827765226 -1.06020701
v -0.00784460083 0.731266141 -0.847166717
v 0.160577551 0.668818355 -0.615641415
v -0.0328240097 0.581234932 -0.515076995
v 0.111173213 0.530520558 -0.28937763
v 0.307660222 0.619985104 -0.388705522
v 0.238045543 0.517820835 -0.0584839433
v 0.434398502 0.606548667 -0.159637421
v 0.539979935 0.638162494 0.0782038197
v -0.22807841 0.527959228 -0.413091719
v -0.408876121 0.509813666 -0.314125985
v -0.0954020619 0.479797721 -0.18874833
v 0.345023274 0.548817635 0.180607483
v 0.630485117 0.705585361 0.328765064
v -0.58176893 0.52519691 -0.231093854
v -0.640960157 0.581566453 -0.414935827
v -0.496085376 0.482670784 0.000435471535
v -0.753814936 0.576255679 -0.172786683
v -0.298594207 0.464249611 -0.0907270014
v 0.0300630927 0.468173504 0.0469345599
v 0.1417391 0.498352289 0.287851006
v -0.179882854 0.451947212 0.152028903
v -0.0585163236 0.483034015 0.391774476
v 0.436347216 0.61794436 0.427849829
v 0.238895148 0.564496756 0.525418162
v 0.319588333 0.655785203 0.751355171
v 0.514913261 0.710563183 0.680271089
v 0.711343944 0.787537575 0.598237455
v 0.763586044 0.902965784 0.871414304
v 0.0514850616 0.545833707 0.611094356
v 0.569797039 0.825214505 0.932352185
v 0.780945778 1.06160319 1.09774804
v 0.594271541 0.972687483 1.15280271
v 0.375928581 0.76314795 0.96822089
v 0.398718536 0.893651962 1.16861558
v 0.212590516 0.826152802 1.13636434
v 0.196259379 0.718022823 0.967375636
v 0.138205588 0.625249028 0.798006713
v 0.0717635751 0.694106936 0.959676862
v 0.0399704576 0.756242514 1.06499028
v -0.0105103254 0.630894661 0.852123916
v -0.117079496 0.682830095 0.9522053
v -0.119499624 0.56136632 0.697961509
v -0.250919998 0.501853347 0.493161798
v -0.383981735 0.47075808 0.252849936
v -0.43284151 0.557551742 0.591352105
v -0.578150153 0.52920711 0.347186625
v -0.685846388 0.537755847 0.0828700364
v -0.921831012 0.673921227 -0.12645039
v -0.942852497 0.729157209 -0.394883096
v -0.786629021 0.630442619 -0.393435985
v -0.78396678 0.691775203 -0.590934634
v -0.927355826 0.801594734 -0.640829563
v -0.921831012 0.673921227 -0.12645039
v -0.862638056 0.640408874 0.156473547
v -0.685846388 0.537755847 0.0828700364
v -1.08005667 0.827543736 -0.0737360716
v -1.09367704 0.883586526 -0.372760743
v -0.942852497 0.729157209 -0.394883096
v -1.07071781 0.96264255 -0.646161914
v -0.927355826 0.801594734 -0.640829563
v -0.881813765 0.882674813 -0.855751216
v -1.0176934 1.05575311 -0.877536416
v -0.738806129 0.75171268 -0.775724888
v -0.78396678 0.691775203 -0.590934634
v -0.79745698 0.964927316 -1.04282129
v -0.654248655 0.811264634 -0.94760716
v -0.504304171 0.694275856 -0.800845265
v -0.610677958 0.654885769 -0.654383481
v -0.526067972 0.88502872 -1.09882295
v -0.67894733 0.635369062 -0.549079835
v -0.507906795 0.57469523 -0.500530958
v -0.640960157 0.581566453 -0.414935827
v -0.786629021 0.630442619 -0.393435985
v -0.753814936 0.576255679 -0.172786683
v -0.58176893 0.52519691 -0.231093854
v -0.92785567 1.15402651 -1.07536268
v -1.03924513 1.35835624 -1.05474854
v -0.67064774 1.05416 -1.20073557
v -0.799063742 1.25309515 -1.24215531
v -0.511771798 1.14786708 -1.31835198
v -0.372289211 0.971370697 -1.2199899
v -0.360635698 0.752414703 -0.937604427
v -0.197529197 0.827765226 -1.06020701
v -0.633470237 1.34812164 -1.36403418
v -0.911592424 1.46412802 -1.22732389
v -0.992494464 1.66696739 -1.15501738
v -0.747429729 1.56643915 -1.35248816
v -0.830067158 1.77504206 -1.27459633
v -0.0266438797 0.926196575 -1.14436972
v -0.197529197 0.827765226 -1.06020701
v -0.00784460083 0.731266141 -0.847166717
v 0.159828618 0.830951214 -0.941238046
v 0.160577551 0.668818355 -0.615641415
v 0.139694691 1.0403688 -1.19098687
v -0.0093947649 1.17633057 -1.32635558
v -0.194468796 1.07085276 -1.29145277
v -0.326480836 1.24044657 -1.38456869
v 0.331861496 0.780565977 -0.709763825
v 0.482875347 0.741785645 -0.48188889
v 0.307660222 0.619985104 -0.388705522
v 0.434398502 0.606548667 -0.159637421
v 0.308284402 0.953870416 -1.00411093
v 0.474596292 0.910103917 -0.786467671
v 0.286633313 1.16086018 -1.20937002
v 0.632190585 0.880337596 -0.563055515
v -0.126469389 1.33785534 -1.4137125
v -0.227680251 1.52854323 -1.44545877
v -0.438646555 1.43534231 -1.42602503
v -0.00379607081 1.63113475 -1.42419112
v 0.0843050778 1.44321299 -1.40163422
v 0.175905317 1.28478551 -1.32481766
v 0.358176738 1.37451506 -1.26615262
v 0.306105286 1.54364979 -1.32151699
v 0.529682398 1.64378977 -1.15542424
v 0.389974266 1.25754988 -1.20116544
v 0.549354196 1.42799497 -1.13654768
v 0.518880486 1.25000834 -1.09139204
v 0.723338366 1.42544687 -0.941886783
v 0.431939304 1.09326315 -1.05184114
v 0.679766417 1.23747921 -0.902578115
v 0.903845251 1.39249909 -0.693097472
v 0.848870933 1.23661304 -0.690976262
v 0.996278167 1.25282657 -0.46437186
v 0.591539502 1.05892956 -0.850338221
v 0.750170231 1.04021907 -0.629104376
v 0.67212975 1.60562217 -1.00356674
v 0.7383883 1.66878378 -0.925993383
v 0.80239737 1.56086576 -0.850966752
v 0.865445495 1.64766645 -0.772126079
v 0.889129281 1.0433042 -0.402900875
v 0.881832838 1.49552488 -0.758392215
v 0.763441741 0.875825286 -0.333842486
v 0.61140424 0.731807709 -0.252586514
v 0.716198742 0.760041595 -0.0129623562
v 0.539979935 0.638162494 0.0782038197
v 0.630485117 0.705585361 0.328765064
v 0.86669147 0.898685694 -0.0917625278
v 0.805391073 0.817616343 0.241921991
v 0.98556447 1.05863702 -0.156015828
v 0.884403884 0.887644172 0.514992237
v 0.711343944 0.787537575 0.598237455
v 0.948635936 0.947194219 0.166243404
v 0.930729449 1.00110424 0.779731452
v 0.763586044 0.902965784 0.871414304
v 0.942124844 1.15978324 0.992839992
v 0.780945778 1.06160319 1.09774804
v 0.931367755 1.33886433 1.14341867
v 1.07836914 1.26144052 0.859800398
v 1.06472826 1.11274624 0.668118834
v 1.02028835 1.00957978 0.426853687
v 1.06549084 1.09601295 0.102195442
v 1.16432774 1.22953367 0.554594636
v 1.07229018 1.43164992 0.995519757
v 1.03057778 1.62699318 1.08335173
v 1.14558673 1.721066 0.885804892
v 1.18662155 1.52946162 0.8137694
v 1.18562555 1.36378908 0.704488635
v 1.24612212 1.44399059 0.51841414
v 1.08834076 1.25534987 -0.2096968
v 1.1183778 1.40928483 -0.261936247
v 1.15482497 1.27464914 0.0521807671
v 1.03096604 1.38571572 -0.486805022
v 1.03417504 1.39818335 -0.488887101
v 1.21716809 1.32227206 0.461304545
v 1.12862802 1.1477741 0.34834376
v 1.20775306 1.30390787 0.293084323
v 1.25660133 1.48333216 0.284857363
v 1.20661151 1.4632597 0.0293813348
v 1.25307345 1.7003901 0.298425794
v 1.25355446 1.61778104 0.582638979
v 1.17769551 1.59023023 -0.0967034698
v 1.2192539 1.64843082 0.0960273147
v 1.19548595 1.70454848 -0.00733184814
v 1.1502471 1.66995025 -0.199740276
v 1.17518425 1.80352449 0.0637183487
v 1.19737077 1.87516725 0.337134689
v 1.12491846 1.86235511 -0.0740024745
v 1.14659381 1.7699101 -0.12389949
v 1.12053859 1.81770682 -0.205320239
v 1.12945843 1.73825788 -0.258458614
v 1.10998631 1.65648842 -0.336802274
v 1.15391541 1.5168134 -0.211568475
v 1.13517511 1.58773994 -0.269400388
v 1.08127964 1.61274493 -0.426660359
v 1.10639179 1.50553298 -0.362831473
v 1.05127382 1.52420211 -0.502301037
v 1.04886794 1.5995543 -0.504037499
v 1.00637662 1.60688424 -0.577198267
v 1.05349791 1.47145414 -0.499806941
v 1.05276418 1.47167265 -0.500997484
v 1.05226529 1.47135782 -0.502284169
v 0.974007607 1.49517488 -0.628893375
v 0.914395511 1.57046545 -0.713116765
v 0.95075798 1.64402997 -0.656814814
v 0.897559285 1.7201134 -0.72452271
v -0.227680251 1.52854323 -1.44545877
v -0.547941029 1.66132987 -1.4112581
v -0.438646555 1.43534231 -1.42602503
v -0.332577169 1.75552154 -1.41724622
v -0.636820972 1.88219416 -1.33372641
v -0.00379607081 1.63113475 -1.42419112
v -0.42715323 1.9806025 -1.32619524
v -0.687098861 2.07241726 -1.19822049
v -0.23079738 2.05673075 -1.25540495
v -0.488014698 2.16271305 -1.19545138
v -0.51406163 2.3189652 -1.03461432
v -0.700435698 2.2410295 -1.01690948
v -0.342558056 2.37768435 -1.01148081
v -0.306434631 2.23328042 -1.13675213
v -0.12977007 2.29269838 -1.02919126
v -0.190005451 2.42554116 -0.942301512
v -0.111250013 1.84882021 -1.37012815
v -0.0339573026 2.11614013 -1.12791729
v 0.0389844775 2.33367395 -0.856471717
v 0.113309413 1.92694175 -1.25537193
v 0.338139832 1.97160494 -1.04377913
v 0.233949602 1.73205531 -1.33015168
v 0.306105286 1.54364979 -1.32151699
v 0.0843050778 1.44321299 -1.40163422
v 0.459800839 1.81745756 -1.14521182
v 0.529682398 1.64378977 -1.15542424
v 0.66645956 1.76372039 -0.958701789
v 0.7383883 1.66878378 -0.925993383
v 0.158554465 2.14666009 -0.927007139
v 0.335836232 2.17147017 -0.704451859
v 0.596754968 1.88735247 -0.936124802
v 0.491207063 2.00442195 -0.847267807
v 0.744015634 1.83255208 -0.839529753
v 0.6736601 1.9253397 -0.817563593
v 0.591817558 2.01753235 -0.7615031
v 0.516438127 2.11425376 -0.631243587
v 0.79971838 1.74276948 -0.821039438
v 0.865445495 1.64766645 -0.772126079
v 0.847376347 1.79633379 -0.754313648
v 0.897559285 1.7201134 -0.72452271
v 0.792482793 1.87272882 -0.754792809
v 0.732024372 1.96106339 -0.735923409
v 0.666494608 2.03278208 -0.690872073
v 0.594296634 2.11114717 -0.601601243
v 0.552145004 2.16818762 -0.513381004
v 0.478212029 2.1948874 -0.523168921
v 0.552533209 2.21602106 -0.398308337
v 0.480015188 2.24839616 -0.401287258
v 0.590365112 2.24197531 -0.30091086
v 0.393496752 2.24827123 -0.560878634
v 0.325959712 2.34906626 -0.44040814
v 0.531988859 2.28172946 -0.275113493
v 0.201159358 2.36351466 -0.652654827
v -0.0466111302 2.47454071 -0.804521084
v 0.0997959673 2.51970482 -0.621156752
v -0.153368115 2.55383015 -0.74897182
v -0.230773926 2.49929881 -0.86547339
v -0.288557589 2.5776577 -0.703308821
v -0.0344642997 2.61365008 -0.570385754
v 0.222362116 2.52745771 -0.408764809
v 0.0945287943 2.65316725 -0.360590488
v -0.191917509 2.6541152 -0.503616631
v 0.439749658 2.34623981 -0.230028406
v 0.333166063 2.52802825 -0.184072956
v 0.538586795 2.36570287 -0.0130764395
v 0.445313215 2.54490232 0.0393158197
v 0.21141234 2.66344666 -0.128764078
v 0.532766581 2.28147197 -0.273789257
v 0.53334415 2.28183556 -0.27238965
v 0.603528559 2.25806022 -0.153053671
v 0.645930707 2.22332883 -0.210600823
v 0.701201737 2.21233463 -0.0750106871
v 0.738857269 2.18279648 -0.138132244
v 0.678455472 2.27056718 0.0118231177
v 0.760417581 2.20469069 0.148859352
v 0.812877655 2.13744807 -0.0354680419
v 0.836353004 2.13008642 -0.115123436
v 0.965152383 2.04674315 -0.0111856163
v 0.953482866 2.05523682 -0.114091426
v 0.973159373 2.04213142 0.121345818
v 1.03834581 2.02639103 0.363474339
v 1.06207418 1.95573044 -0.036940217
v 1.03115249 1.9844681 -0.134744465
v 1.11128974 1.92761123 0.0979721248
v 1.12491846 1.86235511 -0.0740024745
v 1.08541751 1.89564896 -0.166061148
v 1.12053859 1.81770682 -0.205320239
v 1.17518425 1.80352449 0.0637183487
v 1.19737077 1.87516725 0.337134689
v 1.2110374 1.80850554 0.633571267
v 1.25355446 1.61778104 0.582638979
v 1.25307345 1.7003901 0.298425794
v 1.14558673 1.721066 0.885804892
v 1.18662155 1.52946162 0.8137694
v 1.24612212 1.44399059 0.51841414
v 1.07259929 2.00199938 0.672580719
v 0.876300216 2.18736148 0.701491714
v 1.03090525 1.93818593 0.925342321
v 0.937746286 1.8549155 1.13581276
v 1.03057778 1.62699318 1.08335173
v 0.805905342 1.76725888 1.3096627
v 0.68363899 1.98551095 1.32009566
v 0.523212492 1.88092661 1.44518566
v 0.801140547 2.07670784 1.14239383
v 0.860900044 2.14214826 0.938656807
v 0.654594302 2.2521143 1.10093093
v 0.831488907 2.19931245 0.425436854
v 0.69732213 2.38518429 0.466636121
v 0.734338164 2.36030889 0.70746839
v 0.715240598 2.31321931 0.916581035
v 0.589155495 2.45058441 0.861049891
v 0.50588882 2.39876914 1.01525259
v 0.364535421 2.51950908 0.889523208
v 0.472441554 2.55174994 0.771035135
v 0.624636173 2.48928118 0.694941521
v 0.631905079 2.39721751 0.213045344
v 0.59989965 2.5251255 0.494817495
v 0.540784419 2.55420923 0.26512897
v 0.53653276 2.55933523 0.676637292
v 0.370029628 2.62918735 0.620300651
v 0.488747269 2.60407114 0.541532934
v 0.416383505 2.64892578 0.335715026
v 0.266896665 2.69001412 0.418494761
v 0.325875014 2.67126846 0.104362547
v 0.157792404 2.72486186 0.188374937
v -0.0231813043 2.73450637 0.279403239
v 0.0440706909 2.72840786 -0.0480290577
v -0.143678427 2.74142289 0.0448824614
v -0.341918647 2.70342398 0.145000041
v -0.0755185932 2.70660686 -0.280526698
v -0.257573247 2.71616697 -0.191670865
v -0.450851142 2.67536449 -0.0930289254
v -0.362350255 2.65602326 -0.428438246
v -0.687098861 2.07241726 -1.19822049
v -0.885125637 2.14205599 -0.954910219
v -0.875045836 1.96725953 -1.13845789
v -0.636820972 1.88219416 -1.33372641
v -0.830067158 1.77504206 -1.27459633
v -0.547941029 1.66132987 -1.4112581
v -0.747429729 1.56643915 -1.35248816
v -0.863690615 2.29534435 -0.73867178
v -1.04674244 2.02746701 -0.849737048
v -0.885125637 2.14205599 -0.954910219
v -1.02427673 2.17331004 -0.636239707
v -0.973454237 2.29460478 -0.396791726
v -1.09708667 2.1535728 -0.291688114
v -0.811901927 2.42449164 -0.496864021
v -0.899925053 2.38962841 -0.147033542
v -0.734051108 2.52181673 -0.241994262
v -0.641606092 2.58704615 0.00686863065
v -0.992494464 1.66696739 -1.15501738
v -0.830067158 1.77504206 -1.27459633
v -0.875045836 1.96725953 -1.13845789
v -1.03731656 1.85708666 -1.02648783
v -0.885125637 2.14205599 -0.954910219
v -1.04674244 2.02746701 -0.849737048
v -1.1690681 1.91591871 -0.708495438
v -1.02427673 2.17331004 -0.636239707
v -1.12018394 1.56272173 -0.988381028
v -1.03924513 1.35835624 -1.05474854
v -1.14365578 2.04751039 -0.51016438
v -1.09708667 2.1535728 -0.291688114
v -1.16348863 1.7541697 -0.871915936
v -1.13038731 1.25661814 -0.850400031
v -1.0176934 1.05575311 -0.877536416
v -1.20660496 1.46857798 -0.78463161
v -1.18764269 1.16372299 -0.610236466
v -1.07071781 0.96264255 -0.646161914
v -1.09367704 0.883586526 -0.372760743
v -1.23999476 1.66518629 -0.678587854
v -1.25731254 1.38666153 -0.548319697
v -1.21471286 1.08518815 -0.327470839
v -1.08005667 0.827543736 -0.0737360716
v -1.23437822 1.82331657 -0.537008405
v -1.27948546 1.59536612 -0.459836513
v -1.28357792 1.31562519 -0.271488249
v -1.20301497 1.0327177 -0.0192905664
v -1.20737088 1.93969917 -0.374385178
v -1.26381016 1.75866318 -0.353520036
v -1.14334571 1.00876844 0.279400498
v -1.02174616 0.798890829 0.224106014
v -1.29869699 1.54045534 -0.209904909
v -1.27030241 1.27169919 0.0268883705
v -1.17619872 2.01743007 -0.191200644
v -1.03667688 1.00886774 0.556661606
v -0.913556099 0.797710538 0.503621101
v -1.11289692 1.25153458 0.585138977
v -0.880167007 1.02936041 0.808329403
v -0.960265279 1.27122378 0.827437639
v -1.13883853 1.49988091 0.58837837
v -1.21441746 1.25133812 0.316650182
v -1.23499811 1.49758315 0.332517505
v -1.28636265 1.51000047 0.0602104068
v -1.21184421 1.72378612 0.323517203
v -1.26009357 1.72019279 0.074973762
v -1.27381635 1.72795153 -0.150823295
v -1.20623314 1.90451252 0.0626396537
v -1.22924304 1.88102436 -0.132967114
v -1.23736835 1.86213696 -0.280304253
v -1.13404584 2.07427502 0.015119642
v -1.15527284 1.92874253 0.294272333
v -1.11904752 1.73215246 0.569488227
v -1.07140231 2.11911845 0.246553585
v -0.977076352 2.14260221 0.482868463
v -0.958173752 2.29649663 0.179825306
v -1.03548932 2.23593521 -0.0592214763
v -0.899925053 2.38962841 -0.147033542
v -0.812967896 2.45733738 0.0981899053
v -0.856565177 2.32578111 0.415774435
v -0.641606092 2.58704615 0.00686863065
v -0.708465636 2.48807454 0.335766345
v -0.535691381 2.61769056 0.244753063
v -0.581314087 2.47546244 0.563760877
v -0.583351016 2.271312 0.84947288
v -0.432772279 2.20555067 1.04343176
v -0.556358397 2.06592822 1.05453646
v -0.283533424 2.11480904 1.2184844
v -0.114936084 2.24445963 1.19132662
v -0.278787911 2.34895754 0.999328136
v -0.436333537 2.42590141 0.784679174
v 0.0598139763 2.36760187 1.11736083
v 0.0461187363 2.1129756 1.34666336
v 0.223905385 2.2288301 1.27398801
v -0.105578393 2.47975659 0.922684312
v -0.264659166 2.55854321 0.701375902
v -0.409149915 2.60523415 0.47405231
v -0.581314087 2.47546244 0.563760877
v -0.535691381 2.61769056 0.244753063
v 0.931367755 1.33886433 1.14341867
v 0.780945778 1.06160319 1.09774804
v 0.769644976 1.24812901 1.25700212
v 0.726372242 1.45451987 1.36893773
v 0.890648425 1.53935039 1.24555326
v 1.03057778 1.62699318 1.08335173
v 0.641617298 1.67512238 1.43917823
v 0.805905342 1.76725888 1.3096627
v 0.523212492 1.88092661 1.44518566
v 0.68363899 1.98551095 1.32009566
v 0.381641716 2.06558657 1.38719606
v 0.539435565 2.16838503 1.26683259
v 0.223905385 2.2288301 1.27398801
v 0.801140547 2.07670784 1.14239383
v 0.654594302 2.2521143 1.10093093
v 0.234727681 1.45803559 1.50564504
v 0.126660943 1.6602788 1.51749134
v 0.333257258 1.77069831 1.50944006
v 0.445986181 1.57034898 1.50109792
v 0.532269001 1.35726261 1.43351841
v 0.324722052 1.25203192 1.44203162
v 0.115938544 1.14445186 1.40080392
v 0.383369267 1.05731869 1.330369
v 0.185966611 0.966221094 1.29024255
v 0.398718536 0.893651962 1.16861558
v 0.212590516 0.826152802 1.13636434
v 0.594271541 0.972687483 1.15280271
v 0.582951665 1.15224528 1.31871176
v 0.769644976 1.24812901 1.25700212
v 0.780945778 1.06160319 1.09774804
v 0.726372242 1.45451987 1.36893773
v 0.641617298 1.67512238 1.43917823
v 0.523212492 1.88092661 1.44518566
v 0.381641716 2.06558657 1.38719606
v 0.197908044 1.95373428 1.45603073
v -0.436333537 2.42590141 0.784679174
v -0.432772279 2.20555067 1.04343176
v -0.583351016 2.271312 0.84947288
v -0.581314087 2.47546244 0.563760877
v -0.729008615 2.31442738 0.640394688
v -0.856565177 2.32578111 0.415774435
v -0.708465636 2.48807454 0.335766345
v -0.977076352 2.14260221 0.482868463
v -0.958173752 2.29649663 0.179825306
v -0.845012605 2.13683176 0.701545
v -0.697051644 2.10846686 0.8933779
v -0.556358397 2.06592822 1.05453646
v -0.927748442 1.94654465 0.751544237
v -0.773216665 1.938393 0.932903528
v -0.630538702 1.92786884 1.07029128
v -1.06413865 1.944345 0.533906341
v -1.15527284 1.92874253 0.294272333
v -1.11904752 1.73215246 0.569488227
v -0.978836596 1.74201739 0.791809201
v -0.426821321 2.00077176 1.19434035
v -0.283533424 2.11480904 1.2184844
v -0.13678208 1.99668789 1.36616278
v -0.114936084 2.24445963 1.19132662
v 0.0461187363 2.1129756 1.34666336
v -1.13883853 1.49988091 0.58837837
v -1.21184421 1.72378612 0.323517203
v -1.23499811 1.49758315 0.332517505
v 0.197908044 1.95373428 1.45603073
v 0.223905385 2.2288301 1.27398801
v 0.381641716 2.06558657 1.38719606
v -0.992966533 1.5165205 0.818945467
v -0.960265279 1.27122378 0.827437639
v -0.807410538 1.54747522 1.02279449
v -0.809835851 1.75542235 0.979888439
v -0.76377815 1.31133127 1.04488611
v -0.880167007 1.02936041 0.808329403
v -0.638469219 1.77766299 1.12607884
v -0.600601792 1.59507644 1.19310629
v -0.471895665 1.82062495 1.23804677
v -0.517475247 1.91846359 1.16651583
v -0.309952706 1.89564645 1.32087517
v -0.391590893 1.6648376 1.32462788
v -0.535439849 1.37416184 1.23209763
v -0.195643306 1.74689949 1.4203192
v -0.678961396 1.07372117 1.03393698
v -0.301240623 1.4614675 1.37316561
v 0.0017977953 1.84534526 1.47004294
v -0.442125499 1.14563775 1.22525263
v -0.555004835 0.868625402 0.981497705
v -0.0849072933 1.55634308 1.4697237
v 0.126660943 1.6602788 1.51749134
v 0.333257258 1.77069831 1.50944006
v 0.020068109 1.3466332 1.46175182
v 0.234727681 1.45803559 1.50564504
v 0.115938544 1.14445186 1.40080392
v -0.202945352 1.24076867 1.36877942
v -0.326734364 0.943594456 1.16861844
v -0.0975122452 1.03878903 1.30975819
v 0.185966611 0.966221094 1.29024255
v -0.0102335215 0.873353243 1.20237637
v 0.212590516 0.826152802 1.13636434
v 0.0399704576 0.756242514 1.06499028
v -0.213283479 0.786240816 1.0713836
v -0.117079496 0.682830095 0.9522053
v -0.412739635 0.713754177 0.896706879
v -0.271381557 0.614002705 0.796793938
v -0.0105103254 0.630894661 0.852123916
v -0.119499624 0.56136632 0.697961509
v -0.250919998 0.501853347 0.493161798
v -0.43284151 0.557551742 0.591352105
v -0.601374388 0.660851002 0.681553602
v -0.75620842 0.819667339 0.757776082
v -1.03667688 1.00886774 0.556661606
v -0.913556099 0.797710538 0.503621101
v -0.755838156 0.635821223 0.431448102
v -0.578150153 0.52920711 0.347186625
v -0.685846388 0.537755847 0.0828700364
v -0.862638056 0.640408874 0.156473547
v -1.02174616 0.798890829 0.224106014
v -1.08005667 0.827543736 -0.0737360716
v -0.202022612 2.0599854 -0.746519029
v -0.18681328 1.93616724 -0.571188748
v -0.16975449 2.06260204 -0.579853654
v -0.219923586 1.90801895 -0.728553116
v -0.290189207 2.04124379 -0.952923477
v -0.229429901 1.80573189 -0.532225966
v -0.299573421 1.8952198 -0.895806968
v -0.449147195 2.02443647 -1.14292693
v -0.256201833 1.75356853 -0.691942453
v -0.419498146 1.90183139 -1.07514727
v -0.581984103 2.04956031 -1.24539101
v -0.335888982 1.60595369 -0.629229426
v -0.302704096 1.67051983 -0.468045115
v -0.327901214 1.72094035 -0.8539747
v -0.556161284 1.9209466 -1.21585536
v -0.67830658 2.08697271 -1.29551864
v -0.433166414 1.73161602 -1.01299322
v -0.686974823 1.99349117 -1.29051685
v -0.80208385 2.07519555 -1.32757139
v -0.833040416 1.90410972 -1.31627035
v -0.551941574 1.77045119 -1.15842545
v -0.689757645 1.83517742 -1.25879443
v -0.840415776 1.7015965 -1.26337957
v -0.699011922 1.6618489 -1.2097652
v -0.860208213 1.53613329 -1.15764427
v -0.40070051 1.56407332 -0.800937951
v -0.497002065 1.56945968 -0.962474704
v -0.591623604 1.6066556 -1.10611498
v -0.735327125 1.54483962 -1.15370715
v -0.683843434 1.47382092 -1.05601656
v -0.857988834 1.40397096 -1.01069319
v -0.617201209 1.42026305 -0.904632688
v -0.832826138 1.3200506 -0.825079858
v -0.5422405 1.4095819 -0.721458614
v -0.778814912 1.29591012 -0.606918216
v -0.475485563 1.44812751 -0.527809143
v -0.420772076 1.53556204 -0.373881519
v -0.693593562 1.35021806 -0.384165466
v -0.596797228 1.47400558 -0.218970478
v -0.335888982 1.60595369 -0.629229426
v -0.420772076 1.53556204 -0.373881519
v -0.302704096 1.67051983 -0.468045115
v -0.393756896 1.62644351 -0.274486393
v -0.596797228 1.47400558 -0.218970478
v -0.504072785 1.62696648 -0.134575784
v -0.8038311 1.48950827 -0.0617593229
v -0.662394524 1.66828656 0.0338906348
v -0.826299429 1.72179914 0.166765645
v -0.388376892 1.80757165 -0.151514992
v -0.312561959 1.74156404 -0.322395086
v -0.243074656 1.87313426 -0.372641712
v -0.229429901 1.80573189 -0.532225966
v -0.514914155 1.88280845 0.0318267345
v -0.300513744 1.97348273 -0.201285467
v -0.240067393 2.10837674 -0.271019161
v -0.196504742 1.99482393 -0.423586935
v -0.18681328 1.93616724 -0.571188748
v -0.16975449 2.06260204 -0.579853654
v -0.175351679 2.07532239 -0.456888169
v -0.213799238 2.21128559 -0.370546252
v -0.317680597 2.40899968 -0.221858129
v -0.400790393 2.09189844 -0.0296419561
v -0.33894527 2.26578426 -0.105462685
v -0.46105516 2.5756557 -0.0849734098
v -0.534343183 2.18934298 0.113519743
v -0.475708663 2.39680862 0.0289243832
v -0.629930377 2.70491505 0.0387070179
v -0.663392782 1.95088458 0.179640383
v -1.01889884 1.82657111 0.266814709
v -0.702382088 2.30257034 0.231096745
v -0.838355422 2.05740547 0.291564465
v -0.885091662 2.41689157 0.297642887
v -0.645739555 2.51646233 0.148865625
v -0.795539677 2.79097462 0.126865059
v -0.822789431 2.6160779 0.227703393
v -1.08458233 2.55008292 0.329314679
v -0.994433522 2.87460256 0.18975386
v -1.01666069 2.72196484 0.276437968
v -1.25327873 2.8377068 0.313094258
v -1.31972778 2.69650126 0.358274072
v -1.55220723 2.83486843 0.335737437
v -1.23982859 2.96016383 0.231550738
v -1.44773006 3.01934981 0.232932061
v -0.8038311 1.48950827 -0.0617593229
v -0.596797228 1.47400558 -0.218970478
v -0.693593562 1.35021806 -0.384165466
v -0.935229301 1.36435282 -0.25462085
v -1.14573407 1.44472313 -0.148796827
v -1.27130568 1.40397811 -0.392825216
v -1.04365671 1.31502354 -0.490735412
v -0.778814912 1.29591012 -0.606918216
v -1.33895791 1.44708872 -0.631821096
v -1.5469234 1.59707057 -0.528522193
v -1.34121084 1.54832399 -0.841353178
v -1.10032606 1.34295416 -0.730195642
v -0.832826138 1.3200506 -0.825079858
v -0.857988834 1.40397096 -1.01069319
v -1.105901 1.4356575 -0.934734821
v -1.08077395 1.59396052 -1.12019622
v -0.860208213 1.53613329 -1.15764427
v -1.14573407 1.44472313 -0.148796827
v -1.27130568 1.40397811 -0.392825216
v -1.48031092 1.54986966 -0.296023011
v -1.35486138 1.58236885 -0.0556969047
v -0.997720003 1.55510116 0.0480573475
v -0.8038311 1.48950827 -0.0617593229
v -0.826299429 1.72179914 0.166765645
v -1.01889884 1.82657111 0.266814709
v -1.19619358 1.67411327 0.133072048
v -1.37588501 1.83073664 0.184436858
v -1.53679109 1.75972795 0.0111877322
v -1.54483259 2.0300858 0.219042122
v -1.65286195 1.73679304 -0.209846675
v -1.199965 1.97140729 0.311633289
v -1.79865861 1.96099257 -0.131566882
v -1.85284233 1.99302244 -0.333580256
v -1.69566429 1.97204733 0.0597255826
v -1.93305242 2.24376607 -0.0678052902
v -0.838355422 2.05740547 0.291564465
v -0.663392782 1.95088458 0.179640383
v -1.01988554 2.18585801 0.345136344
v -0.885091662 2.41689157 0.297642887
v -1.08458233 2.55008292 0.329314679
v -1.37383103 2.15588832 0.321509659
v -1.20429373 2.3478322 0.358874023
v -1.42210627 2.53274059 0.35922274
v -1.31972778 2.69650126 0.358274072
v -1.55588579 2.36975527 0.321963221
v -1.61697912 2.68212938 0.329365134
v -1.55220723 2.83486843 0.335737437
v -1.70295322 2.28249788 0.236402899
v -1.67592847 2.53893089 0.30858618
v -1.83716011 2.24499893 0.0992588401
v -1.96026635 2.56264448 0.142980516
v -1.81057084 2.54844093 0.251694202
v -1.81786418 2.77358913 0.285527289
v -2.01073933 2.83269715 0.186246186
v -2.0670557 2.57376289 -0.0080370903
v -1.78014052 2.94445562 0.289061308
v -1.99569666 3.02440357 0.184023261
v -1.9863112 2.25618243 -0.24428153
v -2.13797665 2.85677242 0.0260420442
v -2.11052084 2.56678224 -0.186206579
v -1.71836114 3.05589771 0.25956434
v -1.9336518 3.13192391 0.154046595
v -1.49641919 2.95002222 0.312816739
v -1.25327873 2.8377068 0.313094258
v -1.44773006 3.01934981 0.232932061
v -2.06612945 3.1608243 -0.0228993297
v -2.12666607 3.05290914 0.00918221474
v -2.16253948 3.02872729 -0.191462338
v -2.09901404 3.13671255 -0.230901897
v -2.17316198 2.84673142 -0.170876384
v -2.09142065 2.53848076 -0.358473003
v -2.12660551 2.76436377 -0.368007362
v -1.98874938 2.2907958 -0.415695846
v -2.05021572 2.51271749 -0.484502196
v -1.85584295 2.05158401 -0.519036472
v -1.71562934 1.86244154 -0.625051618
v -1.65286195 1.73679304 -0.209846675
v -1.35486138 1.58236885 -0.0556969047
v -1.48031092 1.54986966 -0.296023011
v -1.71093822 1.77773535 -0.430564821
v -1.85284233 1.99302244 -0.333580256
v -1.71562934 1.86244154 -0.625051618
v -1.5469234 1.59707057 -0.528522193
v -1.27130568 1.40397811 -0.392825216
v -1.55471075 1.69907188 -0.731100678
v -1.34121084 1.54832399 -0.841353178
v -1.31144619 1.70938706 -1.03477085
v -1.08077395 1.59396052 -1.12019622
v -1.51609957 1.85380495 -0.913510323
v -1.67903543 2.00200176 -0.795690894
v -1.85584295 2.05158401 -0.519036472
v -1.45313263 2.05850077 -1.07316387
v -1.2608881 1.91658056 -1.184497
v -1.82780349 2.1639719 -0.685285807
v -1.98874938 2.2907958 -0.415695846
v -1.61742043 2.20839167 -0.951004565
v -1.04810381 1.79988313 -1.25441134
v -0.860208213 1.53613329 -1.15764427
v -0.840415776 1.7015965 -1.26337957
v -0.833040416 1.90410972 -1.31627035
v -1.36809862 2.26317954 -1.15450287
v -1.19392693 2.12168789 -1.24517548
v -1.01103365 2.00295472 -1.30700839
v -0.80208385 2.07519555 -1.32757139
v -1.96821165 2.35877705 -0.56641829
v -2.05021572 2.51271749 -0.484502196
v -1.77359724 2.36083508 -0.831620395
v -1.92363513 2.51246476 -0.689359069
v -2.03358841 2.64694071 -0.541976929
v -1.53073859 2.41761732 -1.04206324
v -2.12660551 2.76436377 -0.368007362
v -2.09142065 2.53848076 -0.358473003
v -1.97540975 2.84334135 -0.594753683
v -1.69036913 2.57330179 -0.912758827
v -2.09578657 2.95347142 -0.40257436
v -2.17316198 2.84673142 -0.170876384
v -2.16253948 3.02872729 -0.191462338
v -2.12666607 3.05290914 0.00918221474
v -2.09901404 3.13671255 -0.230901897
v -2.02541161 3.0625186 -0.433396101
v -1.89725971 2.96603918 -0.610819578
v -1.79774296 3.02799177 -0.595578432
v -1.83461738 2.7166326 -0.761880875
v -1.76324987 2.85209203 -0.778138876
v -1.69495654 2.95921874 -0.735007644
v -1.52812433 2.85038781 -0.893921375
v -1.61283255 2.7219851 -0.935837328
v -1.35671246 2.72491145 -1.02117801
v -1.4475193 2.57609868 -1.065938
v -1.19908714 2.59308553 -1.10935664
v -1.28282535 2.4399209 -1.16267359
v -1.11472797 2.30858707 -1.24308884
v -1.04285896 2.45358515 -1.18669784
v -0.953057587 2.1868813 -1.30321717
v -0.89569968 2.33071899 -1.24803233
v -0.759730101 2.18925834 -1.2941196
v -0.67830658 2.08697271 -1.29551864
v -0.179106355 -0.229093313 -0.451907992
v -0.23041898 -0.22502923 -0.418800354
v -0.187471181 -0.229594707 -0.412888229
v -0.224797994 -0.223857164 -0.45871371
v -0.216803908 -0.205312252 -0.501825571
v -0.264279425 -0.210867643 -0.464442194
v -0.257103026 -0.194769144 -0.504918814
v -0.250694007 -0.16354537 -0.538412929
v -0.209389746 -0.169998884 -0.539373636
v -0.162132382 -0.172686815 -0.536225796
v -0.170091003 -0.209522009 -0.49640131
v -0.122940809 -0.207330465 -0.489200711
v -0.115051508 -0.171394348 -0.528910577
v -0.0742776394 -0.165906429 -0.517368793
v -0.0813302994 -0.198669195 -0.480778724
v -0.0893734396 -0.216329098 -0.438400626
v -0.132275045 -0.226581573 -0.44485876
v -0.142419457 -0.226929188 -0.407362878
v -0.23041898 -0.22502923 -0.418800354
v -0.236144632 -0.204826593 -0.383779764
v -0.193475872 -0.208729982 -0.378474712
v -0.24445188 -0.159248352 -0.35534665
v -0.27244246 -0.196442604 -0.392127395
v -0.286807984 -0.154571295 -0.370493501
v -0.300761759 -0.0981547832 -0.355345011
v -0.31657216 -0.149606705 -0.395132959
v -0.296762019 -0.180632114 -0.404661745
v -0.335330397 -0.0948803425 -0.386996567
v -0.340609372 -0.0325798988 -0.37481153
v -0.304805934 -0.0376458168 -0.341784358
v -0.303240776 0.026881218 -0.327701569
v -0.254390717 -0.0416119099 -0.318116605
v -0.338398844 0.0343708992 -0.359428257
v -0.334688038 0.103048563 -0.341696531
v -0.251735687 -0.1007061 -0.333469301
v -0.195686162 -0.106863022 -0.322936267
v -0.19541055 -0.164202452 -0.347799391
v -0.144884557 -0.166650295 -0.346076816
v -0.148310661 -0.207307339 -0.375004828
v -0.104523629 -0.199715137 -0.372163236
v -0.142419457 -0.226929188 -0.407362878
v -0.187471181 -0.229594707 -0.412888229
v -0.0993636847 -0.216948986 -0.402178824
v -0.0629232228 -0.194809437 -0.396245122
v -0.0751855075 -0.186422586 -0.375218511
v -0.0605096519 -0.159032345 -0.360596538
v -0.0980749726 -0.16381073 -0.348403871
v -0.0889223516 -0.113626719 -0.328969181
v -0.0485902727 -0.110480547 -0.346741468
v -0.0432660878 -0.0501959324 -0.331394076
v -0.139214635 -0.112534046 -0.322013646
v -0.138372988 -0.0525341034 -0.304250717
v -0.0859696567 -0.053552866 -0.311927736
v -0.0865859091 0.0135521889 -0.29605937
v -0.0427502692 0.0174655914 -0.315343261
v -0.045255363 0.0881464481 -0.299378037
v -0.0121353865 0.0254848003 -0.349887371
v -0.139515847 0.0132534504 -0.289232194
v -0.197414458 0.0160782337 -0.292058438
v -0.13979888 0.0847340822 -0.273402542
v -0.196713269 -0.0475645065 -0.305959523
v -0.254062384 0.0209720135 -0.304795682
v -0.252396107 0.0899856091 -0.289013594
v -0.196712136 0.0864497423 -0.276422292
v -0.195434153 0.156080484 -0.260490626
v -0.140104353 0.154763699 -0.257825494
v -0.141315162 0.216198921 -0.24356468
v -0.30036664 0.0953513384 -0.310987294
v -0.296166927 0.16300559 -0.293482363
v -0.249709487 0.158661723 -0.272550851
v -0.246320665 0.220234752 -0.257187545
v -0.19440794 0.217501163 -0.245703101
v -0.193786293 0.273773551 -0.230845869
v -0.143283486 0.272518873 -0.229228988
v -0.145862222 0.327203631 -0.21342729
v -0.329456955 0.170325279 -0.323154271
v -0.322685272 0.233072996 -0.305338621
v -0.344230503 0.181833506 -0.361435413
v -0.33786875 0.245219707 -0.342233419
v -0.330898464 0.304754853 -0.322358876
v -0.29062444 0.22508502 -0.277028024
v -0.28516385 0.282808185 -0.260867
v -0.31584233 0.29181087 -0.287778765
v -0.310396671 0.347057343 -0.270004213
v -0.323878706 0.361456394 -0.301281244
v -0.315631509 0.417385101 -0.276862472
v -0.243074834 0.277033329 -0.241822869
v -0.240817487 0.331387043 -0.225355744
v -0.28120929 0.337393403 -0.244242311
v -0.277143836 0.394390345 -0.22725445
v -0.304583609 0.402842641 -0.25064683
v -0.296638012 0.463196874 -0.228338927
v -0.304979384 0.47460115 -0.246964425
v -0.287770927 0.520251036 -0.219313353
v -0.193722188 0.327959776 -0.214704692
v -0.193716586 0.386108398 -0.199163824
v -0.148673177 0.384873986 -0.197948158
v -0.151338398 0.450150609 -0.184580252
v -0.238469183 0.389616251 -0.209241271
v -0.234950483 0.458041668 -0.194934607
v -0.271350563 0.459347367 -0.210003763
v -0.265148401 0.51434958 -0.199220836
v -0.284671664 0.501751184 -0.214320898
v -0.25985536 0.541481256 -0.201635629
v -0.224822432 0.546560526 -0.191105217
v -0.230366379 0.516933322 -0.187275887
v -0.191185176 0.51322341 -0.179897398
v -0.186262518 0.543757081 -0.18489641
v -0.147565663 0.534913778 -0.183885664
v -0.151691288 0.505881071 -0.178250521
v -0.193270475 0.454268336 -0.186107323
v -0.115971059 0.497567892 -0.183500394
v -0.114181608 0.447811127 -0.191412017
v -0.109125853 0.386919141 -0.206520453
v -0.0850318968 0.448833704 -0.204717994
v -0.0940487385 0.483473539 -0.195062518
v -0.0839627683 0.497535467 -0.20141606
v -0.0671210289 0.454802752 -0.222613737
v -0.245183647 0.465398908 -0.386097759
v -0.205815285 0.470150232 -0.395478189
v -0.20769088 0.521859884 -0.347738028
v -0.243392199 0.517502904 -0.341802955
v -0.272618115 0.510133147 -0.326218903
v -0.243695602 0.552046776 -0.295905709
v -0.278406739 0.457288146 -0.367336929
v -0.301082224 0.446739674 -0.338445902
v -0.283070743 0.397835493 -0.402977407
v -0.246879607 0.4047575 -0.42457211
v -0.291355014 0.500519156 -0.298908502
v -0.249000013 0.340465546 -0.457523793
v -0.287370771 0.335125446 -0.433625668
v -0.292068303 0.272508979 -0.459766805
v -0.252065241 0.277410269 -0.485250354
v -0.254506588 0.212692499 -0.5090608
v -0.295819461 0.207790613 -0.482715487
v -0.297280729 0.138774514 -0.503786206
v -0.254755676 0.143414259 -0.530264318
v -0.253937602 0.073313117 -0.547361732
v -0.297275215 0.0691037178 -0.521609545
v -0.296626568 0.00242090225 -0.534815848
v -0.253177762 0.00612711906 -0.558853626
v -0.252046198 -0.057199955 -0.562675595
v -0.293664515 -0.0598809719 -0.541657388
v -0.286719441 -0.116411686 -0.540386677
v -0.250113308 -0.115723372 -0.556763649
v -0.324417681 -0.0667459965 -0.509118915
v -0.31129396 -0.125003815 -0.510106325
v -0.250694007 -0.16354537 -0.538412929
v -0.276436716 -0.15180254 -0.530236483
v -0.289196789 -0.17047286 -0.507179558
v -0.283070743 0.397835493 -0.402977407
v -0.278406739 0.457288146 -0.367336929
v -0.301082224 0.446739674 -0.338445902
v -0.308883786 0.388606071 -0.371593893
v -0.31535399 0.327875018 -0.399705023
v -0.322944641 0.376627088 -0.335876793
v -0.287370771 0.335125446 -0.433625668
v -0.292068303 0.272508979 -0.459766805
v -0.313420177 0.433517218 -0.306071907
v -0.301507443 0.488671422 -0.269335747
v -0.291355014 0.500519156 -0.298908502
v -0.275242597 0.541192532 -0.265971273
v -0.28321296 0.53182435 -0.236623228
v -0.287770927 0.520251036 -0.219313353
v -0.304979384 0.47460115 -0.246964425
v -0.315631509 0.417385101 -0.276862472
v -0.323878706 0.361456394 -0.301281244
v -0.330898464 0.304754853 -0.322358876
v -0.330635041 0.31799221 -0.360902518
v -0.337045729 0.257603884 -0.383301437
v -0.33786875 0.245219707 -0.342233419
v -0.344230503 0.181833506 -0.361435413
v -0.321086973 0.266303539 -0.424131513
v -0.32565245 0.201868653 -0.445968747
v -0.295819461 0.207790613 -0.482715487
v -0.297280729 0.138774514 -0.503786206
v -0.34234339 0.193643808 -0.403861582
v -0.346694738 0.124294519 -0.423370957
v -0.328620404 0.132547259 -0.466311514
v -0.329947591 0.0625072718 -0.484440833
v -0.297275215 0.0691037178 -0.521609545
v -0.296626568 0.00242090225 -0.534815848
v -0.349423975 0.113579035 -0.38049531
v -0.352985948 0.0440075397 -0.398627639
v -0.334688038 0.103048563 -0.341696531
v -0.338398844 0.0343708992 -0.359428257
v -0.340609372 -0.0325798988 -0.37481153
v -0.349377006 0.0539875031 -0.441548854
v -0.349667519 -0.0128462315 -0.458114535
v -0.329591095 -0.00408291817 -0.499636769
v -0.324417681 -0.0667459965 -0.509118915
v -0.293664515 -0.0598809719 -0.541657388
v -0.342975169 -0.076176405 -0.469403863
v -0.348007262 -0.0865545273 -0.426856309
v -0.324709207 -0.135972738 -0.47175315
v -0.354451716 -0.0233294964 -0.415047258
v -0.335330397 -0.0948803425 -0.386996567
v -0.31657216 -0.149606705 -0.395132959
v -0.327837199 -0.143790245 -0.431157351
v -0.299152285 -0.188292265 -0.429927498
v -0.287770927 0.520251036 -0.219313353
v -0.254543453 0.552711248 -0.218889385
v -0.25985536 0.541481256 -0.201635629
v -0.28321296 0.53182435 -0.236623228
v -0.275242597 0.541192532 -0.265971273
v -0.248284847 0.56000793 -0.252623677
v -0.214376584 0.56510365 -0.248634785
v -0.219198942 0.558693647 -0.21027419
v -0.180879444 0.557133675 -0.20491749
v -0.177412704 0.564617634 -0.243773922
v -0.174187392 0.556340814 -0.293492854
v -0.140698671 0.558007002 -0.240164608
v -0.210494235 0.55606699 -0.297388852
v -0.169527799 0.522435188 -0.346101493
v -0.132209271 0.518407464 -0.338781714
v -0.264799237 0.537273407 -0.295449853
v -0.13832517 0.551812053 -0.287149608
v -0.106458366 0.54142499 -0.281290412
v -0.107539564 0.54472959 -0.239930391
v -0.0990421474 0.508954763 -0.327667713
v -0.0767777264 0.4611094 -0.367609292
v -0.124844268 0.466485381 -0.388699532
v -0.254543453 0.552711248 -0.218889385
v -0.224822432 0.546560526 -0.191105217
v -0.25985536 0.541481256 -0.201635629
v -0.219198942 0.558693647 -0.21027419
v -0.180879444 0.557133675 -0.20491749
v -0.186262518 0.543757081 -0.18489641
v -0.147565663 0.534913778 -0.183885664
v -0.142666578 0.54852891 -0.203764245
v -0.140698671 0.558007002 -0.240164608
v -0.107641935 0.533376455 -0.207759351
v -0.112121731 0.521872878 -0.188949451
v -0.107539564 0.54472959 -0.239930391
v -0.115971059 0.497567892 -0.183500394
v -0.151691288 0.505881071 -0.178250521
v -0.147565663 0.534913778 -0.183885664
v -0.112121731 0.521872878 -0.188949451
v -0.0839627683 0.497535467 -0.20141606
v -0.107641935 0.533376455 -0.207759351
v -0.0789018571 0.507151246 -0.220788702
v -0.0595423281 0.465327382 -0.246738121
v -0.0671210289 0.454802752 -0.222613737
v -0.0559069216 0.400855303 -0.246989191
v -0.0850318968 0.448833704 -0.204717994
v -0.077421546 0.39224577 -0.223370761
v -0.0684906244 0.334319949 -0.24148874
v -0.109125853 0.386919141 -0.206520453
v -0.114181608 0.447811127 -0.191412017
v -0.0456233621 0.41289115 -0.277220249
v -0.0476120412 0.428497195 -0.313908517
v -0.0613899231 0.480017066 -0.278730422
v -0.080311358 0.520246148 -0.250356972
v -0.0332047641 0.354828954 -0.303847909
v -0.0358146429 0.370141625 -0.344749153
v -0.0258141756 0.309486032 -0.371430337
v -0.0446317494 0.342873931 -0.268989235
v -0.0344128907 0.283548236 -0.288041174
v -0.0223671496 0.294933558 -0.326594591
v -0.0131914914 0.236997366 -0.345433891
v -0.0263681114 0.225567937 -0.303572237
v -0.0199640095 0.164547205 -0.318023682
v -0.0540851355 0.218031168 -0.271397412
v -0.00577923656 0.176056504 -0.362396955
v -0.000231564045 0.107145786 -0.379514694
v -0.0600936711 0.275950432 -0.257891238
v -0.0975515246 0.27275908 -0.238265619
v -0.103176266 0.329210043 -0.222661734
v -0.145862222 0.327203631 -0.21342729
v -0.148673177 0.384873986 -0.197948158
v -0.151338398 0.450150609 -0.184580252
v -0.143283486 0.272518873 -0.229228988
v -0.141315162 0.216198921 -0.24356468
v -0.0934708416 0.215642095 -0.251762152
v -0.0904835463 0.154213428 -0.265079021
v -0.140104353 0.154763699 -0.257825494
v -0.13979888 0.0847340822 -0.273402542
v -0.0494706035 0.156713367 -0.284421623
v -0.045255363 0.0881464481 -0.299378037
v -0.0881395638 0.0848288536 -0.280143917
v -0.0865859091 0.0135521889 -0.29605937
v -0.139515847 0.0132534504 -0.289232194
v -0.0146670938 0.0960999727 -0.333836377
v -0.0121353865 0.0254848003 -0.349887371
v 0.00201404095 0.0361404419 -0.395481139
v -0.000479608774 -0.0310847759 -0.408990473
v -0.0140261352 -0.042039156 -0.365053117
v -0.021999687 -0.10343504 -0.378269106
v -0.00951382518 -0.0933086872 -0.419571817
v -0.0268898606 -0.149312258 -0.426754594
v -0.0377170444 -0.155664921 -0.388470858
v -0.0432660878 -0.0501959324 -0.331394076
v -0.0427502692 0.0174655914 -0.315343261
v -0.0485902727 -0.110480547 -0.346741468
v -0.0605096519 -0.159032345 -0.360596538
v -0.0629232228 -0.194809437 -0.396245122
v -0.0751855075 -0.186422586 -0.375218511
v -0.0595423281 0.465327382 -0.246738121
v -0.0789018571 0.507151246 -0.220788702
v -0.080311358 0.520246148 -0.250356972
v -0.107641935 0.533376455 -0.207759351
v -0.107539564 0.54472959 -0.239930391
v -0.106458366 0.54142499 -0.281290412
v -0.0861600339 0.521725774 -0.27955246
v -0.0740833282 0.495637417 -0.308927715
v -0.0990421474 0.508954763 -0.327667713
v -0.0613899231 0.480017066 -0.278730422
v -0.0767777264 0.4611094 -0.367609292
v -0.0476120412 0.428497195 -0.313908517
v -0.0620788336 0.444423199 -0.348700881
v -0.0519146919 0.385332108 -0.383573771
v -0.080958575 0.396919847 -0.412201762
v -0.0358146429 0.370141625 -0.344749153
v -0.0743505955 0.333456159 -0.445405602
v -0.0258141756 0.309486032 -0.371430337
v -0.0435450673 0.323546529 -0.413912654
v -0.0369232297 0.264249563 -0.440083861
v -0.0695262849 0.273028612 -0.473721236
v -0.0658630133 0.210137367 -0.497637004
v -0.0317754447 0.20198822 -0.462598383
v -0.0278273523 0.131310105 -0.481967211
v -0.0107319057 0.189582467 -0.4140535
v -0.0627378523 0.139281869 -0.517641187
v -0.0606426895 0.0666651726 -0.53249377
v -0.0174274147 0.251065373 -0.394129574
v -0.0131914914 0.236997366 -0.345433891
v -0.0223671496 0.294933558 -0.326594591
v -0.0332047641 0.354828954 -0.303847909
v -0.00577923656 0.176056504 -0.362396955
v -0.000231564045 0.107145786 -0.379514694
v -0.00580522418 0.119740248 -0.432408392
v -0.00354704261 0.0479605198 -0.447914422
v 0.00201404095 0.0361404419 -0.395481139
v -0.000479608774 -0.0310847759 -0.408990473
v -0.0255291164 0.058838129 -0.496985793
v -0.0253305137 -0.00880408287 -0.506449163
v -0.0600688756 -0.00151062012 -0.54095453
v -0.0619596839 -0.0641050339 -0.54240483
v -0.00485754013 -0.0193340778 -0.459291875
v -0.0114959776 -0.0809216499 -0.466669321
v -0.00951382518 -0.0933086872 -0.419571817
v -0.0268898606 -0.149312258 -0.426754594
v -0.0287198126 -0.0699589252 -0.510600507
v -0.0371856093 -0.122967958 -0.509683132
v -0.0672582388 -0.119977474 -0.536226869
v -0.0742776394 -0.165906429 -0.517368793
v -0.0515081584 -0.156562805 -0.501719236
v -0.0478826761 -0.176948547 -0.473611534
v -0.02522102 -0.135579824 -0.470175475
v -0.0532842278 -0.192513227 -0.432407737
v -0.0629232228 -0.194809437 -0.396245122
v -0.0377170444 -0.155664921 -0.388470858
v -0.0893734396 -0.216329098 -0.438400626
v -0.132275045 -0.226581573 -0.44485876
v -0.142419457 -0.226929188 -0.407362878
v -0.0993636847 -0.216948986 -0.402178824
v -0.0629232228 -0.194809437 -0.396245122
v -0.0532842278 -0.192513227 -0.432407737
v -0.0478826761 -0.176948547 -0.473611534
v -0.0813302994 -0.198669195 -0.480778724
v -0.0742776394 -0.165906429 -0.517368793
v -0.0619596839 -0.0641050339 -0.54240483
v -0.109241962 -0.120991468 -0.552510858
v -0.0672582388 -0.119977474 -0.536226869
v -0.105619043 -0.0611054897 -0.562933922
v -0.104290605 0.00327968597 -0.56311214
v -0.154101342 -0.0587074757 -0.573039591
v -0.0600688756 -0.00151062012 -0.54095453
v -0.0606426895 0.0666651726 -0.53249377
v -0.156938434 -0.120392323 -0.561238885
v -0.20550862 -0.118522406 -0.562595129
v -0.162132382 -0.172686815 -0.536225796
v -0.115051508 -0.171394348 -0.528910577
v -0.209389746 -0.169998884 -0.539373636
v -0.250694007 -0.16354537 -0.538412929
v -0.250113308 -0.115723372 -0.556763649
v -0.252046198 -0.057199955 -0.562675595
v -0.204034418 -0.057281971 -0.572895765
v -0.203841031 0.00732350349 -0.571680486
v -0.253177762 0.00612711906 -0.558853626
v -0.253937602 0.073313117 -0.547361732
v -0.153213292 0.00629925728 -0.573227108
v -0.153794587 0.0746479034 -0.564312816
v -0.204566866 0.0751550198 -0.561621368
v -0.205849349 0.146073222 -0.545390189
v -0.254755676 0.143414259 -0.530264318
v -0.254506588 0.212692499 -0.5090608
v -0.104770094 0.0718115568 -0.554811835
v -0.106572002 0.144137263 -0.539798737
v -0.0627378523 0.139281869 -0.517641187
v -0.0658630133 0.210137367 -0.497637004
v -0.155365229 0.146357298 -0.548808455
v -0.156963259 0.216621161 -0.528063893
v -0.206594527 0.215870738 -0.524383843
v -0.205708027 0.280340195 -0.499998868
v -0.252065241 0.277410269 -0.485250354
v -0.249000013 0.340465546 -0.457523793
v -0.108942866 0.214768291 -0.519386411
v -0.111129791 0.278217673 -0.49488759
v -0.0695262849 0.273028612 -0.473721236
v -0.0743505955 0.333456159 -0.445405602
v -0.15762648 0.280632019 -0.503429115
v -0.158564538 0.343070507 -0.473907411
v -0.204608887 0.343309522 -0.471063077
v -0.20471631 0.408606529 -0.436404765
v -0.246879607 0.4047575 -0.42457211
v -0.245183647 0.465398908 -0.386097759
v -0.205815285 0.470150232 -0.395478189
v -0.164704204 0.470620751 -0.396228194
v -0.20769088 0.521859884 -0.347738028
v -0.169527799 0.522435188 -0.346101493
v -0.132209271 0.518407464 -0.338781714
v -0.124844268 0.466485381 -0.388699532
v -0.118723452 0.404737353 -0.430541635
v -0.0767777264 0.4611094 -0.367609292
v -0.080958575 0.396919847 -0.412201762
v -0.160986841 0.408616304 -0.438501954
v -0.114075556 0.339776754 -0.465530217
v -0.109241962 -0.120991468 -0.552510858
v -0.115051508 -0.171394348 -0.528910577
v -0.0742776394 -0.165906429 -0.517368793
v -0.0672582388 -0.119977474 -0.536226869
v 0.476592898 -0.180546522 0.319052935
v 0.449018061 -0.16323185 0.298888892
v 0.416118413 -0.174520969 0.327942997
v 0.445241094 -0.192990065 0.3495408
v 0.416118413 -0.174520969 0.327942997
v 0.414414734 -0.197911739 0.379967928
v 0.445241094 -0.192990065 0.3495408
v 0.385270923 -0.180036783 0.35764122
v 0.360375673 -0.17972827 0.386583388
v 0.353319883 -0.137876987 0.345130026
v 0.32844913 -0.142409801 0.38263008
v 0.414414734 -0.197911739 0.379967928
v 0.442417562 -0.1948843 0.408824861
v 0.474975646 -0.190026522 0.375994802
v 0.445241094 -0.192990065 0.3495408
v 0.476592898 -0.180546522 0.319052935
v 0.506834984 -0.177365303 0.343224794
v 0.534538805 -0.158011436 0.314151049
v 0.505228877 -0.161403894 0.290878177
v 0.480068117 -0.146218538 0.271880388
v 0.449018061 -0.16323185 0.298888892
v 0.525991321 -0.131873131 0.267422885
v 0.554679632 -0.126924753 0.291053444
v 0.502305388 -0.126737356 0.25873816
v 0.499921113 -0.097025156 0.241682068
v 0.464222401 -0.110164642 0.253326893
v 0.353319883 -0.137876987 0.345130026
v 0.298007697 -0.0907104015 0.385368586
v 0.32844913 -0.142409801 0.38263008
v 0.323667675 -0.0827424526 0.338820666
v 0.30142048 -0.0259439945 0.335099578
v 0.362252533 -0.0765590668 0.296828091
v 0.275483251 -0.0328094959 0.384066105
v 0.256274879 0.03023839 0.379539728
v 0.387995988 -0.132017374 0.309777915
v 0.426842123 -0.123292685 0.278526038
v 0.416118413 -0.174520969 0.327942997
v 0.385270923 -0.180036783 0.35764122
v 0.449018061 -0.16323185 0.298888892
v 0.480068117 -0.146218538 0.271880388
v 0.464222401 -0.110164642 0.253326893
v 0.450409234 -0.0595183372 0.23835887
v 0.406815469 -0.0696537495 0.262353361
v 0.385687977 -0.0112397671 0.254760265
v 0.431346059 -0.000555038452 0.230117276
v 0.408889264 0.0644973516 0.225742951
v 0.34026745 -0.0192284584 0.290875971
v 0.319564074 0.0424604416 0.287716836
v 0.363573343 0.0524256229 0.251218826
v 0.340584636 0.121819615 0.247201547
v 0.384895861 0.133410811 0.222376511
v 0.361146271 0.200318336 0.219929531
v 0.282063842 0.0349490643 0.331677079
v 0.26108411 0.102367163 0.326262861
v 0.235781789 0.0973781347 0.372606277
v 0.216002852 0.164001822 0.364165604
v 0.297666192 0.110992908 0.283145905
v 0.276178956 0.178925276 0.277912617
v 0.317999303 0.189797282 0.243227318
v 0.297094882 0.249215126 0.239814982
v 0.339420766 0.259353399 0.218313575
v 0.317538023 0.313939571 0.216680124
v 0.240556449 0.169670582 0.319665521
v 0.222556412 0.230219126 0.312692761
v 0.198936909 0.225501299 0.355117589
v 0.182793826 0.282739282 0.345834076
v 0.256707877 0.238813639 0.272766709
v 0.237838417 0.293591142 0.267188728
v 0.276507556 0.303476214 0.236177236
v 0.254872978 0.355984211 0.2315263
v 0.293316245 0.367501616 0.214181364
v 0.268285781 0.422210336 0.211591735
v 0.205333233 0.286079764 0.305234313
v 0.187135875 0.339320302 0.297179222
v 0.165783405 0.336577415 0.336686432
v 0.148193479 0.392786026 0.327469945
v 0.21815595 0.346189737 0.260659128
v 0.198048145 0.402649879 0.25511694
v 0.232693791 0.411357641 0.227625623
v 0.210472316 0.474215388 0.226238444
v 0.243976533 0.480236888 0.209686071
v 0.228587449 0.528240085 0.210313767
v 0.168498278 0.396366119 0.289815187
v 0.14995423 0.463643432 0.284429908
v 0.130311787 0.457134485 0.317979366
v 0.11846602 0.51196909 0.312250435
v 0.177903026 0.46901083 0.252501309
v 0.164839894 0.526866555 0.253320515
v 0.196035892 0.528387308 0.228005052
v 0.197211981 0.557701826 0.233565748
v 0.230317414 0.552880168 0.215324208
v 0.165978372 0.557810783 0.258083165
v 0.139080763 0.552142859 0.285969853
v 0.118983835 0.53963542 0.314318836
v 0.137987345 0.521964788 0.282616764
v 0.414414734 -0.197911739 0.379967928
v 0.385270923 -0.180036783 0.35764122
v 0.360375673 -0.17972827 0.386583388
v 0.387355119 -0.194488049 0.407960713
v 0.3605932 -0.177058697 0.433503628
v 0.412616849 -0.190829039 0.438078821
v 0.442417562 -0.1948843 0.408824861
v 0.345942557 -0.16946888 0.412754953
v 0.319017589 -0.143732548 0.420404941
v 0.32844913 -0.142409801 0.38263008
v 0.298007697 -0.0907104015 0.385368586
v 0.384223253 -0.17161417 0.464351118
v 0.355886787 -0.130992889 0.488236427
v 0.411175132 -0.156237602 0.491748422
v 0.439389229 -0.17289257 0.468254089
v 0.330659062 -0.139962435 0.456581652
v 0.301693201 -0.0886592865 0.471755654
v 0.289330244 -0.0946278572 0.431378126
v 0.266330361 -0.0352296829 0.432115316
v 0.275483251 -0.0328094959 0.384066105
v 0.256274879 0.03023839 0.379539728
v 0.246397376 0.0303034782 0.426456571
v 0.256631553 0.0371184349 0.467579067
v 0.225910813 0.0978136063 0.418242127
v 0.235622942 0.105461001 0.45923692
v 0.261361063 0.117205739 0.493298709
v 0.215578824 0.17286396 0.449038833
v 0.277836204 -0.0286102295 0.473586679
v 0.305335432 -0.0166363716 0.506571412
v 0.283220261 0.0483403206 0.501074791
v 0.322406113 0.0616258383 0.525111318
v 0.329094946 -0.0767416954 0.504166007
v 0.365533859 -0.0628116131 0.526273608
v 0.344162822 -0.00299286842 0.529159665
v 0.389677793 0.0111868382 0.538847327
v 0.387213796 -0.116718054 0.512445807
v 0.422868848 -0.102431297 0.523365259
v 0.431421757 -0.134843588 0.504991651
v 0.458575636 -0.140487909 0.495080173
v 0.40767929 -0.048810482 0.535181403
v 0.452201277 -0.0366797447 0.527991652
v 0.461079627 -0.0934245586 0.515150547
v 0.368864447 0.0758628845 0.536576629
v 0.417269737 0.0899393559 0.532358587
v 0.345238686 0.143520951 0.530582547
v 0.437240273 0.0247688293 0.533129334
v 0.483168334 0.0370209217 0.514675617
v 0.495777249 -0.0260088444 0.508070529
v 0.299568892 0.129932642 0.518135667
v 0.276823252 0.197864771 0.508338809
v 0.320939898 0.210811138 0.521047711
v 0.29810673 0.274384737 0.508154452
v 0.255342066 0.261358976 0.495826602
v 0.220128626 0.248696566 0.471390128
v 0.233758569 0.322276473 0.480213344
v 0.240187675 0.185483336 0.483363569
v 0.197267801 0.235774279 0.437463462
v 0.178181052 0.226210833 0.397345901
v 0.179747462 0.295052171 0.424533725
v 0.200505286 0.308642626 0.456865281
v 0.180638134 0.367118001 0.439275801
v 0.210706413 0.382477641 0.461113691
v 0.186168849 0.440357804 0.436885834
v 0.159672558 0.42421937 0.41657269
v 0.143508732 0.40752697 0.392522216
v 0.136754781 0.4800421 0.386705756
v 0.162074983 0.351558089 0.410272926
v 0.156596899 0.339982867 0.375583559
v 0.139181197 0.395356894 0.363299668
v 0.120815903 0.455609322 0.347945154
v 0.148193479 0.392786026 0.327469945
v 0.130311787 0.457134485 0.317979366
v 0.11846602 0.51196909 0.312250435
v 0.12330687 0.465193033 0.369122744
v 0.1117163 0.513061047 0.342309892
v 0.114599049 0.495621681 0.334288955
v 0.118983835 0.53963542 0.314318836
v 0.131340146 0.552037358 0.326382726
v 0.123453945 0.525632739 0.354900867
v 0.145453483 0.537000179 0.374885648
v 0.160128981 0.494312525 0.405888617
v 0.155009359 0.561078429 0.350640357
v 0.556471109 0.0548882484 0.44904381
v 0.538374662 0.121484399 0.450828612
v 0.560432255 0.125834227 0.406484812
v 0.57863152 0.0596089363 0.404815882
v 0.589681923 -0.00183010101 0.399632752
v 0.586485744 0.0595977306 0.355939925
v 0.567321241 -0.00819993019 0.442012072
v 0.569425106 -0.0675706863 0.428643525
v 0.592265964 -0.0575885773 0.391127348
v 0.60043323 -0.0543029308 0.351879716
v 0.58408308 -0.104233265 0.374644876
v 0.59771204 -0.000724315643 0.353971422
v 0.586956382 -0.00832772255 0.307352632
v 0.590761065 -0.0903532505 0.349877715
v 0.580600977 -0.10988903 0.322787523
v 0.562832177 -0.138331413 0.345529675
v 0.534538805 -0.158011436 0.314151049
v 0.554679632 -0.126924753 0.291053444
v 0.563848734 -0.079064846 0.276212096
v 0.525991321 -0.131873131 0.267422885
v 0.588523269 -0.0646026134 0.311691225
v 0.533722281 -0.088265419 0.251093149
v 0.530163169 -0.0340268612 0.239929974
v 0.499921113 -0.097025156 0.241682068
v 0.491902441 -0.0472705364 0.229374543
v 0.475661725 0.0124487877 0.2211283
v 0.562683821 -0.0207314491 0.266948342
v 0.551822424 0.0417740345 0.260583162
v 0.517055571 0.0273945332 0.231974095
v 0.496896088 0.0934194326 0.22674562
v 0.45387575 0.0782903433 0.216011107
v 0.429221392 0.146412373 0.213090673
v 0.576257765 0.0530805588 0.304883569
v 0.557950675 0.11881578 0.303005546
v 0.533178329 0.107667089 0.25629431
v 0.508665442 0.17616272 0.253259659
v 0.472182035 0.161469579 0.223764226
v 0.445856899 0.226800084 0.222334385
v 0.404229075 0.212111712 0.211728781
v 0.381429225 0.270684719 0.211287037
v 0.56807965 0.125369787 0.356521606
v 0.543818474 0.195299149 0.35445258
v 0.53640157 0.195952535 0.404447436
v 0.508818984 0.264042497 0.398671746
v 0.533558607 0.188070774 0.300439507
v 0.505744159 0.254802227 0.296920568
v 0.516006291 0.263045311 0.349647164
v 0.486947477 0.322267413 0.342019111
v 0.479964018 0.324183822 0.389125943
v 0.448034763 0.381595492 0.376438111
v 0.481278956 0.241868734 0.250985354
v 0.45401448 0.299393535 0.24897781
v 0.477169871 0.312965751 0.292183608
v 0.446189046 0.367725253 0.285846233
v 0.455106974 0.378214598 0.331968606
v 0.418950319 0.436135888 0.319895476
v 0.411229104 0.441495299 0.361235976
v 0.370242238 0.498045325 0.3420403
v 0.420864165 0.284665585 0.221760303
v 0.394512713 0.339186788 0.220918953
v 0.424813509 0.353568673 0.246140108
v 0.391617686 0.409225583 0.241375089
v 0.411155045 0.424244404 0.277526557
v 0.372663468 0.478056669 0.266649485
v 0.379188031 0.490960717 0.304916143
v 0.336530834 0.537618518 0.286146581
v 0.325769395 0.545405865 0.317371905
v 0.286239088 0.574688315 0.288388252
v 0.357887328 0.325627565 0.210869968
v 0.330668539 0.380436659 0.20958221
v 0.317538023 0.313939571 0.216680124
v 0.293316245 0.367501616 0.214181364
v 0.268285781 0.422210336 0.211591735
v 0.364112258 0.394483805 0.218686864
v 0.331377327 0.448189139 0.214548931
v 0.3020913 0.434667468 0.207178399
v 0.274473995 0.487876177 0.203413561
v 0.355212092 0.462682724 0.234205246
v 0.316381991 0.510260344 0.224152789
v 0.298022896 0.497935534 0.207989961
v 0.264264435 0.535555363 0.205938801
v 0.255220771 0.519514918 0.205073804
v 0.228587449 0.528240085 0.210313767
v 0.230317414 0.552880168 0.215324208
v 0.242902905 0.565390706 0.22915563
v 0.277991027 0.546361685 0.219656646
v 0.292110026 0.559299231 0.245752677
v 0.260080218 0.577005148 0.256246626
v 0.331309676 0.524695754 0.252639234
v 0.304706752 0.559924364 0.272765785
v 0.186168849 0.440357804 0.436885834
v 0.159672558 0.42421937 0.41657269
v 0.136754781 0.4800421 0.386705756
v 0.160128981 0.494312525 0.405888617
v 0.189265728 0.508260846 0.417965591
v 0.145453483 0.537000179 0.374885648
v 0.17193535 0.53595674 0.391945153
v 0.185920149 0.555024862 0.381715417
v 0.155009359 0.561078429 0.350640357
v 0.21914798 0.456111193 0.448036134
v 0.247867763 0.397676706 0.472268581
v 0.254760861 0.471649528 0.444597304
v 0.210706413 0.382477641 0.461113691
v 0.233758569 0.322276473 0.480213344
v 0.220000744 0.522143841 0.414231241
v 0.250586808 0.534360409 0.398609102
v 0.211959809 0.566289902 0.363946557
v 0.274496913 0.336065412 0.491896689
v 0.317709625 0.350119472 0.489234269
v 0.29810673 0.274384737 0.508154452
v 0.255342066 0.261358976 0.495826602
v 0.287709892 0.412755966 0.46922332
v 0.326953769 0.425997019 0.454487324
v 0.290191829 0.485114813 0.429638475
v 0.322625667 0.494650126 0.406228602
v 0.279275924 0.54330945 0.375023574
v 0.304769784 0.547491312 0.346827
v 0.343621314 0.288396239 0.505755544
v 0.367991 0.225126147 0.518573225
v 0.38804996 0.301712871 0.490793109
v 0.320939898 0.210811138 0.521047711
v 0.345238686 0.143520951 0.530582547
v 0.359897971 0.362899184 0.474443048
v 0.397563636 0.372864246 0.44974035
v 0.3623209 0.435682058 0.430570185
v 0.391262323 0.441089034 0.398982763
v 0.34999755 0.49928391 0.376363844
v 0.370242238 0.498045325 0.3420403
v 0.325769395 0.545405865 0.317371905
v 0.286239088 0.574688315 0.288388252
v 0.262941867 0.577886939 0.312979341
v 0.411229104 0.441495299 0.361235976
v 0.448034763 0.381595492 0.376438111
v 0.427883506 0.379325628 0.416585237
v 0.459180206 0.32041347 0.431073576
v 0.479964018 0.324183822 0.389125943
v 0.508818984 0.264042497 0.398671746
v 0.427555859 0.312654138 0.465430856
v 0.45470801 0.250771284 0.47717613
v 0.487335265 0.259411812 0.441884547
v 0.514531255 0.191380739 0.448455751
v 0.53640157 0.195952535 0.404447436
v 0.560432255 0.125834227 0.406484812
v 0.538374662 0.121484399 0.450828612
v 0.505272865 0.11359489 0.487485379
v 0.556471109 0.0548882484 0.44904381
v 0.413929462 0.239037037 0.503190875
v 0.440056682 0.171469927 0.511289477
v 0.481431127 0.182933569 0.484509975
v 0.393363714 0.157849431 0.527473807
v 0.417269737 0.0899393559 0.532358587
v 0.368864447 0.0758628845 0.536576629
v 0.463960201 0.102851152 0.515110433
v 0.483168334 0.0370209217 0.514675617
v 0.523781061 0.0472095013 0.486155212
v 0.535085022 -0.0163874626 0.478784323
v 0.567321241 -0.00819993019 0.442012072
v 0.495777249 -0.0260088444 0.508070529
v 0.499882936 -0.0862257481 0.493381023
v 0.452201277 -0.0366797447 0.527991652
v 0.569425106 -0.0675706863 0.428643525
v 0.461079627 -0.0934245586 0.515150547
v 0.537314296 -0.0773620605 0.463636816
v 0.528065383 -0.129911661 0.440391719
v 0.492575675 -0.137658834 0.470901668
v 0.458575636 -0.140487909 0.495080173
v 0.422868848 -0.102431297 0.523365259
v 0.268285781 0.422210336 0.211591735
v 0.274473995 0.487876177 0.203413561
v 0.243976533 0.480236888 0.209686071
v 0.228587449 0.528240085 0.210313767
v 0.255220771 0.519514918 0.205073804
v 0.131340146 0.552037358 0.326382726
v 0.152655512 0.565525413 0.299494922
v 0.178132266 0.573459744 0.328197747
v 0.139080763 0.552142859 0.285969853
v 0.179642826 0.572366595 0.272580266
v 0.165978372 0.557810783 0.258083165
v 0.197211981 0.557701826 0.233565748
v 0.210369557 0.572381139 0.248260126
v 0.231877416 0.582646728 0.277427465
v 0.204158187 0.581056833 0.30260241
v 0.237908006 0.57449913 0.339599997
v 0.262941867 0.577886939 0.312979341
v 0.286239088 0.574688315 0.288388252
v 0.260080218 0.577005148 0.256246626
v 0.242902905 0.565390706 0.22915563
v 0.230317414 0.552880168 0.215324208
v 0.131340146 0.552037358 0.326382726
v 0.178132266 0.573459744 0.328197747
v 0.155009359 0.561078429 0.350640357
v 0.185920149 0.555024862 0.381715417
v 0.211959809 0.566289902 0.363946557
v 0.237908006 0.57449913 0.339599997
v 0.250586808 0.534360409 0.398609102
v 0.279275924 0.54330945 0.375023574
v 0.304769784 0.547491312 0.346827
v 0.262941867 0.577886939 0.312979341
v 0.204158187 0.581056833 0.30260241
v 0.179642826 0.572366595 0.272580266
v 0.152655512 0.565525413 0.299494922
v 0.499921113 -0.097025156 0.241682068
v 0.450409234 -0.0595183372 0.23835887
v 0.464222401 -0.110164642 0.253326893
v 0.491902441 -0.0472705364 0.229374543
v 0.475661725 0.0124487877 0.2211283
v 0.431346059 -0.000555038452 0.230117276
v 0.408889264 0.0644973516 0.225742951
v 0.45387575 0.0782903433 0.216011107
v 0.429221392 0.146412373 0.213090673
v 0.384895861 0.133410811 0.222376511
v 0.361146271 0.200318336 0.219929531
v 0.404229075 0.212111712 0.211728781
v 0.381429225 0.270684719 0.211287037
v 0.339420766 0.259353399 0.218313575
v 0.317538023 0.313939571 0.216680124
v 0.225910813 0.0978136063 0.418242127
v 0.246397376 0.0303034782 0.426456571
v 0.256274879 0.03023839 0.379539728
v 0.235781789 0.0973781347 0.372606277
v 0.216002852 0.164001822 0.364165604
v 0.206387162 0.164279342 0.408320963
v 0.215578824 0.17286396 0.449038833
v 0.235622942 0.105461001 0.45923692
v 0.178181052 0.226210833 0.397345901
v 0.198936909 0.225501299 0.355117589
v 0.182793826 0.282739282 0.345834076
v 0.173254132 0.285189629 0.386447251
v 0.179747462 0.295052171 0.424533725
v 0.156596899 0.339982867 0.375583559
v 0.165783405 0.336577415 0.336686432
v 0.148193479 0.392786026 0.327469945
v 0.139181197 0.395356894 0.363299668
v 0.411175132 -0.156237602 0.491748422
v 0.431421757 -0.134843588 0.504991651
v 0.458575636 -0.140487909 0.495080173
v 0.439389229 -0.17289257 0.468254089
v 0.470945925 -0.174339294 0.440926075
v 0.492575675 -0.137658834 0.470901668
v 0.412616849 -0.190829039 0.438078821
v 0.442417562 -0.1948843 0.408824861
v 0.528065383 -0.129911661 0.440391719
v 0.474975646 -0.190026522 0.375994802
v 0.504934788 -0.168233156 0.408728093
v 0.537011743 -0.155816793 0.375611991
v 0.506834984 -0.177365303 0.343224794
v 0.534538805 -0.158011436 0.314151049
v 0.562832177 -0.138331413 0.345529675
v 0.58408308 -0.104233265 0.374644876
v 0.560187221 -0.118388891 0.407117128
v 0.569425106 -0.0675706863 0.428643525
v 0.592265964 -0.0575885773 0.391127348
v 0.570418835 -0.153358221 0.0298326537
v 0.609311759 -0.152433872 0.0459210798
v 0.602064133 -0.202844143 0.0561025366
v 0.568160176 -0.206476688 0.0426260382
v 0.53486222 -0.214906931 0.0190960094
v 0.575416028 -0.247175694 0.046200715
v 0.545577049 -0.259679794 0.0240694731
v 0.515938461 -0.270108461 -0.0067371428
v 0.564685345 -0.292904615 0.018260859
v 0.533271551 -0.158155918 0.00377806276
v 0.541535914 -0.088996172 -0.0214472935
v 0.580623448 -0.0882878304 0.00716291368
v 0.594917059 -0.0251672268 -0.0200281069
v 0.500419259 -0.165517092 -0.0296441019
v 0.503852367 -0.223858833 -0.0125934333
v 0.478247821 -0.232494116 -0.04856731
v 0.490154713 -0.277328968 -0.0418279171
v 0.474432707 -0.175000429 -0.0671643019
v 0.507178962 -0.0941166878 -0.0570182726
v 0.521712422 -0.025822401 -0.0877289996
v 0.556574106 -0.0225465298 -0.0504634716
v 0.575305164 0.0260736942 -0.0771556199
v 0.60670954 0.0128614902 -0.042478729
v 0.642834544 0.0164065361 -0.0275751092
v 0.62711972 0.0526702404 -0.0700262561
v 0.646746874 0.0401790142 -0.0506295599
v 0.541601479 0.0232021809 -0.114790075
v 0.513266325 0.0142605305 -0.153578192
v 0.494259119 -0.0346632004 -0.127318814
v 0.565803468 0.0549824238 -0.139762819
v 0.59784627 0.0576937199 -0.101750776
v 0.624314308 0.0731445551 -0.124476321
v 0.650865912 0.0656872988 -0.0890686736
v 0.536456347 0.045535326 -0.177518636
v 0.56272161 0.0613274574 -0.20191592
v 0.593275666 0.0715441704 -0.1642088
v 0.515270352 0.0303506851 -0.208474189
v 0.495235056 2.0980835E-05 -0.187809646
v 0.489337623 -0.0147616863 -0.218594193
v 0.505966961 0.0114710331 -0.22591579
v 0.564685345 -0.292904615 0.018260859
v 0.545577049 -0.259679794 0.0240694731
v 0.575416028 -0.247175694 0.046200715
v 0.593755245 -0.274986744 0.0412137061
v 0.615708947 -0.293090343 0.0309651643
v 0.61845535 -0.247955799 0.0547307208
v 0.642328203 -0.26072216 0.0464496836
v 0.663535535 -0.217576504 0.051324673
v 0.634892464 -0.208286524 0.0576304868
v 0.661390424 -0.270051718 0.035354495
v 0.633808851 -0.304664612 0.018755272
v 0.604034007 -0.32929635 -0.00664470345
v 0.646901131 -0.309898376 0.00733780861
v 0.679987788 -0.277211189 0.0163371488
v 0.617309093 -0.334273577 -0.018534869
v 0.587262154 -0.348813057 -0.0510791168
v 0.586175025 -0.315727949 0.00643485785
v 0.551689327 -0.320525646 -0.0212681219
v 0.573959827 -0.343915462 -0.0389916971
v 0.545613647 -0.347889185 -0.0758868679
v 0.558803439 -0.352873325 -0.0878763646
v 0.53397572 -0.345811605 -0.126508504
v 0.521022916 -0.340581656 -0.114931107
v 0.500846684 -0.321002245 -0.155097961
v 0.504818499 -0.328483343 -0.10049881
v 0.535139441 -0.305231571 -0.0129463598
v 0.515938461 -0.270108461 -0.0067371428
v 0.508320928 -0.310947895 -0.0486001819
v 0.490154713 -0.277328968 -0.0418279171
v 0.528291941 -0.334189415 -0.0621859804
v 0.48743403 -0.309035301 -0.0848930925
v 0.478233993 -0.298832655 -0.112760223
v 0.486374915 -0.310337067 -0.138560712
v 0.619209588 -0.0179243088 -0.235856265
v 0.607274473 -0.0788886547 -0.215826303
v 0.644146204 -0.0693428516 -0.170600638
v 0.654396236 -0.00832009315 -0.193003669
v 0.660491347 0.0339345932 -0.20743458
v 0.688646197 -0.00387096405 -0.148036644
v 0.627220809 0.024030447 -0.247416243
v 0.597283423 0.00633883476 -0.277815431
v 0.587633908 -0.033107996 -0.27009657
v 0.56252569 -0.0464909077 -0.294115782
v 0.576746464 -0.014383316 -0.291838199
v 0.546741605 -0.0506925583 -0.306305617
v 0.62844038 0.0450034142 -0.251468837
v 0.598359883 0.0244810581 -0.280401498
v 0.576746464 -0.014383316 -0.291838199
v 0.562807381 -0.00230526924 -0.296449125
v 0.546741605 -0.0506925583 -0.306305617
v 0.661077738 0.0556600094 -0.212783754
v 0.692054927 0.0569417477 -0.170351624
v 0.692449331 0.0364348888 -0.164479047
v 0.718448639 0.0319149494 -0.125158697
v 0.71067971 0.0569777489 -0.126304016
v 0.734898686 0.0302948952 -0.0932900012
v 0.737021923 -0.0051240921 -0.0765730888
v 0.717411578 -0.0041513443 -0.107453004
v 0.712171853 -0.0579359531 -0.0824115723
v 0.680475414 -0.0624837875 -0.124188863
v 0.667765975 -0.137913227 -0.0961003006
v 0.631094933 -0.147373199 -0.14133434
v 0.618183911 -0.22521925 -0.111565351
v 0.734796703 -0.0544757843 -0.0499886908
v 0.72510463 -0.120497227 -0.0236214101
v 0.74061209 -0.0465607643 -0.0207237303
v 0.739163637 0.00181102753 -0.0519873314
v 0.734898686 0.0302948952 -0.0932900012
v 0.732581675 -0.110550404 0.00611574762
v 0.720428586 -0.181324959 0.0138820652
v 0.700857699 -0.128515005 -0.0553860515
v 0.68649137 -0.199933767 -0.0317804143
v 0.710704029 -0.187914133 -0.00272983313
v 0.69435358 -0.241451263 0.00742783397
v 0.702098548 -0.234997511 0.0211078338
v 0.679987788 -0.277211189 0.0163371488
v 0.660324097 -0.293799162 -0.0076988861
v 0.653686166 -0.213622808 -0.0693615973
v 0.641402483 -0.273079395 -0.0495640896
v 0.67209518 -0.256239176 -0.016999688
v 0.608354568 -0.285689354 -0.0876548067
v 0.600882769 -0.326471329 -0.0701839179
v 0.575954497 -0.293269634 -0.127598137
v 0.582940698 -0.23424983 -0.154582754
v 0.631621122 -0.313305616 -0.0357081592
v 0.617309093 -0.334273577 -0.018534869
v 0.646901131 -0.309898376 0.00733780861
v 0.679987788 -0.277211189 0.0163371488
v 0.587262154 -0.348813057 -0.0510791168
v 0.558803439 -0.352873325 -0.0878763646
v 0.571156621 -0.332369804 -0.107487671
v 0.545489669 -0.330072165 -0.14397952
v 0.547206104 -0.295020342 -0.165720373
v 0.53397572 -0.345811605 -0.126508504
v 0.524203956 -0.294530869 -0.195026264
v 0.522051573 -0.327175379 -0.171060503
v 0.457881689 -0.186165333 -0.105513491
v 0.452000558 -0.19913435 -0.142863423
v 0.459685147 -0.131801367 -0.172133222
v 0.464615375 -0.116610289 -0.134700358
v 0.480542034 -0.103404045 -0.0959644914
v 0.478141665 -0.0487384796 -0.164727107
v 0.47354129 -0.0645627975 -0.199804008
v 0.474432707 -0.175000429 -0.0671643019
v 0.478247821 -0.232494116 -0.04856731
v 0.461166143 -0.239974976 -0.0849509016
v 0.500419259 -0.165517092 -0.0296441019
v 0.507178962 -0.0941166878 -0.0570182726
v 0.521712422 -0.025822401 -0.0877289996
v 0.494259119 -0.0346632004 -0.127318814
v 0.513266325 0.0142605305 -0.153578192
v 0.495235056 2.0980835E-05 -0.187809646
v 0.489337623 -0.0147616863 -0.218594193
v 0.53397572 -0.345811605 -0.126508504
v 0.522051573 -0.327175379 -0.171060503
v 0.500846684 -0.321002245 -0.155097961
v 0.497599095 -0.294348717 -0.20802477
v 0.485745043 -0.288159132 -0.195360959
v 0.473533362 -0.27752161 -0.174415782
v 0.486374915 -0.310337067 -0.138560712
v 0.504818499 -0.328483343 -0.10049881
v 0.521022916 -0.340581656 -0.114931107
v 0.478233993 -0.298832655 -0.112760223
v 0.461016119 -0.263137102 -0.149076223
v 0.454718411 -0.249217272 -0.119276509
v 0.464917004 -0.276037693 -0.10471224
v 0.471879721 -0.280208588 -0.0768111199
v 0.461166143 -0.239974976 -0.0849509016
v 0.48743403 -0.309035301 -0.0848930925
v 0.478247821 -0.232494116 -0.04856731
v 0.508320928 -0.310947895 -0.0486001819
v 0.490154713 -0.277328968 -0.0418279171
v 0.512528002 -0.106688976 -0.302368134
v 0.56252569 -0.0464909077 -0.294115782
v 0.546741605 -0.0506925583 -0.306305617
v 0.546324492 -0.102565527 -0.282871634
v 0.532547414 -0.174264193 -0.257929564
v 0.573949516 -0.0914981365 -0.254045695
v 0.511616945 -0.178431511 -0.27705425
v 0.587633908 -0.033107996 -0.27009657
v 0.619209588 -0.0179243088 -0.235856265
v 0.607274473 -0.0788886547 -0.215826303
v 0.594282806 -0.156893492 -0.186363563
v 0.644146204 -0.0693428516 -0.170600638
v 0.631094933 -0.147373199 -0.14133434
v 0.618183911 -0.22521925 -0.111565351
v 0.582940698 -0.23424983 -0.154582754
v 0.550912619 -0.240240574 -0.194604486
v 0.575954497 -0.293269634 -0.127598137
v 0.547206104 -0.295020342 -0.165720373
v 0.504819393 -0.24668169 -0.244371384
v 0.524203956 -0.294530869 -0.195026264
v 0.497599095 -0.294348717 -0.20802477
v 0.560768247 -0.166470766 -0.226464063
v 0.524179101 -0.244086266 -0.226308376
v 0.624314308 0.0731445551 -0.124476321
v 0.675583005 0.0673084259 -0.104506128
v 0.650865912 0.0656872988 -0.0890686736
v 0.650239885 0.0770479441 -0.143903539
v 0.671153724 0.0740293264 -0.15860334
v 0.61967212 0.0765863657 -0.185495943
v 0.696171522 0.0636863708 -0.117332362
v 0.71067971 0.0569777489 -0.126304016
v 0.692054927 0.0569417477 -0.170351624
v 0.661077738 0.0556600094 -0.212783754
v 0.593275666 0.0715441704 -0.1642088
v 0.565803468 0.0549824238 -0.139762819
v 0.56272161 0.0613274574 -0.20191592
v 0.588041246 0.0656290054 -0.223538384
v 0.608394444 0.0624319315 -0.239154652
v 0.640646458 0.0738084316 -0.200992063
v 0.62844038 0.0450034142 -0.251468837
v 0.598359883 0.0244810581 -0.280401498
v 0.702098548 -0.234997511 0.0211078338
v 0.679987788 -0.277211189 0.0163371488
v 0.661390424 -0.270051718 0.035354495
v 0.684884608 -0.225488663 0.0412992798
v 0.70399791 -0.170499086 0.0354792587
v 0.663535535 -0.217576504 0.051324673
v 0.720428586 -0.181324959 0.0138820652
v 0.732581675 -0.110550404 0.00611574762
v 0.680392623 -0.163571835 0.0445727482
v 0.647400081 -0.156694651 0.0494439527
v 0.693961263 -0.0986258984 0.0251768865
v 0.634892464 -0.208286524 0.0576304868
v 0.718436182 -0.104605675 0.0167842116
v 0.726000309 -0.0409314632 -0.0105992146
v 0.74061209 -0.0465607643 -0.0207237303
v 0.739163637 0.00181102753 -0.0519873314
v 0.602064133 -0.202844143 0.0561025366
v 0.61845535 -0.247955799 0.0547307208
v 0.598548353 -0.233572721 0.0540739372
v 0.575416028 -0.247175694 0.046200715
v 0.609311759 -0.152433872 0.0459210798
v 0.621271968 -0.0904383659 0.025362391
v 0.570418835 -0.153358221 0.0298326537
v 0.580623448 -0.0882878304 0.00716291368
v 0.594917059 -0.0251672268 -0.0200281069
v 0.660312176 -0.0938937664 0.0297016054
v 0.670366347 -0.0326914787 0.0030607637
v 0.649570107 -0.0320050716 -0.00509419292
v 0.642834544 0.0164065361 -0.0275751092
v 0.701957762 -0.0357291698 -0.00231979601
v 0.702099323 0.01212883 -0.0333738402
v 0.674300253 0.0141067505 -0.0258207936
v 0.668878555 0.0468001366 -0.0566339828
v 0.646746874 0.0401790142 -0.0506295599
v 0.62711972 0.0526702404 -0.0700262561
v 0.650865912 0.0656872988 -0.0890686736
v 0.675583005 0.0673084259 -0.104506128
v 0.693577349 0.0460929871 -0.0675731823
v 0.714387834 0.0418024063 -0.0782643631
v 0.696171522 0.0636863708 -0.117332362
v 0.71067971 0.0569777489 -0.126304016
v 0.734898686 0.0302948952 -0.0932900012
v 0.724490881 0.00740027428 -0.0424843617
v 0.454718411 -0.249217272 -0.119276509
v 0.457881689 -0.186165333 -0.105513491
v 0.461166143 -0.239974976 -0.0849509016
v 0.452000558 -0.19913435 -0.142863423
v 0.458023041 -0.214028358 -0.177385449
v 0.461016119 -0.263137102 -0.149076223
v 0.459685147 -0.131801367 -0.172133222
v 0.473533362 -0.27752161 -0.174415782
v 0.46603784 -0.147042274 -0.207170576
v 0.480638891 -0.0786526203 -0.23239997
v 0.477071047 -0.160801172 -0.238675177
v 0.47354129 -0.0645627975 -0.199804008
v 0.469397545 -0.228266716 -0.207856506
v 0.479571819 -0.23926878 -0.233053714
v 0.485745043 -0.288159132 -0.195360959
v 0.497599095 -0.294348717 -0.20802477
v 0.504819393 -0.24668169 -0.244371384
v 0.511616945 -0.178431511 -0.27705425
v 0.489337623 -0.0147616863 -0.218594193
v 0.478141665 -0.0487384796 -0.164727107
v 0.497404456 -0.0253329277 -0.247041538
v 0.511587083 -0.0337450504 -0.272283137
v 0.486181736 -0.171546698 -0.265509427
v 0.502146244 -0.100604057 -0.28741312
v 0.512528002 -0.106688976 -0.302368134
v 0.546741605 -0.0506925583 -0.306305617
v 0.524036527 -0.0420508385 -0.293450475
v 0.492489249 -0.0907518864 -0.261830986
v 0.286312342 -0.10923934 -0.551160038
v 0.272951633 -0.183119059 -0.57543844
v 0.301056325 -0.121162891 -0.586609066
v 0.320417047 -0.13359952 -0.613169134
v 0.292746902 -0.196118832 -0.600220203
v 0.333453894 -0.0604836941 -0.591814339
v 0.311738163 -0.207030535 -0.614754677
v 0.352222085 -0.0719435215 -0.617057323
v 0.370486438 -0.0820987225 -0.633078694
v 0.339087903 -0.144231081 -0.629180431
v 0.382119209 -0.0240848064 -0.610131681
v 0.362987012 -0.0149378777 -0.589117408
v 0.349658877 -0.00506424904 -0.560770631
v 0.319644511 -0.0487904549 -0.558241367
v 0.400415391 -0.0332772732 -0.624381423
v 0.415530294 -0.0411002636 -0.631250381
v 0.396954268 -0.0944156647 -0.636271834
v 0.365829021 -0.156931639 -0.630840957
v 0.337911665 -0.219926596 -0.616260886
v 0.309595466 -0.265749693 -0.596641421
v 0.293955714 -0.257855177 -0.591869235
v 0.275255054 -0.246567726 -0.57996285
v 0.333453894 -0.0604836941 -0.591814339
v 0.286312342 -0.10923934 -0.551160038
v 0.301056325 -0.121162891 -0.586609066
v 0.319644511 -0.0487904549 -0.558241367
v 0.316257507 -0.0379350185 -0.51722908
v 0.349658877 -0.00506424904 -0.560770631
v 0.348774701 0.00631093979 -0.524523556
v 0.357782394 0.0159738064 -0.481893301
v 0.322514147 -0.0297739506 -0.471272409
v 0.286157131 -0.0944533348 -0.461763501
v 0.337635875 -0.0261621475 -0.422865808
v 0.29987359 -0.0927345753 -0.414194137
v 0.268747628 -0.163265944 -0.409819722
v 0.256256729 -0.162863731 -0.455543727
v 0.252357602 -0.165268183 -0.500684321
v 0.240358382 -0.219802618 -0.454790175
v 0.236737594 -0.21825099 -0.496238798
v 0.241862833 -0.22120142 -0.53242296
v 0.281491429 -0.10014534 -0.508481979
v 0.257704616 -0.171634436 -0.54179728
v 0.272951633 -0.183119059 -0.57543844
v 0.256296396 -0.23249507 -0.560239375
v 0.275255054 -0.246567726 -0.57996285
v 0.292746902 -0.196118832 -0.600220203
v 0.311738163 -0.207030535 -0.614754677
v 0.349658877 -0.00506424904 -0.560770631
v 0.379338712 0.0323939323 -0.533558011
v 0.348774701 0.00631093979 -0.524523556
v 0.357782394 0.0159738064 -0.481893301
v 0.392253727 0.0435070992 -0.494216681
v 0.337635875 -0.0261621475 -0.422865808
v 0.322514147 -0.0297739506 -0.471272409
v 0.320477664 -0.0953831673 -0.370271832
v 0.29987359 -0.0927345753 -0.414194137
v 0.268747628 -0.163265944 -0.409819722
v 0.288143337 -0.166603327 -0.367426783
v 0.270361781 -0.224748373 -0.370123714
v 0.312757283 -0.173005819 -0.332279444
v 0.293165386 -0.227863312 -0.336332917
v 0.319285452 -0.234684944 -0.312323809
v 0.288888127 -0.269607067 -0.342567146
v 0.267606437 -0.271185637 -0.375894427
v 0.250177115 -0.269847155 -0.416425705
v 0.252162844 -0.222015142 -0.411180705
v 0.240358382 -0.219802618 -0.454790175
v 0.256256729 -0.162863731 -0.455543727
v 0.238557637 -0.26590848 -0.458684206
v 0.23470591 -0.259685516 -0.497193187
v 0.236737594 -0.21825099 -0.496238798
v 0.241862833 -0.22120142 -0.53242296
v 0.250950217 -0.301818371 -0.466406882
v 0.262847513 -0.307627678 -0.423703492
v 0.282676488 -0.335045815 -0.431255579
v 0.246337175 -0.290161371 -0.505595088
v 0.248341501 -0.268454313 -0.537971616
v 0.264906824 -0.311571121 -0.516155124
v 0.266466677 -0.28502512 -0.552055478
v 0.275255054 -0.246567726 -0.57996285
v 0.256296396 -0.23249507 -0.560239375
v 0.240029901 -0.250717163 -0.523141921
v 0.463554114 0.0571408272 -0.416458815
v 0.409984052 0.0489640236 -0.447939515
v 0.445830464 0.0596818924 -0.462645531
v 0.428756118 0.0474581718 -0.402913779
v 0.444796622 0.0376811028 -0.367326617
v 0.394329518 0.0194885731 -0.389394462
v 0.475868642 0.0445353985 -0.377770752
v 0.478338063 0.0214309692 -0.346284181
v 0.374129325 0.0207104683 -0.434397042
v 0.357782394 0.0159738064 -0.481893301
v 0.392253727 0.0435070992 -0.494216681
v 0.337635875 -0.0261621475 -0.422865808
v 0.358746052 -0.0277855396 -0.377860546
v 0.382967651 -0.0353293419 -0.342107415
v 0.320477664 -0.0953831673 -0.370271832
v 0.404483408 0.00430417061 -0.347534418
v 0.438180059 -0.000545740128 -0.330997914
v 0.454218566 0.0212287903 -0.347190648
v 0.345806181 -0.102792978 -0.334494948
v 0.375357926 -0.114331722 -0.308425486
v 0.312757283 -0.173005819 -0.332279444
v 0.410758615 -0.0471355915 -0.317046553
v 0.442576855 -0.0615477562 -0.304118276
v 0.466526598 -0.0126059055 -0.321702152
v 0.494900495 -0.0245537758 -0.320056707
v 0.341644526 -0.183169842 -0.306422114
v 0.319285452 -0.234684944 -0.312323809
v 0.373860568 -0.197791576 -0.291898966
v 0.408631593 -0.129368782 -0.293625742
v 0.440925181 -0.144802332 -0.285397261
v 0.473649144 -0.0762853622 -0.29799515
v 0.499202073 -0.0890669823 -0.293349952
v 0.347433597 -0.248539686 -0.300612181
v 0.37802881 -0.26663208 -0.289835751
v 0.324893564 -0.282481194 -0.319149196
v 0.309987575 -0.263356447 -0.323591352
v 0.288888127 -0.269607067 -0.342567146
v 0.347845554 -0.299839735 -0.319310784
v 0.368668169 -0.312390327 -0.321668386
v 0.398273468 -0.276087523 -0.294586033
v 0.431236684 -0.225264072 -0.278798789
v 0.420696169 -0.286954641 -0.306727171
v 0.384521842 -0.319803715 -0.325685114
v 0.45274812 -0.23707962 -0.293762803
v 0.484688491 -0.166322231 -0.280320287
v 0.467535913 -0.157532215 -0.27904138
v 0.52009815 -0.101986885 -0.308536381
v 0.539046526 -0.0496993065 -0.332492381
v 0.518265724 -0.0360414982 -0.319760501
v 0.526693881 0.00354576111 -0.354537666
v 0.541417301 -0.00544071198 -0.359485328
v 0.50501895 0.0132203102 -0.350033641
v 0.452874064 -0.0196774006 -0.605234683
v 0.44330591 -0.0046248436 -0.610985518
v 0.415530294 -0.0411002636 -0.631250381
v 0.475620687 0.0121057034 -0.582104623
v 0.470813304 -0.00536251068 -0.582657456
v 0.498708755 0.0253837109 -0.542199433
v 0.492521822 0.00504899025 -0.541859627
v 0.514056146 0.0096912384 -0.493006319
v 0.520337045 0.0310537815 -0.494641274
v 0.537321866 0.0276830196 -0.445902765
v 0.47383216 -0.0341637135 -0.539654613
v 0.452665269 -0.0410373211 -0.584213078
v 0.43541798 -0.0466833115 -0.616082191
v 0.452874064 -0.0196774006 -0.605234683
v 0.415530294 -0.0411002636 -0.631250381
v 0.531910539 0.0071914196 -0.443223178
v 0.542580187 -0.00382423401 -0.399635941
v 0.515341341 -0.0328695774 -0.43478179
v 0.546479642 0.013838768 -0.402456403
v 0.541417301 -0.00544071198 -0.359485328
v 0.495891273 -0.0310275555 -0.487546116
v 0.467631817 -0.0897777081 -0.479283452
v 0.44547084 -0.0909199715 -0.534273624
v 0.543416321 -0.0199644566 -0.371560127
v 0.536415279 -0.0487072468 -0.352609873
v 0.539046526 -0.0496993065 -0.332492381
v 0.52009815 -0.101986885 -0.308536381
v 0.528681397 -0.0409300327 -0.388254523
v 0.504423022 -0.0962717533 -0.374341369
v 0.488336265 -0.0912322998 -0.42393297
v 0.451617777 -0.166631222 -0.414031088
v 0.43106696 -0.16523385 -0.469240516
v 0.394163311 -0.240615845 -0.459633529
v 0.515230775 -0.101116419 -0.334534049
v 0.482467085 -0.170124531 -0.322915614
v 0.484688491 -0.166322231 -0.280320287
v 0.45274812 -0.23707962 -0.293762803
v 0.469444275 -0.168642521 -0.363925099
v 0.432467371 -0.240629673 -0.358719468
v 0.44668588 -0.238564014 -0.319606096
v 0.416448325 -0.289267302 -0.326457143
v 0.420696169 -0.286954641 -0.306727171
v 0.384521842 -0.319803715 -0.325685114
v 0.413743287 -0.241804838 -0.406822085
v 0.383270144 -0.299492121 -0.40405196
v 0.402215093 -0.29482317 -0.360438377
v 0.380334556 -0.329679966 -0.363666326
v 0.396223426 -0.315261841 -0.339292854
v 0.358540148 -0.343652725 -0.359752536
v 0.33669287 -0.356299877 -0.398758411
v 0.361049354 -0.337724209 -0.403151691
v 0.343548357 -0.338465929 -0.447908282
v 0.318898439 -0.358603954 -0.441868752
v 0.30621928 -0.350752354 -0.486038148
v 0.364887267 -0.299144983 -0.452679276
v 0.348739386 -0.293908358 -0.501810491
v 0.375574976 -0.236926556 -0.512702465
v 0.329444945 -0.332151413 -0.493383437
v 0.320353091 -0.319028854 -0.535024881
v 0.299717486 -0.332933664 -0.528221607
v 0.33649984 -0.283911228 -0.546936095
v 0.300480157 -0.304736853 -0.565921783
v 0.327075005 -0.274154902 -0.580504119
v 0.309595466 -0.265749693 -0.596641421
v 0.318249941 -0.301584721 -0.561754584
v 0.396954268 -0.0944156647 -0.636271834
v 0.43541798 -0.0466833115 -0.616082191
v 0.415530294 -0.0411002636 -0.631250381
v 0.408197075 -0.0956363678 -0.618791223
v 0.376503944 -0.159690619 -0.612188399
v 0.425014347 -0.0936720371 -0.582783997
v 0.365829021 -0.156931639 -0.630840957
v 0.452665269 -0.0410373211 -0.584213078
v 0.47383216 -0.0341637135 -0.539654613
v 0.44547084 -0.0909199715 -0.534273624
v 0.410268515 -0.163885593 -0.524406612
v 0.467631817 -0.0897777081 -0.479283452
v 0.43106696 -0.16523385 -0.469240516
v 0.394163311 -0.240615845 -0.459633529
v 0.375574976 -0.236926556 -0.512702465
v 0.359825373 -0.230599403 -0.561577857
v 0.348739386 -0.293908358 -0.501810491
v 0.33649984 -0.283911228 -0.546936095
v 0.337911665 -0.219926596 -0.616260886
v 0.327075005 -0.274154902 -0.580504119
v 0.309595466 -0.265749693 -0.596641421
v 0.391699076 -0.162023067 -0.57438302
v 0.347182006 -0.224108458 -0.598637998
v 0.37802881 -0.26663208 -0.289835751
v 0.413703322 -0.204700947 -0.280181766
v 0.431236684 -0.225264072 -0.278798789
v 0.440925181 -0.144802332 -0.285397261
v 0.478338063 0.0214309692 -0.346284181
v 0.50501895 0.0132203102 -0.350033641
v 0.494900495 -0.0245537758 -0.320056707
v 0.504343927 0.0398647785 -0.386377245
v 0.475868642 0.0445353985 -0.377770752
v 0.526693881 0.00354576111 -0.354537666
v 0.463554114 0.0571408272 -0.416458815
v 0.526453376 0.0316970348 -0.39394632
v 0.517846048 0.0480353832 -0.437859058
v 0.546479642 0.013838768 -0.402456403
v 0.541417301 -0.00544071198 -0.359485328
v 0.537321866 0.0276830196 -0.445902765
v 0.520337045 0.0310537815 -0.494641274
v 0.494618982 0.055134058 -0.428587824
v 0.477587581 0.0587821007 -0.476164997
v 0.445830464 0.0596818924 -0.462645531
v 0.426219881 0.0535445213 -0.508833468
v 0.409984052 0.0489640236 -0.447939515
v 0.392253727 0.0435070992 -0.494216681
v 0.379338712 0.0323939323 -0.533558011
v 0.408244908 0.0401155949 -0.547525287
v 0.433982462 0.0367479324 -0.56211251
v 0.501174331 0.0521848202 -0.486148268
v 0.479288936 0.0455567837 -0.533101678
v 0.498708755 0.0253837109 -0.542199433
v 0.475620687 0.0121057034 -0.582104623
v 0.455040008 0.0295641422 -0.573006153
v 0.456343949 0.0521922112 -0.522782147
v 0.440925181 -0.144802332 -0.285397261
v 0.413703322 -0.204700947 -0.280181766
v 0.373860568 -0.197791576 -0.291898966
v 0.37802881 -0.26663208 -0.289835751
v 0.368668169 -0.312390327 -0.321668386
v 0.384521842 -0.319803715 -0.325685114
v 0.358540148 -0.343652725 -0.359752536
v 0.342442811 -0.336559534 -0.355311483
v 0.322688073 -0.322221041 -0.350684881
v 0.320105851 -0.349418402 -0.394276083
v 0.347845554 -0.299839735 -0.319310784
v 0.33669287 -0.356299877 -0.398758411
v 0.324893564 -0.282481194 -0.319149196
v 0.318898439 -0.358603954 -0.441868752
v 0.301782846 -0.300481796 -0.346893966
v 0.280350983 -0.30728364 -0.382270604
v 0.288888127 -0.269607067 -0.342567146
v 0.267606437 -0.271185637 -0.375894427
v 0.250177115 -0.269847155 -0.416425705
v 0.262847513 -0.307627678 -0.423703492
v 0.282676488 -0.335045815 -0.431255579
v 0.300536871 -0.333281517 -0.388611436
v 0.302165866 -0.351790905 -0.437323749
v 0.289676547 -0.343859673 -0.481433272
v 0.30621928 -0.350752354 -0.486038148
v 0.299717486 -0.332933664 -0.528221607
v 0.270376414 -0.327734947 -0.474981934
v 0.250950217 -0.301818371 -0.466406882
v 0.264906824 -0.311571121 -0.516155124
v 0.283690751 -0.325806141 -0.523583412
v 0.284890056 -0.297261477 -0.561240137
v 0.300480157 -0.304736853 -0.565921783
v 0.266466677 -0.28502512 -0.552055478
v 0.309595466 -0.265749693 -0.596641421
v 0.275255054 -0.246567726 -0.57996285
v 0.293955714 -0.257855177 -0.591869235
v -0.532836795 0.180593014 0.332709968
v -0.624806941 0.148450971 0.267325968
v -0.563464284 0.0986115932 0.219478726
v -0.469922215 0.120457649 0.277155012
v -0.37964654 0.121023893 0.351607084
v -0.414454937 0.0593659878 0.227974594
v -0.325677395 0.0563285351 0.297383755
v -0.261083663 0.0369796753 0.387780756
v -0.282236755 -0.00651454926 0.251524985
v -0.440633059 0.183983803 0.412167072
v -0.366435051 0.155142546 0.507022977
v -0.504936635 0.24122858 0.477120191
v -0.598949254 0.236199498 0.392771393
v -0.310389876 0.0967831612 0.444008708
v -0.259378791 0.0574626923 0.539707541
v -0.222093105 -0.0206232071 0.34125948
v -0.186908722 -0.0371828079 0.443465978
v -0.210303783 -0.0732488632 0.321187764
v -0.26884532 -0.0643229485 0.231440485
v -0.177902818 -0.0782933235 0.426516235
v -0.167922854 -0.0792179108 0.534945667
v -0.217914045 0.0085208416 0.485166132
v -0.193941772 -0.0211865902 0.575325012
v -0.173241556 -0.0520195961 0.545080662
v -0.176699758 -0.0596737862 0.635427833
v -0.174407303 -0.0773813725 0.632687211
v -0.192389607 -0.0762825012 0.705613494
v -0.189847469 -0.0377860069 0.633203149
v -0.204570711 -0.0287799835 0.681994855
v -0.225237846 0.0129063129 0.623206615
v -0.265703201 0.0465755463 0.683034182
v -0.193598986 -0.0565152168 0.703660429
v -0.222037971 -0.0479016304 0.765722394
v -0.308554471 0.106313705 0.602459669
v -0.362369597 0.150483847 0.669224024
v -0.220690072 -0.0758635998 0.771035612
v -0.257909894 -0.0767538548 0.846406102
v -0.231702924 -0.101669312 0.768381357
v -0.272103429 -0.110457182 0.8414222
v -0.319511533 -0.119871616 0.920082092
v -0.236899734 -0.00974607468 0.740330935
v -0.278384149 0.00867676735 0.807844162
v -0.425831974 0.208360791 0.573886037
v -0.488125861 0.254832268 0.642718911
v -0.571416616 0.290402174 0.544639111
v -0.640792191 0.328659058 0.61202544
v -0.666859865 0.285845637 0.456216872
v -0.259782195 -0.0398645401 0.837776601
v -0.304641247 -0.0324940681 0.915436029
v -0.313206375 0.0777087212 0.749373913
v -0.365655243 0.106185198 0.819774151
v -0.419505417 0.189324856 0.738510847
v -0.481188536 0.222332358 0.807153344
v -0.55455792 0.291810989 0.710710585
v -0.626433551 0.317175984 0.780167997
v -0.302094221 -0.0783953667 0.927140415
v -0.351549566 -0.0793848038 1.00842798
v -0.371870816 -0.127946377 0.999649823
v -0.428979039 -0.132474899 1.07822704
v -0.715001702 0.353543758 0.682388902
v -0.810098708 0.353310823 0.590020776
v -0.736663103 0.326435685 0.521017909
v -0.827903748 0.284917116 0.439706445
v -0.758077919 0.242859006 0.378431767
v -0.690363646 0.196703911 0.320388496
v -0.792929769 0.366704941 0.755924165
v -0.406333327 -0.0777988434 1.08813119
v -0.469805598 -0.0755696297 1.16626704
v -0.409504414 -0.0162498951 1.07188237
v -0.493841767 -0.135294914 1.15555263
v -0.568451047 -0.143293858 1.22990775
v -0.354599714 -0.0250201225 0.994110525
v -0.379107952 0.0428700447 0.955300808
v -0.326586366 0.0260882378 0.880790591
v -0.422111988 0.132100224 0.890989304
v -0.484875858 0.153874874 0.961760163
v -0.436822951 0.058886528 1.02962053
v -0.502109408 0.0715081692 1.10370493
v -0.473046184 -0.00899481773 1.149176
v -0.547121227 -0.0103662014 1.22468281
v -0.548698306 0.24747777 0.875913322
v -0.621931016 0.262899876 0.94695127
v -0.544033408 -0.0806770325 1.24157202
v -0.629414082 -0.0915603638 1.3135314
v -0.655455351 -0.154833317 1.30232441
v -0.758705616 -0.170125008 1.37615085
v -0.55314213 0.170136333 1.03251743
v -0.627554893 0.17634654 1.10636544
v -0.703076422 0.331055522 0.852651358
v -0.782771826 0.335243583 0.928032517
v -0.87388289 0.369822502 0.832104146
v -0.957672358 0.36517477 0.910631776
v -0.969703555 0.370206952 0.737342417
v -1.05414557 0.364497423 0.814791679
v -1.14216697 0.35138011 0.895284534
v -0.576100767 0.0750361681 1.17813432
v -0.657619476 0.0668202639 1.25355482
v -0.698853552 0.268644571 1.02122402
v -0.777492285 0.264718294 1.09944248
v -0.864095211 0.331184626 1.00703907
v -0.946482003 0.319362402 1.09135795
v -1.04370093 0.353490591 0.993413746
v -1.14015484 0.326667547 1.08575165
v -1.23911178 0.323209047 0.982530713
v -0.630669594 -0.019929409 1.2978251
v -0.729754329 -0.0370497704 1.37488198
v -0.707166851 0.1693964 1.18405795
v -0.79618752 0.149722576 1.26869392
v -0.859917402 0.250421524 1.18312693
v -0.959012151 0.217871904 1.27923465
v -1.04267478 0.291214705 1.18594146
v -1.16356468 0.234648705 1.29494667
v -0.731176615 -0.107820511 1.38794255
v -0.843390822 -0.127332211 1.46230078
v -0.871618569 -0.187207937 1.44737685
v -0.986336589 -0.201936007 1.50810528
v -0.959035635 -0.146297455 1.52680564
v -1.07150066 -0.160489082 1.57274461
v -0.957108498 -0.0844092369 1.52501595
v -1.09575617 -0.210550785 1.55226684
v -1.19572985 -0.21663022 1.58644557
v -0.84129256 -0.0598404408 1.45411038
v -0.862339914 0.0198450089 1.42126048
v -0.752954602 0.0476593971 1.33519244
v -0.901542723 0.116154552 1.36155617
v -1.02384949 0.0685013533 1.45376229
v -0.980296135 -0.0140299797 1.50143397
v -1.09671462 -0.0464897156 1.56087327
v -1.07091212 -0.105894566 1.57625198
v -1.17868268 -0.123922825 1.60771632
v -1.08296478 0.159273386 1.38289523
v -1.21877968 0.0877830982 1.47060919
v -1.17644441 -0.171405792 1.60374475
v -1.27567029 -0.183614016 1.62440467
v -1.28846467 -0.223889828 1.6102277
v -1.31763363 -0.260063171 1.58855271
v -1.3724376 -0.233415127 1.62070727
v -1.14757633 0.0187261105 1.52582991
v -1.26051438 -0.026376009 1.57142782
v -1.20460415 -0.0753097534 1.59793949
v -1.29848933 -0.103693247 1.62185192
v -1.3707788 -0.197264194 1.63314748
v -1.46665561 -0.210600376 1.624524
v -1.36739182 -0.158244371 1.63723087
v -1.2777648 -0.14216423 1.62799978
v -1.36370003 -0.126840591 1.63260281
v -1.42876077 -0.119100094 1.61947393
v -1.459185 -0.165773869 1.62767351
v -1.35935819 -0.0728724003 1.60124409
v -1.44690371 -0.044939518 1.56338286
v -1.34156537 0.0219211578 1.52634156
v -1.43529248 0.0641281605 1.4611696
v -1.305848 0.151399612 1.39561963
v -1.39904368 0.192940712 1.30047119
v -1.26120675 0.271618366 1.193771
v -1.53606117 -0.0206241608 1.50504243
v -1.6034025 -0.0984318256 1.53562403
v -1.51936615 -0.109426022 1.58729553
v -1.5549072 -0.169333935 1.59952116
v -1.63569069 -0.166869164 1.55040932
v -0.563464284 0.0986115932 0.219478726
v -0.414454937 0.0593659878 0.227974594
v -0.469922215 0.120457649 0.277155012
v -0.511228859 0.0496659279 0.178595543
v -0.600170135 0.0304303169 0.14777565
v -0.472801626 0.0040409565 0.146628112
v -0.370696485 0.0012242794 0.187330514
v -0.282236755 -0.00651454926 0.251524985
v -0.356868148 -0.0516939163 0.169852614
v -0.26884532 -0.0643229485 0.231440485
v -0.460895419 -0.0374205112 0.1334548
v -0.573200047 0.000637054443 0.12646395
v -0.661223769 -0.00196790695 0.123839557
v -0.657293618 0.0178971291 0.138704121
v -0.703708053 0.0290770531 0.150611281
v -0.726788104 0.00456476212 0.136043847
v -0.786162376 0.0171744823 0.160065591
v -0.645069122 0.0638487339 0.177841127
v -0.702403784 0.0995665789 0.215749085
v -0.624806941 0.148450971 0.267325968
v -0.759143949 0.0512778759 0.179501295
v -0.823990643 0.0767889023 0.217358172
v -0.855543375 0.0333249569 0.193208039
v -0.930988193 0.0529010296 0.234686911
v -0.690363646 0.196703911 0.320388496
v -0.532836795 0.180593014 0.332709968
v -0.598949254 0.236199498 0.392771393
v -0.666859865 0.285845637 0.456216872
v -0.504936635 0.24122858 0.477120191
v -0.571416616 0.290402174 0.544639111
v -0.76670301 0.136677504 0.260822833
v -0.835121214 0.175245762 0.312698305
v -0.758077919 0.242859006 0.378431767
v -0.827903748 0.284917116 0.439706445
v -0.906391025 0.212661266 0.369430542
v -0.968635261 0.130712509 0.314217627
v -0.894811153 0.105875254 0.263344228
v -1.00899148 0.0670124292 0.281194568
v -1.02789557 0.0127997398 0.270848274
v -0.946695268 0.00755262375 0.226084918
v -1.23262453 -0.265160799 0.907019913
v -1.14901114 -0.295183182 1.01692498
v -1.05483997 -0.28054142 0.939968944
v -1.1439836 -0.251724243 0.829829216
v -1.22119498 -0.214348793 0.726981282
v -1.05996585 -0.249616623 0.759123147
v -0.965593576 -0.279067516 0.865495801
v -1.30554438 -0.224285603 0.803390145
v -1.36370039 -0.175579071 0.718070745
v -1.38880301 -0.239127874 0.888384461
v -1.32231987 -0.28092432 0.987797558
v -1.44338334 -0.189404726 0.80382973
v -1.4828856 -0.133649826 0.740300715
v -1.14285338 -0.21400404 0.657911003
v -1.20769989 -0.168521166 0.570536733
v -1.06703997 -0.217722893 0.59238255
v -0.98485142 -0.255782843 0.693013728
v -1.12859869 -0.169162273 0.504081607
v -1.17043078 -0.110174894 0.435914755
v -1.04738164 -0.166451931 0.442232013
v -1.08751833 -0.105112553 0.375672162
v -1.10950732 -0.0446269512 0.3352907
v -1.00541532 -0.0979466438 0.320694983
v -1.0264554 -0.0407447815 0.283695281
v -1.02789557 0.0127997398 0.270848274
v -1.11068833 0.0145580769 0.321001053
v -1.19421029 0.0138959885 0.37985146
v -1.19313538 -0.048386097 0.394170105
v -1.27614844 -0.0514297485 0.460580409
v -1.27770424 0.0116858482 0.447277129
v -1.36096799 0.00999498367 0.519816279
v -1.25210404 -0.112559319 0.502590537
v -1.33164692 -0.113600969 0.574886739
v -1.35766888 -0.0529408455 0.533075333
v -1.43337321 -0.0584299564 0.612987101
v -1.43909764 0.00515723228 0.599719107
v -1.42160463 0.0715252161 0.614827991
v -1.51279485 -0.0110692978 0.686162949
v -1.50663221 -0.0734829903 0.700145185
v -1.40659082 -0.119431734 0.653519452
v -1.28424788 -0.168273926 0.641143501
v -1.36739182 -0.158244371 1.63723087
v -1.46665561 -0.210600376 1.624524
v -1.459185 -0.165773869 1.62767351
v -1.5549072 -0.169333935 1.59952116
v -1.42876077 -0.119100094 1.61947393
v -1.56000805 -0.22079134 1.59616911
v -1.63670599 -0.222579002 1.54609966
v -1.63569069 -0.166869164 1.55040932
v -1.68775809 -0.156649828 1.48080611
v -1.6034025 -0.0984318256 1.53562403
v -1.661273 -0.0863831043 1.46368086
v -1.69584084 -0.0772485733 1.37772799
v -1.60647428 -0.00504970551 1.42787576
v -1.71463633 -0.141993046 1.39681351
v -1.53606117 -0.0206241608 1.50504243
v -1.72945237 -0.127413511 1.30899119
v -1.43529248 0.0641281605 1.4611696
v -1.52135348 0.0886023045 1.37360239
v -1.58479774 0.085919261 1.27215886
v -1.39904368 0.192940712 1.30047119
v -1.305848 0.151399612 1.39561963
v -1.65367246 -0.0020108223 1.33730507
v -1.68096793 -0.00824737549 1.24311709
v -1.71436024 -0.0715651512 1.28855371
v -1.72204733 -0.0690069199 1.20777726
v -1.73227191 -0.113011837 1.2243377
v -1.72628045 -0.0978035927 1.14930689
v -1.7294991 -0.15456748 1.22528327
v -1.72373056 -0.133981705 1.14588034
v -1.70740509 -0.112414122 1.06527746
v -1.4845643 0.184833527 1.18740308
v -1.35571182 0.2687428 1.08504033
v -1.54735482 0.142457366 1.08373964
v -1.26120675 0.271618366 1.193771
v -1.14015484 0.326667547 1.08575165
v -1.16356468 0.234648705 1.29494667
v -1.23911178 0.323209047 0.982530713
v -1.3292892 0.28004539 0.887632191
v -1.14216697 0.35138011 0.895284534
v -1.626243 0.0642158985 1.17195606
v -1.65443969 0.0328478813 1.08735168
v -1.44111204 0.221555948 0.981920362
v -1.50705934 0.151694536 0.896452606
v -1.59191108 0.0912618637 0.997470081
v -1.62216508 0.0397007465 0.932226896
v -1.69658828 -0.0212893486 1.16005778
v -1.70518422 -0.0415172577 1.10143495
v -1.7221148 -0.0692799091 1.15258718
v -1.67295611 -0.00350165367 1.02501285
v -1.68188071 -0.0448744297 0.989281535
v -1.70937991 -0.0739221573 1.07455564
v -1.68033719 -0.089594841 0.977904201
v -1.63987756 -0.0641453266 0.881546974
v -1.63803637 -0.0119819641 0.893371999
v -1.57593954 0.0225667953 0.793539464
v -1.55121279 0.0843384266 0.832581818
v -1.46533144 0.122614384 0.740666449
v -1.49962366 0.0529642105 0.700043321
v -1.40753734 0.203081131 0.805353999
v -1.31730485 0.234927297 0.722789347
v -1.42160463 0.0715252161 0.614827991
v -1.51279485 -0.0110692978 0.686162949
v -1.43909764 0.00515723228 0.599719107
v -1.38097334 0.146369219 0.657292843
v -1.2965945 0.15360117 0.578819156
v -1.33994579 0.0762071609 0.535988152
v -1.23092914 0.247604132 0.643958509
v -1.14762056 0.326466203 0.723366618
v -1.23522139 0.311515093 0.802683771
v -1.05414557 0.364497423 0.814791679
v -1.57593954 0.0225667953 0.793539464
v -1.51279485 -0.0110692978 0.686162949
v -1.49962366 0.0529642105 0.700043321
v -1.58331776 -0.0366532803 0.781418741
v -1.57440507 -0.0950279236 0.796362758
v -1.63987756 -0.0641453266 0.881546974
v -1.50663221 -0.0734829903 0.700145185
v -1.4828856 -0.133649826 0.740300715
v -1.62837505 -0.116448402 0.895340443
v -1.66927409 -0.135105848 0.987759709
v -1.60696363 -0.167789936 0.931034327
v -1.68033719 -0.089594841 0.977904201
v -1.70740509 -0.112414122 1.06527746
v -1.55097795 -0.151491165 0.835533738
v -1.51460242 -0.205149889 0.897101343
v -1.44338334 -0.189404726 0.80382973
v -1.38880301 -0.239127874 0.888384461
v -1.69790196 -0.151648998 1.07032359
v -1.68256068 -0.188230038 1.09238827
v -1.71402478 -0.167961121 1.14290547
v -1.72373056 -0.133981705 1.14588034
v -1.65052891 -0.179839849 1.01840568
v -1.62565112 -0.224338531 1.07279682
v -1.57533526 -0.217393875 0.988852501
v -1.53462815 -0.263400316 1.06504607
v -1.46599293 -0.253529787 0.977826118
v -1.40750384 -0.294111729 1.07053781
v -1.32231987 -0.28092432 0.987797558
v -1.24552846 -0.31144619 1.09321594
v -1.23262453 -0.265160799 0.907019913
v -1.14901114 -0.295183182 1.01692498
v -1.05650234 -0.307584286 1.12010682
v -1.05483997 -0.28054142 0.939968944
v -0.956293046 -0.295099735 1.04431665
v -0.865857482 -0.292185545 0.967429876
v -0.862290621 -0.288658142 1.13511336
v -0.965593576 -0.279067516 0.865495801
v -0.888207197 -0.286749601 0.796071529
v -1.05996585 -0.249616623 0.759123147
v -0.98485142 -0.255782843 0.693013728
v -0.908219039 -0.260434866 0.626259327
v -1.06703997 -0.217722893 0.59238255
v -0.988027513 -0.218546867 0.528634846
v -0.908495903 -0.215896845 0.464503437
v -1.04738164 -0.166451931 0.442232013
v -1.12859869 -0.169162273 0.504081607
v -0.966088593 -0.160066843 0.383019388
v -0.887514293 -0.151991367 0.325686574
v -1.00541532 -0.0979466438 0.320694983
v -1.08751833 -0.105112553 0.375672162
v -0.926427603 -0.0903320312 0.269390047
v -0.945822418 -0.0382213593 0.237001181
v -0.850570023 -0.0844933987 0.222564578
v -1.0264554 -0.0407447815 0.283695281
v -1.02789557 0.0127997398 0.270848274
v -0.946695268 0.00755262375 0.226084918
v -0.867694259 -0.00300908089 0.186434686
v -0.930988193 0.0529010296 0.234686911
v -0.855543375 0.0333249569 0.193208039
v -0.786162376 0.0171744823 0.160065591
v -0.867827356 -0.0398638248 0.195262432
v -0.795754313 -0.0387179852 0.161666781
v -0.79443264 -0.0106186867 0.154929519
v -0.731065929 -0.0151946545 0.132206023
v -0.726788104 0.00456476212 0.136043847
v -0.661223769 -0.00196790695 0.123839557
v -0.660782576 -0.0196857452 0.119504154
v -0.566666722 -0.0264706612 0.118388474
v -0.667531192 -0.0370075703 0.124913454
v -0.573200047 0.000637054443 0.12646395
v -0.472801626 0.0040409565 0.146628112
v -0.460895419 -0.0374205112 0.1334548
v -0.487696886 -0.0735309124 0.14945519
v -0.356868148 -0.0516939163 0.169852614
v -0.733759284 -0.0350716114 0.137202442
v -0.719523847 -0.0618550777 0.153500199
v -0.582880914 -0.0516753197 0.128207505
v -0.619299829 -0.076223135 0.151504457
v -0.670588732 -0.0570056438 0.141127348
v -0.780412197 -0.0746159554 0.183540642
v -0.739474595 -0.123740435 0.224312454
v -0.673492253 -0.101018906 0.183902264
v -0.605128407 -0.14167738 0.229738921
v -0.539977074 -0.107584238 0.18480137
v -0.45146364 -0.137364388 0.236545652
v -0.811606526 -0.141390562 0.271807075
v -0.753602982 -0.195437431 0.339006662
v -0.39000839 -0.0969507694 0.191031098
v -0.303501785 -0.113731384 0.255631506
v -0.26884532 -0.0643229485 0.231440485
v -0.210303783 -0.0732488632 0.321187764
v -0.677966952 -0.172221899 0.281927556
v -0.599337697 -0.211065054 0.353124648
v -0.830448627 -0.209851265 0.400525898
v -0.7550928 -0.254296064 0.48722285
v -0.52275908 -0.176409006 0.291508079
v -0.437482595 -0.199029684 0.367960751
v -0.366169214 -0.157768726 0.306971431
v -0.297871709 -0.15798068 0.396880388
v -0.677271128 -0.237488508 0.418695629
v -0.59082371 -0.261725426 0.507238626
v -0.831474423 -0.261113167 0.557186663
v -0.742557049 -0.288778543 0.653877318
v -0.241298079 -0.117987633 0.345207959
v -0.201680362 -0.113372087 0.446722627
v -0.177902818 -0.0782933235 0.426516235
v -0.167922854 -0.0792179108 0.534945667
v -0.513611734 -0.234477043 0.435757875
v -0.433559537 -0.22960639 0.52927947
v -0.815719366 -0.290746927 0.726147711
v -0.72078234 -0.298522472 0.823007703
v -0.363287508 -0.19610548 0.459466934
v -0.301456213 -0.175721169 0.551994801
v -0.246662796 -0.14499402 0.492479324
v -0.213123739 -0.12406826 0.580209315
v -0.790073693 -0.297485828 0.895000219
v -0.696969509 -0.283223867 0.984518766
v -0.182889879 -0.10269022 0.547340333
v -0.183024585 -0.0933587551 0.636969209
v -0.174407303 -0.0773813725 0.632687211
v -0.192389607 -0.0762825012 0.705613494
v -0.771743119 -0.283703327 1.05729437
v -0.68687129 -0.251093388 1.13389301
v -0.200621247 -0.094609499 0.705461144
v -0.220557034 -0.116250038 0.686263084
v -0.231702924 -0.101669312 0.768381357
v -0.203226209 -0.109833956 0.636614263
v -0.254054725 -0.146034479 0.631294131
v -0.303619921 -0.169193029 0.694738448
v -0.258452058 -0.131027222 0.746574283
v -0.305223346 -0.147148371 0.816272318
v -0.272103429 -0.110457182 0.8414222
v -0.319511533 -0.119871616 0.920082092
v -0.362981439 -0.204971313 0.62008357
v -0.427681208 -0.231951237 0.691859543
v -0.359254777 -0.192028284 0.764742851
v -0.419017315 -0.212934494 0.838500559
v -0.358310342 -0.16313529 0.891399384
v -0.415415406 -0.176696301 0.967795014
v -0.371870816 -0.127946377 0.999649823
v -0.428979039 -0.132474899 1.07822704
v -0.505592346 -0.256967068 0.602089822
v -0.578208923 -0.278653145 0.67622
v -0.494219899 -0.254891157 0.76555407
v -0.561539173 -0.271881104 0.839254916
v -0.481237173 -0.229756832 0.913029313
v -0.545251966 -0.240374565 0.987460911
v -0.475954175 -0.1855793 1.04398715
v -0.54235065 -0.191711664 1.11958361
v -0.493841767 -0.135294914 1.15555263
v -0.568451047 -0.143293858 1.22990775
v -0.667593062 -0.279911995 0.580581307
v -0.650082886 -0.292526007 0.750031114
v -0.629025102 -0.281543016 0.912538052
v -0.612325907 -0.245253086 1.0607574
v -0.616811514 -0.200632811 1.19300675
v -0.706825614 -0.211983204 1.26689458
v -0.655455351 -0.154833317 1.30232441
v -0.758705616 -0.170125008 1.37615085
v -0.778026402 -0.259336948 1.2100563
v -0.881198168 -0.270738363 1.2855978
v -0.810566664 -0.225619078 1.34138572
v -0.922341168 -0.240370274 1.41190016
v -0.871618569 -0.187207937 1.44737685
v -0.986336589 -0.201936007 1.50810528
v -0.964602947 -0.299000502 1.21081161
v -1.07280481 -0.312560797 1.28190076
v -0.991680026 -0.28382206 1.35606408
v -1.10153663 -0.292826653 1.41638088
v -1.03489292 -0.251440048 1.47126806
v -1.14112628 -0.256046295 1.51674509
v -1.09575617 -0.210550785 1.55226684
v -1.19572985 -0.21663022 1.58644557
v -1.16056478 -0.323157787 1.19301045
v -1.26316094 -0.33474803 1.26264119
v -1.1800735 -0.322316408 1.34579968
v -1.28292477 -0.327914715 1.40624702
v -1.205966 -0.296387672 1.4676373
v -1.29990447 -0.297723532 1.51669085
v -1.23673415 -0.258912086 1.55682123
v -1.31763363 -0.260063171 1.58855271
v -1.33999932 -0.323598146 1.16810322
v -1.42849052 -0.331187725 1.24401343
v -1.36056089 -0.340823412 1.33018482
v -1.44686484 -0.338808537 1.39328897
v -1.37470484 -0.327131748 1.46233118
v -1.44976664 -0.316916466 1.51141667
v -1.37671757 -0.291895151 1.55744624
v -1.43058193 -0.276997566 1.58745527
v -1.48550653 -0.302633524 1.15298665
v -1.55488837 -0.304342747 1.23012388
v -1.5070194 -0.330342293 1.31452847
v -1.57387102 -0.318840265 1.37523258
v -1.51891744 -0.326423645 1.44867492
v -1.57519531 -0.302431583 1.49325848
v -1.50602913 -0.295523167 1.55004418
v -1.54237521 -0.263011694 1.57838333
v -1.59390533 -0.266984701 1.1461761
v -1.64345264 -0.261677504 1.21394575
v -1.61386073 -0.295347929 1.29500175
v -1.66080594 -0.273852348 1.34469318
v -1.62688422 -0.294747829 1.42315805
v -1.66479385 -0.259258986 1.4572351
v -1.61460757 -0.267334938 1.52571273
v -1.63670599 -0.222579002 1.54609966
v -1.69431043 -0.240426064 1.3784765
v -1.56000805 -0.22079134 1.59616911
v -1.46665561 -0.210600376 1.624524
v -1.71008086 -0.21570158 1.29510844
v -1.45696068 -0.248866558 1.6096921
v -1.3724376 -0.233415127 1.62070727
v -1.37297368 -0.258365631 1.60482645
v -1.28846467 -0.223889828 1.6102277
v -1.68211913 -0.244758606 1.26387715
v -1.69466972 -0.214425325 1.19119322
v -1.71609473 -0.189769506 1.21457911
v -1.70067346 -0.191567421 1.14175928
v -1.66505241 -0.224078655 1.14274025
v -0.810098708 0.353310823 0.590020776
v -0.902273417 0.316432476 0.505536973
v -0.827903748 0.284917116 0.439706445
v -0.736663103 0.326435685 0.521017909
v -0.715001702 0.353543758 0.682388902
v -0.792929769 0.366704941 0.755924165
v -0.887908578 0.367315054 0.662462771
v -0.969703555 0.370206952 0.737342417
v -0.87388289 0.369822502 0.832104146
v -1.71402478 -0.167961121 1.14290547
v -1.72373056 -0.133981705 1.14588034
v -1.7294991 -0.15456748 1.22528327
v -1.71609473 -0.189769506 1.21457911
v -1.71008086 -0.21570158 1.29510844
v -1.726511 -0.175934792 1.31015968
v -1.71322656 -0.196389675 1.3963306
v -1.72945237 -0.127413511 1.30899119
v -1.69431043 -0.240426064 1.3784765
v -1.71463633 -0.141993046 1.39681351
v -1.66479385 -0.259258986 1.4572351
v -1.68775809 -0.156649828 1.48080611
v -1.68684459 -0.213712215 1.47740018
v -1.63670599 -0.222579002 1.54609966
v -1.14762056 0.326466203 0.723366618
v -0.969703555 0.370206952 0.737342417
v -1.05414557 0.364497423 0.814791679
v -1.06279099 0.334096193 0.647750139
v -1.1456486 0.25398314 0.567475557
v -0.980946541 0.331996322 0.575100958
v -1.23092914 0.247604132 0.643958509
v -0.887908578 0.367315054 0.662462771
v -0.810098708 0.353310823 0.590020776
v -0.902273417 0.316432476 0.505536973
v -0.982363999 0.238642693 0.430229098
v -0.827903748 0.284917116 0.439706445
v -0.906391025 0.212661266 0.369430542
v -1.2965945 0.15360117 0.578819156
v -0.968635261 0.130712509 0.314217627
v -1.06222296 0.252159834 0.495760441
v -1.12669301 0.155205011 0.433164775
v -1.21043944 0.156594753 0.504144788
v -1.25494027 0.0779373646 0.462951183
v -1.33994579 0.0762071609 0.535988152
v -1.04545665 0.14728725 0.370033324
v -1.08893681 0.0756039619 0.332825094
v -1.00899148 0.0670124292 0.281194568
v -1.02789557 0.0127997398 0.270848274
v -1.11068833 0.0145580769 0.321001053
v -1.19421029 0.0138959885 0.37985146
v -1.17126632 0.0785882473 0.393672049
v -1.27770424 0.0116858482 0.447277129
v -1.36096799 0.00999498367 0.519816279
v -1.42160463 0.0715252161 0.614827991
v 0.415530294 -0.0411002636 -0.631250381
v 0.428668618 0.0035161972 -0.604040086
v 0.400415391 -0.0332772732 -0.624381423
v 0.44330591 -0.0046248436 -0.610985518
v 0.475620687 0.0121057034 -0.582104623
v 0.455040008 0.0295641422 -0.573006153
v 0.382119209 -0.0240848064 -0.610131681
v 0.433982462 0.0367479324 -0.56211251
v 0.409556508 0.0116040707 -0.591960669
v 0.388351917 0.0178146362 -0.575395167
v 0.362987012 -0.0149378777 -0.589117408
v 0.408244908 0.0401155949 -0.547525287
v 0.349658877 -0.00506424904 -0.560770631
v 0.379338712 0.0323939323 -0.533558011
v 0.372154564 0.0165653229 -0.557525396
v 0.511587083 -0.0337450504 -0.272283137
v 0.516383052 0.0146262646 -0.247766808
v 0.497404456 -0.0253329277 -0.247041538
v 0.489337623 -0.0147616863 -0.218594193
v 0.505966961 0.0114710331 -0.22591579
v 0.515270352 0.0303506851 -0.208474189
v 0.537623048 0.0429337025 -0.23124668
v 0.559508622 0.0438818932 -0.252284914
v 0.56272161 0.0613274574 -0.20191592
v 0.588041246 0.0656290054 -0.223538384
v 0.608394444 0.0624319315 -0.239154652
v 0.534036398 0.0109040737 -0.26933381
v 0.549989402 0.00446820259 -0.286076546
v 0.524036527 -0.0420508385 -0.293450475
v 0.546741605 -0.0506925583 -0.306305617
v 0.562807381 -0.00230526924 -0.296449125
v 0.598359883 0.0244810581 -0.280401498
v 0.578142107 0.0393071175 -0.267746985
v -1.27752256 2.84531927 -0.920210302
v -1.67951965 3.04670238 -0.630598426
v -1.46222365 2.9584794 -0.785110652
v 1.13192689 1.77331209 -0.281399786
v 1.12045074 1.70792496 -0.356357515
v 1.09847319 1.67004228 -0.442656755
v 1.11701703 1.75348246 -0.460661292
v 1.09487557 1.74737644 -0.532684386
v 1.13473141 1.77919579 -0.375917077
v 1.07155931 1.66190219 -0.51775527
v 1.02772152 1.66450644 -0.584851265
v 1.12240911 1.87394893 -0.4637025
v 0.971058249 1.69623601 -0.656602025
v 1.13963771 1.87971187 -0.381655365
v 1.1394465 1.8153975 -0.315363884
v 1.10106087 1.98168993 -0.453258067
v 1.11985409 1.97771955 -0.362850249
v 1.08923638 2.06556606 -0.344487309
v 1.06989157 2.06877899 -0.438497007
v 1.10009289 1.87011385 -0.540058672
v 1.0506705 1.74829137 -0.594002604
v 0.916239023 1.75643599 -0.71488297
v 1.07472336 1.98508418 -0.531911492
v 1.05261159 1.86848772 -0.603979528
v 1.0280633 1.97597837 -0.599966466
v 0.993050277 1.76811028 -0.660663605
v 0.99746573 1.86858797 -0.66738832
v 0.946531355 1.80030322 -0.703079224
v 0.923588932 1.86207616 -0.721777081
v 0.880431116 1.82456684 -0.742214859
v 0.847376347 1.79633379 -0.754313648
v 0.994788766 2.06290269 -0.589436769
v 0.931668162 2.05323744 -0.661163688
v 0.967502952 1.96579909 -0.669041276
v 0.84557265 2.0212512 -0.720316529
v 1.04423261 2.06945419 -0.520024955
v 0.991251171 2.16768837 -0.497487336
v 0.941485941 2.15960956 -0.563393474
v -0.530090392 2.75341868 -0.259178609
v -0.368411273 2.54779696 -0.390832186
v -0.676969528 2.87128162 -0.154911637
v -0.842563152 2.94822979 -0.0482925773
v -0.795371413 2.90390491 -0.412192643
v -0.968746781 3.00175881 -0.308688402
v -1.05451989 3.01235652 0.0353346169
v -1.17607331 3.08132362 -0.196098894
v -0.46105516 2.5756557 -0.0849734098
v -0.368411273 2.54779696 -0.390832186
v -0.317680597 2.40899968 -0.221858129
v -0.215920553 2.27219105 -0.513116002
v -0.257838368 2.3205719 -0.720072746
v -0.16975449 2.06260204 -0.579853654
v -0.202022612 2.0599854 -0.746519029
v -0.456798851 2.62050676 -0.640777767
v -0.530090392 2.75341868 -0.259178609
v -0.440533608 2.35846782 -0.945743501
v -0.290189207 2.04124379 -0.952923477
v -0.449147195 2.02443647 -1.14292693
v -0.590741038 2.57613373 -0.868183315
v -0.626980841 2.77249241 -0.522184551
v -0.676969528 2.87128162 -0.154911637
v -0.795371413 2.90390491 -0.412192643
v -0.595265687 2.33638453 -1.08894026
v -0.754136801 2.71440601 -0.77284354
v -0.933247268 2.84803724 -0.661719441
v -0.968746781 3.00175881 -0.308688402
v -0.691052318 2.27393293 -1.21209919
v -0.581984103 2.04956031 -1.24539101
v -0.718037963 2.51684976 -1.02846122
v -1.09954679 2.97175074 -0.558539093
v -1.17607331 3.08132362 -0.196098894
v -0.860865712 2.65582418 -0.945248187
v -1.02977777 2.79146099 -0.85975486
v -1.11471605 2.71394181 -1.00570607
v -0.954945803 2.57242489 -1.08614314
v -0.815618634 2.44326186 -1.15490091
v -0.89569968 2.33071899 -1.24803233
v -0.759730101 2.18925834 -1.2941196
v -1.04285896 2.45358515 -1.18669784
v -1.19908714 2.59308553 -1.10935664
v -1.35671246 2.72491145 -1.02117801
v -1.27752256 2.84531927 -0.920210302
v -1.2002393 2.9214685 -0.769667923
v -1.30193198 3.06953669 -0.429735094
v -1.40446019 3.02398396 -0.645482242
v -1.46222365 2.9584794 -0.785110652
v -1.52812433 2.85038781 -0.893921375
v -1.65711248 3.10437727 -0.476279706
v -1.67951965 3.04670238 -0.630598426
v -1.47484303 3.13928223 -0.0611532032
v -1.58715558 3.14331436 -0.257707149
v -1.34720707 3.07668924 0.114693433
v -1.05451989 3.01235652 0.0353346169
v -1.23982859 2.96016383 0.231550738
v -0.215920553 2.27219105 -0.513116002
v -0.581984103 2.04956031 -1.24539101
v -0.691052318 2.27393293 -1.21209919
v -0.468913764 2.71751332 0.362313449
v -0.172833085 2.78137159 0.458826751
v -0.348212242 2.8970046 0.505815208
v -0.0223727003 2.81979895 0.692939281
v -0.215717182 2.94925857 0.752779424
v -0.535491288 2.97225475 0.568849564
v -0.405860126 3.04579949 0.82258296
v -0.732041299 3.03758812 0.683442593
v 0.179544896 2.67029715 0.638124466
v 0.0360216238 2.57944179 0.421982378
v -0.0984095931 2.91335726 1.01611292
v 0.372111052 2.36986089 0.545981228
v 0.234032512 2.30739665 0.391186476
v 0.102376215 2.78142214 0.948551416
v 0.281246245 2.64435959 0.884309471
v 0.321567744 2.10104442 0.407591552
v 0.440452009 2.42739868 0.824835658
v 0.123618573 2.23768616 0.307586432
v 0.219831392 2.10624194 0.337334335
v -0.0636739135 2.42887402 0.288637042
v 0.333940774 2.59915972 1.08577502
v 0.177125633 2.7370398 1.14087653
v 0.461825401 2.41909456 1.03557074
v 0.602707505 2.10673666 0.971059859
v 0.546758533 2.10672903 0.729149878
v 0.434952915 2.10982418 0.533655763
v 0.504066825 2.36744261 1.18981636
v 0.60338223 2.14230776 1.13692105
v 0.530584812 2.29021502 1.29911554
v 0.584018052 2.18573952 1.24146307
v 0.407409012 2.43267798 1.37091744
v 0.378057718 2.53665876 1.244115
v 0.235176161 2.66554356 1.30572927
v 0.0702674091 2.80665827 1.37583911
v 0.265909493 2.55598688 1.44362688
v 0.105667681 2.6951735 1.51290166
v -0.0638133585 2.82607174 1.57725298
v 0.00285305083 2.87225699 1.21559668
v -0.100189716 2.9374373 1.44595897
v -0.272552073 2.94862747 1.62949121
v -0.284826398 3.03549695 1.07886231
v -0.175839573 3.00162077 1.28914082
v -0.623166978 3.12458563 0.91511327
v -0.512634099 3.13129377 1.1565727
v -0.401222795 3.10248041 1.37079489
v -0.32281515 3.04762888 1.50483739
v -0.973924518 3.105896 0.864905715
v -0.998595953 2.97903872 0.716372967
v -0.912810564 3.18325734 1.06840324
v -1.16914701 3.12654066 1.02492619
v -1.18898129 3.18948531 1.22127819
v -1.12409472 3.21727514 1.41252053
v -0.824134052 3.20301557 1.27579141
v -0.963709772 3.21392393 1.55462694
v -0.691017032 3.17996764 1.46535087
v -0.579808831 3.13274717 1.57956862
v -0.503231287 3.05246305 1.66008735
v -0.811065972 3.17566848 1.63169754
v -0.678486168 3.11556387 1.65386891
v -0.0636739135 2.42887402 0.288637042
v 0.234032512 2.30739665 0.391186476
v 0.0360216238 2.57944179 0.421982378
v -0.264437348 2.59103966 0.310183316
v -0.172833085 2.78137159 0.458826751
v -0.468913764 2.71751332 0.362313449
v -0.641777992 2.80300546 0.435890794
v -0.348212242 2.8970046 0.505815208
v -0.535491288 2.97225475 0.568849564
v -0.814525366 2.88867903 0.551327944
v -0.732041299 3.03758812 0.683442593
v -0.998595953 2.97903872 0.716372967
v -1.12701976 3.04444313 0.877486229
v -0.973924518 3.105896 0.864905715
v -1.16914701 3.12654066 1.02492619
v 0.321567744 2.10104442 0.407591552
v 0.434952915 2.10982418 0.533655763
v 0.372111052 2.36986089 0.545981228
v 0.440452009 2.42739868 0.824835658
v 1.10998631 1.65648842 -0.336802274
v 1.13192689 1.77331209 -0.281399786
v 1.12045074 1.70792496 -0.356357515
v 1.13473141 1.77919579 -0.375917077
v 1.1394465 1.8153975 -0.315363884
v 1.12997544 1.84409189 -0.240687937
v 1.12945843 1.73825788 -0.258458614
v 1.13857913 1.87889767 -0.289696008
v 1.13963771 1.87971187 -0.381655365
v 1.11985409 1.97771955 -0.362850249
v 1.12458968 1.96389592 -0.261662066
v 1.10082257 1.9279027 -0.207977265
v 1.06608796 2.01712298 -0.181133032
v 1.03115249 1.9844681 -0.134744465
v 1.08538854 2.04001522 -0.238341451
v 1.08923638 2.06556606 -0.344487309
v 1.00604463 2.08787727 -0.161967397
v 0.953482866 2.05523682 -0.114091426
v 1.02655971 2.12251282 -0.216947481
v 0.895316839 2.16206527 -0.158760861
v 0.836353004 2.13008642 -0.115123436
v 1.03237414 2.14982414 -0.319149375
v 1.06989157 2.06877899 -0.438497007
v 0.934428513 2.19289613 -0.212476164
v 0.801173151 2.22204494 -0.173390657
v 0.738857269 2.18279648 -0.138132244
v 1.01397061 2.16528106 -0.417715847
v 0.991251171 2.16768837 -0.497487336
v 0.954158902 2.2169168 -0.294514954
v 0.859276772 2.23688388 -0.226631254
v 0.707176864 2.25625229 -0.240416765
v 0.645930707 2.22332883 -0.210600823
v 0.924086213 2.23590517 -0.466723949
v 0.941485941 2.15960956 -0.563393474
v 0.896453917 2.24939919 -0.288853705
v 0.794379473 2.27774215 -0.288171411
v 0.863808632 2.27253032 -0.35250023
v 0.831229806 2.28364301 -0.422379941
v 0.948021293 2.23079038 -0.38870132
v 0.647511959 2.27595758 -0.33066839
v 0.590365112 2.24197531 -0.30091086
v 0.552533209 2.21602106 -0.398308337
v 0.740393698 2.29381847 -0.377578825
v 0.612233758 2.24882388 -0.431230545
v 0.552145004 2.16818762 -0.513381004
v 0.702247679 2.27053332 -0.473335147
v 0.616631091 2.2076056 -0.544277906
v 0.594296634 2.11114717 -0.601601243
v 0.876532018 2.22519684 -0.532378316
v 0.79556632 2.26719069 -0.48965162
v 0.663660288 2.14393973 -0.624337316
v 0.666494608 2.03278208 -0.690872073
v 0.693657935 2.22392559 -0.559487104
v 0.805629611 2.20529556 -0.59302479
v 0.735350311 2.06669736 -0.706000805
v 0.765281618 2.23913598 -0.552479982
v 0.729106009 2.17683125 -0.625127316
v 0.874546766 2.13747525 -0.636346698
v 0.994788766 2.06290269 -0.589436769
v 0.931668162 2.05323744 -0.661163688
v 0.790460885 2.10403967 -0.691451907
v 0.84557265 2.0212512 -0.720316529
v 0.789055586 1.99544716 -0.737904549
v 0.792482793 1.87272882 -0.754792809
v 0.890174508 1.94555461 -0.732783318
v 0.967502952 1.96579909 -0.669041276
v 0.834174931 1.9070394 -0.743877888
v 0.880431116 1.82456684 -0.742214859
v 0.923588932 1.86207616 -0.721777081
v 0.99746573 1.86858797 -0.66738832
v 1.0280633 1.97597837 -0.599966466
v 1.05261159 1.86848772 -0.603979528
v 1.10009289 1.87011385 -0.540058672
v 1.03948295 2.07622385 -0.535918117
v 1.05041516 2.07554913 -0.522056103
v 1.02493834 2.12198329 -0.511187315
v 1.0143491 2.12074518 -0.526130259
v 1.02274287 2.08800793 -0.542563736
v 0.99948442 2.16361928 -0.50014317
v 1.00057185 2.1197381 -0.538957715
v 0.989056051 2.16176653 -0.515515983
v 0.974062443 2.19673491 -0.488783211
v 0.975978732 2.15845919 -0.529512525
v 0.963973045 2.19450164 -0.504387856
v 0.948606312 2.22187614 -0.477095842
v 0.951676428 2.19036388 -0.518821716
v 0.939100683 2.21922541 -0.492758274
v 0.92306 2.24092388 -0.465126336
v 0.927983582 2.21416235 -0.507525027
v 0.914545238 2.23784184 -0.480541646
v 0.897456765 2.25679541 -0.453004867
v 0.905931354 2.23167205 -0.495304585
v 0.890905321 2.25311685 -0.467944384
v 0.891723812 2.24439883 -0.482109606
v 1.05483937 2.07742524 -0.50505513
v 1.02493834 2.12198329 -0.511187315
v 1.05041516 2.07554913 -0.522056103
v 1.03049076 2.12200809 -0.493689299
v 1.04966486 2.09011436 -0.488456577
v 0.99948442 2.16361928 -0.50014317
v 1.03242493 2.12223029 -0.474940211
v 1.00549483 2.16305256 -0.482477844
v 0.974062443 2.19673491 -0.488783211
v 1.00885558 2.16103172 -0.463437587
v 0.980474591 2.19579291 -0.471223652
v 0.948606312 2.22187614 -0.477095842
v 0.984680057 2.1929462 -0.452491909
v 0.955429792 2.22050285 -0.459940434
v 0.92306 2.24092388 -0.465126336
v 0.960641146 2.21671748 -0.441890717
v 0.930297375 2.23907447 -0.448883474
v 0.897456765 2.25679541 -0.453004867
v 0.937051654 2.23410702 -0.432759881
v 0.905518651 2.25426006 -0.43857497
v 0.917569041 2.24642086 -0.430166602
v 0.832741201 2.22478056 -0.320767283
v 0.857898355 2.20625734 -0.323991984
v 0.832460403 2.19028091 -0.358707249
v 0.805763125 2.22046709 -0.347479582
v 0.84178561 2.25641704 -0.314885169
v 0.802618027 2.2642262 -0.346000195
v 0.773613572 2.26423955 -0.393285245
v 0.806913435 2.18548965 -0.406788439
v 0.77883625 2.21787333 -0.394077092
v 0.753442943 2.26037335 -0.444813013
v 0.757876933 2.21671629 -0.443698019
v 0.783870995 2.18647504 -0.456338912
v 0.771065116 2.19945431 -0.498470306
v 0.752739191 2.21851397 -0.481518805
v 0.752527356 2.24942374 -0.494234204
v 0.775205314 2.23055935 -0.526454091
v 0.84178561 2.25641704 -0.314885169
v 0.857898355 2.20625734 -0.323991984
v 0.832741201 2.22478056 -0.320767283
v 0.881728888 2.238904 -0.312412649
v 0.85959959 2.29708695 -0.325335622
v 0.90001893 2.28064251 -0.323141575
v 0.874752283 2.32062888 -0.345410854
v 0.904661775 2.31300473 -0.351424456
v 0.922677338 2.26175666 -0.355350912
v 0.904816031 2.22108436 -0.344876766
v 0.881728888 2.238904 -0.312412649
v 0.880853474 2.19781303 -0.343660027
v 0.857898355 2.20625734 -0.323991984
v 0.832460403 2.19028091 -0.358707249
v 0.869271398 2.18492222 -0.377700776
v 0.902940154 2.20806074 -0.393737733
v 0.806913435 2.18548965 -0.406788439
v 0.884496868 2.20117998 -0.446009308
v 0.909764946 2.23849273 -0.460038036
v 0.846648633 2.17994261 -0.426346928
v 0.853762686 2.20420885 -0.492551148
v 0.873704731 2.24577093 -0.504095197
v 0.821385503 2.18116999 -0.473919302
v 0.783870995 2.18647504 -0.456338912
v 0.771065116 2.19945431 -0.498470306
v 0.815557599 2.2140913 -0.524225771
v 0.833418489 2.2547648 -0.534699738
v 0.775205314 2.23055935 -0.526454091
v 0.800851226 2.19154668 -0.504411459
v 0.922677338 2.26175666 -0.355350912
v 0.881728888 2.238904 -0.312412649
v 0.90001893 2.28064251 -0.323141575
v 0.904661775 2.31300473 -0.351424456
v 0.92287147 2.29367232 -0.368307501
v 0.892264009 2.32673454 -0.393788129
v 0.917863786 2.2958014 -0.406204164
v 0.86933881 2.32790184 -0.443404049
v 0.922880352 2.24962401 -0.405280948
v 0.899148524 2.29243994 -0.456857592
v 0.902940154 2.20806074 -0.393737733
v 0.904816031 2.22108436 -0.344876766
v 0.909764946 2.23849273 -0.460038036
v 0.873704731 2.24577093 -0.504095197
v 0.869978726 2.29205108 -0.502423167
v 0.843675852 2.32292914 -0.491420418
v 0.842869401 2.28740549 -0.529058933
v 0.833418489 2.2547648 -0.534699738
v 0.817828119 2.30620313 -0.525902629
v 0.892264009 2.32673454 -0.393788129
v 0.904661775 2.31300473 -0.351424456
v 0.874752283 2.32062888 -0.345410854
v 0.854414999 2.33132982 -0.376013696
v 0.85959959 2.29708695 -0.325335622
v 0.86933881 2.32790184 -0.443404049
v 0.821419477 2.3070271 -0.357024938
v 0.84178561 2.25641704 -0.314885169
v 0.802618027 2.2642262 -0.346000195
v 0.773613572 2.26423955 -0.393285245
v 0.82922703 2.33265591 -0.423627287
v 0.792801559 2.30792189 -0.404536694
v 0.772242427 2.30317354 -0.455838531
v 0.753442943 2.26037335 -0.444813013
v 0.806529939 2.3275795 -0.472232699
v 0.843675852 2.32292914 -0.491420418
v 0.817828119 2.30620313 -0.525902629
v 0.794750333 2.31436229 -0.506162405
v 0.7703408 2.29009533 -0.504684448
v 0.752527356 2.24942374 -0.494234204
v 0.817828119 2.30620313 -0.525902629
v 0.794750333 2.31436229 -0.506162405
v 0.7703408 2.29009533 -0.504684448
v 0.793495417 2.27229786 -0.537183046
v 0.833418489 2.2547648 -0.534699738
v 0.842869401 2.28740549 -0.529058933
v 0.775205314 2.23055935 -0.526454091
v 0.752527356 2.24942374 -0.494234204
v 0.815557599 2.2140913 -0.524225771
v 0.24116753 2.10281897 -0.759503722
v 0.268126935 2.14692402 -0.794932961
v 0.26923731 2.10728979 -0.848606527
v 0.221084341 2.15568781 -0.714576125
v 0.249572754 2.19576788 -0.753425121
v 0.184542656 2.21214747 -0.688234568
v 0.215812624 2.24793077 -0.72908777
v 0.135949969 2.26538801 -0.683654666
v 0.170918047 2.29711819 -0.724857628
v 0.24116753 2.10281897 -0.759503722
v 0.26923731 2.10728979 -0.848606527
v 0.242370248 2.05991912 -0.817599058
v 0.252769947 2.08164525 -0.907970071
v 0.224544734 2.03216147 -0.881855011
v 0.220710158 2.07308292 -0.965864897
v 0.18984437 2.02289319 -0.944518924
v 0.17692554 2.08263731 -1.01530814
v 0.142451882 2.03323507 -0.998035014
v 0.194453746 2.14487815 -1.00823832
v 0.15601033 2.16517448 -1.0350461
v 0.227964461 2.13756537 -0.970396042
v 0.252502441 2.14411974 -0.926085114
v 0.168895721 2.21887445 -0.99054873
v 0.147931159 2.23555946 -0.997335672
v 0.172490597 2.27092934 -0.929965317
v 0.189700961 2.20789027 -0.976040781
v 0.207836986 2.20393252 -0.95555985
v 0.265106559 2.16374683 -0.88064909
v 0.268126935 2.14692402 -0.794932961
v 0.221116483 2.20747876 -0.931578696
v 0.264256984 2.19408202 -0.839570463
v 0.249572754 2.19576788 -0.753425121
v 0.250055373 2.23146462 -0.807801604
v 0.227938086 2.21810126 -0.906990886
v 0.227478713 2.23451877 -0.884758532
v 0.219792485 2.25475121 -0.867565513
v 0.215812624 2.24793077 -0.72908777
v 0.250055373 2.23146462 -0.807801604
v 0.249572754 2.19576788 -0.753425121
v 0.224217355 2.27138853 -0.78917408
v 0.219792485 2.25475121 -0.867565513
v 0.170918047 2.29711819 -0.724857628
v 0.205808163 2.27635765 -0.857483685
v 0.172490597 2.27092934 -0.929965317
v 0.189855874 2.30903578 -0.785937071
v 0.187213063 2.29673147 -0.855732322
v 0.12030375 2.33740091 -0.741244435
v 0.151117772 2.33986592 -0.798478246
v 0.0811651647 2.30899 -0.701392353
v 0.135949969 2.26538801 -0.683654666
v 0.0267991126 2.33769083 -0.739305437
v 0.0700760186 2.36391807 -0.776272058
v -0.020593375 2.34803271 -0.792821586
v 0.166248381 2.31341648 -0.862519264
v 0.0262908638 2.37347174 -0.825713456
v -0.0552938879 2.33876467 -0.855485559
v 0.112674862 2.36016083 -0.825286269
v -0.00576752424 2.36491036 -0.883608818
v -0.0731193125 2.31100702 -0.919741392
v -0.0222370028 2.33926535 -0.942973137
v 0.145442486 2.32440042 -0.877028704
v 0.0791628659 2.36747313 -0.863127947
v 0.0546257198 2.36092043 -0.907439351
v 0.0420216918 2.34129333 -0.952875376
v 0.127305925 2.3283577 -0.897507548
v 0.114026338 2.3248117 -0.921488643
v 0.10720548 2.31418943 -0.946078539
v 0.0428712368 2.31095839 -0.993954003
v 0.107665569 2.29777193 -0.968309641
v 0.0570732653 2.27357411 -1.02572298
v -0.0719180703 2.26810694 -0.977836132
v -0.0222370028 2.33926535 -0.942973137
v -0.0731193125 2.31100702 -0.919741392
v -0.0211259127 2.29963112 -0.996645331
v 0.0420216918 2.34129333 -0.952875376
v -0.0518336892 2.21523881 -1.02276433
v 0.0428712368 2.31095839 -0.993954003
v -0.00257202983 2.25078583 -1.0381546
v -0.0152918398 2.15877867 -1.049106
v 0.0570732653 2.27357411 -1.02572298
v 0.0311883688 2.19862413 -1.06249046
v 0.0333008766 2.10553789 -1.05368578
v 0.0760832429 2.14943552 -1.06672072
v 0.0880856514 2.06193614 -1.03594816
v 0.0829108059 2.23365188 -1.04435039
v 0.126696467 2.10915399 -1.05033517
v 0.142451882 2.03323507 -0.998035014
v 0.17692554 2.08263731 -1.01530814
v 0.15601033 2.16517448 -1.0350461
v 0.117272407 2.19600463 -1.04758739
v 0.147931159 2.23555946 -0.997335672
v 0.129334301 2.25593424 -0.995583534
v 0.172490597 2.27092934 -0.929965317
v 0.115350664 2.27754092 -0.985503733
v 0.107665569 2.29777193 -0.968309641
v 0.224544734 2.03216147 -0.881855011
v 0.18984437 2.02289319 -0.944518924
v 0.142451882 2.03323507 -0.998035014
v 0.242370248 2.05991912 -0.817599058
v 0.0880856514 2.06193614 -1.03594816
v 0.24116753 2.10281897 -0.759503722
v 0.0333008766 2.10553789 -1.05368578
v 0.221084341 2.15568781 -0.714576125
v -0.0152918398 2.15877867 -1.049106
v 0.184542656 2.21214747 -0.688234568
v -0.0518336892 2.21523881 -1.02276433
v 0.135949969 2.26538801 -0.683654666
v -0.0719180703 2.26810694 -0.977836132
v 0.0811651647 2.30899 -0.701392353
v -0.0731193125 2.31100702 -0.919741392
v 0.0267991126 2.33769083 -0.739305437
v -0.0552938879 2.33876467 -0.855485559
v -0.020593375 2.34803271 -0.792821586
v 0.875206828 2.13034534 0.342984468
v 0.902245283 2.12640834 0.403864413
v 0.908233881 2.19079185 0.396789461
v 0.917928815 2.20148492 0.445780754
v 0.914911926 2.14037967 0.467875242
v 0.915452719 2.22459555 0.491259009
v 0.911677301 2.17057323 0.527296364
v 0.901106119 2.25733399 0.52773869
v 0.89293313 2.21334839 0.574960232
v 0.878374636 2.12377071 0.552351594
v 0.876618981 2.29575396 0.550821304
v 0.858086109 2.1700716 0.603943408
v 0.860938311 2.26354647 0.605116904
v 0.823456526 2.22440481 0.63658601
v 0.844945192 2.33521962 0.557719171
v 0.819554806 2.3151114 0.614132166
v 0.887539327 2.19380713 0.350193441
v 0.908233881 2.19079185 0.396789461
v 0.882206678 2.25669718 0.399768651
v 0.875206828 2.13034534 0.342984468
v 0.837056398 2.15171766 0.292579591
v 0.85834074 2.21016335 0.311615556
v 0.792395592 2.18794441 0.258726805
v 0.824159265 2.23789048 0.285704851
v 0.746612608 2.23465776 0.245510995
v 0.699709713 2.19313669 0.24735111
v 0.749264836 2.14257407 0.261655539
v 0.79760623 2.10336232 0.298297852
v 0.838899136 2.08023047 0.352856457
v 0.902245283 2.12640834 0.403864413
v 0.868165612 2.07596707 0.41875118
v 0.914911926 2.14037967 0.467875242
v 0.8818748 2.09108973 0.48803556
v 0.911677301 2.17057323 0.527296364
v 0.878374636 2.12377071 0.552351594
v 0.654916227 2.24895096 0.25710848
v 0.699709713 2.19313669 0.24735111
v 0.746612608 2.23465776 0.245510995
v 0.705228448 2.28622293 0.254524857
v 0.620286047 2.30328393 0.289749831
v 0.673234344 2.33642101 0.28468293
v 0.599997401 2.34958506 0.341341615
v 0.654489756 2.37919736 0.332347006
v 0.596497416 2.38226581 0.405657589
v 0.651256502 2.4093914 0.391767442
v 0.610206604 2.39738846 0.474941909
v 0.663921177 2.42336202 0.455777347
v 0.716135144 2.40737748 0.387530565
v 0.718610048 2.38426828 0.342051178
v 0.732956767 2.35152984 0.305571288
v 0.787348509 2.34368801 0.350402266
v 0.654489756 2.37919736 0.332347006
v 0.673234344 2.33642101 0.28468293
v 0.732956767 2.35152984 0.305571288
v 0.75744307 2.3131094 0.282490671
v 0.705228448 2.28622293 0.254524857
v 0.800599575 2.322896 0.337910771
v 0.787348509 2.34368801 0.350402266
v 0.838403046 2.32303238 0.408366084
v 0.779583931 2.36140585 0.370144546
v 0.817742646 2.3015368 0.334177166
v 0.718610048 2.38426828 0.342051178
v 0.716135144 2.40737748 0.387530565
v 0.789117932 2.27364254 0.275590628
v 0.746612608 2.23465776 0.245510995
v 0.824159265 2.23789048 0.285704851
v 0.836706996 2.28218651 0.339650512
v 0.855205774 2.26718044 0.353673249
v 0.85834074 2.21016335 0.311615556
v 0.871006608 2.2583282 0.374551415
v 0.887539327 2.19380713 0.350193441
v 0.882206678 2.25669718 0.399768651
v 0.778244495 2.37391281 0.394758254
v 0.887454212 2.26248455 0.4262833
v 0.908233881 2.19079185 0.396789461
v 0.917928815 2.20148492 0.445780754
v 0.886114001 2.27499175 0.450895637
v 0.783490002 2.37969971 0.42127201
v 0.915452719 2.22459555 0.491259009
v 0.725828111 2.41807008 0.436521053
v 0.663921177 2.42336202 0.455777347
v 0.690961182 2.41942453 0.516656339
v 0.878350258 2.29270959 0.470639199
v 0.901106119 2.25733399 0.52773869
v 0.74652338 2.41505671 0.483116508
v 0.729110718 2.39805293 0.567063689
v 0.865096807 2.31350255 0.483130366
v 0.876618981 2.29575396 0.550821304
v 0.847955704 2.33486223 0.486864567
v 0.844945192 2.33521962 0.557719171
v 0.794690013 2.37806892 0.446489364
v 0.775722861 2.39870048 0.521695971
v 0.773771524 2.36182618 0.600916445
v 0.828991175 2.35421062 0.481389523
v 0.810492933 2.36921692 0.467368126
v 0.809903502 2.37097311 0.547605217
v 0.819554806 2.3151114 0.614132166
v 0.639472961 2.3931253 0.540836692
v 0.610206604 2.39738846 0.474941909
v 0.663921177 2.42336202 0.455777347
v 0.690961182 2.41942453 0.516656339
v 0.680766582 2.36999345 0.595396638
v 0.729110718 2.39805293 0.567063689
v 0.72910583 2.3307817 0.632038355
v 0.773771524 2.36182618 0.600916445
v 0.778660893 2.28021884 0.646342754
v 0.819554806 2.3151114 0.614132166
v 0.823456526 2.22440481 0.63658601
v 0.860938311 2.26354647 0.605116904
v 0.8818748 2.09108973 0.48803556
v 0.868165612 2.07596707 0.41875118
v 0.838899136 2.08023047 0.352856457
v 0.79760623 2.10336232 0.298297852
v 0.878374636 2.12377071 0.552351594
v 0.749264836 2.14257407 0.261655539
v 0.858086109 2.1700716 0.603943408
v 0.699709713 2.19313669 0.24735111
v 0.823456526 2.22440481 0.63658601
v 0.654916227 2.24895096 0.25710848
v 0.778660893 2.28021884 0.646342754
v 0.620286047 2.30328393 0.289749831
v 0.72910583 2.3307817 0.632038355
v 0.599997401 2.34958506 0.341341615
v 0.680766582 2.36999345 0.595396638
v 0.596497416 2.38226581 0.405657589
v 0.639472961 2.3931253 0.540836692
v 0.610206604 2.39738846 0.474941909
v 0.257849574 1.82168829 -1.26604486
v 0.308518261 1.92647362 -1.14814436
v 0.264199495 1.88185155 -1.21494639
v 0.347724527 1.87246156 -1.19276965
v 0.28817901 1.77175617 -1.30012095
v 0.375284553 1.95551646 -1.07907081
v 0.387462378 1.81741619 -1.22585583
v 0.324561089 1.72491813 -1.29702079
v 0.430880636 1.90830684 -1.11811185
v 0.421276897 1.76049805 -1.22977495
v 0.375475377 1.6966095 -1.26426911
v 0.450011879 1.70360482 -1.21515512
v 0.477160454 1.85587204 -1.14599991
v 0.507913947 1.7947278 -1.15529823
v 0.529351592 1.72835672 -1.15344083
v 0.591933072 1.7596879 -1.0848577
v 0.56981343 1.82007003 -1.06632352
v 0.624231875 1.79851794 -1.02126122
v 0.629876435 1.85119355 -0.981032312
v 0.544619381 1.88162339 -1.05178881
v 0.60416013 1.90202093 -0.957211912
v 0.499644846 1.92896521 -1.03510737
v 0.558278799 1.93755186 -0.95112431
v 0.44168961 1.96741343 -1.01414704
v 0.504761815 1.96261442 -0.968003511
v 1.18328643 1.90963805 0.569523811
v 1.14374685 1.96544003 0.52960211
v 1.11480916 2.00310016 0.451102972
v 1.17604172 1.95118141 0.450165808
v 1.23061109 1.86132085 0.569156528
v 1.09801316 2.02420187 0.354433477
v 1.22837019 1.89733243 0.442052603
v 1.25158596 1.81301892 0.541697502
v 1.16426086 1.97800422 0.336519897
v 1.25383711 1.83962131 0.421576172
v 1.2567054 1.78035796 0.483616799
v 1.26140094 1.78071582 0.394203931
v 1.21621251 1.9261086 0.319881707
v 1.24433565 1.86471426 0.305366009
v 1.25816178 1.79761982 0.292126149
v 1.23917949 1.82119954 0.19893086
v 1.20881391 1.88079798 0.20110932
v 1.2058804 1.85379541 0.132416278
v 1.17493153 1.90299344 0.100063831
v 1.17978227 1.94198656 0.20803231
v 1.1385498 1.95280719 0.10272944
v 1.137797 1.98961258 0.230642974
v 1.10498035 1.98950803 0.133237243
v 1.08499134 2.02855015 0.261817187
v 1.08569849 2.01782417 0.184261888
v 0.467470407 -0.115301847 -0.192449272
v 0.519145072 -0.0787727833 -0.180294618
v 0.49937889 -0.057072401 -0.180762157
v 0.478233993 -0.298832655 -0.112760223
v 0.49548161 -0.329193592 -0.0539323613
v 0.515905201 -0.319253683 -0.0675826669
v 0.446339279 -0.297539949 -0.0954402238
v 0.49548161 -0.329193592 -0.0539323613
v 0.478233993 -0.298832655 -0.112760223
v 0.61838156 -0.261680365 0.0678064451
v 0.653715372 -0.206495762 0.0640029684
v 0.625918627 -0.259442091 0.0434538126
v 0.653715372 -0.206495762 0.0640029684
v 0.664747417 -0.139367342 0.0665054768
v 0.668050408 -0.148886919 0.043249689
v 0.415447056 -0.0315618515 -0.436267972
v 0.373865187 -0.0203564167 -0.485322803
v 0.384732276 -0.0453803539 -0.487262309
v -0.0422336757 0.215719938 -0.350944757
v 0.0662085712 0.307834387 -0.333027124
v -0.0148365796 0.326601982 -0.329612464
v 0.00888833404 0.418800831 -0.305093288
v 0.0794839263 0.401307583 -0.311532974
v 0.0879539102 0.474381566 -0.290161848
v 0.0306546986 0.49258554 -0.280594766
v 0.0544527471 0.548033953 -0.256761253
v 0.0916870087 0.521331191 -0.271749198
v 0.126398593 0.531893611 -0.251175225
v 0.0902680755 0.583161116 -0.226990268
v 0.133024782 0.607095838 -0.185087413
v 0.170036077 0.541390061 -0.211485416
v 0.19328177 0.467790723 -0.23350817
v 0.141556218 0.46882987 -0.272310257
v 0.213666081 0.547171474 -0.159785897
v 0.176242486 0.620539546 -0.13319625
v 0.12876074 0.689749002 -0.100565299
v 0.0836186409 0.667250991 -0.152185932
v 0.215823725 0.624098301 -0.0755376816
v 0.169200435 0.695792794 -0.043191649
v 0.110870957 0.759589553 -0.00305531919
v 0.203520283 0.686837792 0.0173069611
v 0.0733361244 0.789730191 0.104084782
v 0.14536953 0.747848749 0.0572000891
v 0.0381345153 0.803201795 0.045625627
v -0.00148841739 0.791638613 -0.0103956461
v -0.0449290276 0.79507041 0.0998366624
v -0.0796210766 0.781467319 0.042785868
v -0.109890461 0.739786386 -0.0131611675
v -0.0437555313 0.746652007 -0.0625526905
v -0.139563352 0.730011582 0.0838012993
v -0.107537895 0.740484834 0.140651152
v -0.163520366 0.700481653 0.0268836319
v -0.208942562 0.637509465 0.0566700995
v -0.179331779 0.663921833 -0.0224827379
v -0.187757611 0.657039046 0.115687445
v -0.135226876 0.688229322 -0.0589453131
v -0.2339921 0.572267532 0.143814147
v -0.15877074 0.635544538 -0.0901692361
v -0.187137336 0.633922577 -0.0559225529
v -0.214787245 0.588970661 -0.0523734391
v -0.189089835 0.574353099 -0.103502139
v -0.226919264 0.500170588 -0.109400779
v -0.218743831 0.611868978 -0.00027564168
v -0.260615528 0.539216638 0.017279774
v -0.25366497 0.558449984 0.0813052952
v -0.300191522 0.468759179 0.104055583
v -0.280654222 0.479022026 0.17045176
v -0.328742594 0.382132769 0.197241724
v -0.252598643 0.518926144 -0.0463713109
v -0.297987312 0.435067773 -0.0391532183
v -0.27238825 0.415302277 -0.11232692
v -0.324978918 0.322624207 -0.113415867
v -0.306738853 0.453488469 0.0336233377
v -0.356809705 0.360713482 0.0504458845
v -0.349005222 0.373835564 0.126876414
v -0.398150265 0.276460886 0.150687277
v -0.376585692 0.283429265 0.224381477
v -0.419451058 0.183720589 0.250286132
v -0.349322855 0.343281746 -0.0306116045
v -0.40263629 0.247054338 -0.0199116766
v -0.380384088 0.224581242 -0.111408293
v -0.422407389 0.12529707 -0.101372391
v -0.407591403 0.264342189 0.0686549842
v -0.451914251 0.167041302 0.0879654586
v -0.441486537 0.17806828 0.174377352
v -0.466780961 0.0808448792 0.192280263
v -0.44437924 0.0839033127 0.267513037
v -0.447320968 0.14958787 -0.00600746274
v -0.468045861 0.0564041138 0.00994983315
v -0.437672973 0.0313661098 -0.0816677213
v -0.437739432 -0.0455281734 -0.058155328
v -0.476034611 0.0724453926 0.104167849
v -0.476306528 -0.00922846794 0.112736136
v -0.466639042 -0.00553894043 0.197027922
v -0.451874614 -0.0690681934 0.192257255
v -0.463044643 -0.0688383579 0.114137381
v -0.457537234 -0.0763156414 0.0381035209
v -0.437911332 -0.114089966 0.103497207
v -0.442453057 -0.108968258 0.0483053625
v -0.414126724 -0.13380003 0.00586333871
v -0.429056823 -0.099075079 -0.0317577124
v -0.467956781 -0.0215342045 0.0251536071
v 0.126398593 0.531893611 -0.251175225
v 0.0916870087 0.521331191 -0.271749198
v 0.0879539102 0.474381566 -0.290161848
v 0.141556218 0.46882987 -0.272310257
v 0.145577729 0.389798641 -0.292108566
v 0.0794839263 0.401307583 -0.311532974
v 0.19328177 0.467790723 -0.23350817
v 0.0662085712 0.307834387 -0.333027124
v 0.20563148 0.382997274 -0.251967907
v 0.20904398 0.283941984 -0.267007858
v 0.257861078 0.37901938 -0.197341844
v 0.14156571 0.293434739 -0.309965014
v 0.128532141 0.1773597 -0.321181417
v 0.046674192 0.19365418 -0.348295152
v 0.0248791575 0.0812040567 -0.346974075
v -0.0422336757 0.215719938 -0.350944757
v -0.070519805 0.102692246 -0.353197634
v -0.0955781639 0.00165772438 -0.340000629
v 0.00311988592 -0.0188746452 -0.334265292
v 0.0899581611 -0.0361196995 -0.307021141
v -0.0204966366 -0.105249882 -0.308047086
v 0.0623889565 -0.121801853 -0.281597316
v 0.134211004 -0.134824038 -0.236254752
v 0.0323156714 -0.186744928 -0.247515932
v 0.110765934 0.064034462 -0.319320291
v 0.187329769 0.0520482063 -0.273603857
v 0.166277736 -0.0489184856 -0.2614263
v 0.233418971 -0.0561101437 -0.200635582
v 0.202047497 0.166924834 -0.275651902
v 0.266065449 0.162136555 -0.216051266
v 0.25474298 0.0460855961 -0.213207081
v 0.310701191 0.0447924137 -0.141881049
v 0.266866595 0.278445005 -0.209543481
v 0.315010548 0.276370406 -0.142511383
v 0.319325894 0.161459446 -0.146117598
v 0.360366255 0.163652897 -0.068972595
v 0.198198944 -0.14222908 -0.175746396
v 0.252028078 -0.144895554 -0.105938509
v 0.158617169 -0.20539856 -0.142020151
v 0.098662287 -0.198673248 -0.20124644
v 0.0671097636 -0.233403683 -0.159473673
v 0.124064863 -0.238618135 -0.102800339
v 0.00396513939 -0.224647284 -0.20919615
v 0.289111018 -0.0585124493 -0.129169986
v 0.331082582 -0.0569438934 -0.0515501946
v 0.352949947 0.0468425751 -0.0633260608
v 0.3804636 0.0524060726 0.0214315355
v 0.358550817 -0.0511565208 0.0323906094
v 0.293373078 -0.143698931 -0.0326973647
v 0.250036716 -0.207180738 -0.00925590098
v 0.321304291 -0.138547182 0.0465263277
v 0.370732993 -0.0409026146 0.122818887
v 0.278586656 -0.203110456 0.0629062057
v 0.377977461 0.280835271 0.00827182829
v 0.352625251 0.277096033 -0.0691316575
v 0.336527497 0.376285791 -0.0647815913
v 0.301749885 0.376885653 -0.133706242
v 0.281334937 0.466558456 -0.120212182
v 0.314410865 0.464375019 -0.0552294925
v 0.28567034 0.543871164 -0.0389410928
v 0.24039498 0.467504859 -0.180863023
v 0.213666081 0.547171474 -0.159785897
v 0.170036077 0.541390061 -0.211485416
v 0.252877057 0.548063159 -0.101010107
v 0.215823725 0.624098301 -0.0755376816
v 0.176242486 0.620539546 -0.13319625
v 0.249494031 0.617702007 -0.0148534924
v 0.203520283 0.686837792 0.0173069611
v 0.169200435 0.695792794 -0.043191649
v -0.270378709 -0.221704721 0.17470327
v -0.233866334 -0.2277143 0.239567578
v -0.143950701 -0.248282194 0.186410025
v -0.180785716 -0.246841908 0.12491262
v -0.216778755 -0.240259647 0.0517497063
v -0.303904593 -0.210727453 0.100487143
v -0.335590899 -0.191760302 0.0201206505
v -0.369796813 -0.166757584 0.146591514
v -0.396549493 -0.154461622 0.068588227
v -0.414126724 -0.13380003 0.00586333871
v -0.361598939 -0.165298462 -0.0504818261
v -0.290182918 -0.194488764 -0.109396398
v -0.0847301483 -0.256793261 0.0677901804
v -0.0478432775 -0.25383687 0.123908073
v -0.122813106 -0.256165743 -0.000326156616
v -0.170295417 -0.24159956 -0.0843419731
v -0.0393491387 -0.258478165 -0.0560911596
v -0.0937694907 -0.248772383 -0.128689557
v -0.136011124 -0.229887486 -0.195170701
v -0.256533623 -0.221721411 -0.0328995883
v -0.210217357 -0.217057943 -0.161518663
v -0.228131235 -0.185085297 -0.213689029
v -0.145409912 -0.202104568 -0.241102397
v -0.309278905 -0.159659624 -0.162926018
v 0.250036716 -0.207180738 -0.00925590098
v 0.172712535 -0.240920544 -0.042919293
v 0.210927367 -0.240934849 0.0164393783
v 0.209851861 -0.207906246 -0.0759772956
v 0.252028078 -0.144895554 -0.105938509
v 0.158617169 -0.20539856 -0.142020151
v 0.198198944 -0.14222908 -0.175746396
v 0.124064863 -0.238618135 -0.102800339
v 0.0783732533 -0.252764463 -0.054864347
v 0.12367332 -0.253909111 -0.000270426273
v 0.0457770228 -0.256842613 0.0584675968
v 0.0671097636 -0.233403683 -0.159473673
v 0.161723882 -0.255265951 0.0529800802
v 0.0257456899 -0.249800205 -0.111015022
v -0.0341891646 -0.24294138 -0.16882506
v 0.00396513939 -0.224647284 -0.20919615
v -0.0393491387 -0.258478165 -0.0560911596
v 0.00533765554 -0.258687973 0.00496777892
v -0.0937694907 -0.248772383 -0.128689557
v -0.136011124 -0.229887486 -0.195170701
v -0.0847301483 -0.256793261 0.0677901804
v -0.122813106 -0.256165743 -0.000326156616
v -0.0478432775 -0.25383687 0.123908073
v -0.00160592794 -0.259104252 0.174641311
v -0.143950701 -0.248282194 0.186410025
v -0.0665676594 -0.21379137 -0.240414619
v 0.0323156714 -0.186744928 -0.247515932
v -0.145409912 -0.202104568 -0.241102397
v -0.0792751908 -0.23034668 -0.204820901
v 0.0880970955 -0.260474205 0.108963802
v 0.128740013 -0.262649536 0.163454592
v 0.193716019 -0.254136324 0.110649601
v 0.220829427 -0.247817278 0.17850323
v 0.239860773 -0.23796463 0.0807072222
v 0.260664761 -0.231314182 0.155315608
v 0.259758472 -0.22335577 0.234255299
v 0.228370428 -0.238344908 0.232831016
v 0.195327222 -0.241138935 0.285050243
v 0.164100885 -0.256369352 0.228923753
v 0.0910092592 -0.254753828 0.292137444
v 0.0471515656 -0.262871027 0.228046983
v -0.0487587452 -0.2541008 0.293299258
v 0.129303575 -0.235062838 0.349373639
v 0.0478119254 -0.21532917 0.407643795
v 0.161414683 -0.204154491 0.382183105
v -0.0988601446 -0.25344944 0.240090385
v -0.192331672 -0.232394218 0.295522243
v -0.233866334 -0.2277143 0.239567578
v -0.30934906 -0.183592081 0.278484255
v -0.270378709 -0.221704721 0.17470327
v 0.00208467245 -0.240742207 0.353694618
v -0.0884057879 -0.213221312 0.403800994
v 0.0826631784 -0.17995739 0.44133687
v -0.00271815062 -0.14805603 0.483625025
v 0.114746749 -0.125553131 0.461423337
v 0.0254845619 -0.0931150913 0.502852559
v -0.0662845969 -0.0591585636 0.520177543
v 0.0588824153 -0.0110762119 0.515476584
v -0.0413924456 0.0210192204 0.530382931
v -0.144361377 -0.229825497 0.348139763
v -0.22528863 -0.184149027 0.382042378
v -0.0369472504 -0.185057402 0.452419579
v -0.112772524 -0.147372007 0.476256967
v -0.141418338 0.0480709076 0.520296931
v -0.0143690109 0.117453694 0.526759267
v -0.118161201 0.143480659 0.511893868
v -0.271253109 -0.186862946 0.332462311
v -0.328519821 -0.130749226 0.356889755
v -0.0847534537 -0.112635612 0.503693879
v -0.164161623 -0.0851273537 0.49925971
v -0.156737864 -0.0317547321 0.513157308
v -0.242050648 -0.0189604759 0.481731892
v -0.233878732 0.0652396679 0.487386882
v -0.241554976 -0.0769526958 0.468015939
v -0.220761597 -0.123001337 0.450742543
v -0.308656812 -0.0775079727 0.422392607
v -0.357822835 -0.076464653 0.374457091
v -0.395928621 -0.0742964745 0.321800292
v -0.166513801 -0.117903709 0.47787571
v -0.282807529 -0.129507065 0.403921902
v -0.166210651 -0.17114377 0.432767451
v -0.364844024 -0.128784895 0.305228353
v -0.397014678 -0.125380039 0.245008901
v -0.428355515 -0.0715427399 0.261849701
v -0.451874614 -0.0690681934 0.192257255
v -0.343613148 -0.177965879 0.215428889
v -0.369796813 -0.166757584 0.146591514
v -0.303904593 -0.210727453 0.100487143
v -0.422210813 -0.120356083 0.176074654
v -0.437911332 -0.114089966 0.103497207
v -0.463044643 -0.0688383579 0.114137381
v -0.396549493 -0.154461622 0.068588227
v -0.414126724 -0.13380003 0.00586333871
v -0.442453057 -0.108968258 0.0483053625
v 0.172712535 -0.240920544 -0.042919293
v 0.12367332 -0.253909111 -0.000270426273
v 0.161723882 -0.255265951 0.0529800802
v 0.210927367 -0.240934849 0.0164393783
v 0.239860773 -0.23796463 0.0807072222
v 0.250036716 -0.207180738 -0.00925590098
v 0.278586656 -0.203110456 0.0629062057
v 0.294916093 -0.195584297 0.145271689
v 0.260664761 -0.231314182 0.155315608
v 0.321304291 -0.138547182 0.0465263277
v 0.259758472 -0.22335577 0.234255299
v 0.334892392 -0.129350662 0.134281829
v 0.327283293 -0.115540504 0.227607921
v 0.370732993 -0.0409026146 0.122818887
v 0.289782882 -0.185006857 0.232772797
v 0.253944993 -0.171782017 0.320341676
v 0.223560691 -0.21646142 0.311516821
v 0.195327222 -0.241138935 0.285050243
v 0.161414683 -0.204154491 0.382183105
v 0.193550348 -0.152951002 0.399413466
v 0.231917381 -0.0723750591 0.409912884
v 0.114746749 -0.125553131 0.461423337
v 0.29162392 -0.0965471268 0.32354334
v 0.326662064 -0.00176262856 0.319262445
v 0.36198473 -0.0248739719 0.218765825
v 0.383254617 0.0772758722 0.206253216
v 0.152167141 -0.0430288315 0.474542141
v 0.0588824153 -0.0110762119 0.515476584
v 0.0254845619 -0.0931150913 0.502852559
v 0.187084019 0.0563690662 0.475509644
v 0.267463833 0.026096344 0.409712195
v 0.289905638 0.131372929 0.393272012
v 0.348589361 0.101801991 0.305320859
v 0.354462504 0.216359615 0.278472722
v 0.296133906 0.244956493 0.355511397
v 0.217793971 0.273439646 0.409311771
v 0.29084596 0.349762082 0.310362875
v 0.218974113 0.37440598 0.358378053
v 0.345482856 0.324448586 0.244463503
v 0.378406197 0.303070545 0.167924106
v 0.333776891 0.415629506 0.212086886
v 0.388777643 0.192411184 0.18911925
v 0.398322761 0.17720449 0.0998070091
v 0.392173886 0.0617010593 0.111410424
v 0.3804636 0.0524060726 0.0214315355
v 0.358550817 -0.0511565208 0.0323906094
v 0.387234718 0.168600798 0.0135538206
v 0.360366255 0.163652897 -0.068972595
v 0.377977461 0.280835271 0.00827182829
v 0.388115585 0.288805008 0.0879033133
v 0.372055858 0.383779526 0.0780325457
v 0.363718659 0.395405769 0.147503525
v 0.348175079 0.468276978 0.130278975
v 0.361132622 0.37812674 0.00647482276
v 0.339295447 0.462548375 0.0102312192
v 0.336527497 0.376285791 -0.0647815913
v 0.314410865 0.464375019 -0.0552294925
v 0.28567034 0.543871164 -0.0389410928
v 0.352046072 0.46243453 0.0733778551
v 0.327924609 0.525333166 0.0783131123
v 0.311386406 0.535921574 0.0224711597
v 0.275990248 0.601818323 0.045936957
v 0.249494031 0.617702007 -0.0148534924
v 0.203520283 0.686837792 0.0173069611
v 0.321565986 0.489186764 0.180909842
v 0.308606088 0.543183684 0.147651792
v 0.275925845 0.516821504 0.229003191
v 0.283594042 0.440143824 0.268605798
v 0.333119631 0.514879465 0.118680596
v 0.294996142 0.577029824 0.101900317
v 0.250730634 0.625981092 0.136722028
v 0.230606809 0.662918568 0.079023771
v 0.173408389 0.715891123 0.119384937
v 0.14536953 0.747848749 0.0572000891
v 0.110870957 0.759589553 -0.00305531919
v 0.0733361244 0.789730191 0.104084782
v 0.26508078 0.578247309 0.186642319
v 0.194170922 0.667765379 0.176819369
v 0.128961235 0.694066286 0.216636509
v 0.207767874 0.610003233 0.226166233
v 0.21535635 0.542633057 0.269932747
v 0.148700237 0.564074993 0.300974727
v 0.218238324 0.463849306 0.312353671
v 0.145838141 0.485218406 0.34155196
v -0.0449290276 0.79507041 0.0998366624
v 0.0381345153 0.803201795 0.045625627
v 0.0733361244 0.789730191 0.104084782
v -0.00691527128 0.782333851 0.154757455
v -0.0685327649 0.729876041 0.193343967
v 0.0318364501 0.745086074 0.206833318
v -0.107537895 0.740484834 0.140651152
v -0.156601846 0.663583517 0.172701031
v -0.139563352 0.730011582 0.0838012993
v -0.187757611 0.657039046 0.115687445
v -0.2339921 0.572267532 0.143814147
v 0.104498059 0.749881029 0.163903818
v 0.173408389 0.715891123 0.119384937
v 0.128961235 0.694066286 0.216636509
v -0.203024238 0.576824665 0.202352583
v -0.249373913 0.482444644 0.231325924
v -0.161961108 0.571004748 0.254615068
v -0.280654222 0.479022026 0.17045176
v -0.328742594 0.382132769 0.197241724
v -0.116900891 0.655607224 0.224499047
v -0.0713430643 0.63649559 0.268567324
v -0.0263315737 0.702435255 0.239744455
v 0.0124910176 0.667945266 0.276070654
v 0.0640539825 0.694655776 0.250660896
v 0.0832712948 0.641942263 0.285990179
v 0.144059926 0.632721186 0.260853618
v 0.207767874 0.610003233 0.226166233
v 0.148700237 0.564074993 0.300974727
v 0.0400894284 0.63880682 0.297716826
v 0.0258412063 0.592265964 0.320848495
v 0.0831941366 0.579514027 0.318914264
v 0.0729810894 0.503680944 0.35492298
v 0.145838141 0.485218406 0.34155196
v 0.138527364 0.39694488 0.386957288
v 0.218238324 0.463849306 0.312353671
v -0.023271203 0.612564325 0.301740825
v -0.0567400455 0.53922987 0.332040846
v 0.00487172604 0.520613909 0.351655841
v -0.0210439563 0.435790896 0.389401078
v 0.056758225 0.417140484 0.396728009
v 0.0360475183 0.322482824 0.445193052
v -0.112618566 0.557272911 0.298669249
v -0.154307514 0.468128204 0.331157684
v -0.0919595957 0.45328629 0.366767108
v -0.130519092 0.359869599 0.405326456
v -0.0515951514 0.342721462 0.43291229
v -0.0856019258 0.243961811 0.477889776
v -0.207022548 0.478402138 0.28533417
v -0.253701836 0.381925106 0.317354649
v -0.198226154 0.373298287 0.365941942
v -0.24383539 0.275231719 0.400647223
v -0.171639025 0.26214385 0.444448203
v -0.210432172 0.162608027 0.476136327
v -0.296993941 0.384953141 0.260875404
v -0.344671518 0.28571701 0.290432453
v -0.376585692 0.283429265 0.224381477
v -0.419451058 0.183720589 0.250286132
v -0.301010966 0.283050776 0.349075317
v -0.344085753 0.182298899 0.376129299
v -0.387118995 0.184914708 0.316768289
v -0.411267281 0.0834201574 0.331704229
v -0.44437924 0.0839033127 0.267513037
v -0.443413794 -0.00593042374 0.269165903
v -0.466780961 0.0808448792 0.192280263
v -0.466639042 -0.00553894043 0.197027922
v -0.451874614 -0.0690681934 0.192257255
v -0.428355515 -0.0715427399 0.261849701
v -0.395928621 -0.0742964745 0.321800292
v -0.409952581 -0.00820636749 0.330634356
v -0.368973374 -0.0108733177 0.385840446
v -0.357822835 -0.076464653 0.374457091
v -0.308656812 -0.0775079727 0.422392607
v -0.368636608 0.0807543993 0.389144093
v -0.311357558 0.0751923323 0.441073537
v -0.315086067 -0.0141971111 0.43600744
v -0.242050648 -0.0189604759 0.481731892
v -0.241554976 -0.0769526958 0.468015939
v -0.233878732 0.0652396679 0.487386882
v -0.286236882 0.175172091 0.429226279
v -0.141418338 0.0480709076 0.520296931
v -0.118161201 0.143480659 0.511893868
v -0.0143690109 0.117453694 0.526759267
v 0.0115680099 0.220383644 0.494800329
v 0.11354208 0.192466974 0.489161432
v 0.128144801 0.299440742 0.438500315
v 0.217793971 0.273439646 0.409311771
v 0.218974113 0.37440598 0.358378053
v 0.29084596 0.349762082 0.310362875
v 0.283594042 0.440143824 0.268605798
v 0.275925845 0.516821504 0.229003191
v 0.333776891 0.415629506 0.212086886
v 0.209475696 0.162104249 0.455223203
v 0.289905638 0.131372929 0.393272012
v 0.187084019 0.0563690662 0.475509644
v 0.267463833 0.026096344 0.409712195
v 0.0910457969 0.0873978138 0.515265167
v 0.0588824153 -0.0110762119 0.515476584
v 0.152167141 -0.0430288315 0.474542141
v -0.0413924456 0.0210192204 0.530382931
v -0.292060494 0.0607722998 -0.266002208
v -0.169162065 0.129487634 -0.332954198
v -0.263510168 0.162883043 -0.279748052
v -0.197119117 0.0275235176 -0.319066256
v -0.217797041 -0.0643064976 -0.289256692
v -0.308951139 -0.0334391594 -0.237272054
v -0.314798832 -0.108963966 -0.201831311
v -0.0955781639 0.00165772438 -0.340000629
v -0.070519805 0.102692246 -0.353197634
v -0.117669433 -0.0872118473 -0.311816216
v -0.134979934 -0.157212019 -0.276361167
v -0.228761613 -0.137271643 -0.25188303
v -0.228131235 -0.185085297 -0.213689029
v -0.145409912 -0.202104568 -0.241102397
v -0.309278905 -0.159659624 -0.162926018
v -0.378701091 -0.129405975 -0.0996632278
v -0.290182918 -0.194488764 -0.109396398
v -0.361598939 -0.165298462 -0.0504818261
v -0.414126724 -0.13380003 0.00586333871
v -0.429056823 -0.099075079 -0.0317577124
v -0.0665676594 -0.21379137 -0.240414619
v -0.134979934 -0.157212019 -0.276361167
v -0.145409912 -0.202104568 -0.241102397
v -0.0443020165 -0.172151804 -0.274665028
v 0.0323156714 -0.186744928 -0.247515932
v -0.0204966366 -0.105249882 -0.308047086
v 0.0623889565 -0.121801853 -0.281597316
v -0.117669433 -0.0872118473 -0.311816216
v -0.0955781639 0.00165772438 -0.340000629
v 0.12876074 0.689749002 -0.100565299
v 0.169200435 0.695792794 -0.043191649
v 0.110870957 0.759589553 -0.00305531919
v 0.0698755383 0.750885248 -0.0599085987
v 0.0235875249 0.717534781 -0.111049488
v 0.0836186409 0.667250991 -0.152185932
v 0.0395247638 0.629788518 -0.194513693
v 0.133024782 0.607095838 -0.185087413
v 0.0902680755 0.583161116 -0.226990268
v 0.0544527471 0.548033953 -0.256761253
v -0.00148841739 0.791638613 -0.0103956461
v 0.0381345153 0.803201795 0.045625627
v -0.0437555313 0.746652007 -0.0625526905
v -0.0800825059 0.688895822 -0.105104923
v -0.109890461 0.739786386 -0.0131611675
v -0.135226876 0.688229322 -0.0589453131
v -0.15877074 0.635544538 -0.0901692361
v -0.0194576681 0.667176843 -0.152580008
v -0.0569163859 0.606915116 -0.183468297
v 0.00114166737 0.579421997 -0.22587961
v -0.0311907828 0.515846729 -0.251028776
v 0.0306546986 0.49258554 -0.280594766
v 0.00888833404 0.418800831 -0.305093288
v -0.112517804 0.626737118 -0.136043593
v -0.146343738 0.558307052 -0.156357691
v -0.189089835 0.574353099 -0.103502139
v -0.226919264 0.500170588 -0.109400779
v -0.0919183195 0.538226247 -0.207082182
v -0.128644139 0.460436106 -0.227895319
v -0.0624727607 0.43919754 -0.274887204
v -0.0959963202 0.348398328 -0.299187601
v -0.0148365796 0.326601982 -0.329612464
v -0.0422336757 0.215719938 -0.350944757
v -0.133007854 0.242717743 -0.32289362
v -0.215834081 0.271641135 -0.266944826
v -0.169162065 0.129487634 -0.332954198
v -0.263510168 0.162883043 -0.279748052
v -0.336201549 0.196515799 -0.201044917
v -0.292060494 0.0607722998 -0.266002208
v -0.184771866 0.481117964 -0.17108798
v -0.229479849 0.394363642 -0.183441013
v -0.27238825 0.415302277 -0.11232692
v -0.324978918 0.322624207 -0.113415867
v -0.169565827 0.371653438 -0.247810259
v -0.281108409 0.298809052 -0.194249213
v -0.380384088 0.224581242 -0.111408293
v -0.422407389 0.12529707 -0.101372391
v -0.370533675 0.0951954126 -0.190291852
v -0.384081483 8.58306885E-05 -0.16538614
v -0.308951139 -0.0334391594 -0.237272054
v -0.437672973 0.0313661098 -0.0816677213
v -0.314798832 -0.108963966 -0.201831311
v -0.437739432 -0.0455281734 -0.058155328
v -0.386133164 -0.0766935349 -0.134814531
v -0.378701091 -0.129405975 -0.0996632278
v -0.429056823 -0.099075079 -0.0317577124
v -0.0422336757 0.215719938 -0.350944757
v -0.133007854 0.242717743 -0.32289362
v -0.169162065 0.129487634 -0.332954198
v -0.070519805 0.102692246 -0.353197634
v 0.177192032 -0.0752196312 -0.0155158341
v 0.19536978 0.00335836411 -0.0305558145
v 0.186129779 0.00234675407 -0.00282764435
v 0.170226067 -0.0671663284 0.0108273625
v 0.164858282 -0.134359121 0.041862458
v 0.170919061 -0.151355982 0.0195016712
v 0.188059956 -0.164123774 -0.000998213887
v 0.195012182 -0.0812926292 -0.0387850106
v 0.222300619 -0.0883843899 -0.0621117949
v 0.17916131 -0.211061716 0.0700785071
v 0.172217429 -0.18697691 0.0862808824
v 0.196932048 -0.229466438 0.0545414686
v 0.224580199 -0.244193554 0.0363015234
v 0.21505329 -0.175297976 -0.0226828307
v 0.250672191 -0.187515497 -0.0485984385
v 0.257671297 -0.0994973183 -0.0886271745
v 0.261156738 -0.257245541 0.0119910687
v 0.297591001 -0.113729715 -0.114576265
v 0.302947879 -0.268717527 -0.0145294219
v 0.293390721 -0.195731878 -0.0592992455
v 0.333202213 -0.213495493 -0.0978718251
v 0.346240103 -0.278704882 -0.0393991023
v 0.33852604 -0.130181074 -0.136202902
v 0.376404077 -0.146864891 -0.153378472
v 0.359320581 -0.0446617603 -0.149784386
v 0.38675651 -0.286962748 -0.0616874546
v 0.396476567 -0.0656938553 -0.166234672
v 0.372251451 -0.2257061 -0.117019698
v 0.404202223 -0.235856533 -0.131978363
v 0.420219928 -0.2932477 -0.0804640651
v 0.446339279 -0.297539949 -0.0954402238
v 0.426559329 -0.0854082108 -0.17816174
v 0.429731458 0.0025537014 -0.151059121
v 0.407152891 -0.161794662 -0.165973067
v 0.431382924 -0.174210787 -0.175013646
v 0.450060099 -0.102408648 -0.186566442
v 0.429386258 -0.243691444 -0.143318981
v 0.448136479 -0.248952627 -0.15161328
v 0.478233993 -0.298832655 -0.112760223
v 0.474725485 -0.248713732 -0.15451099
v 0.449704111 -0.183354378 -0.18152675
v 0.467470407 -0.115301847 -0.192449272
v 0.478141665 -0.0487384796 -0.164727107
v 0.49937889 -0.057072401 -0.180762157
v 0.491385162 -0.13138628 -0.190426528
v 0.519145072 -0.0787727833 -0.180294618
v 0.286826432 -0.286734343 0.172865555
v 0.369311929 -0.26780653 0.210202113
v 0.325584233 -0.299734831 0.151817083
v 0.329806089 -0.255713224 0.230359748
v 0.370080322 -0.197342873 0.267238796
v 0.297192603 -0.24094367 0.238516882
v 0.410093486 -0.20821476 0.247445032
v 0.453279823 -0.218653917 0.218825728
v 0.442559987 -0.13141036 0.260345042
v 0.412698656 -0.277750731 0.18212311
v 0.456954509 -0.286074638 0.150201187
v 0.335871696 -0.185649395 0.274037123
v 0.30785042 -0.171372652 0.271910489
v 0.366817445 -0.113726854 0.286644816
v 0.271912187 -0.222008705 0.238813728
v 0.254404962 -0.197419405 0.235389575
v 0.286398828 -0.152749777 0.264928579
v 0.312117845 -0.0940847397 0.2756778
v 0.336662263 -0.105205536 0.283851653
v 0.35337162 -0.0322680473 0.271155685
v 0.327078372 -0.0292096138 0.264415622
v 0.402233481 -0.121758223 0.280121297
v 0.4208498 -0.0390946865 0.265625834
v 0.384743959 -0.0347328186 0.272834778
v 0.388434827 0.0404171944 0.236177564
v 0.356806189 0.0372815132 0.237116113
v 0.461343735 -0.0478441715 0.245700613
v 0.503982306 -0.0606193542 0.217181176
v 0.465134531 0.0310258865 0.207277238
v 0.507514834 0.0165843964 0.179498583
v 0.494705737 0.0775393248 0.122159235
v 0.549517393 -0.00308036804 0.14811635
v 0.485454977 -0.142792463 0.23151958
v 0.528574884 -0.156013727 0.197849646
v 0.546522021 -0.0770583153 0.184189141
v 0.586953163 -0.0954060555 0.14919132
v 0.497008294 -0.229050159 0.185550928
v 0.538596034 -0.239295959 0.15039444
v 0.498904645 -0.293244839 0.117049441
v 0.569637537 -0.17017746 0.162043422
v 0.606360376 -0.184386492 0.126810089
v 0.589251637 -0.0253944397 0.115211204
v 0.575241685 0.029446125 0.0634758398
v 0.536228001 0.0550243855 0.0931780189
v 0.624827504 -0.0477814674 0.0828635097
v 0.623265266 -0.113907337 0.114655294
v 0.650762498 -0.129560709 0.0854651928
v 0.651733279 -0.0668447018 0.0556215234
v 0.635907352 -0.0176122189 0.0104928762
v 0.66545558 -0.0791859627 0.0380337089
v 0.649570107 -0.0320050716 -0.00509419292
v 0.653993487 -0.0515160561 -0.0214519314
v 0.664747417 -0.139367342 0.0665054768
v 0.653715372 -0.206495762 0.0640029684
v 0.63421011 -0.196228027 0.0969847739
v 0.603290796 -0.257314205 0.0871408507
v 0.575359464 -0.249284983 0.11613068
v 0.61838156 -0.261680365 0.0678064451
v 0.579062819 -0.30665493 0.0402596369
v 0.563161016 -0.304530859 0.0584861562
v 0.519145072 -0.0787727833 -0.180294618
v 0.554445565 -0.0401837826 -0.153678149
v 0.53949213 -0.0155301094 -0.150740877
v 0.49937889 -0.057072401 -0.180762157
v 0.478141665 -0.0487384796 -0.164727107
v 0.524400115 0.00128722191 -0.142179519
v 0.500929236 0.0241508484 -0.129608989
v 0.459908068 -0.0210433006 -0.164257705
v 0.567563713 0.0193006992 -0.0958507955
v 0.543352544 0.0430259705 -0.0795635134
v 0.429731458 0.0025537014 -0.151059121
v 0.511327863 0.0705199242 -0.0595025718
v 0.470053792 0.0504379272 -0.113574274
v 0.432748139 0.0775260925 -0.0946210101
v 0.392695129 0.027162075 -0.134007618
v 0.473577797 0.0986659527 -0.0373723358
v 0.352264047 0.0495343208 -0.113251135
v 0.432671458 0.123680472 -0.0138349012
v 0.392042637 0.101799607 -0.0731023848
v 0.350967914 0.119641066 -0.0493718013
v 0.311903864 0.0664227009 -0.0889373124
v 0.274973005 0.0759292841 -0.0644261837
v 0.391177654 0.141781211 0.0104480237
v 0.42693001 0.133071899 0.0800194517
v 0.352110565 0.150639057 0.0321901962
v 0.387246072 0.141646624 0.101146579
v 0.312776417 0.128802538 -0.0266038477
v 0.280720383 0.127035379 -0.00797213614
v 0.318485081 0.147925615 0.0481057465
v 0.244830042 0.0761561394 -0.0430771559
v 0.222842574 0.0703926086 -0.0212005526
v 0.256006807 0.117695808 0.0104091465
v 0.352110565 0.150639057 0.0321901962
v 0.352383077 0.139094114 0.114422351
v 0.318485081 0.147925615 0.0481057465
v 0.387246072 0.141646624 0.101146579
v 0.41245389 0.102032542 0.169455573
v 0.42693001 0.133071899 0.0800194517
v 0.376673758 0.10080874 0.180243015
v 0.345793217 0.0932841301 0.185026318
v 0.323041439 0.128848672 0.123745412
v 0.299922019 0.114343405 0.133014739
v 0.291259468 0.137083411 0.0621320009
v 0.388434827 0.0404171944 0.236177564
v 0.356806189 0.0372815132 0.237116113
v 0.424674839 0.0392882824 0.227490887
v 0.4208498 -0.0390946865 0.265625834
v 0.384743959 -0.0347328186 0.272834778
v 0.465134531 0.0310258865 0.207277238
v 0.461343735 -0.0478441715 0.245700613
v 0.452622831 0.0937424898 0.148839742
v 0.494705737 0.0775393248 0.122159235
v 0.468707085 0.115489721 0.0545769557
v 0.509849489 0.0910191536 0.0283550471
v 0.432671458 0.123680472 -0.0138349012
v 0.473577797 0.0986659527 -0.0373723358
v 0.511327863 0.0705199242 -0.0595025718
v 0.536228001 0.0550243855 0.0931780189
v 0.549517393 -0.00308036804 0.14811635
v 0.507514834 0.0165843964 0.179498583
v 0.575241685 0.029446125 0.0634758398
v 0.548181474 0.0633417368 0.00242469832
v 0.581526697 0.0361404419 -0.0221427977
v 0.543352544 0.0430259705 -0.0795635134
v 0.567563713 0.0193006992 -0.0958507955
v 0.609799802 0.00405287743 0.034631744
v 0.624827504 -0.0477814674 0.0828635097
v 0.635907352 -0.0176122189 0.0104928762
v 0.60670954 0.0128614902 -0.042478729
v 0.620554805 -0.00304818153 -0.0557138026
v 0.649570107 -0.0320050716 -0.00509419292
v 0.653993487 -0.0515160561 -0.0214519314
v 0.581873059 0.00246071815 -0.106660396
v 0.53949213 -0.0155301094 -0.150740877
v 0.524400115 0.00128722191 -0.142179519
v 0.554445565 -0.0401837826 -0.153678149
v 0.581873059 0.00246071815 -0.106660396
v 0.592424691 -0.022261858 -0.113804579
v 0.627476275 -0.0257813931 -0.0674653649
v 0.620554805 -0.00304818153 -0.0557138026
v 0.653993487 -0.0515160561 -0.0214519314
v 0.352383077 0.139094114 0.114422351
v 0.323041439 0.128848672 0.123745412
v 0.291259468 0.137083411 0.0621320009
v 0.318485081 0.147925615 0.0481057465
v 0.280720383 0.127035379 -0.00797213614
v 0.256006807 0.117695808 0.0104091465
v 0.239842355 0.104140043 0.0324264616
v 0.222842574 0.0703926086 -0.0212005526
v 0.210378319 0.0619261265 0.00489346683
v 0.271392822 0.121556163 0.0782068744
v 0.299922019 0.114343405 0.133014739
v 0.345793217 0.0932841301 0.185026318
v 0.320322871 0.0826717615 0.187629461
v 0.330180138 0.032750845 0.234085098
v 0.356806189 0.0372815132 0.237116113
v 0.35337162 -0.0322680473 0.271155685
v 0.327078372 -0.0292096138 0.264415622
v 0.359320581 -0.0446617603 -0.149784386
v 0.297591001 -0.113729715 -0.114576265
v 0.33852604 -0.130181074 -0.136202902
v 0.318919182 -0.0250101089 -0.128877044
v 0.27910015 -0.00943636894 -0.103579
v 0.257671297 -0.0994973183 -0.0886271745
v 0.222300619 -0.0883843899 -0.0621117949
v 0.352264047 0.0495343208 -0.113251135
v 0.392695129 0.027162075 -0.134007618
v 0.429731458 0.0025537014 -0.151059121
v 0.396476567 -0.0656938553 -0.166234672
v 0.311903864 0.0664227009 -0.0889373124
v 0.274973005 0.0759292841 -0.0644261837
v 0.243285924 0.000654935837 -0.0775157511
v 0.214898854 0.00385713577 -0.0543133616
v 0.195012182 -0.0812926292 -0.0387850106
v 0.244830042 0.0761561394 -0.0430771559
v 0.177192032 -0.0752196312 -0.0155158341
v 0.222842574 0.0703926086 -0.0212005526
v 0.19536978 0.00335836411 -0.0305558145
v 0.426559329 -0.0854082108 -0.17816174
v 0.459908068 -0.0210433006 -0.164257705
v 0.478141665 -0.0487384796 -0.164727107
v 0.450060099 -0.102408648 -0.186566442
v 0.491385162 -0.13138628 -0.190426528
v 0.449704111 -0.183354378 -0.18152675
v 0.476027071 -0.1913836 -0.180846512
v 0.474725485 -0.248713732 -0.15451099
v 0.448136479 -0.248952627 -0.15161328
v 0.191179514 -0.21797514 0.137836337
v 0.17916131 -0.211061716 0.0700785071
v 0.172217429 -0.18697691 0.0862808824
v 0.200576901 -0.24612999 0.128748208
v 0.220107675 -0.267912149 0.119011581
v 0.233824164 -0.248353243 0.188043028
v 0.256066442 -0.270051241 0.18358922
v 0.17916131 -0.211061716 0.0700785071
v 0.220107675 -0.267912149 0.119011581
v 0.196932048 -0.229466438 0.0545414686
v 0.224580199 -0.244193554 0.0363015234
v 0.249098778 -0.284772158 0.104823694
v 0.286826432 -0.286734343 0.172865555
v 0.256066442 -0.270051241 0.18358922
v 0.286876887 -0.298160553 0.0823824704
v 0.297192603 -0.24094367 0.238516882
v 0.329806089 -0.255713224 0.230359748
v 0.233824164 -0.248353243 0.188043028
v 0.271912187 -0.222008705 0.238813728
v 0.254404962 -0.197419405 0.235389575
v 0.325584233 -0.299734831 0.151817083
v 0.36895287 -0.30962944 0.124434516
v 0.369311929 -0.26780653 0.210202113
v 0.412698656 -0.277750731 0.18212311
v 0.456954509 -0.286074638 0.150201187
v 0.329787403 -0.308536291 0.0556028485
v 0.374175757 -0.316355705 0.028399542
v 0.302947879 -0.268717527 -0.0145294219
v 0.346240103 -0.278704882 -0.0393991023
v 0.38675651 -0.286962748 -0.0616874546
v 0.413545579 -0.31699419 0.0947085917
v 0.455640554 -0.322507858 0.0648131818
v 0.498904645 -0.293244839 0.117049441
v 0.535374165 -0.299729347 0.0852801055
v 0.538596034 -0.239295959 0.15039444
v 0.415894181 -0.322081327 0.00234715641
v 0.450795203 -0.326175451 -0.0209808797
v 0.420219928 -0.2932477 -0.0804640651
v 0.446339279 -0.297539949 -0.0954402238
v 0.575359464 -0.249284983 0.11613068
v 0.606360376 -0.184386492 0.126810089
v 0.603290796 -0.257314205 0.0871408507
v 0.563161016 -0.304530859 0.0584861562
v 0.518977642 -0.329591274 0.0135728568
v 0.579062819 -0.30665493 0.0402596369
v 0.535828888 -0.330316305 -0.00269512087
v 0.49548161 -0.329193592 -0.0539323613
v 0.491516501 -0.326847553 0.0369218737
v 0.47771284 -0.328568935 -0.0402013212
v 0.224580199 -0.244193554 0.0363015234
v 0.249098778 -0.284772158 0.104823694
v 0.286876887 -0.298160553 0.0823824704
v 0.261156738 -0.257245541 0.0119910687
v 0.302947879 -0.268717527 -0.0145294219
v 0.254404962 -0.197419405 0.235389575
v 0.233824164 -0.248353243 0.188043028
v 0.220620364 -0.220308304 0.190282404
v 0.191179514 -0.21797514 0.137836337
v 0.200576901 -0.24612999 0.128748208
v 0.186129779 0.00234675407 -0.00282764435
v 0.19536978 0.00335836411 -0.0305558145
v 0.222842574 0.0703926086 -0.0212005526
v 0.210378319 0.0619261265 0.00489346683
v 0.212629497 0.0309500694 0.0540573448
v 0.239842355 0.104140043 0.0324264616
v 0.191337049 -0.00499796867 0.0308267325
v 0.185597092 -0.0564389229 0.0583467484
v 0.234788299 -0.0423448086 0.145143375
v 0.254147857 0.0716457367 0.103490576
v 0.187094957 -0.137356281 0.109264016
v 0.287556708 0.0453398228 0.177764431
v 0.219820023 -0.160208225 0.179563716
v 0.29212907 -0.0308156013 0.229962394
v 0.26441291 -0.114750147 0.230277643
v 0.170226067 -0.0671663284 0.0108273625
v 0.164858282 -0.134359121 0.041862458
v 0.234435648 0.0762008429 0.0590726286
v 0.271392822 0.121556163 0.0782068744
v 0.299922019 0.114343405 0.133014739
v 0.174774408 -0.112903118 0.0661824048
v 0.172217429 -0.18697691 0.0862808824
v 0.191179514 -0.21797514 0.137836337
v 0.28222248 0.0848259926 0.138455525
v 0.320322871 0.0826717615 0.187629461
v 0.330180138 0.032750845 0.234085098
v 0.196083516 -0.179169893 0.142772228
v 0.220620364 -0.220308304 0.190282404
v 0.254404962 -0.197419405 0.235389575
v 0.306363672 0.0197761059 0.21889545
v 0.327078372 -0.0292096138 0.264415622
v 0.312117845 -0.0940847397 0.2756778
v 0.245860457 -0.163789749 0.220063239
v 0.286398828 -0.152749777 0.264928579
v 0.291819334 -0.0815887451 0.252131522
v 0.653993487 -0.0515160561 -0.0214519314
v 0.660312176 -0.0938937664 0.0297016054
v 0.66545558 -0.0791859627 0.0380337089
v 0.664747417 -0.139367342 0.0665054768
v 0.668050408 -0.148886919 0.043249689
v 0.660312176 -0.0938937664 0.0297016054
v 0.642870128 -0.155985594 0.0101647489
v 0.653715372 -0.206495762 0.0640029684
v 0.653323829 -0.108079672 0.00166749954
v 0.63278234 -0.0860161781 -0.0361790247
v 0.57518208 -0.17200923 -0.0702673867
v 0.612667739 -0.235197306 0.0101006255
v 0.588710785 -0.0653617382 -0.102457255
v 0.559719384 -0.278643608 -0.0364404246
v 0.536675513 -0.106463432 -0.149937764
v 0.515468717 -0.259114265 -0.10295359
v 0.506293774 -0.186800718 -0.150236756
v 0.653993487 -0.0515160561 -0.0214519314
v 0.627476275 -0.0257813931 -0.0674653649
v 0.64074254 -0.201283216 0.0306144506
v 0.625918627 -0.259442091 0.0434538126
v 0.590391755 -0.299726725 0.0179499388
v 0.61838156 -0.261680365 0.0678064451
v 0.579062819 -0.30665493 0.0402596369
v 0.535828888 -0.330316305 -0.00269512087
v 0.619364262 -0.0514278412 -0.068764776
v 0.592424691 -0.022261858 -0.113804579
v 0.554445565 -0.0401837826 -0.153678149
v 0.559174895 -0.063888073 -0.139991686
v 0.519145072 -0.0787727833 -0.180294618
v 0.491385162 -0.13138628 -0.190426528
v 0.507451415 -0.139604092 -0.170110628
v 0.476027071 -0.1913836 -0.180846512
v 0.474725485 -0.248713732 -0.15451099
v 0.493956506 -0.235754967 -0.140590459
v 0.478233993 -0.298832655 -0.112760223
v 0.515905201 -0.319253683 -0.0675826669
v 0.527596533 -0.293576002 -0.0691104978
v 0.551689327 -0.320525646 -0.0212681219
v 0.49548161 -0.329193592 -0.0539323613
v 0.588702798 -0.27803278 0.00161364675
v 0.230622977 -0.265646935 -0.525476098
v 0.216221601 -0.306548834 -0.469774872
v 0.238585055 -0.310918331 -0.478324473
v 0.207731307 -0.258859396 -0.518153667
v 0.171798497 -0.246918678 -0.502140939
v 0.182082474 -0.298173904 -0.453051448
v 0.140507966 -0.287246466 -0.429911971
v 0.216204822 -0.197995663 -0.550271034
v 0.238812566 -0.207478046 -0.556881845
v 0.179946169 -0.182214022 -0.53463459
v 0.135852247 -0.163193464 -0.512542486
v 0.128123939 -0.232129335 -0.479679704
v 0.0820191503 -0.216786623 -0.453000069
v 0.0958507955 -0.27520299 -0.402106762
v 0.0897415876 -0.143994093 -0.486561835
v 0.0517229438 -0.261851549 -0.371686757
v 0.0448612273 -0.125801563 -0.457816362
v 0.0370498002 -0.201301575 -0.423548639
v -0.00310254097 -0.186057329 -0.392761886
v 0.011833936 -0.246963501 -0.340704888
v 0.00457137823 -0.10979557 -0.427379638
v -0.0260761082 -0.0963902473 -0.39592728
v -0.0333446264 -0.171141148 -0.361690104
v -0.0492693782 -0.156605244 -0.331458151
v -0.0425932407 -0.0859107971 -0.364278585
v -0.0476212204 -0.0753209591 -0.33299306
v -0.0535394251 -0.139289141 -0.302932173
v -0.0404517055 -0.189604044 -0.258427292
v -0.0485124588 -0.116164207 -0.276876062
v -0.0369292796 -0.158019781 -0.238739967
v 0.216221601 -0.306548834 -0.469774872
v 0.260760278 -0.337161064 -0.423069865
v 0.238585055 -0.310918331 -0.478324473
v 0.239718825 -0.334359407 -0.412927449
v 0.208629102 -0.328448534 -0.395312667
v 0.276266247 -0.335586071 -0.355404675
v 0.182082474 -0.298173904 -0.453051448
v 0.295211405 -0.3382442 -0.367355168
v 0.33621031 -0.314592838 -0.320003033
v 0.319832981 -0.310604334 -0.306401461
v 0.297275364 -0.303861618 -0.287122428
v 0.140507966 -0.287246466 -0.429911971
v 0.249269962 -0.330208302 -0.3368707
v 0.215908647 -0.32235384 -0.312351137
v 0.268894941 -0.294450045 -0.262280077
v 0.235049903 -0.282454491 -0.231988549
v 0.170578122 -0.320127249 -0.371411741
v 0.12865743 -0.31008935 -0.342410237
v 0.0958507955 -0.27520299 -0.402106762
v 0.0517229438 -0.261851549 -0.371686757
v 0.177868456 -0.312265158 -0.28244406
v 0.138021201 -0.29984355 -0.250439882
v 0.197982103 -0.268404961 -0.199948147
v 0.159934044 -0.252830744 -0.169859767
v 0.0862573385 -0.297923326 -0.311021924
v 0.0468141139 -0.28318429 -0.279970646
v 0.011833936 -0.246963501 -0.340704888
v -0.0186500549 -0.230515718 -0.31057775
v -0.00310254097 -0.186057329 -0.392761886
v -0.0333446264 -0.171141148 -0.361690104
v -0.0492693782 -0.156605244 -0.331458151
v 0.0992483199 -0.284974098 -0.219637305
v 0.0666949451 -0.267489433 -0.192225635
v 0.125956655 -0.235757828 -0.144097418
v -0.0351315737 -0.212512016 -0.282723814
v -0.0404517055 -0.189604044 -0.258427292
v 0.0155386031 -0.265748501 -0.251076669
v -0.00267755985 -0.245600224 -0.226128161
v -0.0108972192 -0.219214916 -0.206904501
v -0.0120218098 -0.183118582 -0.195170194
v -0.0369292796 -0.158019781 -0.238739967
v 0.0454449654 -0.247240305 -0.170378208
v 0.101095378 -0.217217922 -0.125027627
v 0.184189469 -0.171126366 -0.116609797
v 0.0324165225 -0.220534325 -0.156364828
v 0.238585055 -0.310918331 -0.478324473
v 0.256802738 -0.265551329 -0.523470521
v 0.230622977 -0.265646935 -0.525476098
v 0.238812566 -0.207478046 -0.556881845
v 0.263673663 -0.213377714 -0.551985681
v -0.0485124588 -0.116164207 -0.276876062
v -0.0535394251 -0.139289141 -0.302932173
v -0.0476212204 -0.0753209591 -0.33299306
v -0.0432227254 -0.0616092682 -0.302140236
v -0.0165344775 -0.0438585281 -0.259965599
v -0.0234719515 -0.0031504631 -0.313154697
v -0.0112748444 -0.00421524048 -0.282206327
v 0.0185509026 0.0297515392 -0.262050539
v 0.0477443635 -0.0204086304 -0.192127332
v -0.0123977363 -0.106459856 -0.218686402
v 0.0742255449 0.0738178492 -0.223915488
v 0.0277507901 -0.121965885 -0.1629318
v 0.117140621 0.062920332 -0.168835536
v 0.0811699927 -0.0769846439 -0.128055543
v 0.119028896 0.00114154816 -0.130756319
v -0.0309659839 -0.0916259289 -0.254194319
v -0.0369292796 -0.158019781 -0.238739967
v -0.0120218098 -0.183118582 -0.195170194
v -0.00254544616 -0.142585278 -0.191437721
v 0.0472705662 0.0714416504 -0.258946717
v 0.0522501767 0.0947543383 -0.282903701
v 0.0103452802 0.0514602661 -0.305757672
v 0.0963678658 0.119390249 -0.247033089
v 0.135657489 0.122928143 -0.204623848
v 0.116539925 0.136997461 -0.26799494
v 0.111205935 0.0929820538 -0.198701084
v 0.0246003866 -0.183572769 -0.152478456
v 0.0665966868 -0.160531282 -0.117838725
v 0.0324165225 -0.220534325 -0.156364828
v -0.0108972192 -0.219214916 -0.206904501
v -0.00267755985 -0.245600224 -0.226128161
v 0.0454449654 -0.247240305 -0.170378208
v 0.0579657257 -0.124408722 -0.132467404
v 0.0823151171 -0.193406105 -0.115369171
v 0.101095378 -0.217217922 -0.125027627
v 0.131334275 -0.138364553 -0.0922958255
v 0.15579173 -0.156051636 -0.0994341671
v 0.107746243 -0.114155531 -0.0983068049
v 0.142807573 -0.0547924042 -0.0934512615
v 0.172948778 -0.0678682327 -0.0867315382
v 0.116660297 -0.0439348221 -0.11285761
v 0.166593552 0.00740814209 -0.102856711
v 0.1748074 0.0630822182 -0.125919506
v 0.200697213 0.00568509102 -0.0982406139
v 0.209823549 0.0712782145 -0.125807434
v 0.195571095 0.117894411 -0.16841881
v 0.240609467 0.075335741 -0.137718797
v 0.224236727 0.126406431 -0.184627563
v 0.187936157 0.151922226 -0.239240095
v 0.140717089 0.04652071 -0.138336673
v 0.163149744 0.102873564 -0.162047252
v 0.162842572 0.141234159 -0.218379781
v 0.137130618 0.147345781 -0.29333359
v 0.161867321 0.147852898 -0.321682781
v -0.0476212204 -0.0753209591 -0.33299306
v -0.0234719515 -0.0031504631 -0.313154697
v -0.0432227254 -0.0616092682 -0.302140236
v -0.0240873694 -0.00657367706 -0.345408082
v 0.0155657232 0.0574560165 -0.336792976
v -0.0166705847 -0.0101311207 -0.377751827
v 0.0267582834 0.0602469444 -0.368291199
v 0.080498755 0.115768313 -0.338999152
v 0.0468195379 0.0571498871 -0.399845123
v 0.102853894 0.115116 -0.369300187
v 0.135134965 0.103520155 -0.400013149
v 0.0787011981 0.0454025269 -0.430979848
v 0.0103452802 0.0514602661 -0.305757672
v 0.0185509026 0.0297515392 -0.262050539
v -0.0112748444 -0.00421524048 -0.282206327
v 0.0522501767 0.0947543383 -0.282903701
v 0.0647394061 0.108105183 -0.309927285
v 0.116539925 0.136997461 -0.26799494
v 0.0963678658 0.119390249 -0.247033089
v 0.137130618 0.147345781 -0.29333359
v 0.161867321 0.147852898 -0.321682781
v 0.187936157 0.151922226 -0.239240095
v 0.253398359 0.125702858 -0.207920521
v 0.224236727 0.126406431 -0.184627563
v 0.214996815 0.15238142 -0.26516971
v 0.248082682 0.140000582 -0.294132948
v 0.161867321 0.147852898 -0.321682781
v 0.287307799 0.113077044 -0.235545114
v 0.19447732 0.135933161 -0.351676166
v 0.322075129 0.0913950205 -0.265564948
v 0.230883762 0.114347339 -0.382009476
v 0.283311039 0.117838025 -0.324463099
v 0.316798925 0.0889525414 -0.354493678
v 0.267009497 0.0858551264 -0.41137886
v 0.301527917 0.0543136597 -0.438151836
v 0.353810281 0.0635234118 -0.296043515
v 0.372254312 0.0126869678 -0.244429335
v 0.381588101 0.0332355499 -0.324270189
v 0.398327947 -0.0149619579 -0.273151755
v 0.347522289 0.0572767258 -0.38205716
v 0.374456435 0.0267436504 -0.404985994
v 0.333112568 0.0235784054 -0.460696578
v 0.404483408 0.00430417061 -0.347534418
v 0.358359605 -0.00257086754 -0.477068245
v 0.421903878 -0.0205993652 -0.365124881
v 0.395586222 0.000649690628 -0.421921492
v 0.415447056 -0.0315618515 -0.436267972
v 0.373865187 -0.0203564167 -0.485322803
v 0.433256716 -0.0388028622 -0.376330197
v 0.253398359 0.125702858 -0.207920521
v 0.240609467 0.075335741 -0.137718797
v 0.224236727 0.126406431 -0.184627563
v 0.271357298 0.072303772 -0.158348903
v 0.306258351 0.0592324734 -0.184392899
v 0.263159215 -0.00332927704 -0.124868691
v 0.287307799 0.113077044 -0.235545114
v 0.322075129 0.0913950205 -0.265564948
v 0.341246367 0.0385506153 -0.213777542
v 0.334894896 -0.0371627808 -0.177563488
v 0.372254312 0.0126869678 -0.244429335
v 0.299040318 -0.0174627304 -0.149156585
v 0.269028097 -0.104030848 -0.133406863
v 0.231631875 0.00324630737 -0.106737286
v 0.201845616 -0.0778770447 -0.0934025645
v 0.200697213 0.00568509102 -0.0982406139
v 0.209823549 0.0712782145 -0.125807434
v 0.23277849 -0.0886535645 -0.110086739
v 0.184189469 -0.171126366 -0.116609797
v 0.172948778 -0.0678682327 -0.0867315382
v 0.142807573 -0.0547924042 -0.0934512615
v 0.166593552 0.00740814209 -0.102856711
v 0.131334275 -0.138364553 -0.0922958255
v 0.15579173 -0.156051636 -0.0994341671
v 0.101095378 -0.217217922 -0.125027627
v 0.219596148 -0.187495232 -0.140714571
v 0.257094711 -0.204478502 -0.169525445
v 0.159934044 -0.252830744 -0.169859767
v 0.125956655 -0.235757828 -0.144097418
v 0.197982103 -0.268404961 -0.199948147
v 0.235049903 -0.282454491 -0.231988549
v 0.305888385 -0.122565985 -0.161340371
v 0.338653028 -0.142812252 -0.191864714
v 0.291766763 -0.2213943 -0.200819477
v 0.321933299 -0.236940384 -0.230748504
v 0.268894941 -0.294450045 -0.262280077
v 0.297275364 -0.303861618 -0.287122428
v 0.366342068 -0.0604383945 -0.208052218
v 0.392343789 -0.0844678879 -0.237061977
v 0.398327947 -0.0149619579 -0.273151755
v 0.418512285 -0.0409998894 -0.296747804
v 0.381588101 0.0332355499 -0.324270189
v 0.404483408 0.00430417061 -0.347534418
v 0.421903878 -0.0205993652 -0.365124881
v 0.442576855 -0.0615477562 -0.304118276
v 0.426102042 -0.125069141 -0.280091614
v 0.411861956 -0.106428385 -0.261032224
v 0.386880279 -0.180020571 -0.245550334
v 0.402341187 -0.194243193 -0.265141129
v 0.366068244 -0.162666082 -0.221196026
v 0.34591502 -0.249815464 -0.255464703
v 0.364388049 -0.259789228 -0.275112331
v 0.319832981 -0.310604334 -0.306401461
v 0.33621031 -0.314592838 -0.320003033
v 0.373865187 -0.0203564167 -0.485322803
v 0.348539591 -0.0667636395 -0.528190672
v 0.384732276 -0.0453803539 -0.487262309
v 0.333787769 -0.0447428226 -0.530421555
v 0.313032269 -0.106435537 -0.55449903
v 0.294288337 -0.0888671875 -0.559438467
v 0.273779809 -0.152786493 -0.568713307
v 0.290840507 -0.206736565 -0.519760609
v 0.27501002 -0.252497435 -0.508794904
v 0.291738063 -0.272550106 -0.469058901
v 0.354183435 -0.187678576 -0.437072664
v 0.325967669 -0.130269527 -0.521621943
v 0.328784198 -0.289343119 -0.399039656
v 0.377211154 -0.0866644382 -0.473586708
v 0.380972117 -0.245148182 -0.351245075
v 0.415167511 -0.101186991 -0.404174387
v 0.417009413 -0.166410208 -0.353713334
v 0.296531588 -0.163427353 -0.541716874
v 0.273779809 -0.152786493 -0.568713307
v 0.263673663 -0.213377714 -0.551985681
v 0.238812566 -0.207478046 -0.556881845
v 0.313032269 -0.106435537 -0.55449903
v 0.348539591 -0.0667636395 -0.528190672
v 0.350547314 -0.0883665085 -0.5127514
v 0.384732276 -0.0453803539 -0.487262309
v 0.415447056 -0.0315618515 -0.436267972
v 0.406429678 -0.0700011253 -0.4391132
v 0.438584059 -0.0527489185 -0.383669704
v 0.448254228 -0.0932245255 -0.337771744
v 0.431522131 -0.119548321 -0.363897741
v 0.441400826 -0.149240017 -0.306234837
v 0.420780897 -0.213484287 -0.30602771
v 0.410076976 -0.209909439 -0.330488235
v 0.389642477 -0.267346621 -0.314420432
v 0.352876246 -0.308964968 -0.340673268
v 0.354495764 -0.287671566 -0.358901829
v 0.316242963 -0.329755545 -0.382222712
v 0.282676488 -0.335045815 -0.431255579
v 0.298584104 -0.304461956 -0.433129132
v 0.264577806 -0.305818319 -0.480947554
v -0.0166705847 -0.0101311207 -0.377751827
v 0.0468195379 0.0571498871 -0.399845123
v 0.0267582834 0.0602469444 -0.368291199
v 0.00133487582 -0.0166006088 -0.40982762
v 0.0326606631 -0.0289096832 -0.441221178
v 0.0787011981 0.0454025269 -0.430979848
v 0.117812246 0.0265724659 -0.461061001
v -0.0260761082 -0.0963902473 -0.39592728
v -0.0425932407 -0.0859107971 -0.364278585
v -0.0476212204 -0.0753209591 -0.33299306
v -0.0240873694 -0.00657367706 -0.345408082
v 0.00457137823 -0.10979557 -0.427379638
v 0.0448612273 -0.125801563 -0.457816362
v 0.0726608634 -0.0461843014 -0.471345395
v 0.116446972 -0.0674397945 -0.499730945
v 0.159542173 0.00224518776 -0.489464223
v 0.0897415876 -0.143994093 -0.486561835
v 0.135852247 -0.163193464 -0.512542486
v 0.161182269 -0.0906600952 -0.525406301
v 0.204068691 -0.113842726 -0.54736954
v 0.179946169 -0.182214022 -0.53463459
v 0.216204822 -0.197995663 -0.550271034
v 0.239236087 -0.133342981 -0.56290257
v 0.273779809 -0.152786493 -0.568713307
v 0.238812566 -0.207478046 -0.556881845
v 0.080498755 0.115768313 -0.338999152
v 0.102853894 0.115116 -0.369300187
v 0.161867321 0.147852898 -0.321682781
v 0.135134965 0.103520155 -0.400013149
v 0.19447732 0.135933161 -0.351676166
v 0.230883762 0.114347339 -0.382009476
v 0.172986433 0.0831751823 -0.430207521
v 0.212053478 0.0562725067 -0.458951503
v 0.267009497 0.0858551264 -0.41137886
v 0.301527917 0.0543136597 -0.438151836
v 0.117812246 0.0265724659 -0.461061001
v 0.0787011981 0.0454025269 -0.430979848
v 0.159542173 0.00224518776 -0.489464223
v 0.201603323 -0.0247499943 -0.515176713
v 0.116446972 -0.0674397945 -0.499730945
v 0.161182269 -0.0906600952 -0.525406301
v 0.250567734 0.0263149738 -0.485032648
v 0.286760956 -0.00319695473 -0.507238269
v 0.333112568 0.0235784054 -0.460696578
v 0.358359605 -0.00257086754 -0.477068245
v 0.204068691 -0.113842726 -0.54736954
v 0.135852247 -0.163193464 -0.512542486
v 0.241709754 -0.0515871048 -0.537183404
v 0.274419248 -0.074285984 -0.552823901
v 0.239236087 -0.133342981 -0.56290257
v 0.273779809 -0.152786493 -0.568713307
v 0.294288337 -0.0888671875 -0.559438467
v 0.333787769 -0.0447428226 -0.530421555
v 0.373865187 -0.0203564167 -0.485322803
v 0.316257507 -0.0379350185 -0.51722908
v 0.238585055 -0.310918331 -0.478324473
v 0.260760278 -0.337161064 -0.423069865
v 0.282676488 -0.335045815 -0.431255579
v 0.295211405 -0.3382442 -0.367355168
v 0.33621031 -0.314592838 -0.320003033
v 0.364388049 -0.259789228 -0.275112331
v 0.37802881 -0.26663208 -0.289835751
v 0.413703322 -0.204700947 -0.280181766
v 0.402341187 -0.194243193 -0.265141129
v 0.426102042 -0.125069141 -0.280091614
v 0.386880279 -0.180020571 -0.245550334
v 0.34591502 -0.249815464 -0.255464703
v 0.442576855 -0.0615477562 -0.304118276
v 0.443522573 -0.0803694725 -0.327913553
v 0.421903878 -0.0205993652 -0.365124881
v 0.433256716 -0.0388028622 -0.376330197
v 0.438584059 -0.0527489185 -0.383669704
v 0.415447056 -0.0315618515 -0.436267972
v 0.448254228 -0.0932245255 -0.337771744
v 0.441400826 -0.149240017 -0.306234837
v 0.440925181 -0.144802332 -0.285397261
v 0.413703322 -0.204700947 -0.280181766
v 0.420780897 -0.213484287 -0.30602771
v 0.37802881 -0.26663208 -0.289835751
v 0.389642477 -0.267346621 -0.314420432
v 0.352876246 -0.308964968 -0.340673268
v 0.33621031 -0.314592838 -0.320003033
v 0.295211405 -0.3382442 -0.367355168
v 0.316242963 -0.329755545 -0.382222712
v 0.282676488 -0.335045815 -0.431255579
v 0.238585055 -0.310918331 -0.478324473
v 0.264577806 -0.305818319 -0.480947554
v 0.256802738 -0.265551329 -0.523470521
v 0.291738063 -0.272550106 -0.469058901
v 0.27501002 -0.252497435 -0.508794904
v 0.290840507 -0.206736565 -0.519760609
v 0.263673663 -0.213377714 -0.551985681
v 0.413703322 -0.204700947 -0.280181766
v 0.426102042 -0.125069141 -0.280091614
v 0.440925181 -0.144802332 -0.285397261
v 0.443522573 -0.0803694725 -0.327913553
vt 0 0
vt 0 0
vt 0 0
vt 0 0
vt 0 0
vt 0 0
vt 0 0
vt 0 0
vt 0 0
vt 0 0
vt 0 0
vt 0 0
vt 0 0
vt 0 0
vt 0 0
vt 0.280517578 0.020980835
vt 0.502441406 0.0166320801
vt 0.499023438 0.0120239258
vt 0.276611328 0.0495605469
vt 0.346191406 0.0269470215
vt 0.209228516 0.0440063477
vt 0.212036133 0.0792236328
vt 0.252441406 0.0770874023
vt 0.263183594 0.107177734
vt 0.215820312 0.124694824
vt 0.135986328 0.0577392578
vt 0.212402344 0.0356750488
vt 0.158081055 0.0927124023
vt 0.170043945 0.138427734
vt 0.114318848 0.112609863
vt 0.0855102539 0.0839233398
vt 0.0561218262 0.119445801
vt 0.128173828 0.153076172
vt 0.0877075195 0.162597656
vt 0.135375977 0.204101562
vt 0.178222656 0.192871094
vt 0.718261719 0.0199279785
vt 0.495849609 0.0286102295
vt 0.499023438 0.0120239258
vt 0.133666992 0.902832031
vt 0.0394592285 0.913574219
vt 0.0328369141 0.896972656
vt 0.100952148 0.196044922
vt 0.0700073242 0.157348633
vt 0.0560302734 0.187255859
vt 0 0
vt 0 0
vt 0 0
vt 0 0
vt 0 0
vt 0 0
vt 0 0
vt 0 0
vt 0 0
vt 0 0
vt 0 0
vt 0 0
vt 0 0
vt 0 0
vt 0 0
vt 0 0
vt 0 0
vt 0 0
vt 0 0
vt 0 0
vt 0 0
vt 0 0
vt 0 0
vt 0 0
vt 0 0
vt 0 0
vt 0 0
vt 0 0
vt 0 0
vt 0 0
vt 0 0
vt 0 0
vt 0 0
vt 0 0
vt 0 0
vt 0 0
vt 0 0
vt 0 0
vt 0 0
vt 0 0
vt 0 0
vt 0 0
vt 0 0
vt 0 0
vt 0 0
vt 0 0
vt 0 0
vt 0 0
vt 0 0
vt 0 0
vt 0 0
vt 0 0
vt 0 0
vt 0 0
vt 0 0
vt 0 0
vt 0 0
vt 0 0
vt 0 0
vt 0 0
vt 0 0
vt 0 0
vt 0 0
vt 0 0
vt 0 0
vt 0 0
vt 0 0
vt 0 0
vt 0 0
vt 0 0
vt 0 0
vt 0 0
vt 0 0
vt 0 0
vt 0 0
vt 0 0
vt 0 0
vt 0 0
vt 0 0
vt 0 0
vt 0 0
vt 0 0
vt 0 0
vt 0 0
vt 0 0
vt 0 0
vt 0 0
vt 0 0
vt 0 0
vt 0 0
vt 0 0
vt 0 0
vt 0 0
vt 0 0
vt 0 0
vt 0 0
vt 0 0
vt 0 0
vt 0 0
vt 0 0
vt 0 0
vt 0 0
vt 0 0
vt 0 0
vt 0 0
vt 0 0
vt 0 0
vt 0 0
vt 0 0
vt 0 0
vt 0 0
vt 0 0
vt 0 0
vt 0 0
vt 0 0
vt 0 0
vt 0 0
vt 0 0
vt 0 0
vt 0 0
vt 0 0
vt 0 0
vt 0 0
vt 0 0
vt 0 0
vt 0 0
vt 0 0
vt 0 0
vt 0 0
vt 0 0
vt 0 0
vt 0 0
vt 0 0
vt 0 0
vt 0 0
vt 0 0
vt 0 0
vt 0 0
vt 0 0
vt 0 0
vt 0 0
vt 0 0
vt 0 0
vt 0 0
vt 0 0
vt 0 0
vt 0 0
vt 0 0
vt 0 0
vt 0 0
vt 0 0
vt 0 0
vt 0 0
vt 0 0
vt 0 0
vt 0 0
vt 0 0
vt 0 0
vt 0 0
vt 0 0
vt 0 0
vt 0 0
vt 0 0
vt 0 0
vt 0 0
vt 0 0
vt 0 0
vt 0 0
vt 0 0
vt 0 0
vt 0 0
vt 0 0
vt 0 0
vt 0 0
vt 0 0
vt 0 0
vt 0 0
vt 0 0
vt 0 0
vt 0 0
vt 0 0
vt 0 0
vt 0 0
vt 0 0
vt 0 0
vt 0 0
vt 0 0
vt 0 0
vt 0 0
vt 0 0
vt 0 0
vt 0 0
vt 0 0
vt 0 0
vt 0 0
vt 0 0
vt 0 0
vt 0 0
vt 0 0
vt 0 0
vt 0 0
vt 0 0
vt 0 0
vt 0 0
vt 0 0
vt 0 0
vt 0 0
vt 0 0
vt 0 0
vt 0 0
vt 0 0
vt 0 0
vt 0 0
vt 0 0
vt 0 0
vt 0 0
vt 0 0
vt 0 0
vt 0 0
vt 0 0
vt 0 0
vt 0 0
vt 0 0
vt 0 0
vt 0 0
vt 0 0
vt 0 0
vt 0 0
vt 0 0
vt 0 0
vt 0 0
vt 0 0
vt 0 0
vt 0 0
vt 0 0
vt 0 0
vt 0 0
vt 0 0
vt 0 0
vt 0 0
vt 0 0
vt 0 0
vt 0 0
vt 0 0
vt 0 0
vt 0 0
vt 0.987792969 0.284912109
vt 0.994140625 0.143676758
vt 0.924804688 0.202880859
vt 1.06933594 0.244995117
vt 1.02148438 0.368164062
vt 1.10839844 0.34765625
vt 1.125 0.451171875
vt 1.03515625 0.452880859
vt 1.12402344 0.556152344
vt 1.03515625 0.545410156
vt 0.635742188 0.766601562
vt 0.64453125 0.8203125
vt 0.717285156 0.803222656
vt 0.7421875 0.853515625
vt 0.657714844 0.880371094
vt 0.773925781 0.775878906
vt 0.747070312 0.752441406
vt 0.761230469 0.721191406
vt 0.813476562 0.734863281
vt 0.813476562 0.813476562
vt 0.869140625 0.759765625
vt 0.86328125 0.864257812
vt 0.933105469 0.795898438
vt 0.776367188 0.91796875
vt 0.676757812 0.956054688
vt 0.567382812 0.895507812
vt 0.573730469 0.9765625
vt 0.821289062 1
vt 0.924316406 0.930664062
vt 1.0078125 0.847167969
vt 0.985351562 0.718261719
vt 0.703613281 1.04980469
vt 0.582519531 1.07324219
vt 0.472167969 0.979980469
vt 0.467773438 1.07519531
vt 0.353271484 1.0625
vt 0.371582031 0.966796875
vt 0.234985352 1.02832031
vt 0.385253906 0.887207031
vt 0.270507812 0.936523438
vt 0.122436523 0.966796875
vt 0.296630859 0.86328125
vt 0.315429688 0.8046875
vt 0.174926758 0.889648438
vt 0.215087891 0.828613281
vt 0.244750977 0.780761719
vt 0.190795898 0.748046875
vt 0.147949219 0.781738281
vt 0.0934448242 0.827636719
vt 0.0259857178 0.888183594
vt 0.0975341797 0.72265625
vt 0.0300750732 0.752929688
vt -0.0493774414 0.796875
vt -0.0145568848 0.669921875
vt 0.0619812012 0.654296875
vt 0.0134963989 0.277587891
vt 0.0858154297 0.3046875
vt 0.138671875 0.240478516
vt 0.0764770508 0.19519043
vt 0.207519531 0.187255859
vt 0.192382812 0.271972656
vt 0.246948242 0.237426758
vt 0.160644531 0.122131348
vt 0.00421524048 0.13684082
vt 0.10333252 0.0415344238
vt 0.219848633 -0.0247344971
vt 0.257080078 0.0678100586
vt 0.358154297 0.0339355469
vt 0.337158203 -0.0626220703
vt 0.458496094 0.0174713135
vt 0.450683594 -0.0792236328
vt 0.565429688 -0.0810546875
vt 0.287841797 0.147216797
vt 0.312011719 0.211914062
vt 0.375 0.118774414
vt 0.560058594 0.0176239014
vt 0.6875 -0.0624694824
vt 0.328125 0.267822266
vt 0.270019531 0.280517578
vt 0.399169922 0.256347656
vt 0.334960938 0.3203125
vt 0.388671875 0.191772461
vt 0.465576172 0.103881836
vt 0.557128906 0.104003906
vt 0.471679688 0.179931641
vt 0.555664062 0.178344727
vt 0.665527344 0.0348205566
vt 0.647949219 0.118164062
vt 0.733398438 0.144775391
vt 0.76953125 0.0729980469
vt 0.812988281 -0.0157623291
vt 0.926269531 0.0624389648
vt 0.634277344 0.185913086
vt 0.864257812 0.131591797
vt 1.01367188 0.152099609
vt 0.939453125 0.202880859
vt 0.810058594 0.186279297
vt 0.872558594 0.241210938
vt 0.811523438 0.267089844
vt 0.762207031 0.225952148
vt 0.702636719 0.200561523
vt 0.731445312 0.251708984
vt 0.752441406 0.283447266
vt 0.687011719 0.246826172
vt 0.692871094 0.291503906
vt 0.627441406 0.243652344
vt 0.555175781 0.243652344
vt 0.477294922 0.248291016
vt 0.557128906 0.302734375
vt 0.482177734 0.309326172
vt 0.406982422 0.314941406
vt 0.337890625 0.373535156
vt 0.264404297 0.376464844
vt 0.271240234 0.325439453
vt 0.21105957 0.327148438
vt 0.192138672 0.378662109
vt 0.337890625 0.373535156
vt 0.412597656 0.370849609
vt 0.406982422 0.314941406
vt 0.342285156 0.431884766
vt 0.263183594 0.435302734
vt 0.264404297 0.376464844
vt 0.184326172 0.440185547
vt 0.192138672 0.378662109
vt 0.121887207 0.379882812
vt 0.109375 0.446533203
vt 0.150146484 0.320556641
vt 0.21105957 0.327148438
vt 0.050567627 0.374755859
vt 0.0858154297 0.3046875
vt 0.138671875 0.240478516
vt 0.192382812 0.271972656
vt 0.0134963989 0.277587891
vt 0.22668457 0.292480469
vt 0.246948242 0.237426758
vt 0.270019531 0.280517578
vt 0.271240234 0.325439453
vt 0.334960938 0.3203125
vt 0.328125 0.267822266
vt 0.033203125 0.450683594
vt 0.0324401855 0.528320312
vt -0.0277252197 0.361816406
vt -0.0492858887 0.449951172
vt -0.115356445 0.339355469
vt -0.0678710938 0.239501953
vt 0.0764770508 0.19519043
vt 0.00421524048 0.13684082
vt -0.14074707 0.441650391
vt -0.0509643555 0.5390625
vt -0.0334472656 0.622558594
vt -0.141601562 0.547851562
vt -0.122192383 0.647949219
vt 0.924804688 0.202880859
vt 0.994140625 0.143676758
vt 0.887207031 0.0560302734
vt 0.833496094 0.133178711
vt 0.767089844 -0.0109481812
vt 0.864257812 0.249633789
vt 0.915527344 0.315185547
vt 0.987792969 0.284912109
vt 1.02148438 0.368164062
vt 0.728515625 0.0823364258
vt 0.623046875 0.0485534668
vt 0.643554688 -0.0506286621
vt 0.522949219 -0.0657348633
vt 0.790039062 0.19519043
vt 0.700683594 0.155883789
vt 0.814453125 0.288085938
vt 0.606445312 0.131103516
vt 0.942871094 0.383300781
vt 0.954101562 0.454589844
vt 1.03515625 0.452880859
vt 0.877441406 0.457519531
vt 0.869628906 0.395996094
vt 0.850585938 0.339355469
vt 0.789550781 0.352539062
vt 0.796875 0.403564453
vt 0.717773438 0.410888672
vt 0.780273438 0.313720703
vt 0.723632812 0.352050781
vt 0.732421875 0.300292969
vt 0.652832031 0.336181641
vt 0.755859375 0.249511719
vt 0.662597656 0.281005859
vt 0.5703125 0.314208984
vt 0.584472656 0.26953125
vt 0.506347656 0.267578125
vt 0.679199219 0.219848633
vt 0.594238281 0.200561523
vt 0.665039062 0.389160156
vt 0.634765625 0.400634766
vt 0.613769531 0.366943359
vt 0.583007812 0.385498047
vt 0.510253906 0.193969727
vt 0.583496094 0.345214844
vt 0.513671875 0.119018555
vt 0.518066406 0.0348205566
vt 0.412353516 0.0380554199
vt 0.401611328 -0.0627441406
vt 0.274414062 -0.0355834961
vt 0.420410156 0.121887207
vt 0.303710938 0.0611877441
vt 0.426025391 0.192260742
vt 0.193847656 0.101501465
vt 0.148193359 0.0192108154
vt 0.324462891 0.137207031
vt 0.0963134766 0.161987305
vt 0.0327453613 0.0960083008
vt 0.0253448486 0.237426758
vt -0.0520935059 0.189575195
vt -0.016494751 0.317138672
vt 0.094543457 0.274902344
vt 0.151977539 0.214477539
vt 0.231445312 0.167480469
vt 0.339355469 0.203125
vt 0.197509766 0.2578125
vt 0.0602722168 0.33984375
vt 0.0420227051 0.409912109
vt 0.118530273 0.420654297
vt 0.131958008 0.359863281
vt 0.156860352 0.305419922
vt 0.216186523 0.32421875
vt 0.428955078 0.26171875
vt 0.438232422 0.307617188
vt 0.349853516 0.265625
vt 0.504394531 0.306396484
vt 0.504394531 0.309814453
vt 0.229370117 0.286621094
vt 0.260009766 0.225097656
vt 0.278076172 0.277832031
vt 0.282226562 0.330322266
vt 0.354003906 0.321533203
vt 0.282226562 0.389404297
vt 0.203735352 0.374511719
vt 0.389892578 0.355957031
vt 0.336669922 0.373046875
vt 0.365966797 0.387451172
vt 0.418701172 0.377441406
vt 0.349121094 0.416015625
vt 0.276855469 0.439208984
vt 0.388427734 0.431884766
vt 0.399414062 0.404785156
vt 0.421630859 0.416992188
vt 0.434814453 0.395263672
vt 0.455566406 0.374511719
vt 0.422363281 0.337402344
vt 0.437744141 0.356201172
vt 0.480224609 0.364501953
vt 0.464111328 0.335693359
vt 0.502929688 0.34375
vt 0.501953125 0.363037109
vt 0.522949219 0.366699219
vt 0.502929688 0.330078125
vt 0.503417969 0.330078125
vt 0.50390625 0.330078125
vt 0.541992188 0.339355469
vt 0.56640625 0.362548828
vt 0.546875 0.37890625
vt 0.565429688 0.401611328
vt 0.954101562 0.454589844
vt 1.03515625 0.545410156
vt 1.03515625 0.452880859
vt 0.953613281 0.537109375
vt 1.01855469 0.635742188
vt 0.877441406 0.457519531
vt 0.938476562 0.622070312
vt 0.985351562 0.718261719
vt 0.866699219 0.61328125
vt 0.910644531 0.694824219
vt 0.869140625 0.759765625
vt 0.933105469 0.795898438
vt 0.813476562 0.734863281
vt 0.845214844 0.681640625
vt 0.778808594 0.672363281
vt 0.761230469 0.721191406
vt 0.876464844 0.531738281
vt 0.792480469 0.605957031
vt 0.705078125 0.666992188
vt 0.799316406 0.526855469
vt 0.711425781 0.520019531
vt 0.799804688 0.458740234
vt 0.796875 0.403564453
vt 0.869628906 0.395996094
vt 0.718261719 0.460693359
vt 0.717773438 0.410888672
vt 0.6484375 0.430664062
vt 0.634765625 0.400634766
vt 0.709960938 0.599121094
vt 0.627441406 0.592773438
vt 0.649414062 0.469970703
vt 0.642089844 0.519042969
vt 0.607910156 0.442626953
vt 0.610351562 0.474365234
vt 0.606933594 0.511230469
vt 0.586914062 0.555664062
vt 0.599609375 0.414550781
vt 0.583007812 0.385498047
vt 0.576171875 0.424560547
vt 0.565429688 0.401611328
vt 0.582519531 0.450195312
vt 0.584960938 0.478271484
vt 0.581054688 0.508300781
vt 0.570800781 0.54296875
vt 0.550292969 0.566894531
vt 0.562011719 0.5859375
vt 0.521972656 0.584960938
vt 0.530761719 0.60546875
vt 0.490966797 0.587890625
vt 0.581542969 0.609375
vt 0.557128906 0.651367188
vt 0.490234375 0.611328125
vt 0.627929688 0.661621094
vt 0.700195312 0.717773438
vt 0.630371094 0.716308594
vt 0.702148438 0.760742188
vt 0.747070312 0.752441406
vt 0.717285156 0.803222656
vt 0.635742188 0.766601562
vt 0.559082031 0.711914062
vt 0.561035156 0.767089844
vt 0.64453125 0.8203125
vt 0.48828125 0.643066406
vt 0.485107422 0.707519531
vt 0.418701172 0.645019531
vt 0.411132812 0.705078125
vt 0.482421875 0.765136719
vt 0.489746094 0.611328125
vt 0.489257812 0.611328125
vt 0.449707031 0.6015625
vt 0.460449219 0.58203125
vt 0.419921875 0.579101562
vt 0.433349609 0.561523438
vt 0.398681641 0.600585938
vt 0.354248047 0.579589844
vt 0.3984375 0.546386719
vt 0.415283203 0.53515625
vt 0.3828125 0.500488281
vt 0.408691406 0.499755859
vt 0.346923828 0.504882812
vt 0.277587891 0.499023438
vt 0.3828125 0.463134766
vt 0.407714844 0.469482422
vt 0.344482422 0.455078125
vt 0.388427734 0.431884766
vt 0.413085938 0.441894531
vt 0.421630859 0.416992188
vt 0.349121094 0.416015625
vt 0.276855469 0.439208984
vt 0.195800781 0.429199219
vt 0.203735352 0.374511719
vt 0.282226562 0.389404297
vt 0.118530273 0.420654297
vt 0.131958008 0.359863281
vt 0.216186523 0.32421875
vt 0.189575195 0.497070312
vt 0.188598633 0.576660156
vt 0.111938477 0.494628906
vt 0.0346984863 0.492431641
vt 0.0420227051 0.409912109
vt -0.0472106934 0.492675781
vt -0.0394287109 0.584472656
vt -0.130371094 0.596191406
vt 0.0416870117 0.578613281
vt 0.113708496 0.577148438
vt 0.0619812012 0.654296875
vt 0.271728516 0.577636719
vt 0.269775391 0.645996094
vt 0.195922852 0.64453125
vt 0.128662109 0.646972656
vt 0.155029297 0.703125
vt 0.0975341797 0.72265625
vt 0.147949219 0.781738281
vt 0.190795898 0.748046875
vt 0.208496094 0.694824219
vt 0.347167969 0.647949219
vt 0.269775391 0.697265625
vt 0.339599609 0.702148438
vt 0.219970703 0.727539062
vt 0.244750977 0.780761719
vt 0.263671875 0.739746094
vt 0.329589844 0.751953125
vt 0.315429688 0.8046875
vt 0.404052734 0.759765625
vt 0.395996094 0.819824219
vt 0.385253906 0.887207031
vt 0.479492188 0.827148438
vt 0.476074219 0.897949219
vt 0.472167969 0.979980469
vt 0.562988281 0.828125
vt 0.567382812 0.895507812
vt 0.573730469 0.9765625
vt 0.657714844 0.880371094
vt 0.985351562 0.718261719
vt 1.0078125 0.847167969
vt 1.06933594 0.753417969
vt 1.01855469 0.635742188
vt 1.10742188 0.655761719
vt 1.03515625 0.545410156
vt 1.12402344 0.556152344
vt 0.0716552734 0.922851562
vt 0.0572814941 0.778808594
vt -0.0156555176 0.838867188
vt 0.132202148 0.846679688
vt 0.225097656 0.90234375
vt 0.263427734 0.831054688
vt 0.180053711 0.993652344
vt 0.328125 0.941894531
vt 0.303710938 1.03808594
vt 0.426269531 1.05859375
vt -0.0334472656 0.622558594
vt -0.122192383 0.647949219
vt -0.0807495117 0.745117188
vt 0.00214004517 0.702636719
vt -0.0156555176 0.838867188
vt 0.0572814941 0.778808594
vt 0.123901367 0.735351562
vt 0.132202148 0.846679688
vt 0.0467834473 0.603027344
vt 0.0324401855 0.528320312
vt 0.187255859 0.7890625
vt 0.263427734 0.831054688
vt 0.0767822266 0.673339844
vt 0.109924316 0.517089844
vt 0.109375 0.446533203
vt 0.122131348 0.587890625
vt 0.186889648 0.506835938
vt 0.184326172 0.440185547
vt 0.263183594 0.435302734
vt 0.147216797 0.653320312
vt 0.196899414 0.575683594
vt 0.267578125 0.499023438
vt 0.342285156 0.431884766
vt 0.186035156 0.707519531
vt 0.216430664 0.639160156
vt 0.276367188 0.564941406
vt 0.348632812 0.493896484
vt 0.235717773 0.749511719
vt 0.244750977 0.690429688
vt 0.424316406 0.489746094
vt 0.418457031 0.429199219
vt 0.289550781 0.627929688
vt 0.355957031 0.558105469
vt 0.295410156 0.776367188
vt 0.496337891 0.485351562
vt 0.491455078 0.425048828
vt 0.501464844 0.546875
vt 0.567871094 0.478027344
vt 0.571777344 0.541015625
vt 0.506347656 0.608886719
vt 0.430664062 0.552246094
vt 0.436279297 0.614746094
vt 0.363769531 0.620605469
vt 0.440185547 0.675292969
vt 0.370117188 0.678710938
vt 0.305419922 0.682128906
vt 0.371582031 0.734375
vt 0.311767578 0.729492188
vt 0.266357422 0.723632812
vt 0.364013672 0.792480469
vt 0.442138672 0.735351562
vt 0.511230469 0.669921875
vt 0.44140625 0.800292969
vt 0.521484375 0.799804688
vt 0.437744141 0.874511719
vt 0.348632812 0.859375
vt 0.328125 0.941894531
vt 0.432861328 0.960449219
vt 0.527832031 0.875
vt 0.426269531 1.05859375
vt 0.534667969 0.9609375
vt 0.542480469 1.05664062
vt 0.635253906 0.943847656
vt 0.702148438 0.830566406
vt 0.781738281 0.789550781
vt 0.741210938 0.740234375
vt 0.850097656 0.735351562
vt 0.913574219 0.783691406
vt 0.831054688 0.853515625
vt 0.735351562 0.908691406
vt 0.985839844 0.849121094
vt 0.9765625 0.704589844
vt 1.05859375 0.751953125
vt 0.890136719 0.936035156
vt 0.775390625 1
vt 0.657714844 1.04003906
vt 0.635253906 0.943847656
vt 0.542480469 1.05664062
vt -0.016494751 0.317138672
vt -0.0520935059 0.189575195
vt -0.101501465 0.288330078
vt -0.127807617 0.389892578
vt -0.0387573242 0.400390625
vt 0.0420227051 0.409912109
vt -0.136962891 0.495117188
vt -0.0472106934 0.492675781
vt -0.130371094 0.596191406
vt -0.0394287109 0.584472656
vt -0.101928711 0.697265625
vt -0.0145568848 0.669921875
vt -0.0493774414 0.796875
vt 0.0416870117 0.578613281
vt 0.0619812012 0.654296875
vt 0.9609375 0.453369141
vt 0.958984375 0.529785156
vt 1.04101562 0.535644531
vt 1.04492188 0.450683594
vt 1.02929688 0.363037109
vt 0.947753906 0.376708984
vt 0.872070312 0.385009766
vt 0.918457031 0.3046875
vt 0.849121094 0.321044922
vt 0.872558594 0.241210938
vt 0.811523438 0.267089844
vt 0.939453125 0.202880859
vt 0.993652344 0.279541016
vt 1.07617188 0.243041992
vt 1.01367188 0.152099609
vt 1.11816406 0.340087891
vt 1.13574219 0.444580078
vt 1.1328125 0.546386719
vt 1.10742188 0.648925781
vt 1.01855469 0.620605469
vt 0.735351562 0.908691406
vt 0.781738281 0.789550781
vt 0.702148438 0.830566406
vt 0.635253906 0.943847656
vt 0.616699219 0.860351562
vt 0.527832031 0.875
vt 0.534667969 0.9609375
vt 0.521484375 0.799804688
vt 0.437744141 0.874511719
vt 0.601074219 0.787597656
vt 0.676269531 0.767578125
vt 0.741210938 0.740234375
vt 0.58984375 0.723632812
vt 0.659179688 0.7109375
vt 0.717773438 0.696777344
vt 0.516113281 0.731933594
vt 0.442138672 0.735351562
vt 0.511230469 0.669921875
vt 0.58203125 0.663574219
vt 0.795898438 0.704589844
vt 0.850097656 0.735351562
vt 0.903808594 0.672363281
vt 0.913574219 0.783691406
vt 0.9765625 0.704589844
vt 0.506347656 0.608886719
vt 0.440185547 0.675292969
vt 0.436279297 0.614746094
vt 1.01855469 0.620605469
vt 1.05859375 0.751953125
vt 1.10742188 0.648925781
vt 0.576171875 0.603515625
vt 0.571777344 0.541015625
vt 0.648925781 0.59765625
vt 0.651855469 0.655761719
vt 0.646484375 0.534179688
vt 0.567871094 0.478027344
vt 0.716308594 0.648925781
vt 0.723144531 0.592773438
vt 0.77734375 0.647460938
vt 0.76171875 0.684082031
vt 0.838378906 0.655273438
vt 0.797363281 0.592285156
vt 0.726074219 0.528320312
vt 0.867675781 0.594726562
vt 0.643554688 0.469970703
vt 0.806152344 0.526367188
vt 0.940429688 0.603515625
vt 0.724609375 0.462158203
vt 0.639648438 0.407958984
vt 0.882324219 0.526855469
vt 0.958984375 0.529785156
vt 1.04101562 0.535644531
vt 0.8828125 0.454833984
vt 0.9609375 0.453369141
vt 0.872070312 0.385009766
vt 0.805175781 0.45703125
vt 0.718261719 0.3984375
vt 0.796875 0.390869141
vt 0.849121094 0.321044922
vt 0.779296875 0.331298828
vt 0.811523438 0.267089844
vt 0.752441406 0.283447266
vt 0.707519531 0.340820312
vt 0.692871094 0.291503906
vt 0.634765625 0.349609375
vt 0.62890625 0.296630859
vt 0.687011719 0.246826172
vt 0.627441406 0.243652344
vt 0.555175781 0.243652344
vt 0.557128906 0.302734375
vt 0.560546875 0.359130859
vt 0.563964844 0.417480469
vt 0.496337891 0.485351562
vt 0.491455078 0.425048828
vt 0.486816406 0.366699219
vt 0.482177734 0.309326172
vt 0.406982422 0.314941406
vt 0.412597656 0.370849609
vt 0.418457031 0.429199219
vt 0.342285156 0.431884766
vt 0 0
vt 0 0
vt 0 0
vt 0 0
vt 0 0
vt 0 0
vt 0 0
vt 0 0
vt 0 0
vt 0 0
vt 0 0
vt 0 0
vt 0 0
vt 0 0
vt 0 0
vt 0 0
vt 0 0
vt 0 0
vt 0 0
vt 0 0
vt 0 0
vt 0 0
vt 0 0
vt 0 0
vt 0 0
vt 0 0
vt 0 0
vt 0 0
vt 0 0
vt 0 0
vt 0 0
vt 0 0
vt 0 0
vt 0 0
vt 0 0
vt 0 0
vt 0 0
vt 0 0
vt 0 0
vt 0 0
vt 0 0
vt 0 0
vt 0 0
vt 0 0
vt 0 0
vt 0 0
vt 0 0
vt 0 0
vt 0 0
vt 0 0
vt 0 0
vt 0 0
vt 0 0
vt 0 0
vt 0 0
vt 0 0
vt 0 0
vt 0 0
vt 0 0
vt 0 0
vt 0 0
vt 0 0
vt 0 0
vt 0 0
vt 0 0
vt 0 0
vt 0 0
vt 0 0
vt 0 0
vt 0 0
vt 0 0
vt 0 0
vt 0 0
vt 0 0
vt 0 0
vt 0 0
vt 0 0
vt 0 0
vt 0 0
vt 0 0
vt 0 0
vt 0 0
vt 0 0
vt 0 0
vt 0 0
vt 0 0
vt 0 0
vt 0 0
vt 0 0
vt 0 0
vt 0 0
vt 0 0
vt 0 0
vt 0 0
vt 0 0
vt 0 0
vt 0 0
vt 0 0
vt 0 0
vt 0 0
vt 0 0
vt 0 0
vt 0 0
vt 0 0
vt 0 0
vt 0 0
vt 0 0
vt 0 0
vt 0 0
vt 0 0
vt 0 0
vt 0 0
vt 0 0
vt 0 0
vt 0 0
vt 0 0
vt 0 0
vt 0 0
vt 0 0
vt 0 0
vt 0 0
vt 0 0
vt 0 0
vt 0 0
vt 0 0
vt 0 0
vt 0 0
vt 0 0
vt 0 0
vt 0 0
vt 0 0
vt 0 0
vt 0 0
vt 0 0
vt 0 0
vt 0 0
vt 0 0
vt 0 0
vt 0 0
vt 0 0
vt 0 0
vt 0 0
vt 0 0
vt 0 0
vt 0 0
vt 0 0
vt 0 0
vt 0 0
vt 0 0
vt 0 0
vt 0 0
vt 0 0
vt 0 0
vt 0 0
vt 0 0
vt 0 0
vt 0 0
vt 0 0
vt 0 0
vt 0 0
vt 0 0
vt 0 0
vt 0 0
vt 0 0
vt 0 0
vt 0 0
vt 0 0
vt 0 0
vt 0 0
vt 0 0
vt 0 0
vt 0 0
vt 0 0
vt 0 0
vt 0 0
vt 0 0
vt 0 0
vt 0 0
vt 0 0
vt 0 0
vt 0 0
vt 0 0
vt 0 0
vt 0 0
vt 0 0
vt 0 0
vt 0 0
vt 0 0
vt 0 0
vt 0 0
vt 0 0
vt 0 0
vt 0 0
vt 0 0
vt 0 0
vt 0 0
vt 0 0
vt 0 0
vt 0 0
vt 0 0
vt 0 0
vt 0 0
vt 0 0
vt 0 0
vt 0 0
vt 0 0
vt 0 0
vt 0 0
vt 0 0
vt 0 0
vt 0 0
vt 0 0
vt 0 0
vt 0 0
vt 0 0
vt 0 0
vt 0 0
vt 0 0
vt 0 0
vt 0 0
vt 0.495849609 0.0286102295
vt 0.280517578 0.020980835
vt 0.499023438 0.0120239258
vt 0.212402344 0.0356750488
vt 0.169799805 0.0673217773
vt 0.135986328 0.0577392578
vt 0.0855102539 0.0839233398
vt 0.0561218262 0.119445801
vt 0.147094727 0.109863281
vt 0.496582031 0.108886719
vt 0.495361328 0.0633544922
vt 0.821777344 0.0715942383
vt 0.846679688 0.115661621
vt 0.938964844 0.129150391
vt 0.907714844 0.0914306641
vt 0.857910156 0.0624389648
vt 0.779785156 0.0372924805
vt 0.718261719 0.0199279785
vt 0.280517578 0.020980835
vt 0.346191406 0.0269470215
vt 0.502441406 0.0166320801
vt 0.381103516 0.0573120117
vt 0.276611328 0.0495605469
vt 0.309326172 0.0812988281
vt 0.323486328 0.130004883
vt 0.263183594 0.107177734
vt 0.252441406 0.0770874023
vt 0.26953125 0.158569336
vt 0.278564453 0.217529297
vt 0.333740234 0.186157227
vt 0.34375 0.266845703
vt 0.405273438 0.157470703
vt 0.290527344 0.296630859
vt 0.304443359 0.408447266
vt 0.396972656 0.103637695
vt 0.50390625 0.0905151367
vt 0.504394531 0.0454711914
vt 0.626953125 0.0500488281
vt 0.659667969 0.0229949951
vt 0.729980469 0.0504455566
vt 0.718261719 0.0199279785
vt 0.499023438 0.0120239258
vt 0.791015625 0.0474853516
vt 0.789550781 0.0853881836
vt 0.752441406 0.0797729492
vt 0.741699219 0.105407715
vt 0.697753906 0.0753173828
vt 0.680664062 0.117492676
vt 0.731445312 0.147583008
vt 0.719238281 0.204467773
vt 0.609375 0.0939941406
vt 0.595703125 0.147705078
vt 0.665527344 0.172485352
vt 0.651855469 0.256103516
vt 0.706054688 0.286132812
vt 0.692871094 0.402099609
vt 0.755371094 0.311035156
vt 0.584472656 0.232666016
vt 0.497558594 0.228027344
vt 0.576171875 0.370117188
vt 0.500488281 0.143676758
vt 0.410888672 0.240112305
vt 0.418701172 0.372558594
vt 0.497558594 0.366455078
vt 0.498535156 0.517089844
vt 0.569824219 0.519042969
vt 0.563476562 0.638671875
vt 0.355957031 0.388183594
vt 0.369140625 0.520996094
vt 0.427490234 0.517578125
vt 0.435546875 0.63671875
vt 0.499267578 0.638183594
vt 0.5 0.728027344
vt 0.557617188 0.728027344
vt 0.551269531 0.785644531
vt 0.319335938 0.530273438
vt 0.334228516 0.639160156
vt 0.273925781 0.547851562
vt 0.290283203 0.654296875
vt 0.307617188 0.740722656
vt 0.381591797 0.634765625
vt 0.393310547 0.724121094
vt 0.348876953 0.727050781
vt 0.362548828 0.786132812
vt 0.326171875 0.80078125
vt 0.34765625 0.841308594
vt 0.442871094 0.7265625
vt 0.44921875 0.783691406
vt 0.403320312 0.782226562
vt 0.413085938 0.821777344
vt 0.376953125 0.826171875
vt 0.393554688 0.856933594
vt 0.373535156 0.868164062
vt 0.40234375 0.885742188
vt 0.5 0.784667969
vt 0.5 0.823242188
vt 0.544921875 0.824707031
vt 0.539550781 0.857421875
vt 0.454833984 0.822753906
vt 0.459716797 0.857421875
vt 0.423339844 0.854980469
vt 0.430908203 0.880859375
vt 0.408691406 0.874511719
vt 0.433105469 0.896972656
vt 0.466552734 0.902832031
vt 0.463867188 0.885253906
vt 0.500488281 0.885742188
vt 0.503417969 0.904296875
vt 0.540527344 0.901367188
vt 0.537109375 0.883789062
vt 0.499755859 0.857910156
vt 0.570800781 0.880859375
vt 0.575683594 0.858398438
vt 0.5859375 0.827148438
vt 0.606933594 0.862304688
vt 0.594238281 0.876953125
vt 0.60546875 0.886230469
vt 0.631835938 0.871582031
vt 0.199707031 0.947753906
vt 0.25390625 0.972167969
vt 0.331298828 0.986816406
vt 0.283935547 0.965332031
vt 0.302978516 0.937011719
vt 0.364013672 0.960449219
vt 0.244873047 0.916503906
vt 0.284667969 0.888183594
vt 0.200439453 0.873535156
vt 0.143554688 0.901855469
vt 0.328857422 0.910644531
vt 0.108886719 0.828125
vt 0.16809082 0.805664062
vt 0.146484375 0.709472656
vt 0.0887451172 0.727539062
vt 0.0764770508 0.607910156
vt 0.130981445 0.594238281
vt 0.117492676 0.468994141
vt 0.065612793 0.478515625
vt 0.0567932129 0.360595703
vt 0.106323242 0.354736328
vt 0.0980834961 0.271728516
vt 0.05078125 0.275390625
vt 0.0473632812 0.212524414
vt 0.0921020508 0.21105957
vt 0.0877075195 0.162597656
vt 0.0462646484 0.161376953
vt 0.135375977 0.204101562
vt 0.128173828 0.153076172
vt 0.0561218262 0.119445801
vt 0.0858764648 0.131225586
vt 0.114318848 0.112609863
vt 0.200439453 0.873535156
vt 0.244873047 0.916503906
vt 0.284667969 0.888183594
vt 0.248535156 0.846679688
vt 0.219970703 0.782714844
vt 0.289794922 0.822265625
vt 0.16809082 0.805664062
vt 0.146484375 0.709472656
vt 0.319091797 0.86328125
vt 0.354736328 0.887207031
vt 0.328857422 0.910644531
vt 0.372558594 0.923828125
vt 0.392089844 0.901367188
vt 0.40234375 0.885742188
vt 0.373535156 0.868164062
vt 0.34765625 0.841308594
vt 0.326171875 0.80078125
vt 0.307617188 0.740722656
vt 0.265869141 0.760742188
vt 0.24621582 0.673828125
vt 0.290283203 0.654296875
vt 0.273925781 0.547851562
vt 0.198608398 0.691894531
vt 0.181884766 0.581542969
vt 0.130981445 0.594238281
vt 0.117492676 0.468994141
vt 0.229492188 0.566894531
vt 0.214599609 0.446044922
vt 0.167358398 0.458984375
vt 0.154785156 0.345947266
vt 0.106323242 0.354736328
vt 0.0980834961 0.271728516
vt 0.258789062 0.428466797
vt 0.244628906 0.318359375
vt 0.304443359 0.408447266
vt 0.290527344 0.296630859
vt 0.278564453 0.217529297
vt 0.201171875 0.333984375
vt 0.188842773 0.25390625
vt 0.144165039 0.264648438
vt 0.135375977 0.204101562
vt 0.0921020508 0.21105957
vt 0.178222656 0.192871094
vt 0.221923828 0.178588867
vt 0.170043945 0.138427734
vt 0.232055664 0.239135742
vt 0.26953125 0.158569336
vt 0.263183594 0.107177734
vt 0.215820312 0.124694824
vt 0.212036133 0.0792236328
vt 0.40234375 0.885742188
vt 0.426269531 0.913574219
vt 0.433105469 0.896972656
vt 0.392089844 0.901367188
vt 0.372558594 0.923828125
vt 0.407470703 0.938964844
vt 0.445800781 0.950683594
vt 0.462158203 0.921386719
vt 0.504882812 0.923828125
vt 0.500488281 0.954101562
vt 0.497558594 0.981933594
vt 0.556152344 0.950195312
vt 0.406005859 0.977050781
vt 0.504394531 0.994628906
vt 0.678710938 0.98828125
vt 0.348632812 0.94140625
vt 0.591308594 0.977050781
vt 0.639648438 0.962402344
vt 0.599609375 0.939453125
vt 0.728515625 0.96875
vt 0.822753906 0.950195312
vt 0.770019531 0.973144531
vt 0.426269531 0.913574219
vt 0.466552734 0.902832031
vt 0.433105469 0.896972656
vt 0.462158203 0.921386719
vt 0.504882812 0.923828125
vt 0.503417969 0.904296875
vt 0.540527344 0.901367188
vt 0.547851562 0.920410156
vt 0.556152344 0.950195312
vt 0.585449219 0.912597656
vt 0.575195312 0.895996094
vt 0.599609375 0.939453125
vt 0.570800781 0.880859375
vt 0.537109375 0.883789062
vt 0.540527344 0.901367188
vt 0.575195312 0.895996094
vt 0.60546875 0.886230469
vt 0.585449219 0.912597656
vt 0.620605469 0.901367188
vt 0.65625 0.887695312
vt 0.631835938 0.871582031
vt 0.655761719 0.844726562
vt 0.606933594 0.862304688
vt 0.622558594 0.833496094
vt 0.639648438 0.7890625
vt 0.5859375 0.827148438
vt 0.575683594 0.858398438
vt 0.689941406 0.86328125
vt 0.729980469 0.889648438
vt 0.685058594 0.913085938
vt 0.639160156 0.92578125
vt 0.719726562 0.817871094
vt 0.767578125 0.84375
vt 0.796875 0.776367188
vt 0.678710938 0.799804688
vt 0.69921875 0.734375
vt 0.744628906 0.751953125
vt 0.763671875 0.665039062
vt 0.715332031 0.646972656
vt 0.728515625 0.541503906
vt 0.668457031 0.636230469
vt 0.778320312 0.560058594
vt 0.791503906 0.441894531
vt 0.655761719 0.725097656
vt 0.608886719 0.724609375
vt 0.597167969 0.785644531
vt 0.551269531 0.785644531
vt 0.544921875 0.824707031
vt 0.539550781 0.857421875
vt 0.557617188 0.728027344
vt 0.563476562 0.638671875
vt 0.619140625 0.635742188
vt 0.62890625 0.521484375
vt 0.569824219 0.519042969
vt 0.576171875 0.370117188
vt 0.680175781 0.52734375
vt 0.692871094 0.402099609
vt 0.639648438 0.383544922
vt 0.651855469 0.256103516
vt 0.584472656 0.232666016
vt 0.7421875 0.422119141
vt 0.755371094 0.311035156
vt 0.803222656 0.331542969
vt 0.8125 0.250244141
vt 0.767089844 0.229980469
vt 0.776855469 0.170532227
vt 0.8203125 0.189331055
vt 0.827148438 0.139770508
vt 0.784667969 0.124450684
vt 0.719238281 0.204467773
vt 0.706054688 0.286132812
vt 0.731445312 0.147583008
vt 0.741699219 0.105407715
vt 0.789550781 0.0853881836
vt 0.752441406 0.0797729492
vt 0.65625 0.887695312
vt 0.620605469 0.901367188
vt 0.639160156 0.92578125
vt 0.585449219 0.912597656
vt 0.599609375 0.939453125
vt 0.639648438 0.962402344
vt 0.660644531 0.944335938
vt 0.711425781 0.94140625
vt 0.728515625 0.96875
vt 0.685058594 0.913085938
vt 0.822753906 0.950195312
vt 0.729980469 0.889648438
vt 0.774902344 0.919921875
vt 0.820800781 0.873046875
vt 0.879882812 0.900878906
vt 0.767578125 0.84375
vt 0.912109375 0.825195312
vt 0.796875 0.776367188
vt 0.853027344 0.802246094
vt 0.875 0.710449219
vt 0.931640625 0.728027344
vt 0.942871094 0.61328125
vt 0.889648438 0.600585938
vt 0.899414062 0.476074219
vt 0.833007812 0.581054688
vt 0.949707031 0.485351562
vt 0.953125 0.3671875
vt 0.817871094 0.6875
vt 0.763671875 0.665039062
vt 0.744628906 0.751953125
vt 0.719726562 0.817871094
vt 0.778320312 0.560058594
vt 0.791503906 0.441894531
vt 0.845214844 0.460693359
vt 0.854492188 0.348632812
vt 0.803222656 0.331542969
vt 0.8125 0.250244141
vt 0.905761719 0.360839844
vt 0.908691406 0.277832031
vt 0.954589844 0.281738281
vt 0.953613281 0.219482422
vt 0.860839844 0.266845703
vt 0.865234375 0.206542969
vt 0.8203125 0.189331055
vt 0.827148438 0.139770508
vt 0.91015625 0.218017578
vt 0.911132812 0.17199707
vt 0.951660156 0.170166016
vt 0.938964844 0.129150391
vt 0.910644531 0.140991211
vt 0.880859375 0.12109375
vt 0.869628906 0.158691406
vt 0.837890625 0.098449707
vt 0.789550781 0.0853881836
vt 0.784667969 0.124450684
vt 0.857910156 0.0624389648
vt 0.779785156 0.0372924805
vt 0.718261719 0.0199279785
vt 0.791015625 0.0474853516
vt 0.789550781 0.0853881836
vt 0.837890625 0.098449707
vt 0.880859375 0.12109375
vt 0.907714844 0.0914306641
vt 0.938964844 0.129150391
vt 0.953613281 0.219482422
vt 0.857910156 0.162353516
vt 0.951660156 0.170166016
vt 0.861328125 0.216186523
vt 0.86328125 0.281494141
vt 0.499023438 0.213500977
vt 0.954589844 0.281738281
vt 0.953125 0.3671875
vt 0.497558594 0.157714844
vt 0.138183594 0.157104492
vt 0.496582031 0.108886719
vt 0.846679688 0.115661621
vt 0.147094727 0.109863281
vt 0.0561218262 0.119445801
vt 0.0462646484 0.161376953
vt 0.0473632812 0.212524414
vt 0.137451172 0.212036133
vt 0.139282227 0.27734375
vt 0.05078125 0.275390625
vt 0.0567932129 0.360595703
vt 0.500976562 0.279785156
vt 0.502929688 0.367919922
vt 0.143310547 0.364746094
vt 0.149169922 0.485839844
vt 0.065612793 0.478515625
vt 0.0764770508 0.607910156
vt 0.863769531 0.369140625
vt 0.86328125 0.489501953
vt 0.949707031 0.485351562
vt 0.942871094 0.61328125
vt 0.505859375 0.489501953
vt 0.5078125 0.622558594
vt 0.15612793 0.618164062
vt 0.163330078 0.740722656
vt 0.0887451172 0.727539062
vt 0.108886719 0.828125
vt 0.860351562 0.620605469
vt 0.854003906 0.739746094
vt 0.931640625 0.728027344
vt 0.912109375 0.825195312
vt 0.508300781 0.744140625
vt 0.509277344 0.848632812
vt 0.177490234 0.845214844
vt 0.205200195 0.923339844
vt 0.143554688 0.901855469
vt 0.199707031 0.947753906
vt 0.25390625 0.972167969
vt 0.512207031 0.98046875
vt 0.331298828 0.986816406
vt 0.504394531 0.994628906
vt 0.678710938 0.98828125
vt 0.770019531 0.973144531
vt 0.818847656 0.921875
vt 0.822753906 0.950195312
vt 0.879882812 0.900878906
vt 0.512207031 0.9296875
vt 0.841308594 0.841796875
vt 0.857910156 0.162353516
vt 0.846679688 0.115661621
vt 0.938964844 0.129150391
vt 0.951660156 0.170166016
vt 0.687988281 0.0199279785
vt 0.745117188 0.0229949951
vt 0.498535156 0.0166320801
vt 0.501953125 0.0120239258
vt 0.498535156 0.0166320801
vt 0.315673828 0.020980835
vt 0.501953125 0.0120239258
vt 0.251464844 0.0269470215
vt 0.186157227 0.0495605469
vt 0.217163086 0.0573120117
vt 0.153930664 0.0812988281
vt 0.315673828 0.020980835
vt 0.382568359 0.0356750488
vt 0.505371094 0.0286102295
vt 0.501953125 0.0120239258
vt 0.687988281 0.0199279785
vt 0.627441406 0.0372924805
vt 0.684082031 0.0624389648
vt 0.749511719 0.0474853516
vt 0.809570312 0.0504455566
vt 0.745117188 0.0229949951
vt 0.751464844 0.0853881836
vt 0.704101562 0.098449707
vt 0.787597656 0.0797729492
vt 0.798339844 0.105407715
vt 0.841308594 0.0753173828
vt 0.217163086 0.0573120117
vt 0.140258789 0.130004883
vt 0.153930664 0.0812988281
vt 0.201538086 0.103637695
vt 0.193481445 0.157470703
vt 0.497314453 0.0905151367
vt 0.130004883 0.186157227
vt 0.120300293 0.266845703
vt 0.496826172 0.0454711914
vt 0.776855469 0.0500488281
vt 0.498535156 0.0166320801
vt 0.251464844 0.0269470215
vt 0.745117188 0.0229949951
vt 0.809570312 0.0504455566
vt 0.841308594 0.0753173828
vt 0.857910156 0.117492676
vt 0.793945312 0.0939941406
vt 0.808105469 0.147705078
vt 0.873046875 0.172485352
vt 0.886230469 0.256103516
vt 0.500488281 0.143676758
vt 0.503417969 0.228027344
vt 0.818847656 0.232666016
vt 0.826660156 0.370117188
vt 0.8984375 0.383544922
vt 0.908691406 0.521484375
vt 0.188110352 0.240112305
vt 0.180419922 0.372558594
vt 0.108337402 0.388183594
vt 0.0955200195 0.520996094
vt 0.503417969 0.366455078
vt 0.502441406 0.517089844
vt 0.833007812 0.519042969
vt 0.839355469 0.638671875
vt 0.918457031 0.635742188
vt 0.928222656 0.724609375
vt 0.171875 0.517578125
vt 0.16394043 0.63671875
vt 0.0832519531 0.634765625
vt 0.0718994141 0.724121094
vt 0.501953125 0.638183594
vt 0.501464844 0.728027344
vt 0.845214844 0.728027344
vt 0.851074219 0.785644531
vt 0.939453125 0.785644531
vt 0.951171875 0.827148438
vt 0.156738281 0.7265625
vt 0.150512695 0.783691406
vt 0.061920166 0.782226562
vt 0.0523986816 0.821777344
vt 0.500976562 0.784667969
vt 0.500976562 0.823242188
vt 0.857421875 0.824707031
vt 0.862792969 0.857421875
vt 0.9609375 0.858398438
vt 0.965820312 0.880859375
vt 0.145141602 0.822753906
vt 0.140136719 0.857421875
vt 0.042388916 0.854980469
vt 0.0348815918 0.880859375
vt 0.501464844 0.857910156
vt 0.500976562 0.885742188
vt 0.865234375 0.883789062
vt 0.861816406 0.901367188
vt 0.961425781 0.895996094
vt 0.497802734 0.904296875
vt 0.133666992 0.902832031
vt 0.0328369141 0.896972656
vt 0.136230469 0.885253906
vt 0.315673828 0.020980835
vt 0.251464844 0.0269470215
vt 0.186157227 0.0495605469
vt 0.252197266 0.0440063477
vt 0.249389648 0.0792236328
vt 0.323730469 0.0577392578
vt 0.382568359 0.0356750488
vt 0.209716797 0.0770874023
vt 0.19934082 0.107177734
vt 0.153930664 0.0812988281
vt 0.140258789 0.130004883
vt 0.302246094 0.0927124023
vt 0.290527344 0.138427734
vt 0.344970703 0.112609863
vt 0.373291016 0.0839233398
vt 0.245605469 0.124694824
vt 0.239624023 0.178588867
vt 0.193115234 0.158569336
vt 0.184082031 0.217529297
vt 0.130004883 0.186157227
vt 0.120300293 0.266845703
vt 0.172607422 0.296630859
vt 0.217407227 0.318359375
vt 0.158935547 0.408447266
vt 0.203613281 0.428466797
vt 0.246826172 0.446044922
vt 0.188598633 0.547851562
vt 0.229858398 0.239135742
vt 0.271972656 0.25390625
vt 0.260009766 0.333984375
vt 0.305419922 0.345947266
vt 0.282470703 0.192871094
vt 0.324462891 0.204101562
vt 0.315917969 0.264648438
vt 0.361083984 0.271728516
vt 0.331542969 0.153076172
vt 0.37109375 0.162597656
vt 0.373046875 0.131225586
vt 0.402099609 0.119445801
vt 0.366699219 0.21105957
vt 0.410644531 0.212524414
vt 0.411621094 0.161376953
vt 0.353027344 0.354736328
vt 0.401367188 0.360595703
vt 0.342041016 0.468994141
vt 0.407226562 0.275390625
vt 0.454101562 0.27734375
vt 0.455810547 0.212036133
vt 0.293212891 0.458984375
vt 0.278808594 0.581542969
vt 0.328613281 0.594238281
vt 0.313720703 0.709472656
vt 0.262451172 0.691894531
vt 0.215942383 0.673828125
vt 0.241699219 0.782714844
vt 0.232299805 0.566894531
vt 0.172729492 0.654296875
vt 0.129516602 0.639160156
vt 0.155639648 0.740722656
vt 0.196533203 0.760742188
vt 0.173217773 0.822265625
vt 0.213623047 0.846679688
vt 0.178222656 0.888183594
vt 0.14453125 0.86328125
vt 0.116516113 0.841308594
vt 0.109619141 0.887207031
vt 0.137451172 0.80078125
vt 0.101928711 0.786132812
vt 0.0878295898 0.826171875
vt 0.0715332031 0.856933594
vt 0.0523986816 0.821777344
vt 0.042388916 0.854980469
vt 0.0348815918 0.880859375
vt 0.0912475586 0.868164062
vt 0.0628662109 0.885742188
vt 0.0567626953 0.874511719
vt 0.0328369141 0.896972656
vt 0.0394592285 0.913574219
vt 0.0729370117 0.901367188
vt 0.0921020508 0.923828125
vt 0.134887695 0.910644531
vt 0.0579833984 0.938964844
vt 0.545898438 0.281494141
vt 0.545410156 0.369140625
vt 0.590820312 0.3671875
vt 0.58984375 0.281738281
vt 0.590820312 0.219482422
vt 0.634765625 0.277832031
vt 0.547363281 0.216186523
vt 0.551269531 0.162353516
vt 0.592773438 0.170166016
vt 0.632324219 0.17199707
vt 0.604980469 0.129150391
vt 0.633300781 0.218017578
vt 0.677246094 0.206542969
vt 0.6328125 0.140991211
vt 0.661621094 0.12109375
vt 0.635742188 0.0914306641
vt 0.684082031 0.0624389648
vt 0.704101562 0.098449707
vt 0.714355469 0.139770508
vt 0.751464844 0.0853881836
vt 0.672851562 0.158691406
vt 0.756347656 0.124450684
vt 0.763671875 0.170532227
vt 0.798339844 0.105407715
vt 0.808105469 0.147583008
vt 0.819824219 0.204467773
vt 0.721191406 0.189331055
vt 0.729003906 0.250244141
vt 0.7734375 0.229980469
vt 0.78515625 0.311035156
vt 0.833007812 0.286132812
vt 0.846191406 0.402099609
vt 0.681640625 0.266845703
vt 0.687988281 0.348632812
vt 0.737792969 0.331542969
vt 0.749511719 0.441894531
vt 0.797851562 0.422119141
vt 0.811035156 0.541503906
vt 0.858398438 0.52734375
vt 0.870117188 0.636230469
vt 0.637695312 0.360839844
vt 0.643554688 0.476074219
vt 0.594238281 0.485351562
vt 0.601074219 0.61328125
vt 0.696777344 0.460693359
vt 0.708496094 0.581054688
vt 0.653320312 0.600585938
vt 0.667480469 0.710449219
vt 0.612304688 0.728027344
vt 0.631347656 0.825195312
vt 0.762207031 0.560058594
vt 0.776855469 0.665039062
vt 0.723632812 0.6875
vt 0.744628906 0.776367188
vt 0.688964844 0.802246094
vt 0.720703125 0.873046875
vt 0.662597656 0.900878906
vt 0.71875 0.950195312
vt 0.82421875 0.646972656
vt 0.839355469 0.734375
vt 0.795410156 0.751953125
vt 0.819335938 0.817871094
vt 0.772949219 0.84375
vt 0.809570312 0.889648438
vt 0.765625 0.919921875
vt 0.827636719 0.94140625
vt 0.811035156 0.96875
vt 0.8984375 0.962402344
vt 0.882324219 0.725097656
vt 0.8984375 0.7890625
vt 0.928222656 0.724609375
vt 0.939453125 0.785644531
vt 0.951171875 0.827148438
vt 0.859863281 0.799804688
vt 0.882324219 0.844726562
vt 0.915039062 0.833496094
vt 0.930175781 0.862304688
vt 0.848632812 0.86328125
vt 0.881835938 0.887695312
vt 0.905761719 0.871582031
vt 0.931640625 0.886230469
vt 0.942382812 0.876953125
vt 0.965820312 0.880859375
vt 0.961425781 0.895996094
vt 0.951171875 0.912597656
vt 0.916992188 0.901367188
vt 0.8984375 0.92578125
vt 0.9375 0.939453125
vt 0.853515625 0.913085938
vt 0.877441406 0.944335938
vt 0.178222656 0.888183594
vt 0.14453125 0.86328125
vt 0.109619141 0.887207031
vt 0.134887695 0.910644531
vt 0.16027832 0.937011719
vt 0.0921020508 0.923828125
vt 0.115478516 0.94140625
vt 0.100463867 0.960449219
vt 0.0579833984 0.938964844
vt 0.217163086 0.916503906
vt 0.260742188 0.873535156
vt 0.261474609 0.947753906
vt 0.213623047 0.846679688
vt 0.241699219 0.782714844
vt 0.178833008 0.965332031
vt 0.265869141 0.986816406
vt 0.192871094 0.977050781
vt 0.292480469 0.805664062
vt 0.350341797 0.828125
vt 0.313720703 0.709472656
vt 0.262451172 0.691894531
vt 0.31640625 0.901855469
vt 0.389648438 0.923339844
vt 0.341796875 0.972167969
vt 0.489013672 0.98046875
vt 0.496582031 0.994628906
vt 0.7265625 0.98828125
vt 0.370117188 0.727539062
vt 0.382080078 0.607910156
vt 0.430419922 0.740722656
vt 0.328613281 0.594238281
vt 0.342041016 0.468994141
vt 0.416503906 0.845214844
vt 0.4921875 0.848632812
vt 0.489257812 0.9296875
vt 0.589355469 0.921875
vt 0.63671875 0.973144531
vt 0.71875 0.950195312
vt 0.811035156 0.96875
vt 0.8984375 0.962402344
vt 0.812011719 0.977050781
vt 0.662597656 0.900878906
vt 0.631347656 0.825195312
vt 0.567382812 0.841796875
vt 0.5546875 0.739746094
vt 0.612304688 0.728027344
vt 0.601074219 0.61328125
vt 0.493164062 0.744140625
vt 0.493652344 0.622558594
vt 0.548339844 0.620605469
vt 0.545898438 0.489501953
vt 0.594238281 0.485351562
vt 0.590820312 0.3671875
vt 0.545410156 0.369140625
vt 0.498046875 0.367919922
vt 0.545898438 0.281494141
vt 0.437744141 0.618164062
vt 0.444335938 0.485839844
vt 0.495605469 0.489501953
vt 0.392822266 0.478515625
vt 0.401367188 0.360595703
vt 0.353027344 0.354736328
vt 0.450195312 0.364746094
vt 0.454101562 0.27734375
vt 0.500488281 0.279785156
vt 0.501953125 0.213500977
vt 0.547363281 0.216186523
vt 0.455810547 0.212036133
vt 0.455078125 0.157104492
vt 0.410644531 0.212524414
vt 0.551269531 0.162353516
vt 0.411621094 0.161376953
vt 0.503417969 0.157714844
vt 0.504394531 0.108886719
vt 0.446533203 0.109863281
vt 0.402099609 0.119445801
vt 0.37109375 0.162597656
vt 0.951171875 0.827148438
vt 0.930175781 0.862304688
vt 0.9609375 0.858398438
vt 0.965820312 0.880859375
vt 0.942382812 0.876953125
vt 0.0394592285 0.913574219
vt 0.137817383 0.921386719
vt 0.153808594 0.950683594
vt 0.133666992 0.902832031
vt 0.496582031 0.923828125
vt 0.497802734 0.904296875
vt 0.861816406 0.901367188
vt 0.854492188 0.920410156
vt 0.846191406 0.950195312
vt 0.500976562 0.954101562
vt 0.503417969 0.981933594
vt 0.812011719 0.977050781
vt 0.8984375 0.962402344
vt 0.9375 0.939453125
vt 0.951171875 0.912597656
vt 0.961425781 0.895996094
vt 0.0394592285 0.913574219
vt 0.153808594 0.950683594
vt 0.0579833984 0.938964844
vt 0.100463867 0.960449219
vt 0.192871094 0.977050781
vt 0.503417969 0.981933594
vt 0.265869141 0.986816406
vt 0.496582031 0.994628906
vt 0.7265625 0.98828125
vt 0.812011719 0.977050781
vt 0.500976562 0.954101562
vt 0.496582031 0.923828125
vt 0.137817383 0.921386719
vt 0.798339844 0.105407715
vt 0.857910156 0.117492676
vt 0.841308594 0.0753173828
vt 0.808105469 0.147583008
vt 0.819824219 0.204467773
vt 0.873046875 0.172485352
vt 0.886230469 0.256103516
vt 0.833007812 0.286132812
vt 0.846191406 0.402099609
vt 0.8984375 0.383544922
vt 0.908691406 0.521484375
vt 0.858398438 0.52734375
vt 0.870117188 0.636230469
vt 0.918457031 0.635742188
vt 0.928222656 0.724609375
vt 0.158935547 0.408447266
vt 0.172607422 0.296630859
vt 0.120300293 0.266845703
vt 0.108337402 0.388183594
vt 0.0955200195 0.520996094
vt 0.144287109 0.530273438
vt 0.188598633 0.547851562
vt 0.203613281 0.428466797
vt 0.129516602 0.639160156
vt 0.0832519531 0.634765625
vt 0.0718994141 0.724121094
vt 0.115356445 0.727050781
vt 0.155639648 0.740722656
vt 0.101928711 0.786132812
vt 0.061920166 0.782226562
vt 0.0523986816 0.821777344
vt 0.0878295898 0.826171875
vt 0.344970703 0.112609863
vt 0.373046875 0.131225586
vt 0.402099609 0.119445801
vt 0.373291016 0.0839233398
vt 0.424072266 0.0673217773
vt 0.446533203 0.109863281
vt 0.323730469 0.0577392578
vt 0.382568359 0.0356750488
vt 0.504394531 0.108886719
vt 0.505371094 0.0286102295
vt 0.505859375 0.0633544922
vt 0.586425781 0.0715942383
vt 0.627441406 0.0372924805
vt 0.684082031 0.0624389648
vt 0.635742188 0.0914306641
vt 0.604980469 0.129150391
vt 0.562011719 0.115661621
vt 0.551269531 0.162353516
vt 0.592773438 0.170166016
vt 0.382568359 0.805664062
vt 0.407714844 0.6640625
vt 0.357177734 0.614746094
vt 0.327148438 0.716796875
vt 0.281494141 0.788085938
vt 0.305664062 0.598632812
vt 0.268310547 0.633300781
vt 0.22277832 0.646484375
vt 0.261962891 0.498535156
vt 0.34375 0.911132812
vt 0.497070312 0.953125
vt 0.4921875 0.833984375
vt 0.603027344 0.803222656
vt 0.288818359 0.946777344
vt 0.220336914 0.813476562
vt 0.158935547 0.792480469
vt 0.176879883 0.63671875
vt 0.233398438 0.913574219
vt 0.501464844 0.987792969
vt 0.71484375 0.939941406
vt 0.650878906 0.912109375
vt 0.715820312 0.787597656
vt 0.662109375 0.713867188
vt 0.627929688 0.608398438
vt 0.687988281 0.59765625
vt 0.657714844 0.560546875
vt 0.784667969 0.806152344
vt 0.8515625 0.776855469
vt 0.775878906 0.897460938
vt 0.783203125 0.642089844
vt 0.730957031 0.632324219
vt 0.736816406 0.499267578
vt 0.697265625 0.485595703
vt 0.834472656 0.629394531
vt 0.826171875 0.497802734
vt 0.782226562 0.503417969
vt 0.873535156 0.595214844
vt 0.8984375 0.70703125
vt 0.926757812 0.607910156
vt 0.899902344 0.559082031
vt 0.261962891 0.498535156
vt 0.268310547 0.633300781
vt 0.305664062 0.598632812
vt 0.297607422 0.483886719
vt 0.296630859 0.380371094
vt 0.333007812 0.477539062
vt 0.334716797 0.377197266
vt 0.376708984 0.382324219
vt 0.371582031 0.496582031
vt 0.335205078 0.293701172
vt 0.295410156 0.296630859
vt 0.2578125 0.299072266
vt 0.294921875 0.235839844
vt 0.334716797 0.232177734
vt 0.256835938 0.237426758
vt 0.21887207 0.237670898
vt 0.259765625 0.385986328
vt 0.221557617 0.387939453
vt 0.220092773 0.299560547
vt 0.182128906 0.298339844
vt 0.180541992 0.236694336
vt 0.142211914 0.234375
vt 0.143676758 0.295654297
vt 0.102233887 0.29296875
vt 0.145019531 0.380371094
vt 0.22277832 0.50390625
vt 0.22277832 0.646484375
vt 0.183105469 0.5
vt 0.176879883 0.63671875
vt 0.182983398 0.385986328
vt 0.146118164 0.486083984
vt 0.108520508 0.480224609
vt 0.104919434 0.377197266
vt 0.84765625 0.10333252
vt 0.772460938 0.044921875
vt 0.706542969 0.0299377441
vt 0.77734375 0.0933837891
vt 0.778808594 0.162475586
vt 0.707519531 0.101135254
vt 0.830078125 0.166625977
vt 0.872070312 0.174316406
vt 0.898925781 0.128662109
vt 0.931152344 0.160522461
vt 0.901367188 0.1796875
vt 0.9453125 0.189819336
vt 0.823242188 0.20324707
vt 0.862304688 0.203613281
vt 0.901367188 0.200073242
vt 0.901855469 0.23449707
vt 0.947753906 0.229614258
vt 0.779785156 0.201782227
vt 0.735351562 0.201049805
vt 0.727539062 0.16394043
vt 0.685058594 0.172729492
vt 0.6953125 0.202758789
vt 0.655273438 0.181030273
vt 0.625488281 0.16394043
vt 0.657226562 0.12890625
vt 0.598144531 0.0909423828
vt 0.641113281 0.0446472168
vt 0.494140625 0.0261077881
vt 0.496826172 0.00749969482
vt 0.287841797 0.0274353027
vt 0.572753906 0.145141602
vt 0.494873047 0.137817383
vt 0.5625 0.183349609
vt 0.61328125 0.193359375
vt 0.655273438 0.201904297
vt 0.495361328 0.177856445
vt 0.427978516 0.178710938
vt 0.493896484 0.0783691406
vt 0.390136719 0.0911254883
vt 0.416748047 0.142944336
vt 0.363525391 0.161254883
vt 0.376220703 0.187866211
vt 0.333984375 0.178588867
vt 0.3046875 0.172363281
vt 0.347412109 0.0453491211
vt 0.282470703 0.102111816
vt 0.331787109 0.12902832
vt 0.218017578 0.0911254883
vt 0.218017578 0.161376953
vt 0.153198242 0.0977172852
vt 0.227905273 0.0394592285
vt 0.264404297 0.164550781
vt 0.257324219 0.201171875
vt 0.295166016 0.201171875
vt 0.333984375 0.197753906
vt 0.218261719 0.200927734
vt 0.178955078 0.200317383
vt 0.171630859 0.162841797
vt 0.130737305 0.169799805
vt 0.103149414 0.123596191
vt 0.140869141 0.199584961
vt 0.0700073242 0.157348633
vt 0.100769043 0.17578125
vt 0.193725586 0.812011719
vt 0.167724609 0.671875
vt 0.503417969 0.681152344
vt 0.504394531 0.83203125
vt 0.504394531 0.945800781
vt 0.815917969 0.793945312
vt 0.839355469 0.657714844
vt 0.233398438 0.913574219
vt 0.158935547 0.792480469
vt 0.112915039 0.724121094
vt 0.288818359 0.946777344
vt 0.501464844 0.987792969
vt 0.71484375 0.939941406
vt 0.775878906 0.897460938
vt 0.8515625 0.776855469
vt 0.8984375 0.70703125
vt 0.926757812 0.607910156
vt 0.142211914 0.234375
vt 0.100769043 0.231201172
vt 0.102233887 0.29296875
vt 0.0536499023 0.227539062
vt 0.0553588867 0.292480469
vt 0.0600891113 0.383300781
vt 0.104919434 0.377197266
vt 0.145019531 0.380371094
vt 0.143676758 0.295654297
vt 0.108520508 0.480224609
vt 0.0668334961 0.500488281
vt 0.0822143555 0.622070312
vt 0.110046387 0.567871094
vt 0.138305664 0.603515625
vt 0.112915039 0.724121094
vt 0.146118164 0.486083984
vt 0.158935547 0.792480469
vt 0.183105469 0.5
vt 0.176879883 0.63671875
vt 0.856933594 0.1796875
vt 0.931152344 0.160522461
vt 0.9453125 0.189819336
vt 0.844238281 0.138916016
vt 0.5 0.131225586
vt 0.816894531 0.0876464844
vt 0.5 0.176025391
vt 0.898925781 0.128662109
vt 0.84765625 0.10333252
vt 0.772460938 0.044921875
vt 0.5 0.0227508545
vt 0.706542969 0.0299377441
vt 0.496826172 0.00749969482
vt 0.287841797 0.0274353027
vt 0.227905273 0.0394592285
vt 0.184204102 0.0835571289
vt 0.153198242 0.0977172852
vt 0.103149414 0.123596191
vt 0.143310547 0.178710938
vt 0.0700073242 0.157348633
vt 0.0560302734 0.187255859
vt 0.500488281 0.0720825195
vt 0.15625 0.137451172
vt 0.736816406 0.499267578
vt 0.697753906 0.384521484
vt 0.697265625 0.485595703
vt 0.737792969 0.388427734
vt 0.737792969 0.301025391
vt 0.780761719 0.389404297
vt 0.697265625 0.301025391
vt 0.696289062 0.238769531
vt 0.737304688 0.23815918
vt 0.779785156 0.238891602
vt 0.782226562 0.503417969
vt 0.783203125 0.642089844
vt 0.826171875 0.497802734
vt 0.823242188 0.386962891
vt 0.822265625 0.300537109
vt 0.780273438 0.301269531
vt 0.822265625 0.239257812
vt 0.861328125 0.237670898
vt 0.378173828 0.225585938
vt 0.334716797 0.232177734
vt 0.335205078 0.293701172
vt 0.378662109 0.291259766
vt 0.430664062 0.290771484
vt 0.376708984 0.382324219
vt 0.430175781 0.220703125
vt 0.495361328 0.221801758
vt 0.427978516 0.390136719
vt 0.421630859 0.520019531
vt 0.494140625 0.394042969
vt 0.371582031 0.496582031
vt 0.495361328 0.293212891
vt 0.560058594 0.296875
vt 0.560058594 0.226806641
vt 0.611816406 0.233032227
vt 0.357177734 0.614746094
vt 0.333007812 0.477539062
vt 0.331787109 0.562988281
vt 0.305664062 0.598632812
vt 0.407714844 0.6640625
vt 0.489257812 0.676757812
vt 0.382568359 0.805664062
vt 0.4921875 0.833984375
vt 0.603027344 0.803222656
vt 0.490966797 0.525878906
vt 0.561523438 0.517089844
vt 0.572265625 0.657226562
vt 0.627929688 0.608398438
vt 0.561035156 0.393554688
vt 0.61328125 0.387695312
vt 0.614746094 0.495361328
vt 0.657714844 0.478759766
vt 0.657714844 0.560546875
vt 0.687988281 0.59765625
vt 0.697265625 0.485595703
vt 0.697753906 0.384521484
vt 0.657226562 0.3828125
vt 0.65625 0.300292969
vt 0.697265625 0.301025391
vt 0.696289062 0.238769531
vt 0.655273438 0.238037109
vt 0.611816406 0.299072266
vt 0.0822143555 0.622070312
vt 0.193725586 0.812011719
vt 0.112915039 0.724121094
vt 0.167724609 0.671875
vt 0.153808594 0.523925781
vt 0.0668334961 0.500488281
vt 0.503417969 0.681152344
vt 0.0600891113 0.383300781
vt 0.502441406 0.526855469
vt 0.851074219 0.514648438
vt 0.501464844 0.390136719
vt 0.839355469 0.657714844
vt 0.146850586 0.390136719
vt 0.141845703 0.29296875
vt 0.0553588867 0.292480469
vt 0.0536499023 0.227539062
vt 0.140258789 0.224731445
vt 0.5 0.223876953
vt 0.926757812 0.607910156
vt 0.815917969 0.793945312
vt 0.939453125 0.491699219
vt 0.943847656 0.379638672
vt 0.500976562 0.292236328
vt 0.859863281 0.291748047
vt 0.860351562 0.225341797
vt 0.947753906 0.229614258
vt 0.947265625 0.292480469
vt 0.856445312 0.385742188
vt 0.500976562 0.676269531
vt 0.145141602 0.516601562
vt 0.500976562 0.525390625
vt 0.500488281 0.392333984
vt 0.139526367 0.387939453
vt 0.856445312 0.518554688
vt 0.137084961 0.289550781
vt 0.860839844 0.392333984
vt 0.862792969 0.295410156
vt 0.5 0.291992188
vt 0.951660156 0.38671875
vt 0.946777344 0.496582031
vt 0.931640625 0.611816406
vt 0.842773438 0.660644531
vt 0.953613281 0.297607422
vt 0.954101562 0.232055664
vt 0.862792969 0.225952148
vt 0.5 0.221191406
vt 0.137451172 0.220214844
vt 0.0465393066 0.225341797
vt 0.0461120605 0.290283203
vt 0.0480651855 0.380371094
vt 0.856445312 0.518554688
vt 0.500976562 0.676269531
vt 0.500976562 0.525390625
vt 0.842773438 0.660644531
vt 0.815429688 0.805664062
vt 0.931640625 0.611816406
vt 0.899414062 0.717773438
vt 0.849121094 0.790527344
vt 0.771484375 0.912109375
vt 0.497558594 0.948242188
vt 0.708984375 0.937988281
vt 0.493164062 0.982421875
vt 0.276855469 0.939453125
vt 0.22265625 0.903320312
vt 0.18371582 0.799316406
vt 0.142089844 0.780761719
vt 0.0970458984 0.710449219
vt 0.0673828125 0.609375
vt 0.5 0.83203125
vt 0.158447266 0.659667969
vt 0.145141602 0.516601562
vt 0.0531005859 0.493164062
vt 0.0480651855 0.380371094
vt 0.139526367 0.387939453
vt 0.137084961 0.289550781
vt 0.931640625 0.611816406
vt 0.875488281 0.600585938
vt 0.899414062 0.717773438
vt 0.849121094 0.790527344
vt 0.833984375 0.636230469
vt 0.708984375 0.937988281
vt 0.771484375 0.912109375
vt 0.489990234 0.940917969
vt 0.493164062 0.982421875
vt 0.276855469 0.939453125
vt 0.331542969 0.907226562
vt 0.263183594 0.786621094
vt 0.37109375 0.806640625
vt 0.308837891 0.71875
vt 0.339599609 0.617675781
vt 0.283935547 0.599609375
vt 0.245727539 0.632324219
vt 0.200317383 0.641601562
vt 0.202514648 0.806640625
vt 0.142089844 0.780761719
vt 0.22265625 0.903320312
vt 0.155273438 0.628417969
vt 0.118408203 0.594238281
vt 0.0970458984 0.710449219
vt 0.0673828125 0.609375
vt 0.161499023 0.495361328
vt 0.200317383 0.500976562
vt 0.201660156 0.385986328
vt 0.126220703 0.480712891
vt 0.0912475586 0.474365234
vt 0.127319336 0.378417969
vt 0.0895385742 0.375244141
vt 0.0480651855 0.380371094
vt 0.0531005859 0.493164062
vt 0.0924072266 0.55859375
vt 0.740234375 0.496582031
vt 0.782714844 0.643554688
vt 0.784179688 0.503417969
vt 0.732421875 0.627929688
vt 0.694335938 0.593261719
vt 0.715332031 0.775878906
vt 0.703613281 0.481201172
vt 0.668457031 0.474365234
vt 0.78125 0.806640625
vt 0.849121094 0.790527344
vt 0.833984375 0.636230469
vt 0.708984375 0.937988281
vt 0.6484375 0.895019531
vt 0.609863281 0.793945312
vt 0.489990234 0.940917969
vt 0.670410156 0.706542969
vt 0.643066406 0.608886719
vt 0.668945312 0.558105469
vt 0.490722656 0.829589844
vt 0.492675781 0.681152344
vt 0.37109375 0.806640625
vt 0.587402344 0.659667969
vt 0.575683594 0.517578125
vt 0.629882812 0.493164062
vt 0.624023438 0.380859375
vt 0.397216797 0.668457031
vt 0.339599609 0.617675781
vt 0.411376953 0.521484375
vt 0.493652344 0.527832031
vt 0.494140625 0.390869141
vt 0.569335938 0.388183594
vt 0.564941406 0.292480469
vt 0.354980469 0.497558594
vt 0.361572266 0.381103516
vt 0.313476562 0.477294922
vt 0.312011719 0.564453125
vt 0.283935547 0.599609375
vt 0.317138672 0.375244141
vt 0.319824219 0.291748047
vt 0.366455078 0.291015625
vt 0.423095703 0.291503906
vt 0.368164062 0.2265625
vt 0.321289062 0.23046875
vt 0.424560547 0.223754883
vt 0.494140625 0.223388672
vt 0.494140625 0.292236328
vt 0.563476562 0.225097656
vt 0.618652344 0.228881836
vt 0.620117188 0.292724609
vt 0.665039062 0.293701172
vt 0.664550781 0.233154297
vt 0.666503906 0.375732422
vt 0.910644531 0.200927734
vt 0.910644531 0.236938477
vt 0.954101562 0.232055664
vt 0.87109375 0.201660156
vt 0.881347656 0.17199707
vt 0.830566406 0.199707031
vt 0.838378906 0.162963867
vt 0.787109375 0.161254883
vt 0.786621094 0.200439453
vt 0.743164062 0.201782227
vt 0.858398438 0.101379395
vt 0.908691406 0.12902832
vt 0.939941406 0.163452148
vt 0.910644531 0.180297852
vt 0.952148438 0.192626953
vt 0.736328125 0.165039062
vt 0.694335938 0.172851562
vt 0.71875 0.10168457
vt 0.704101562 0.202026367
vt 0.665039062 0.198730469
vt 0.788574219 0.092590332
vt 0.716796875 0.0297241211
vt 0.781738281 0.0459289551
vt 0.665039062 0.178710938
vt 0.635253906 0.16027832
vt 0.62109375 0.189453125
vt 0.56640625 0.17980957
vt 0.667480469 0.127685547
vt 0.606445312 0.0869750977
vt 0.650878906 0.0433654785
vt 0.494140625 0.0218811035
vt 0.497558594 0.00785827637
vt 0.277832031 0.0281219482
vt 0.579101562 0.139526367
vt 0.493896484 0.131347656
vt 0.494140625 0.17590332
vt 0.421386719 0.177978516
vt 0.493408203 0.0715332031
vt 0.380371094 0.0830688477
vt 0.408447266 0.13684082
vt 0.351806641 0.156738281
vt 0.365722656 0.186401367
vt 0.321289062 0.195556641
vt 0.336914062 0.0393066406
vt 0.269042969 0.0977783203
vt 0.318847656 0.123291016
vt 0.291503906 0.169555664
vt 0.321289062 0.175415039
vt 0.281494141 0.19934082
vt 0.243896484 0.200195312
vt 0.250976562 0.162963867
vt 0.205078125 0.161621094
vt 0.204956055 0.200927734
vt 0.166137695 0.201293945
vt 0.204956055 0.0916748047
vt 0.141113281 0.102966309
vt 0.219238281 0.0466918945
vt 0.159301758 0.165039062
vt 0.11932373 0.172729492
vt 0.12878418 0.201293945
vt 0.092590332 0.129760742
vt 0.0903930664 0.197875977
vt 0.0610656738 0.161621094
vt 0.048614502 0.187988281
vt 0.0903930664 0.178833008
vt 0.860351562 0.182739258
vt 0.939941406 0.163452148
vt 0.952148438 0.192626953
vt 0.850097656 0.145019531
vt 0.500488281 0.138061523
vt 0.825195312 0.0918579102
vt 0.5 0.177612305
vt 0.908691406 0.12902832
vt 0.858398438 0.101379395
vt 0.781738281 0.0459289551
vt 0.500976562 0.0276947021
vt 0.716796875 0.0297241211
vt 0.497558594 0.00785827637
vt 0.277832031 0.0281219482
vt 0.219238281 0.0466918945
vt 0.177001953 0.0921630859
vt 0.141113281 0.102966309
vt 0.092590332 0.129760742
vt 0.139770508 0.178833008
vt 0.0610656738 0.161621094
vt 0.048614502 0.187988281
vt 0.501464844 0.0795898438
vt 0.150756836 0.143310547
vt 0.361572266 0.381103516
vt 0.418212891 0.388427734
vt 0.423095703 0.291503906
vt 0.494140625 0.390869141
vt 0.668457031 0.474365234
vt 0.666503906 0.375732422
vt 0.624023438 0.380859375
vt 0.705078125 0.379150391
vt 0.703613281 0.481201172
vt 0.665039062 0.293701172
vt 0.740234375 0.496582031
vt 0.705078125 0.296386719
vt 0.744140625 0.299072266
vt 0.705078125 0.236206055
vt 0.664550781 0.233154297
vt 0.744140625 0.237792969
vt 0.786621094 0.237426758
vt 0.743164062 0.385253906
vt 0.78515625 0.388183594
vt 0.784179688 0.503417969
vt 0.828613281 0.500488281
vt 0.782714844 0.643554688
vt 0.833984375 0.636230469
vt 0.875488281 0.600585938
vt 0.867675781 0.486572266
vt 0.868164062 0.383544922
vt 0.786132812 0.299804688
vt 0.828125 0.299560547
vt 0.829101562 0.236816406
vt 0.869628906 0.237548828
vt 0.868652344 0.299316406
vt 0.828125 0.387451172
vt 0.494140625 0.390869141
vt 0.418212891 0.388427734
vt 0.411376953 0.521484375
vt 0.361572266 0.381103516
vt 0.319824219 0.291748047
vt 0.321289062 0.23046875
vt 0.280273438 0.233764648
vt 0.278808594 0.294433594
vt 0.27734375 0.378417969
vt 0.240722656 0.297363281
vt 0.317138672 0.375244141
vt 0.2421875 0.236206055
vt 0.313476562 0.477294922
vt 0.204345703 0.237426758
vt 0.276367188 0.483154297
vt 0.239624023 0.496826172
vt 0.283935547 0.599609375
vt 0.245727539 0.632324219
vt 0.200317383 0.641601562
vt 0.200317383 0.500976562
vt 0.201660156 0.385986328
vt 0.239746094 0.384033203
vt 0.203125 0.298583984
vt 0.165771484 0.298095703
vt 0.166625977 0.237182617
vt 0.12902832 0.235595703
vt 0.163818359 0.384033203
vt 0.161499023 0.495361328
vt 0.127319336 0.378417969
vt 0.128417969 0.295654297
vt 0.0891723633 0.292724609
vt 0.0895996094 0.231933594
vt 0.0895385742 0.375244141
vt 0.0465393066 0.225341797
vt 0.0480651855 0.380371094
vt 0.0461120605 0.290283203
vt 0.793945312 0.715332031
vt 0.827636719 0.683105469
vt 0.814941406 0.649902344
vt 0.787109375 0.672851562
vt 0.755371094 0.682128906
vt 0.781738281 0.635253906
vt 0.755371094 0.641601562
vt 0.729003906 0.635253906
vt 0.755371094 0.607421875
vt 0.755371094 0.729003906
vt 0.716796875 0.715332031
vt 0.755371094 0.78125
vt 0.803710938 0.762207031
vt 0.723632812 0.672851562
vt 0.695800781 0.649902344
vt 0.732421875 0.604003906
vt 0.709960938 0.596191406
vt 0.733886719 0.576171875
vt 0.755371094 0.576660156
vt 0.712402344 0.573730469
vt 0.690917969 0.5703125
vt 0.704589844 0.620605469
vt 0.68359375 0.6015625
vt 0.688964844 0.585449219
vt 0.670898438 0.576660156
vt 0.671386719 0.56640625
vt 0.656738281 0.5625
vt 0.671386719 0.588867188
vt 0.660644531 0.592285156
vt 0.674316406 0.620117188
vt 0.66015625 0.641113281
vt 0.65625 0.574707031
vt 0.641601562 0.576171875
vt 0.683105469 0.683105469
vt 0.666503906 0.718261719
vt 0.642089844 0.557617188
vt 0.623535156 0.55078125
vt 0.644042969 0.540039062
vt 0.626953125 0.526367188
vt 0.606933594 0.510742188
vt 0.646972656 0.6015625
vt 0.628417969 0.611328125
vt 0.70703125 0.762207031
vt 0.693847656 0.811523438
vt 0.755371094 0.837402344
vt 0.755371094 0.895996094
vt 0.816894531 0.811523438
vt 0.623046875 0.576660156
vt 0.601074219 0.575195312
vt 0.641601562 0.663574219
vt 0.6171875 0.684570312
vt 0.644042969 0.75390625
vt 0.614257812 0.786621094
vt 0.676269531 0.860839844
vt 0.623046875 0.895507812
vt 0.602050781 0.541992188
vt 0.578613281 0.53125
vt 0.583984375 0.492675781
vt 0.559082031 0.474121094
vt 0.692382812 0.9375
vt 0.761230469 0.895507812
vt 0.834472656 0.861328125
vt 0.896484375 0.786621094
vt 0.866699219 0.75390625
vt 0.844238281 0.718261719
vt 0.502441406 0.942382812
vt 0.553222656 0.519042969
vt 0.526367188 0.505859375
vt 0.549804688 0.565917969
vt 0.532714844 0.456298828
vt 0.504882812 0.440429688
vt 0.576660156 0.571777344
vt 0.579101562 0.625488281
vt 0.605957031 0.619628906
vt 0.586914062 0.702636719
vt 0.55078125 0.712890625
vt 0.549316406 0.626464844
vt 0.517578125 0.620605469
vt 0.521972656 0.556152344
vt 0.494140625 0.543457031
vt 0.5703125 0.80859375
vt 0.505371094 0.810546875
vt 0.499755859 0.4921875
vt 0.472900391 0.478027344
vt 0.477050781 0.427734375
vt 0.449707031 0.418212891
vt 0.511230469 0.711425781
vt 0.471435547 0.697265625
vt 0.502929688 0.900390625
vt 0.383789062 0.876953125
vt 0.312988281 0.916015625
vt 0.24987793 0.861328125
vt 0.2421875 0.877441406
vt 0.16796875 0.829589844
vt 0.184326172 0.76953125
vt 0.485595703 0.607421875
vt 0.455566406 0.587402344
vt 0.441162109 0.793457031
vt 0.398925781 0.758300781
vt 0.331787109 0.829589844
vt 0.315429688 0.76953125
vt 0.24987793 0.793945312
vt 0.24987793 0.727539062
vt 0.196411133 0.708496094
vt 0.466796875 0.52734375
vt 0.440673828 0.508789062
vt 0.436523438 0.670898438
vt 0.406982422 0.63671875
vt 0.37109375 0.711914062
vt 0.349853516 0.662109375
vt 0.303222656 0.708496094
vt 0.294189453 0.649414062
vt 0.446777344 0.464355469
vt 0.422119141 0.452636719
vt 0.423583984 0.412841797
vt 0.399658203 0.41015625
vt 0.398925781 0.442626953
vt 0.378173828 0.434570312
vt 0.394287109 0.473632812
vt 0.378417969 0.409423828
vt 0.360351562 0.41015625
vt 0.416503906 0.490722656
vt 0.404296875 0.536621094
vt 0.428222656 0.562988281
vt 0.3828125 0.599121094
vt 0.363037109 0.562011719
vt 0.383300781 0.510742188
vt 0.365234375 0.487060547
vt 0.374755859 0.458251953
vt 0.357910156 0.4453125
vt 0.333496094 0.612792969
vt 0.320556641 0.567382812
vt 0.360107422 0.428222656
vt 0.345947266 0.423583984
vt 0.346191406 0.411376953
vt 0.341796875 0.394287109
vt 0.332275391 0.409912109
vt 0.346923828 0.52734375
vt 0.333984375 0.496582031
vt 0.350341797 0.466796875
vt 0.338867188 0.449951172
vt 0.331542969 0.419921875
vt 0.313232422 0.416015625
vt 0.331298828 0.430175781
vt 0.344726562 0.435546875
vt 0.329589844 0.441894531
vt 0.317138672 0.448242188
vt 0.313720703 0.430908203
vt 0.323974609 0.470214844
vt 0.302734375 0.490478516
vt 0.310546875 0.526367188
vt 0.281494141 0.547363281
vt 0.287109375 0.595703125
vt 0.24987793 0.606933594
vt 0.24987793 0.6640625
vt 0.27734375 0.504882812
vt 0.274169922 0.468505859
vt 0.297119141 0.459716797
vt 0.293701172 0.434814453
vt 0.271972656 0.437988281
vt 0.814941406 0.649902344
vt 0.781738281 0.635253906
vt 0.787109375 0.672851562
vt 0.806640625 0.620605469
vt 0.827148438 0.6015625
vt 0.80078125 0.596191406
vt 0.778320312 0.604003906
vt 0.755371094 0.607421875
vt 0.776855469 0.576171875
vt 0.755371094 0.576660156
vt 0.798339844 0.573730469
vt 0.821777344 0.585449219
vt 0.83984375 0.576660156
vt 0.839355469 0.588867188
vt 0.850097656 0.592285156
vt 0.854492188 0.574707031
vt 0.869140625 0.576171875
vt 0.836425781 0.620117188
vt 0.850585938 0.641113281
vt 0.827636719 0.683105469
vt 0.864257812 0.6015625
vt 0.882324219 0.611328125
vt 0.887695312 0.576660156
vt 0.909667969 0.575195312
vt 0.844238281 0.718261719
vt 0.793945312 0.715332031
vt 0.803710938 0.762207031
vt 0.816894531 0.811523438
vt 0.755371094 0.78125
vt 0.755371094 0.837402344
vt 0.869140625 0.663574219
vt 0.893554688 0.684570312
vt 0.866699219 0.75390625
vt 0.896484375 0.786621094
vt 0.923828125 0.702636719
vt 0.931640625 0.625488281
vt 0.905273438 0.619628906
vt 0.934082031 0.571777344
vt 0.932128906 0.53125
vt 0.908691406 0.541992188
vt 0.248657227 0.0972900391
vt 0.312988281 0.0581970215
vt 0.502441406 0.04296875
vt 0.508300781 0.0850830078
vt 0.514160156 0.174194336
vt 0.768066406 0.100463867
vt 0.692382812 0.0600280762
vt 0.19921875 0.180541992
vt 0.1796875 0.273681641
vt 0.115234375 0.204467773
vt 0.174560547 0.135375977
vt 0.0878295898 0.285400391
vt 0.0791625977 0.360595703
vt 0.828613281 0.187011719
vt 0.858886719 0.284912109
vt 0.911621094 0.220336914
vt 0.841308594 0.145263672
vt 0.949707031 0.310058594
vt 0.904296875 0.395019531
vt 0.918457031 0.34375
vt 0.923828125 0.419433594
vt 0.888183594 0.474121094
vt 0.914550781 0.445800781
vt 0.926757812 0.492675781
vt 0.932128906 0.53125
vt 0.847167969 0.519042969
vt 0.541992188 0.505859375
vt 0.725585938 0.456298828
vt 0.5 0.440429688
vt 0.221191406 0.4921875
vt 0.0899658203 0.478027344
vt 0.776855469 0.375732422
vt 0.461181641 0.363769531
vt 0.275390625 0.427734375
vt 0.11315918 0.418212891
vt 0.0686035156 0.464355469
vt 0.0589599609 0.508789062
vt 0.0775756836 0.452636719
vt 0.0759887695 0.412841797
vt 0.160766602 0.358886719
vt 0.51953125 0.273193359
vt 0.331298828 0.430175781
vt 0.313232422 0.416015625
vt 0.313720703 0.430908203
vt 0.293701172 0.434814453
vt 0.317138672 0.448242188
vt 0.292724609 0.412841797
vt 0.271484375 0.410644531
vt 0.271972656 0.437988281
vt 0.24987793 0.439697266
vt 0.274169922 0.468505859
vt 0.24987793 0.472412109
vt 0.225463867 0.468505859
vt 0.24987793 0.510742188
vt 0.227661133 0.437988281
vt 0.27734375 0.504882812
vt 0.206054688 0.434814453
vt 0.281494141 0.547363281
vt 0.24987793 0.555664062
vt 0.218017578 0.547363281
vt 0.24987793 0.606933594
vt 0.287109375 0.595703125
vt 0.222290039 0.504882812
vt 0.196899414 0.490478516
vt 0.202514648 0.459716797
vt 0.182495117 0.448242188
vt 0.185791016 0.430908203
vt 0.168334961 0.429931641
vt 0.186401367 0.416015625
vt 0.16809082 0.419921875
vt 0.153686523 0.423583984
vt 0.212524414 0.595703125
vt 0.205566406 0.649414062
vt 0.178955078 0.567382812
vt 0.24987793 0.6640625
vt 0.24987793 0.727539062
vt 0.294189453 0.649414062
vt 0.196411133 0.708496094
vt 0.149902344 0.662109375
vt 0.184326172 0.76953125
vt 0.189086914 0.526367188
vt 0.165649414 0.496582031
vt 0.166137695 0.612792969
vt 0.13659668 0.562011719
vt 0.152709961 0.52734375
vt 0.134399414 0.487060547
vt 0.17565918 0.470214844
vt 0.160766602 0.449951172
vt 0.170043945 0.441894531
vt 0.149291992 0.466796875
vt 0.141723633 0.4453125
vt 0.154907227 0.435546875
vt 0.139404297 0.427978516
vt 0.121520996 0.434570312
vt 0.125 0.458251953
vt 0.105285645 0.473632812
vt 0.116455078 0.510742188
vt 0.0954589844 0.536621094
vt 0.083190918 0.490722656
vt 0.116943359 0.599121094
vt 0.0927734375 0.63671875
vt 0.0589599609 0.508789062
vt 0.0775756836 0.452636719
vt 0.0686035156 0.464355469
vt 0.0713500977 0.562988281
vt 0.0440063477 0.587402344
vt 0.0328979492 0.52734375
vt 0.0629882812 0.670898438
vt 0.100708008 0.758300781
vt 0.128662109 0.711914062
vt 0.16796875 0.829589844
vt 0.105285645 0.473632812
vt 0.0775756836 0.452636719
vt 0.083190918 0.490722656
vt 0.100708008 0.442626953
vt 0.0999755859 0.41015625
vt 0.121520996 0.434570312
vt 0.0759887695 0.412841797
vt 0.0791625977 0.360595703
vt 0.121276855 0.409423828
vt 0.139282227 0.41015625
vt 0.126586914 0.375732422
vt 0.139404297 0.427978516
vt 0.153686523 0.423583984
vt 0.104858398 0.366943359
vt 0.116943359 0.304199219
vt 0.0878295898 0.285400391
vt 0.115234375 0.204467773
vt 0.153442383 0.411376953
vt 0.157836914 0.394287109
vt 0.167358398 0.409912109
vt 0.16809082 0.419921875
vt 0.144287109 0.385253906
vt 0.157714844 0.347167969
vt 0.139892578 0.325439453
vt 0.164428711 0.273193359
vt 0.143310547 0.23815918
vt 0.191162109 0.185424805
vt 0.174560547 0.135375977
vt 0.24987793 0.103759766
vt 0.248657227 0.0972900391
vt 0.312988281 0.0581970215
vt 0.377441406 0.0973510742
vt 0.502441406 0.04296875
vt 0.496826172 0.0850830078
vt 0.616210938 0.100463867
vt 0.491210938 0.174194336
vt 0.692382812 0.0600280762
vt 0.755371094 0.11138916
vt 0.768066406 0.100463867
vt 0.841308594 0.145263672
vt 0.82421875 0.205200195
vt 0.911621094 0.220336914
vt 0.882324219 0.265869141
vt 0.859375 0.315673828
vt 0.918457031 0.34375
vt 0.949707031 0.310058594
vt 0.893066406 0.381347656
vt 0.872558594 0.419433594
vt 0.914550781 0.445800781
vt 0.923828125 0.419433594
vt 0.893066406 0.472412109
vt 0.903808594 0.510742188
vt 0.874023438 0.496826172
vt 0.926757812 0.492675781
vt 0.932128906 0.53125
vt 0.908691406 0.541992188
vt 0.887207031 0.55078125
vt 0.909667969 0.575195312
vt 0.887695312 0.576660156
vt 0.869140625 0.576171875
vt 0.883789062 0.526367188
vt 0.866699219 0.540039062
vt 0.868652344 0.557617188
vt 0.854003906 0.5625
vt 0.854492188 0.574707031
vt 0.83984375 0.576660156
vt 0.839355469 0.56640625
vt 0.819824219 0.5703125
vt 0.838867188 0.555664062
vt 0.821777344 0.585449219
vt 0.80078125 0.596191406
vt 0.798339844 0.573730469
vt 0.799804688 0.551269531
vt 0.776855469 0.576171875
vt 0.853027344 0.550292969
vt 0.846679688 0.53515625
vt 0.820800781 0.555175781
vt 0.82421875 0.537109375
vt 0.837402344 0.543457031
vt 0.858886719 0.518066406
vt 0.842285156 0.486816406
vt 0.831542969 0.514160156
vt 0.809570312 0.492919922
vt 0.803710938 0.524902344
vt 0.780273438 0.515625
vt 0.85546875 0.454833984
vt 0.828613281 0.412597656
vt 0.777832031 0.547363281
vt 0.755371094 0.545898438
vt 0.755371094 0.576660156
vt 0.733886719 0.576171875
vt 0.817871094 0.455078125
vt 0.788085938 0.431640625
vt 0.842285156 0.365722656
vt 0.801269531 0.325439453
vt 0.783691406 0.4765625
vt 0.755371094 0.469970703
vt 0.755371094 0.511230469
vt 0.73046875 0.515625
vt 0.793945312 0.380859375
vt 0.755371094 0.367919922
vt 0.811035156 0.266113281
vt 0.755371094 0.245361328
vt 0.732910156 0.547363281
vt 0.7109375 0.551269531
vt 0.712402344 0.573730469
vt 0.690917969 0.5703125
vt 0.755371094 0.421875
vt 0.72265625 0.431640625
vt 0.755371094 0.179077148
vt 0.686523438 0.205200195
vt 0.727050781 0.4765625
vt 0.701171875 0.492919922
vt 0.70703125 0.524902344
vt 0.686523438 0.537109375
vt 0.669433594 0.145263672
vt 0.599121094 0.220336914
vt 0.689941406 0.555175781
vt 0.671875 0.555664062
vt 0.671386719 0.56640625
vt 0.656738281 0.5625
vt 0.555664062 0.187011719
vt 0.525390625 0.284912109
vt 0.657714844 0.550292969
vt 0.6640625 0.53515625
vt 0.644042969 0.540039062
vt 0.673339844 0.543457031
vt 0.679199219 0.514160156
vt 0.668945312 0.486816406
vt 0.651855469 0.518066406
vt 0.63671875 0.496826172
vt 0.626953125 0.526367188
vt 0.606933594 0.510742188
vt 0.692871094 0.455078125
vt 0.682128906 0.412597656
vt 0.655273438 0.454833984
vt 0.638183594 0.419433594
vt 0.617675781 0.472412109
vt 0.596191406 0.446044922
vt 0.583984375 0.492675781
vt 0.559082031 0.474121094
vt 0.716796875 0.380859375
vt 0.709472656 0.325439453
vt 0.668457031 0.365722656
vt 0.651367188 0.315673828
vt 0.617675781 0.381347656
vt 0.592285156 0.34375
vt 0.571289062 0.419433594
vt 0.54296875 0.395019531
vt 0.532714844 0.456298828
vt 0.504882812 0.440429688
vt 0.755371094 0.30859375
vt 0.699707031 0.266113281
vt 0.62890625 0.265869141
vt 0.561523438 0.310058594
vt 0.512695312 0.375732422
vt 0.480957031 0.363769531
vt 0.477050781 0.427734375
vt 0.449707031 0.418212891
vt 0.485595703 0.273193359
vt 0.446289062 0.273681641
vt 0.449462891 0.358886719
vt 0.420410156 0.360595703
vt 0.423583984 0.412841797
vt 0.399658203 0.41015625
vt 0.426757812 0.180541992
vt 0.384521484 0.204467773
vt 0.411865234 0.285400391
vt 0.3828125 0.304199219
vt 0.394775391 0.366943359
vt 0.373046875 0.375732422
vt 0.378417969 0.409423828
vt 0.360351562 0.41015625
vt 0.325195312 0.135375977
vt 0.308349609 0.185424805
vt 0.356201172 0.23815918
vt 0.335205078 0.273193359
vt 0.359619141 0.325439453
vt 0.342041016 0.347167969
vt 0.355224609 0.385253906
vt 0.341796875 0.394287109
vt 0.24987793 0.162475586
vt 0.24987793 0.217163086
vt 0.296142578 0.233764648
vt 0.287109375 0.278808594
vt 0.319580078 0.307617188
vt 0.307861328 0.339355469
vt 0.328613281 0.367431641
vt 0.319580078 0.385742188
vt 0.203491211 0.233764648
vt 0.212524414 0.278808594
vt 0.24987793 0.266845703
vt 0.24987793 0.310302734
vt 0.280517578 0.318847656
vt 0.275878906 0.353759766
vt 0.299804688 0.367675781
vt 0.294677734 0.391113281
vt 0.180175781 0.307617188
vt 0.191772461 0.339355469
vt 0.219116211 0.318847656
vt 0.223754883 0.353759766
vt 0.24987793 0.348144531
vt 0.24987793 0.380371094
vt 0.272705078 0.383544922
vt 0.271484375 0.410644531
vt 0.226928711 0.383544922
vt 0.292724609 0.412841797
vt 0.313232422 0.416015625
vt 0.204833984 0.391113281
vt 0.314941406 0.401611328
vt 0.332275391 0.409912109
vt 0.331787109 0.397705078
vt 0.346191406 0.411376953
vt 0.199829102 0.367675781
vt 0.179931641 0.385742188
vt 0.184692383 0.401611328
vt 0.16796875 0.397705078
vt 0.171020508 0.367431641
vt 0.761230469 0.895507812
vt 0.813964844 0.80859375
vt 0.896484375 0.786621094
vt 0.834472656 0.861328125
vt 0.692382812 0.9375
vt 0.502441406 0.942382812
vt 0.501953125 0.900390625
vt 0.2421875 0.877441406
vt 0.312988281 0.916015625
vt 0.167358398 0.409912109
vt 0.16809082 0.419921875
vt 0.186401367 0.416015625
vt 0.184692383 0.401611328
vt 0.204833984 0.391113281
vt 0.20690918 0.412841797
vt 0.228271484 0.410644531
vt 0.206054688 0.434814453
vt 0.226928711 0.383544922
vt 0.227661133 0.437988281
vt 0.24987793 0.380371094
vt 0.24987793 0.439697266
vt 0.24987793 0.409912109
vt 0.271484375 0.410644531
vt 0.100708008 0.758300781
vt 0.2421875 0.877441406
vt 0.16796875 0.829589844
vt 0.184936523 0.793457031
vt 0.154541016 0.697265625
vt 0.499755859 0.810546875
vt 0.0629882812 0.670898438
vt 0.501953125 0.900390625
vt 0.761230469 0.895507812
vt 0.813964844 0.80859375
vt 0.833496094 0.712890625
vt 0.896484375 0.786621094
vt 0.923828125 0.702636719
vt 0.0440063477 0.587402344
vt 0.931640625 0.625488281
vt 0.494140625 0.711425781
vt 0.487792969 0.620605469
vt 0.140380859 0.607421875
vt 0.131958008 0.543457031
vt 0.0328979492 0.52734375
vt 0.834960938 0.626464844
vt 0.834472656 0.565917969
vt 0.934082031 0.571777344
vt 0.932128906 0.53125
vt 0.847167969 0.519042969
vt 0.541992188 0.505859375
vt 0.483154297 0.556152344
vt 0.221191406 0.4921875
vt 0.0899658203 0.478027344
vt 0.0589599609 0.508789062
vt 0.954101562 0.232055664
vt 0.909667969 0.298828125
vt 0.953613281 0.297607422
vt 0.910644531 0.236938477
vt 0.869628906 0.237548828
vt 0.868652344 0.299316406
vt 0.951660156 0.38671875
vt 0.868164062 0.383544922
vt 0.908203125 0.381591797
vt 0.905761719 0.479248047
vt 0.946777344 0.496582031
vt 0.867675781 0.486572266
vt 0.931640625 0.611816406
vt 0.875488281 0.600585938
vt 0.904296875 0.562988281
vt 0.943847656 0.379638672
vt 0.899414062 0.475585938
vt 0.939453125 0.491699219
vt 0.926757812 0.607910156
vt 0.899902344 0.559082031
vt 0.873535156 0.595214844
vt 0.863769531 0.483154297
vt 0.861816406 0.380859375
vt 0.826171875 0.497802734
vt 0.823242188 0.386962891
vt 0.822265625 0.300537109
vt 0.900390625 0.376464844
vt 0.901367188 0.294677734
vt 0.947265625 0.292480469
vt 0.947753906 0.229614258
vt 0.901855469 0.23449707
vt 0.861328125 0.237670898
vt 0.860839844 0.297851562
vt 0 0
vt 0 0
vt 0 0
vt 0.440673828 0.403808594
vt 0.459716797 0.387939453
vt 0.481689453 0.379882812
vt 0.483154297 0.400146484
vt 0.5 0.400146484
vt 0.463378906 0.405273438
vt 0.500976562 0.379638672
vt 0.520019531 0.381835938
vt 0.482421875 0.426025391
vt 0.541503906 0.391845703
vt 0.46484375 0.427490234
vt 0.449462891 0.413818359
vt 0.481445312 0.448242188
vt 0.462890625 0.448486328
vt 0.462402344 0.467285156
vt 0.480712891 0.466308594
vt 0.498779297 0.426025391
vt 0.516601562 0.401611328
vt 0.55859375 0.409667969
vt 0.497558594 0.44921875
vt 0.515136719 0.427490234
vt 0.513671875 0.449707031
vt 0.535644531 0.408691406
vt 0.532226562 0.430664062
vt 0.548828125 0.418701172
vt 0.552246094 0.434082031
vt 0.565917969 0.428955078
vt 0.576171875 0.424560547
vt 0.512695312 0.467773438
vt 0.530761719 0.470703125
vt 0.532226562 0.451660156
vt 0.553222656 0.473388672
vt 0.496826172 0.466308594
vt 0.495849609 0.486572266
vt 0.510742188 0.488525391
vt 0 0
vt 0 0
vt 0 0
vt 0 0
vt 0 0
vt 0 0
vt 0 0
vt 0 0
vt 0 0
vt 0 0
vt 0 0
vt 0 0
vt 0 0
vt 0 0
vt 0 0
vt 0 0
vt 0 0
vt 0 0
vt 0 0
vt 0 0
vt 0 0
vt 0 0
vt 0 0
vt 0 0
vt 0 0
vt 0 0
vt 0 0
vt 0 0
vt 0 0
vt 0 0
vt 0 0
vt 0 0
vt 0 0
vt 0 0
vt 0 0
vt 0 0
vt 0 0
vt 0 0
vt 0 0
vt 0 0
vt 0 0
vt 0 0
vt 0 0
vt 0 0
vt 0 0
vt 0 0
vt 0 0
vt 0 0
vt 0 0
vt 0 0
vt 0 0
vt 0 0
vt 0 0
vt 0 0
vt 0 0
vt 0 0
vt 0 0
vt 0 0
vt 0 0
vt 0 0
vt 0 0
vt 0 0
vt 0 0
vt 0 0
vt 0 0
vt 0 0
vt 0 0
vt 0 0
vt 0 0
vt 0 0
vt 0 0
vt 0 0
vt 0 0
vt 0 0
vt 0 0
vt 0 0
vt 0 0
vt 0 0
vt 0 0
vt 0 0
vt 0 0
vt 0 0
vt 0 0
vt 0 0
vt 0 0
vt 0 0
vt 0 0
vt 0 0
vt 0 0
vt 0 0
vt 0 0
vt 0 0
vt 0 0
vt 0 0
vt 0 0
vt 0 0
vt 0 0
vt 0 0
vt 0 0
vt 0 0
vt 0 0
vt 0 0
vt 0 0
vt 0 0
vt 0 0
vt 0 0
vt 0 0
vt 0 0
vt 0 0
vt 0 0
vt 0 0
vt 0 0
vt 0 0
vt 0 0
vt 0 0
vt 0 0
vt 0 0
vt 0 0
vt 0 0
vt 0 0
vt 0 0
vt 0 0
vt 0 0
vt 0 0
vt 0 0
vt 0 0
vt 0 0
vt 0 0
vt 0 0
vt 0 0
vt 0 0
vt 0 0
vt 0 0
vt 0 0
vt 0 0
vt 0 0
vt 0 0
vt 0.455566406 0.374511719
vt 0.440673828 0.403808594
vt 0.459716797 0.387939453
vt 0.463378906 0.405273438
vt 0.449462891 0.413818359
vt 0.431640625 0.422363281
vt 0.434814453 0.395263672
vt 0.444824219 0.428955078
vt 0.46484375 0.427490234
vt 0.462890625 0.448486328
vt 0.441650391 0.448730469
vt 0.426513672 0.445800781
vt 0.424804688 0.468505859
vt 0.407714844 0.469482422
vt 0.439941406 0.467773438
vt 0.462402344 0.467285156
vt 0.42578125 0.491210938
vt 0.408691406 0.499755859
vt 0.440917969 0.489501953
vt 0.431152344 0.521484375
vt 0.415283203 0.53515625
vt 0.461914062 0.487548828
vt 0.480712891 0.466308594
vt 0.446044922 0.513183594
vt 0.444335938 0.543945312
vt 0.433349609 0.560546875
vt 0.480957031 0.487060547
vt 0.495849609 0.486572266
vt 0.462646484 0.5078125
vt 0.454101562 0.529785156
vt 0.466064453 0.5625
vt 0.460449219 0.581542969
vt 0.494873047 0.504394531
vt 0.510742188 0.488525391
vt 0.465332031 0.520019531
vt 0.471435547 0.540039062
vt 0.479492188 0.5234375
vt 0.493896484 0.524902344
vt 0.480224609 0.504882812
vt 0.491943359 0.567871094
vt 0.490966797 0.587402344
vt 0.521972656 0.584472656
vt 0.492919922 0.544433594
vt 0.518066406 0.564941406
vt 0.550292969 0.56640625
vt 0.514648438 0.542480469
vt 0.541503906 0.548828125
vt 0.570800781 0.54296875
vt 0.509277344 0.506347656
vt 0.508300781 0.524902344
vt 0.556640625 0.52734375
vt 0.581054688 0.508300781
vt 0.533203125 0.533691406
vt 0.526855469 0.510742188
vt 0.564941406 0.498046875
vt 0.522949219 0.522949219
vt 0.542480469 0.518066406
vt 0.529296875 0.490722656
vt 0.512695312 0.467773438
vt 0.530761719 0.470703125
vt 0.550292969 0.494873047
vt 0.553222656 0.473388672
vt 0.568359375 0.475585938
vt 0.582519531 0.450195312
vt 0.553222656 0.454101562
vt 0.532226562 0.451660156
vt 0.568359375 0.452636719
vt 0.565917969 0.428955078
vt 0.552246094 0.434082031
vt 0.532226562 0.430664062
vt 0.513671875 0.449707031
vt 0.515136719 0.427490234
vt 0.498779297 0.426025391
vt 0.734863281 0.492675781
vt 0.729492188 0.492675781
vt 0.729003906 0.508789062
vt 0.734375 0.508789062
vt 0.740234375 0.492675781
vt 0.729003906 0.524902344
vt 0.739746094 0.508789062
vt 0.734375 0.524414062
vt 0.728027344 0.539550781
vt 0.739746094 0.525390625
vt 0.734375 0.5390625
vt 0.727539062 0.554199219
vt 0.740234375 0.5390625
vt 0.733886719 0.553222656
vt 0.7265625 0.567382812
vt 0.740722656 0.552734375
vt 0.733398438 0.56640625
vt 0.725585938 0.580566406
vt 0.740234375 0.564941406
vt 0.732910156 0.579101562
vt 0.739746094 0.577636719
vt 0.734863281 0.492675781
vt 0.729003906 0.508789062
vt 0.729492188 0.492675781
vt 0.734375 0.508789062
vt 0.740234375 0.492675781
vt 0.729003906 0.524902344
vt 0.739746094 0.508789062
vt 0.734375 0.524414062
vt 0.728027344 0.539550781
vt 0.739746094 0.525390625
vt 0.734375 0.5390625
vt 0.727539062 0.554199219
vt 0.740234375 0.5390625
vt 0.733886719 0.553222656
vt 0.7265625 0.567382812
vt 0.740722656 0.552734375
vt 0.733398438 0.56640625
vt 0.725585938 0.580566406
vt 0.740234375 0.564941406
vt 0.732910156 0.579101562
vt 0.739746094 0.577636719
vt 0 0
vt 0 0
vt 0 0
vt 0 0
vt 0 0
vt 0 0
vt 0 0
vt 0 0
vt 0 0
vt 0 0
vt 0 0
vt 0 0
vt 0 0
vt 0 0
vt 0 0
vt 0 0
vt 0 0
vt 0 0
vt 0 0
vt 0 0
vt 0 0
vt 0 0
vt 0 0
vt 0 0
vt 0 0
vt 0 0
vt 0 0
vt 0 0
vt 0 0
vt 0 0
vt 0 0
vt 0 0
vt 0 0
vt 0 0
vt 0 0
vt 0 0
vt 0 0
vt 0 0
vt 0 0
vt 0 0
vt 0 0
vt 0 0
vt 0 0
vt 0 0
vt 0 0
vt 0 0
vt 0 0
vt 0 0
vt 0 0
vt 0 0
vt 0 0
vt 0 0
vt 0 0
vt 0 0
vt 0 0
vt 0 0
vt 0 0
vt 0 0
vt 0 0
vt 0 0
vt 0 0
vt 0 0
vt 0 0
vt 0 0
vt 0 0
vt 0 0
vt 0 0
vt 0 0
vt 0 0
vt 0 0
vt 0 0
vt 0 0
vt 0 0
vt 0 0
vt 0 0
vt 0 0
vt 0 0
vt 0 0
vt 0 0
vt 0 0
vt 0 0
vt 0 0
vt 0 0
vt 0 0
vt 0 0
vt 0 0
vt 0 0
vt 0 0
vt 0 0
vt 0 0
vt 0 0
vt 0 0
vt 0 0
vt 0 0
vt 0 0
vt 0 0
vt 0 0
vt 0 0
vt 0 0
vt 0 0
vt 0 0
vt 0 0
vt 0 0
vt 0 0
vt 0 0
vt 0 0
vt 0 0
vt 0 0
vt 0 0
vt 0 0
vt 0 0
vt 0 0
vt 0 0
vt 0 0
vt 0 0
vt 0 0
vt 0 0
vt 0 0
vt 0 0
vt 0 0
vt 0 0
vt 0 0
vt 0 0
vt 0 0
vt 0 0
vt 0 0
vt 0 0
vt 0 0
vt 0 0
vt 0 0
vt 0 0
vt 0 0
vt 0 0
vt 0 0
vt 0 0
vt 0 0
vt 0 0
vt 0 0
vt 0 0
vt 0 0
vt 0 0
vt 0 0
vt 0 0
vt 0 0
vt 0 0
vt 0 0
vt 0 0
vt 0 0
vt 0 0
vt 0 0
vt 0 0
vt 0 0
vt 0 0
vt 0 0
vt 0 0
vt 0 0
vt 0 0
vt 0 0
vt 0 0
vt 0 0
vt 0 0
vt 0 0
vt 0 0
vt 0 0
vt 0 0
vt 0 0
vt 0 0
vt 0 0
vt 0 0
vt 0 0
vt 0 0
vt 0 0
vt 0 0
vt 0 0
vt 0 0
vt 0 0
vt 0 0
vt 0 0
vt 0 0
vt 0 0
vt 0 0
vt 0 0
vt 0 0
vt 0 0
vt 0 0
vt 0 0
vt 0 0
vt 0 0
vt 0 0
vt 0 0
vt 0 0
vt 0 0
vt 0 0
vt 0 0
vt 0 0
vt 0 0
vt 0 0
vt 0 0
vt 0 0
vt 0 0
vt 0 0
vt 0 0
vt 0 0
vt 0 0
vt 0 0
vt 0 0
vt 0 0
vt 0 0
vt 0 0
vt 0 0
vt 0 0
vt 0 0
vt 0 0
vt 0 0
vt 0 0
vt 0 0
vt 0 0
vt 0 0
vt 0 0
vt 0 0
vt 0 0
vt 0 0
vt 0 0
vt 0 0
vt 0 0
vt 0 0
vt 0 0
vt 0 0
vt 0 0
vt 0 0
vt 0 0
vt 0 0
vt 0 0
vt 0 0
vt 0 0
vt 0 0
vt 0 0
vt 0 0
vt 0 0
vt 0 0
vt 0 0
vt 0 0
vt 0 0
vt 0 0
vt 0 0
vt 0 0
vt 0 0
vt 0 0
vt 0 0
vt 0 0
vt 0 0
vt 0 0
vt 0 0
vt 0 0
vt 0 0
vt 0 0
vt 0 0
vt 0 0
vt 0 0
vt 0 0
vt 0 0
vt 0 0
vt 0 0
vt 0 0
vt 0 0
vt 0 0
vt 0 0
vt 0 0
vt 0 0
vt 0 0
vt 0 0
vt 0 0
vt 0 0
vt 0 0
vt 0 0
vt 0 0
vt 0 0
vt 0 0
vt 0 0
vt 0 0
vt 0 0
vt 0 0
vt 0 0
vt 0 0
vt 0 0
vt 0 0
vt 0 0
vt 0 0
vt 0 0
vt 0 0
vt 0 0
vt 0 0
vt 0 0
vt 0 0
vt 0 0
vt 0 0
vt 0 0
vt 0 0
vt 0 0
vt 0 0
vt 0 0
vt 0 0
vt 0 0
vt 0 0
vt 0 0
vt 0 0
vt 0 0
vt 0 0
vt 0 0
vt 0 0
vt 0 0
vt 0 0
vt 0 0
vt 0 0
vt 0 0
vt 0 0
vt 0 0
vt 0 0
vt 0 0
vt 0 0
vt 0 0
vt 0 0
vt 0 0
vt 0 0
vt 0 0
vt 0 0
vt 0 0
vt 0 0
vt 0 0
vt 0 0
vt 0 0
vt 0 0
vt 0 0
vt 0.952636719 0.663574219
vt 0.689453125 0.837890625
vt 0.940917969 0.859375
vt 0.706054688 0.654296875
vt 0.963867188 0.467773438
vt 0.437255859 0.815917969
vt 0.717285156 0.477050781
vt 0.959472656 0.305419922
vt 0.470214844 0.649414062
vt 0.719726562 0.313232422
vt 0.955078125 0.143188477
vt 0.717285156 0.154785156
vt 0.484619141 0.484375
vt 0.488525391 0.328857422
vt 0.479492188 0.166503906
vt 0.270996094 0.22668457
vt 0.272705078 0.362304688
vt 0.0626831055 0.286865234
vt 0.0655517578 0.403808594
vt 0.268798828 0.502929688
vt 0.068359375 0.520996094
vt 0.254882812 0.655273438
vt 0.0499572754 0.666015625
vt 0.23449707 0.813476562
vt 0.0315856934 0.810546875
vt 0.952636719 0.663574219
vt 0.940917969 0.859375
vt 0.689453125 0.837890625
vt 0.706054688 0.654296875
vt 0.963867188 0.467773438
vt 0.437255859 0.815917969
vt 0.717285156 0.477050781
vt 0.959472656 0.305419922
vt 0.470214844 0.649414062
vt 0.719726562 0.313232422
vt 0.955078125 0.143188477
vt 0.717285156 0.154785156
vt 0.484619141 0.484375
vt 0.488525391 0.328857422
vt 0.479492188 0.166503906
vt 0.270996094 0.22668457
vt 0.272705078 0.362304688
vt 0.0626831055 0.286865234
vt 0.0655517578 0.403808594
vt 0.268798828 0.502929688
vt 0.068359375 0.520996094
vt 0.254882812 0.655273438
vt 0.0499572754 0.666015625
vt 0.23449707 0.813476562
vt 0.0315856934 0.810546875
vt 0.822753906 0.0784912109
vt 0.868164062 0.0844116211
vt 0.870605469 0.109130859
vt 0.165893555 0.0850830078
vt 0.229125977 0.147460938
vt 0.234863281 0.130371094
vt 0.144897461 0.151367188
vt 0.224243164 0.167724609
vt 0.15222168 0.123046875
vt 0.396972656 0.242431641
vt 0.449707031 0.256347656
vt 0.398681641 0.225585938
vt 0.450195312 0.239257812
vt 0.502929688 0.259277344
vt 0.501953125 0.24230957
vt 0.887207031 0.150634766
vt 0.939453125 0.201538086
vt 0.943359375 0.184814453
vt 0.95703125 0.539550781
vt 0.920898438 0.632324219
vt 0.95703125 0.634277344
vt 0.956542969 0.718261719
vt 0.921875 0.713867188
vt 0.922363281 0.762695312
vt 0.95703125 0.770507812
vt 0.949707031 0.808105469
vt 0.924316406 0.791503906
vt 0.900878906 0.807128906
vt 0.927734375 0.84765625
vt 0.890625 0.882324219
vt 0.866699219 0.827636719
vt 0.85546875 0.78125
vt 0.889648438 0.769042969
vt 0.823730469 0.842773438
vt 0.837890625 0.904785156
vt 0.762207031 0.956054688
vt 0.808105469 0.927246094
vt 0.777832031 0.913574219
vt 0.708984375 0.966308594
vt 0.501953125 0.986328125
vt 0.654785156 0.958007812
vt 0.350585938 0.964355469
vt 0.502929688 0.977050781
vt 0.294921875 0.973144531
vt 0.239990234 0.963378906
vt 0.22668457 0.927246094
vt 0.16809082 0.919433594
vt 0.116821289 0.897949219
vt 0.193847656 0.935058594
vt 0.185668945 0.864257812
vt 0.227661133 0.869628906
vt 0.145996094 0.850097656
vt 0.158325195 0.80859375
vt 0.110351562 0.827636719
vt 0.193359375 0.818847656
vt 0.0791015625 0.86328125
vt 0.195678711 0.760253906
vt 0.0555725098 0.822753906
vt 0.0841674805 0.809570312
vt 0.0855712891 0.78125
vt 0.0467529297 0.784179688
vt 0.0454101562 0.729980469
vt 0.122558594 0.79296875
vt 0.124938965 0.740234375
vt 0.161865234 0.751953125
vt 0.164672852 0.66015625
vt 0.197631836 0.665527344
vt 0.198974609 0.55859375
vt 0.0858764648 0.730957031
vt 0.0860595703 0.645019531
vt 0.0442504883 0.642578125
vt 0.0435180664 0.543457031
vt 0.126831055 0.651855469
vt 0.128051758 0.550292969
vt 0.166625977 0.555175781
vt 0.167602539 0.460205078
vt 0.199707031 0.461669922
vt 0.199707031 0.375488281
vt 0.0861206055 0.545898438
vt 0.0861816406 0.455810547
vt 0.0433349609 0.454345703
vt 0.0434570312 0.375244141
vt 0.128662109 0.458007812
vt 0.128540039 0.376220703
vt 0.167602539 0.375976562
vt 0.166259766 0.302001953
vt 0.198974609 0.299560547
vt 0.0861206055 0.375976562
vt 0.0859375 0.307373047
vt 0.0435180664 0.306152344
vt 0.0440368652 0.250488281
vt 0.127685547 0.305175781
vt 0.126098633 0.248657227
vt 0.1640625 0.24230957
vt 0.161132812 0.200439453
vt 0.123657227 0.209594727
vt 0.084777832 0.215332031
vt 0.112792969 0.178833008
vt 0.0845947266 0.192138672
vt 0.0566101074 0.180297852
vt 0.0455627441 0.211547852
vt 0.0854492188 0.252685547
vt 0.900878906 0.807128906
vt 0.924316406 0.791503906
vt 0.922363281 0.762695312
vt 0.889648438 0.769042969
vt 0.88671875 0.717285156
vt 0.921875 0.713867188
vt 0.85546875 0.78125
vt 0.920898438 0.632324219
vt 0.8515625 0.724121094
vt 0.849609375 0.637695312
vt 0.814453125 0.73046875
vt 0.885253906 0.634277344
vt 0.884277344 0.539550781
vt 0.919921875 0.5390625
vt 0.918945312 0.454345703
vt 0.95703125 0.539550781
vt 0.95703125 0.453613281
vt 0.95703125 0.377197266
vt 0.91796875 0.37890625
vt 0.881835938 0.378417969
vt 0.91796875 0.314208984
vt 0.882324219 0.312744141
vt 0.84765625 0.309570312
vt 0.883300781 0.258544922
vt 0.8828125 0.454345703
vt 0.84765625 0.454345703
vt 0.847167969 0.376953125
vt 0.811523438 0.376220703
vt 0.848632812 0.541503906
vt 0.8125 0.543945312
vt 0.811523438 0.455566406
vt 0.775390625 0.456787109
vt 0.812988281 0.642089844
vt 0.775390625 0.645019531
vt 0.775390625 0.546875
vt 0.738769531 0.547363281
vt 0.811523438 0.307128906
vt 0.775878906 0.305908203
vt 0.811523438 0.249511719
vt 0.848144531 0.253173828
vt 0.847167969 0.208862305
vt 0.80859375 0.205322266
vt 0.884765625 0.216796875
vt 0.775390625 0.375976562
vt 0.740722656 0.376220703
vt 0.739746094 0.45703125
vt 0.704101562 0.456787109
vt 0.706054688 0.376953125
vt 0.741210938 0.306640625
vt 0.740234375 0.25
vt 0.70703125 0.308349609
vt 0.669921875 0.377441406
vt 0.706542969 0.253662109
vt 0.699707031 0.642089844
vt 0.737304688 0.645019531
vt 0.736328125 0.732910156
vt 0.775878906 0.733886719
vt 0.776367188 0.795898438
vt 0.736328125 0.793945312
vt 0.732421875 0.846191406
vt 0.816894531 0.791015625
vt 0.823730469 0.842773438
vt 0.866699219 0.827636719
vt 0.77734375 0.849609375
vt 0.777832031 0.913574219
vt 0.837890625 0.904785156
vt 0.718261719 0.907714844
vt 0.654785156 0.958007812
vt 0.708984375 0.966308594
vt 0.258300781 0.0570068359
vt 0.312744141 0.0509338379
vt 0.493652344 0.0273742676
vt 0.495117188 0.0327148438
vt 0.498046875 0.0610351562
vt 0.207763672 0.0806884766
vt 0.17175293 0.122375488
vt 0.129760742 0.119262695
vt 0.0857543945 0.147338867
vt 0.0566101074 0.180297852
vt 0.149414062 0.168701172
vt 0.500976562 0.166137695
vt 0.732910156 0.0411682129
vt 0.67578125 0.0377197266
vt 0.789550781 0.068359375
vt 0.829101562 0.117858887
vt 0.870117188 0.110717773
vt 0.91796875 0.14440918
vt 0.948730469 0.183959961
vt 0.5 0.111572266
vt 0.853515625 0.171508789
vt 0.862792969 0.211181641
vt 0.958496094 0.218505859
vt 0.500976562 0.206420898
vt 0.740234375 0.25
vt 0.770507812 0.205688477
vt 0.736816406 0.209106445
vt 0.774414062 0.248291016
vt 0.775878906 0.305908203
vt 0.811523438 0.249511719
vt 0.811523438 0.307128906
vt 0.80859375 0.205322266
vt 0.806640625 0.158691406
vt 0.762695312 0.16003418
vt 0.748046875 0.092956543
vt 0.847167969 0.208862305
vt 0.725097656 0.167480469
vt 0.852050781 0.165161133
vt 0.894042969 0.180908203
vt 0.884765625 0.216796875
vt 0.870117188 0.110717773
vt 0.809082031 0.0935668945
vt 0.91796875 0.14440918
vt 0.948730469 0.183959961
vt 0.732910156 0.0411682129
vt 0.789550781 0.068359375
vt 0.67578125 0.0377197266
vt 0.633300781 0.0595703125
vt 0.493652344 0.0273742676
vt 0.921386719 0.222412109
vt 0.883300781 0.258544922
vt 0.958496094 0.218505859
vt 0.921875 0.196655273
vt 0.699707031 0.108886719
vt 0.660644531 0.134155273
vt 0.69140625 0.17956543
vt 0.657714844 0.194580078
vt 0.704101562 0.215087891
vt 0.669433594 0.22265625
vt 0.632324219 0.225585938
vt 0.631347656 0.204345703
vt 0.603027344 0.190063477
vt 0.626953125 0.161743164
vt 0.575683594 0.134155273
vt 0.601074219 0.0954589844
vt 0.500976562 0.0798339844
vt 0.55859375 0.172119141
vt 0.503417969 0.1640625
vt 0.551269531 0.206176758
vt 0.496826172 0.0457763672
vt 0.360839844 0.0619812012
vt 0.312744141 0.0509338379
vt 0.243408203 0.0972900391
vt 0.258300781 0.0570068359
vt 0.502929688 0.121459961
vt 0.4296875 0.125
vt 0.503417969 0.201171875
vt 0.456298828 0.202270508
vt 0.503417969 0.244262695
vt 0.458007812 0.244628906
vt 0.414794922 0.248413086
vt 0.459472656 0.304199219
vt 0.415527344 0.305175781
vt 0.400390625 0.0875244141
vt 0.338378906 0.118835449
vt 0.448486328 0.166015625
vt 0.404052734 0.177978516
vt 0.372070312 0.305664062
vt 0.416259766 0.375732422
vt 0.371826172 0.375244141
vt 0.294189453 0.102600098
vt 0.270019531 0.151245117
vt 0.413574219 0.209106445
vt 0.373535156 0.213378906
vt 0.372802734 0.250732422
vt 0.331542969 0.24621582
vt 0.329833984 0.303466797
vt 0.333007812 0.206420898
vt 0.344726562 0.17590332
vt 0.294677734 0.196533203
vt 0.261230469 0.19140625
vt 0.229370117 0.190795898
vt 0.373779297 0.189697266
vt 0.306152344 0.159790039
vt 0.376953125 0.145874023
vt 0.233154297 0.149536133
vt 0.192749023 0.153686523
vt 0.196289062 0.193969727
vt 0.161132812 0.200439453
vt 0.185424805 0.102722168
vt 0.129760742 0.119262695
vt 0.207763672 0.0806884766
vt 0.151733398 0.163574219
vt 0.112792969 0.178833008
vt 0.123657227 0.209594727
vt 0.0857543945 0.147338867
vt 0.0566101074 0.180297852
vt 0.0845947266 0.192138672
vt 0.770507812 0.205688477
vt 0.762695312 0.16003418
vt 0.725097656 0.167480469
vt 0.736816406 0.209106445
vt 0.704101562 0.215087891
vt 0.740234375 0.25
vt 0.706542969 0.253662109
vt 0.670898438 0.257568359
vt 0.669433594 0.22265625
vt 0.70703125 0.308349609
vt 0.632324219 0.225585938
vt 0.670898438 0.310302734
vt 0.632324219 0.311035156
vt 0.669921875 0.377441406
vt 0.6328125 0.258544922
vt 0.591796875 0.253417969
vt 0.59375 0.217163086
vt 0.603027344 0.190063477
vt 0.551269531 0.206176758
vt 0.548828125 0.247192383
vt 0.546875 0.306396484
vt 0.503417969 0.244262695
vt 0.590332031 0.309082031
vt 0.589355469 0.378417969
vt 0.631347656 0.378173828
vt 0.629882812 0.455078125
vt 0.503417969 0.3046875
vt 0.459472656 0.304199219
vt 0.458007812 0.244628906
vt 0.502929688 0.377441406
vt 0.545410156 0.378173828
vt 0.544433594 0.457275391
vt 0.587890625 0.456054688
vt 0.587402344 0.542480469
vt 0.544433594 0.544921875
vt 0.501953125 0.546386719
vt 0.544921875 0.643066406
vt 0.501464844 0.646484375
vt 0.587402344 0.637695312
vt 0.627441406 0.634765625
vt 0.588378906 0.721679688
vt 0.628417969 0.541015625
vt 0.666015625 0.54296875
vt 0.668457031 0.455810547
vt 0.704101562 0.456787109
vt 0.706054688 0.376953125
vt 0.702148438 0.545898438
vt 0.738769531 0.547363281
vt 0.699707031 0.642089844
vt 0.6640625 0.637695312
vt 0.662109375 0.720703125
vt 0.626953125 0.716308594
vt 0.627441406 0.765625
vt 0.697753906 0.728027344
vt 0.698242188 0.786132812
vt 0.736328125 0.732910156
vt 0.736328125 0.793945312
vt 0.732421875 0.846191406
vt 0.662597656 0.7734375
vt 0.654296875 0.811523438
vt 0.690917969 0.833496094
vt 0.666015625 0.887207031
vt 0.718261719 0.907714844
vt 0.654785156 0.958007812
vt 0.590332031 0.773925781
vt 0.600585938 0.811523438
vt 0.548828125 0.787109375
vt 0.546386719 0.73046875
vt 0.627929688 0.794921875
vt 0.625976562 0.852050781
vt 0.576171875 0.883789062
vt 0.607910156 0.930175781
vt 0.50390625 0.947265625
vt 0.502929688 0.977050781
vt 0.501953125 0.986328125
vt 0.350585938 0.964355469
vt 0.557128906 0.831542969
vt 0.503417969 0.897460938
vt 0.429443359 0.891601562
vt 0.502441406 0.841796875
vt 0.501953125 0.794921875
vt 0.454101562 0.795410156
vt 0.501464844 0.736328125
vt 0.456054688 0.73828125
vt 0.22668457 0.927246094
vt 0.294921875 0.973144531
vt 0.350585938 0.964355469
vt 0.286132812 0.920410156
vt 0.269775391 0.865234375
vt 0.338867188 0.899414062
vt 0.227661133 0.869628906
vt 0.228027344 0.823242188
vt 0.185668945 0.864257812
vt 0.193359375 0.818847656
vt 0.195678711 0.760253906
vt 0.3984375 0.937011719
vt 0.50390625 0.947265625
vt 0.429443359 0.891601562
vt 0.228149414 0.763671875
vt 0.228271484 0.66796875
vt 0.260498047 0.760742188
vt 0.197631836 0.665527344
vt 0.198974609 0.55859375
vt 0.262695312 0.819824219
vt 0.298095703 0.809570312
vt 0.310058594 0.8515625
vt 0.346191406 0.829589844
vt 0.377685547 0.865234375
vt 0.401855469 0.825195312
vt 0.446777344 0.83984375
vt 0.502441406 0.841796875
vt 0.454101562 0.795410156
vt 0.372802734 0.812011719
vt 0.371582031 0.783691406
vt 0.411132812 0.788085938
vt 0.412841797 0.734863281
vt 0.456054688 0.73828125
vt 0.458007812 0.6484375
vt 0.501464844 0.736328125
vt 0.334228516 0.794433594
vt 0.331787109 0.741699219
vt 0.371582031 0.733398438
vt 0.371582031 0.646972656
vt 0.414306641 0.646972656
vt 0.415527344 0.546386719
vt 0.294677734 0.752929688
vt 0.291992188 0.660644531
vt 0.330078125 0.652832031
vt 0.329101562 0.55078125
vt 0.371582031 0.546875
vt 0.371826172 0.456054688
vt 0.258789062 0.666015625
vt 0.2578125 0.55859375
vt 0.290283203 0.555175781
vt 0.289306641 0.460205078
vt 0.328369141 0.457763672
vt 0.328613281 0.375244141
vt 0.228393555 0.559570312
vt 0.228393555 0.462158203
vt 0.199707031 0.461669922
vt 0.199707031 0.375488281
vt 0.257080078 0.461669922
vt 0.257324219 0.375244141
vt 0.228515625 0.375244141
vt 0.228637695 0.298339844
vt 0.198974609 0.299560547
vt 0.197631836 0.237792969
vt 0.166259766 0.302001953
vt 0.1640625 0.24230957
vt 0.161132812 0.200439453
vt 0.196289062 0.193969727
vt 0.229370117 0.190795898
vt 0.229003906 0.235595703
vt 0.260009766 0.236206055
vt 0.261230469 0.19140625
vt 0.294677734 0.196533203
vt 0.258544922 0.298828125
vt 0.291259766 0.300537109
vt 0.293212891 0.239746094
vt 0.331542969 0.24621582
vt 0.333007812 0.206420898
vt 0.329833984 0.303466797
vt 0.289550781 0.375244141
vt 0.372070312 0.305664062
vt 0.371826172 0.375244141
vt 0.416259766 0.375732422
vt 0.416015625 0.456298828
vt 0.460205078 0.45703125
vt 0.459228516 0.547363281
vt 0.501953125 0.546386719
vt 0.501464844 0.646484375
vt 0.544921875 0.643066406
vt 0.546386719 0.73046875
vt 0.548828125 0.787109375
vt 0.588378906 0.721679688
vt 0.502441406 0.457519531
vt 0.544433594 0.457275391
vt 0.502929688 0.377441406
vt 0.545410156 0.378173828
vt 0.460205078 0.376464844
vt 0.459472656 0.304199219
vt 0.503417969 0.3046875
vt 0.415527344 0.305175781
vt 0.499023438 0.374511719
vt 0.861816406 0.452636719
vt 0.498291016 0.452636719
vt 0.862792969 0.375
vt 0.863769531 0.307128906
vt 0.499755859 0.304931641
vt 0.500488281 0.247680664
vt 0.95703125 0.377197266
vt 0.95703125 0.453613281
vt 0.95703125 0.311279297
vt 0.958007812 0.257568359
vt 0.863769531 0.251464844
vt 0.862792969 0.211181641
vt 0.958496094 0.218505859
vt 0.500976562 0.206420898
vt 0.139648438 0.206054688
vt 0.500976562 0.166137695
vt 0.149414062 0.168701172
vt 0.0566101074 0.180297852
vt 0.0455627441 0.211547852
vt 0.921386719 0.222412109
vt 0.958007812 0.257568359
vt 0.958496094 0.218505859
vt 0.918945312 0.261474609
vt 0.883300781 0.258544922
vt 0.91796875 0.314208984
vt 0.882324219 0.312744141
vt 0.95703125 0.311279297
vt 0.95703125 0.377197266
vt 0.762207031 0.956054688
vt 0.708984375 0.966308594
vt 0.501953125 0.986328125
vt 0.500488281 0.975585938
vt 0.5 0.944824219
vt 0.808105469 0.927246094
vt 0.838378906 0.880859375
vt 0.890625 0.882324219
vt 0.927734375 0.84765625
vt 0.949707031 0.808105469
vt 0.239990234 0.963378906
vt 0.294921875 0.973144531
vt 0.193847656 0.935058594
vt 0.1640625 0.888671875
vt 0.116821289 0.897949219
vt 0.0791015625 0.86328125
vt 0.0555725098 0.822753906
vt 0.500488281 0.89453125
vt 0.500976562 0.838378906
vt 0.85546875 0.828613281
vt 0.860351562 0.782714844
vt 0.95703125 0.770507812
vt 0.956542969 0.718261719
vt 0.147338867 0.836914062
vt 0.140136719 0.790527344
vt 0.0467529297 0.784179688
vt 0.0454101562 0.729980469
vt 0.499511719 0.789550781
vt 0.498046875 0.729980469
vt 0.859375 0.725097656
vt 0.860351562 0.637695312
vt 0.95703125 0.634277344
vt 0.95703125 0.539550781
vt 0.861328125 0.540039062
vt 0.497802734 0.541015625
vt 0.861816406 0.452636719
vt 0.498291016 0.452636719
vt 0.135620117 0.453369141
vt 0.499023438 0.374511719
vt 0.137939453 0.731933594
vt 0.136474609 0.641601562
vt 0.0442504883 0.642578125
vt 0.0435180664 0.543457031
vt 0.497558594 0.640136719
vt 0.135620117 0.541992188
vt 0.0433349609 0.454345703
vt 0.0434570312 0.375244141
vt 0.135986328 0.374755859
vt 0.136230469 0.3046875
vt 0.499755859 0.304931641
vt 0.0435180664 0.306152344
vt 0.500488281 0.247680664
vt 0.0440368652 0.250488281
vt 0.137207031 0.247070312
vt 0.139648438 0.206054688
vt 0.0455627441 0.211547852
vt 0.95703125 0.539550781
vt 0.861328125 0.540039062
vt 0.861816406 0.452636719
vt 0.95703125 0.453613281
vt 0.500488281 0.626464844
vt 0.85546875 0.62890625
vt 0.860351562 0.674804688
vt 0.500976562 0.673339844
vt 0.142700195 0.682617188
vt 0.146972656 0.635742188
vt 0.149902344 0.589355469
vt 0.498046875 0.579589844
vt 0.495117188 0.5234375
vt 0.0671386719 0.655273438
vt 0.0589904785 0.699707031
vt 0.0748901367 0.611816406
vt 0.0824584961 0.559570312
vt 0.15246582 0.533691406
vt 0.155639648 0.458740234
vt 0.493164062 0.448974609
vt 0.0902709961 0.489501953
vt 0.492675781 0.364746094
vt 0.0994262695 0.409179688
vt 0.160644531 0.374023438
vt 0.168334961 0.288818359
vt 0.110900879 0.326660156
vt 0.494628906 0.279785156
vt 0.498535156 0.203369141
vt 0.82421875 0.295410156
vt 0.123291016 0.251464844
vt 0.821777344 0.219238281
vt 0.177856445 0.212768555
vt 0.18762207 0.155883789
vt 0.134887695 0.193603516
vt 0.144897461 0.151367188
vt 0.821289062 0.158081055
vt 0.883300781 0.256347656
vt 0.50390625 0.144897461
vt 0.509277344 0.101745605
vt 0.821777344 0.11151123
vt 0.196777344 0.114807129
vt 0.204101562 0.0864257812
vt 0.15222168 0.123046875
vt 0.210693359 0.0655517578
vt 0.514160156 0.0712890625
vt 0.822753906 0.0784912109
vt 0.873535156 0.143554688
vt 0.870605469 0.109130859
vt 0.822753906 0.0540466309
vt 0.868164062 0.0844116211
vt 0.203613281 0.647460938
vt 0.277832031 0.639160156
vt 0.217651367 0.5859375
vt 0.262695312 0.701171875
vt 0.329833984 0.755859375
vt 0.24621582 0.747558594
vt 0.344970703 0.690917969
vt 0.358154297 0.612304688
vt 0.421142578 0.728515625
vt 0.292480469 0.564941406
vt 0.306640625 0.480712891
vt 0.312744141 0.805175781
vt 0.294433594 0.846191406
vt 0.395751953 0.8515625
vt 0.229370117 0.786132812
vt 0.212768555 0.825195312
vt 0.275390625 0.886230469
vt 0.365966797 0.936035156
vt 0.381103516 0.895507812
vt 0.501464844 0.916992188
vt 0.502441406 0.957519531
vt 0.409667969 0.797851562
vt 0.506347656 0.813476562
vt 0.502929688 0.870605469
vt 0.612304688 0.858398438
vt 0.624023438 0.904785156
vt 0.508789062 0.741210938
vt 0.510253906 0.655761719
vt 0.597167969 0.728027344
vt 0.590332031 0.643066406
vt 0.663085938 0.606933594
vt 0.583007812 0.548339844
vt 0.430419922 0.645507812
vt 0.437744141 0.55078125
vt 0.510253906 0.559082031
vt 0.509277344 0.463623047
vt 0.370117188 0.522460938
vt 0.380126953 0.433349609
vt 0.319335938 0.397705078
vt 0.443115234 0.456542969
vt 0.446777344 0.375
vt 0.575195312 0.454345703
vt 0.638671875 0.428710938
vt 0.650878906 0.517578125
vt 0.567871094 0.372070312
vt 0.507324219 0.380371094
vt 0.505371094 0.316894531
vt 0.562011719 0.309082031
vt 0.618652344 0.289550781
vt 0.55859375 0.272705078
vt 0.613769531 0.253662109
vt 0.610351562 0.232421875
vt 0.50390625 0.280517578
vt 0.449462891 0.277099609
vt 0.448730469 0.312988281
vt 0.393066406 0.297851562
vt 0.387695312 0.356445312
vt 0.395751953 0.263183594
vt 0.341308594 0.239501953
vt 0.337158203 0.272460938
vt 0.868164062 0.0844116211
vt 0.789550781 0.126586914
vt 0.793945312 0.150512695
vt 0.870605469 0.109130859
vt 0.873535156 0.143554688
vt 0.799316406 0.185546875
vt 0.807128906 0.237792969
vt 0.877441406 0.193115234
vt 0.734863281 0.225341797
vt 0.745117188 0.280273438
vt 0.883300781 0.256347656
vt 0.757324219 0.349365234
vt 0.817382812 0.303466797
vt 0.828613281 0.37890625
vt 0.890625 0.331542969
vt 0.771484375 0.427490234
vt 0.899414062 0.411132812
vt 0.78515625 0.506347656
vt 0.840820312 0.456298828
vt 0.852539062 0.528320312
vt 0.908691406 0.486816406
vt 0.918945312 0.552246094
vt 0.798828125 0.578125
vt 0.741699219 0.6328125
vt 0.812988281 0.639160156
vt 0.755859375 0.696289062
vt 0.864746094 0.589355469
vt 0.877929688 0.636230469
vt 0.828125 0.685546875
vt 0.930175781 0.602050781
vt 0.940429688 0.64453125
vt 0.891113281 0.67578125
vt 0.812988281 0.639160156
vt 0.771972656 0.745117188
vt 0.828125 0.685546875
vt 0.755859375 0.696289062
vt 0.686523438 0.755859375
vt 0.741699219 0.6328125
vt 0.700683594 0.809570312
vt 0.717285156 0.853515625
vt 0.788085938 0.785644531
vt 0.8046875 0.823242188
vt 0.843261719 0.724609375
vt 0.612304688 0.858398438
vt 0.624023438 0.904785156
vt 0.604003906 0.80078125
vt 0.506347656 0.813476562
vt 0.502929688 0.870605469
vt 0.597167969 0.728027344
vt 0.508789062 0.741210938
vt 0.674804688 0.6875
vt 0.663085938 0.606933594
vt 0.728027344 0.557617188
vt 0.713867188 0.474609375
vt 0.78515625 0.506347656
vt 0.771484375 0.427490234
vt 0.757324219 0.349365234
vt 0.650878906 0.517578125
vt 0.583007812 0.548339844
vt 0.590332031 0.643066406
vt 0.638671875 0.428710938
vt 0.699707031 0.391845703
vt 0.686523438 0.318359375
vt 0.745117188 0.280273438
vt 0.734863281 0.225341797
vt 0.627441406 0.350341797
vt 0.567871094 0.372070312
vt 0.618652344 0.289550781
vt 0.676269531 0.260742188
vt 0.669921875 0.225463867
vt 0.613769531 0.253662109
vt 0.610351562 0.232421875
vt 0.728515625 0.190307617
vt 0.793945312 0.150512695
vt 0.799316406 0.185546875
vt 0.789550781 0.126586914
vt 0.723632812 0.167480469
vt 0.71875 0.149658203
vt 0.661621094 0.186889648
vt 0.666015625 0.203857422
vt 0.607421875 0.215576172
vt 0.771972656 0.745117188
vt 0.788085938 0.785644531
vt 0.843261719 0.724609375
vt 0.828125 0.685546875
vt 0.877929688 0.636230469
vt 0.891113281 0.67578125
vt 0.901367188 0.716308594
vt 0.940429688 0.64453125
vt 0.948242188 0.687988281
vt 0.856445312 0.763183594
vt 0.8046875 0.823242188
vt 0.717285156 0.853515625
vt 0.737304688 0.891601562
vt 0.641113281 0.944335938
vt 0.624023438 0.904785156
vt 0.501464844 0.916992188
vt 0.502441406 0.957519531
vt 0.82421875 0.295410156
vt 0.492675781 0.364746094
vt 0.494628906 0.279785156
vt 0.828125 0.378173828
vt 0.833984375 0.458740234
vt 0.493164062 0.448974609
vt 0.495117188 0.5234375
vt 0.899414062 0.411132812
vt 0.890625 0.331542969
vt 0.883300781 0.256347656
vt 0.821777344 0.219238281
vt 0.908691406 0.486816406
vt 0.918945312 0.552246094
vt 0.840820312 0.529785156
vt 0.848632812 0.583496094
vt 0.498046875 0.579589844
vt 0.930175781 0.602050781
vt 0.500488281 0.626464844
vt 0.940429688 0.64453125
vt 0.85546875 0.62890625
vt 0.821289062 0.158081055
vt 0.877441406 0.193115234
vt 0.873535156 0.143554688
vt 0.821777344 0.11151123
vt 0.820800781 0.0331115723
vt 0.518066406 0.0485534668
vt 0.520507812 0.0284881592
vt 0.210693359 0.0655517578
vt 0.204101562 0.0864257812
vt 0.111022949 0.728515625
vt 0.0671386719 0.655273438
vt 0.0589904785 0.699707031
vt 0.122436523 0.686523438
vt 0.134155273 0.645996094
vt 0.174316406 0.731445312
vt 0.188964844 0.692871094
vt 0.0671386719 0.655273438
vt 0.134155273 0.645996094
vt 0.0748901367 0.611816406
vt 0.0824584961 0.559570312
vt 0.145874023 0.598632812
vt 0.203613281 0.647460938
vt 0.188964844 0.692871094
vt 0.157470703 0.534179688
vt 0.24621582 0.747558594
vt 0.262695312 0.701171875
vt 0.174316406 0.731445312
vt 0.229370117 0.786132812
vt 0.212768555 0.825195312
vt 0.217651367 0.5859375
vt 0.231811523 0.512695312
vt 0.277832031 0.639160156
vt 0.292480469 0.564941406
vt 0.306640625 0.480712891
vt 0.169677734 0.459228516
vt 0.183227539 0.379150391
vt 0.0994262695 0.409179688
vt 0.110900879 0.326660156
vt 0.123291016 0.251464844
vt 0.246337891 0.431640625
vt 0.260253906 0.353515625
vt 0.319335938 0.397705078
vt 0.329589844 0.326660156
vt 0.380126953 0.433349609
vt 0.196777344 0.303466797
vt 0.208618164 0.242797852
vt 0.134887695 0.193603516
vt 0.144897461 0.151367188
vt 0.387695312 0.356445312
vt 0.446777344 0.375
vt 0.393066406 0.297851562
vt 0.337158203 0.272460938
vt 0.280517578 0.23828125
vt 0.341308594 0.239501953
vt 0.285644531 0.20703125
vt 0.224243164 0.167724609
vt 0.271728516 0.288085938
vt 0.218017578 0.197265625
vt 0.0824584961 0.559570312
vt 0.145874023 0.598632812
vt 0.157470703 0.534179688
vt 0.0902709961 0.489501953
vt 0.0994262695 0.409179688
vt 0.212768555 0.825195312
vt 0.174316406 0.731445312
vt 0.16015625 0.771484375
vt 0.111022949 0.728515625
vt 0.122436523 0.686523438
vt 0.860351562 0.674804688
vt 0.85546875 0.62890625
vt 0.940429688 0.64453125
vt 0.948242188 0.687988281
vt 0.840820312 0.74609375
vt 0.901367188 0.716308594
vt 0.76171875 0.715332031
vt 0.501464844 0.736816406
vt 0.505371094 0.832519531
vt 0.774902344 0.799804688
vt 0.166381836 0.755859375
vt 0.689941406 0.89453125
vt 0.239501953 0.807128906
vt 0.504394531 0.944824219
vt 0.323242188 0.892089844
vt 0.500976562 0.673339844
vt 0.142700195 0.682617188
vt 0.862304688 0.751953125
vt 0.856445312 0.763183594
vt 0.8046875 0.823242188
vt 0.241821289 0.721679688
vt 0.0589904785 0.699707031
vt 0.111022949 0.728515625
vt 0.775390625 0.842285156
vt 0.737304688 0.891601562
vt 0.641113281 0.944335938
vt 0.149291992 0.762695312
vt 0.16015625 0.771484375
vt 0.212768555 0.825195312
vt 0.622070312 0.939453125
vt 0.502441406 0.957519531
vt 0.365966797 0.936035156
vt 0.240234375 0.845214844
vt 0.275390625 0.886230469
vt 0.388183594 0.935058594
vt 0.610351562 0.232421875
vt 0.556152344 0.251464844
vt 0.55859375 0.272705078
vt 0.502929688 0.259277344
vt 0.501953125 0.24230957
vt 0.5546875 0.23449707
vt 0.503417969 0.20715332
vt 0.450195312 0.239257812
vt 0.548828125 0.213989258
vt 0.581542969 0.187255859
vt 0.509277344 0.131469727
vt 0.427246094 0.194580078
vt 0.663574219 0.137451172
vt 0.349853516 0.152587891
vt 0.771972656 0.0718383789
vt 0.255371094 0.0884399414
vt 0.519042969 0.0448913574
vt 0.607421875 0.215576172
vt 0.661621094 0.186889648
vt 0.457275391 0.218261719
vt 0.398681641 0.225585938
vt 0.346923828 0.202026367
vt 0.396972656 0.242431641
vt 0.343994141 0.218994141
vt 0.289306641 0.186767578
vt 0.643554688 0.172119141
vt 0.71875 0.149658203
vt 0.784179688 0.10748291
vt 0.754394531 0.102416992
vt 0.86328125 0.0640258789
vt 0.820800781 0.0331115723
vt 0.728027344 0.0416870117
vt 0.520507812 0.0284881592
vt 0.217529297 0.0469055176
vt 0.308105469 0.0528869629
vt 0.165893555 0.0850830078
vt 0.234863281 0.130371094
vt 0.265869141 0.122131348
vt 0.293701172 0.169799805
vt 0.229125977 0.147460938
vt 0.365966797 0.185546875
vt 0.113037109 0.257080078
vt 0.169921875 0.265869141
vt 0.165893555 0.235107422
vt 0.115600586 0.289550781
vt 0.120788574 0.344238281
vt 0.177246094 0.316650391
vt 0.18737793 0.3828125
vt 0.0606994629 0.303710938
vt 0.0599975586 0.270019531
vt 0.0626831055 0.361328125
vt 0.0661010742 0.437255859
vt 0.128417969 0.415771484
vt 0.138305664 0.498291016
vt 0.199829102 0.459960938
vt 0.0710449219 0.524414062
vt 0.213745117 0.538085938
vt 0.0776367188 0.612304688
vt 0.150024414 0.581054688
vt 0.162963867 0.653808594
vt 0.228027344 0.607421875
vt 0.0861206055 0.689941406
vt 0.0963745117 0.754882812
vt 0.177612305 0.714355469
vt 0.194091797 0.760742188
vt 0.108459473 0.805664062
vt 0.121154785 0.851074219
vt 0.213134766 0.801269531
vt 0.279052734 0.747558594
vt 0.235351562 0.846191406
vt 0.301757812 0.792480469
vt 0.169921875 0.265869141
vt 0.220825195 0.204956055
vt 0.165893555 0.235107422
vt 0.225952148 0.234130859
vt 0.234619141 0.280517578
vt 0.285888672 0.19543457
vt 0.177246094 0.316650391
vt 0.279785156 0.167724609
vt 0.350585938 0.12890625
vt 0.357421875 0.155639648
vt 0.366699219 0.195068359
vt 0.18737793 0.3828125
vt 0.295166016 0.237670898
vt 0.306884766 0.294189453
vt 0.377685547 0.248901367
vt 0.389648438 0.318603516
vt 0.24597168 0.341552734
vt 0.259277344 0.4140625
vt 0.199829102 0.459960938
vt 0.213745117 0.538085938
vt 0.3203125 0.364501953
vt 0.333740234 0.439208984
vt 0.400878906 0.395019531
vt 0.409912109 0.468994141
vt 0.2734375 0.489013672
vt 0.287109375 0.557128906
vt 0.228027344 0.607421875
vt 0.243286133 0.665527344
vt 0.162963867 0.653808594
vt 0.177612305 0.714355469
vt 0.194091797 0.760742188
vt 0.345703125 0.509277344
vt 0.356933594 0.569824219
vt 0.417724609 0.533691406
vt 0.260009766 0.708984375
vt 0.279052734 0.747558594
vt 0.30078125 0.614746094
vt 0.315185547 0.657714844
vt 0.331298828 0.696777344
vt 0.349853516 0.742675781
vt 0.301757812 0.792480469
vt 0.368652344 0.614746094
vt 0.42578125 0.58203125
vt 0.488525391 0.509765625
vt 0.381591797 0.655761719
vt 0.165893555 0.235107422
vt 0.111572266 0.237426758
vt 0.113037109 0.257080078
vt 0.059753418 0.250244141
vt 0.0592346191 0.233642578
vt 0.235351562 0.846191406
vt 0.213134766 0.801269531
vt 0.121154785 0.851074219
vt 0.133544922 0.897949219
vt 0.227172852 0.899902344
vt 0.147216797 0.923828125
vt 0.242553711 0.920410156
vt 0.432373047 0.899414062
vt 0.483886719 0.810058594
vt 0.359375 0.8203125
vt 0.704101562 0.813964844
vt 0.426513672 0.756347656
vt 0.643554688 0.745117188
vt 0.5 0.726074219
vt 0.577148438 0.720214844
vt 0.263183594 0.862792969
vt 0.301757812 0.792480469
vt 0.349853516 0.742675781
vt 0.373535156 0.774902344
vt 0.638183594 0.860351562
vt 0.725585938 0.847167969
vt 0.427490234 0.899902344
vt 0.793457031 0.788085938
vt 0.747558594 0.732421875
vt 0.815429688 0.747070312
vt 0.7109375 0.764160156
vt 0.396728516 0.704101562
vt 0.445800781 0.676269531
vt 0.381591797 0.655761719
vt 0.331298828 0.696777344
vt 0.315185547 0.657714844
vt 0.368652344 0.614746094
vt 0.456542969 0.717773438
vt 0.434814453 0.625488281
vt 0.42578125 0.58203125
vt 0.494628906 0.608398438
vt 0.490966797 0.561523438
vt 0.500488281 0.660644531
vt 0.556640625 0.654296875
vt 0.556640625 0.601074219
vt 0.548828125 0.697753906
vt 0.610839844 0.653808594
vt 0.661132812 0.664550781
vt 0.615722656 0.602050781
vt 0.670410156 0.615234375
vt 0.717773438 0.645019531
vt 0.681152344 0.573242188
vt 0.731445312 0.604980469
vt 0.780273438 0.650390625
vt 0.636230469 0.70703125
vt 0.705078125 0.690917969
vt 0.764648438 0.689453125
vt 0.834472656 0.707519531
vt 0.850585938 0.661132812
vt 0.121154785 0.851074219
vt 0.147216797 0.923828125
vt 0.133544922 0.897949219
vt 0.149047852 0.875488281
vt 0.442626953 0.854980469
vt 0.146484375 0.827636719
vt 0.451660156 0.809082031
vt 0.766601562 0.764160156
vt 0.457763672 0.755371094
vt 0.780761719 0.714355469
vt 0.79296875 0.650878906
vt 0.462890625 0.688476562
vt 0.427490234 0.899902344
vt 0.432373047 0.899414062
vt 0.242553711 0.920410156
vt 0.725585938 0.847167969
vt 0.749023438 0.806152344
vt 0.815429688 0.747070312
vt 0.793457031 0.788085938
vt 0.834472656 0.707519531
vt 0.850585938 0.661132812
vt 0.780273438 0.650390625
vt 0.744628906 0.561035156
vt 0.731445312 0.604980469
vt 0.795410156 0.606933594
vt 0.809082031 0.549804688
vt 0.850585938 0.661132812
vt 0.756835938 0.50390625
vt 0.864746094 0.602050781
vt 0.768554688 0.437011719
vt 0.878417969 0.531738281
vt 0.822265625 0.483154297
vt 0.8359375 0.409912109
vt 0.892578125 0.454589844
vt 0.90625 0.377685547
vt 0.780273438 0.364746094
vt 0.719238281 0.322753906
vt 0.791503906 0.294433594
vt 0.7265625 0.252929688
vt 0.849121094 0.337402344
vt 0.861328125 0.272949219
vt 0.918945312 0.309082031
vt 0.801269531 0.233276367
vt 0.929199219 0.255126953
vt 0.809082031 0.184692383
vt 0.87109375 0.222045898
vt 0.877441406 0.189331055
vt 0.935058594 0.222167969
vt 0.814453125 0.151855469
vt 0.744628906 0.561035156
vt 0.681152344 0.573242188
vt 0.731445312 0.604980469
vt 0.691894531 0.526855469
vt 0.701660156 0.466064453
vt 0.630371094 0.505859375
vt 0.756835938 0.50390625
vt 0.768554688 0.437011719
vt 0.7109375 0.396240234
vt 0.642089844 0.364013672
vt 0.719238281 0.322753906
vt 0.63671875 0.439453125
vt 0.563964844 0.429199219
vt 0.622558594 0.556640625
vt 0.55859375 0.553710938
vt 0.615722656 0.602050781
vt 0.670410156 0.615234375
vt 0.562011719 0.5
vt 0.488525391 0.509765625
vt 0.556640625 0.601074219
vt 0.556640625 0.654296875
vt 0.610839844 0.653808594
vt 0.494628906 0.608398438
vt 0.490966797 0.561523438
vt 0.42578125 0.58203125
vt 0.485595703 0.440673828
vt 0.480957031 0.362548828
vt 0.409912109 0.468994141
vt 0.417724609 0.533691406
vt 0.400878906 0.395019531
vt 0.389648438 0.318603516
vt 0.564453125 0.349609375
vt 0.5625 0.270019531
vt 0.473876953 0.283691406
vt 0.465332031 0.213134766
vt 0.377685547 0.248901367
vt 0.366699219 0.195068359
vt 0.645507812 0.287109375
vt 0.647460938 0.216308594
vt 0.7265625 0.252929688
vt 0.732421875 0.194213867
vt 0.791503906 0.294433594
vt 0.801269531 0.233276367
vt 0.809082031 0.184692383
vt 0.736328125 0.148071289
vt 0.645996094 0.116943359
vt 0.647460938 0.159912109
vt 0.553222656 0.144042969
vt 0.546875 0.103820801
vt 0.559082031 0.198486328
vt 0.456054688 0.159790039
vt 0.447509766 0.120910645
vt 0.357421875 0.155639648
vt 0.350585938 0.12890625
vt 0.939453125 0.201538086
vt 0.856933594 0.228149414
vt 0.943359375 0.184814453
vt 0.854003906 0.248291016
vt 0.500976562 0.245483398
vt 0.498779297 0.265625
vt 0.143066406 0.273193359
vt 0.163696289 0.200927734
vt 0.149902344 0.202514648
vt 0.23815918 0.175170898
vt 0.478515625 0.13269043
vt 0.497802734 0.197509766
vt 0.317871094 0.124511719
vt 0.829589844 0.164550781
vt 0.4375 0.0657958984
vt 0.741699219 0.107971191
vt 0.603515625 0.0565185547
vt 0.242675781 0.216064453
vt 0.144897461 0.236450195
vt 0.0592346191 0.233642578
vt 0.059753418 0.250244141
vt 0.502929688 0.229003906
vt 0.860351562 0.211669922
vt 0.758300781 0.194213867
vt 0.943359375 0.184814453
vt 0.887207031 0.150634766
vt 0.842773438 0.140380859
vt 0.824707031 0.110656738
vt 0.747070312 0.0725708008
vt 0.713378906 0.0734863281
vt 0.64453125 0.0435791016
vt 0.532714844 0.0343017578
vt 0.52734375 0.0438842773
vt 0.427978516 0.0552368164
vt 0.337646484 0.0924682617
vt 0.355224609 0.0901489258
vt 0.268798828 0.132080078
vt 0.212524414 0.169189453
vt 0.240844727 0.156860352
vt 0.16027832 0.19921875
vt 0.146484375 0.827636719
vt 0.457763672 0.755371094
vt 0.451660156 0.809082031
vt 0.142211914 0.772949219
vt 0.138916016 0.704589844
vt 0.462890625 0.688476562
vt 0.468505859 0.609863281
vt 0.0963745117 0.754882812
vt 0.108459473 0.805664062
vt 0.121154785 0.851074219
vt 0.149047852 0.875488281
vt 0.0861206055 0.689941406
vt 0.0776367188 0.612304688
vt 0.137084961 0.624511719
vt 0.137084961 0.534179688
vt 0.475341797 0.521972656
vt 0.0710449219 0.524414062
vt 0.0661010742 0.437255859
vt 0.138183594 0.444335938
vt 0.139892578 0.366699219
vt 0.0626831055 0.361328125
vt 0.0606994629 0.303710938
vt 0.141723633 0.307373047
vt 0.143066406 0.273193359
vt 0.0599975586 0.270019531
vt 0.766601562 0.764160156
vt 0.780761719 0.714355469
vt 0.850585938 0.661132812
vt 0.79296875 0.650878906
vt 0.864746094 0.602050781
vt 0.878417969 0.531738281
vt 0.8046875 0.576660156
vt 0.816894531 0.493652344
vt 0.892578125 0.454589844
vt 0.90625 0.377685547
vt 0.468505859 0.609863281
vt 0.462890625 0.688476562
vt 0.475341797 0.521972656
vt 0.482666016 0.434814453
vt 0.137084961 0.534179688
vt 0.138183594 0.444335938
vt 0.829101562 0.411376953
vt 0.83984375 0.338623047
vt 0.918945312 0.309082031
vt 0.929199219 0.255126953
vt 0.139892578 0.366699219
vt 0.0661010742 0.437255859
vt 0.489746094 0.358398438
vt 0.495361328 0.299804688
vt 0.141723633 0.307373047
vt 0.143066406 0.273193359
vt 0.498779297 0.265625
vt 0.854003906 0.248291016
vt 0.935058594 0.222167969
vt 0.848632812 0.281982422
vt 0.163330078 0.215576172
vt 0.217041016 0.185668945
vt 0.212524414 0.169189453
vt 0.274658203 0.148681641
vt 0.350585938 0.12890625
vt 0.447509766 0.120910645
vt 0.440673828 0.0938720703
vt 0.541503906 0.0754394531
vt 0.546875 0.103820801
vt 0.645996094 0.116943359
vt 0.553222656 0.144042969
vt 0.456054688 0.159790039
vt 0.736328125 0.148071289
vt 0.739257812 0.115722656
vt 0.809082031 0.184692383
vt 0.814453125 0.151855469
vt 0.818847656 0.129150391
vt 0.877441406 0.189331055
vt 0.7421875 0.0922241211
vt 0.643554688 0.0635986328
vt 0.64453125 0.0864868164
vt 0.536621094 0.0539245605
vt 0.532714844 0.0343017578
vt 0.434326172 0.0737304688
vt 0.427978516 0.0552368164
vt 0.337646484 0.0924682617
vt 0.344482422 0.109741211
vt 0.274658203 0.148681641
vt 0.268798828 0.132080078
vt 0.212524414 0.169189453
vt 0.163330078 0.215576172
vt 0.16027832 0.19921875
vt 0.109802246 0.220947266
vt 0.23815918 0.175170898
vt 0.149902344 0.202514648
vt 0.163696289 0.200927734
vt 0.0592346191 0.233642578
vt 0.541503906 0.0754394531
vt 0.645996094 0.116943359
vt 0.64453125 0.0864868164
vt 0.739257812 0.115722656
vn -0.526855469 0.504394531 -0.684082031
vn -0.285644531 0.673828125 -0.681640625
vn -0.330810547 0.710449219 -0.62109375
vn -0.555175781 0.639648438 -0.531738281
vn -0.196655273 0.867675781 -0.456298828
vn -0.0823364258 0.970214844 -0.227539062
vn -0.577636719 0.787597656 -0.21484375
vn -0.479492188 0.853515625 0.203125
vn 0.00691986084 1 -0.0171203613
vn -0.259765625 0.788574219 0.557128906
vn 0.0655517578 0.9765625 0.205688477
vn -0.0410461426 0.640136719 0.767089844
vn 0.141479492 0.881835938 0.449707031
vn 0.202148438 0.728027344 0.655273438
vn 0.0932617188 0.468017578 0.87890625
vn -0.222045898 -0.953613281 0.203979492
vn -0.0989379883 -0.732421875 0.673828125
vn -0.0554504395 -0.966796875 0.248535156
vn -0.466064453 -0.693359375 0.549804688
vn -0.244018555 -0.724609375 0.644042969
vn -0.46484375 -0.875488281 0.132080078
vn -0.737304688 -0.673339844 0.0566101074
vn -0.694335938 -0.612792969 0.377441406
vn -0.774902344 -0.447998047 0.4453125
vn -0.901855469 -0.431396484 0.0299072266
vn -0.427978516 -0.869140625 -0.248657227
vn -0.167358398 -0.957519531 -0.234619141
vn -0.720703125 -0.64453125 -0.254638672
vn -0.884277344 -0.377685547 -0.275390625
vn -0.637695312 -0.5625 -0.525878906
vn -0.339599609 -0.765136719 -0.546875
vn -0.266113281 -0.526367188 -0.807128906
vn -0.7890625 -0.294677734 -0.538574219
vn -0.568359375 -0.225219727 -0.791015625
vn -0.823730469 -0.0791625977 -0.561523438
vn -0.943847656 -0.152587891 -0.29296875
vn 0.0970458984 -0.955566406 0.278076172
vn 0.00448989868 -0.978027344 -0.208007812
vn -0.0554504395 -0.966796875 0.248535156
vn -0.743164062 0.496337891 -0.448974609
vn -0.654296875 0.741210938 0.149780273
vn -0.896972656 0.404296875 -0.177978516
vn 0.0788574219 -0.823242188 -0.562011719
vn 0.577636719 -0.474365234 -0.664550781
vn -0.167724609 -0.688476562 -0.705566406
vn 0.826171875 0.0573120117 -0.560546875
vn 0.649902344 0.00759887695 -0.759765625
vn 0.603027344 -0.249755859 -0.757324219
vn 0.786132812 -0.234130859 -0.572265625
vn 0.512207031 -0.390869141 -0.764648438
vn 0.942382812 0.0810546875 -0.325195312
vn 0.895996094 -0.227050781 -0.381835938
vn 0.984375 0.114257812 -0.133056641
vn 0.701171875 -0.405761719 -0.5859375
vn 0.956542969 -0.213989258 -0.197387695
vn 0.986816406 0.159301758 0.0315551758
vn 0.836914062 -0.386230469 -0.387451172
vn 0.556152344 -0.604003906 -0.570800781
vn 0.697753906 -0.610351562 -0.374755859
vn 0.9140625 -0.342773438 -0.217285156
vn 0.984375 -0.169555664 0.0491638184
vn 0.807617188 -0.5546875 -0.19934082
vn 0.958496094 -0.284179688 -0.0161895752
vn 0.954589844 -0.0687866211 0.290527344
vn 0.887207031 -0.460693359 -0.0320129395
vn 0.942871094 -0.204345703 0.263671875
vn 0.896484375 -0.366699219 0.249267578
vn 0.820800781 -0.110229492 0.560546875
vn 0.847167969 0.118225098 0.518066406
vn 0.956054688 0.205932617 0.209350586
vn 0.741699219 -0.33203125 0.583007812
vn 0.571777344 -0.58984375 0.569824219
vn 0.768066406 -0.572265625 0.287353516
vn 0.701171875 -0.705078125 0.103759766
vn 0.428466797 -0.805664062 0.409179688
vn 0.59765625 -0.796386719 -0.0908813477
vn 0.473632812 -0.83203125 -0.289550781
vn 0.287353516 -0.940917969 0.17980957
vn 0.786132812 -0.234130859 -0.572265625
vn 0.512207031 -0.390869141 -0.764648438
vn 0.701171875 -0.405761719 -0.5859375
vn 0.556152344 -0.604003906 -0.570800781
vn 0.411865234 -0.534667969 -0.737792969
vn 0.222900391 -0.703613281 -0.674804688
vn 0.337158203 -0.802734375 -0.491699219
vn -0.071105957 -0.802734375 -0.592285156
vn 0.117370605 -0.563476562 -0.817871094
vn -0.0777587891 -0.587402344 -0.805664062
vn 0.293457031 -0.330322266 -0.896972656
vn 0.218139648 -0.437011719 -0.872558594
vn 0.00997924805 -0.381835938 -0.924316406
vn 0.374511719 -0.208129883 -0.903320312
vn 0.205322266 -0.0748901367 -0.976074219
vn 0.603027344 -0.249755859 -0.757324219
vn 0.649902344 0.00759887695 -0.759765625
vn 0.46484375 -0.0128097534 -0.885253906
vn 0.385253906 0.173706055 -0.90625
vn 0.268310547 0.313232422 -0.911132812
vn -0.254638672 -0.591796875 -0.764648438
vn -0.310791016 -0.817871094 -0.484619141
vn -0.456054688 -0.575195312 -0.679199219
vn 0.102172852 -0.249633789 -0.962890625
vn -0.150146484 -0.353271484 -0.923339844
vn 0.0648803711 0.0543823242 -0.996582031
vn 0.115539551 0.397460938 -0.91015625
vn -0.0554199219 -0.161621094 -0.985351562
vn -0.0904541016 0.139404297 -0.986328125
vn -0.0590209961 0.452148438 -0.890136719
vn -0.216552734 -0.0791015625 -0.973144531
vn -0.335205078 -0.304931641 -0.891601562
vn -0.255615234 0.189697266 -0.947753906
vn -0.217041016 0.497070312 -0.840332031
vn -0.392578125 -0.00168037415 -0.919921875
vn -0.666015625 -0.491699219 -0.560546875
vn -0.509277344 -0.786132812 -0.350341797
vn -0.684082031 -0.692382812 -0.229125977
vn -0.416748047 0.221313477 -0.881835938
vn -0.326416016 0.549804688 -0.769042969
vn -0.540527344 -0.217163086 -0.8125
vn -0.555664062 0.0516357422 -0.829589844
vn -0.652832031 0.0584106445 -0.755371094
vn -0.517578125 0.249389648 -0.818359375
vn -0.595703125 0.302734375 -0.744140625
vn -0.390136719 0.614257812 -0.686035156
vn -0.422607422 0.679199219 -0.600097656
vn -0.810058594 -0.37109375 -0.453613281
vn -0.811523438 -0.565429688 -0.147583008
vn -0.701171875 -0.130737305 -0.700683594
vn -0.874511719 -0.280761719 -0.395263672
vn -0.778808594 -0.0952758789 -0.619628906
vn -0.838867188 -0.0863647461 -0.537597656
vn -0.908691406 -0.224243164 -0.3515625
vn -0.744628906 0.0573120117 -0.665039062
vn -0.899414062 -0.0745239258 -0.430664062
vn -0.932128906 -0.174926758 -0.317382812
vn -0.963378906 -0.0961914062 -0.250976562
vn -0.916015625 0.145629883 -0.374023438
vn -0.8359375 0.0833740234 -0.542480469
vn -0.658203125 0.409179688 -0.631835938
vn -0.655761719 0.592285156 -0.468261719
vn -0.300292969 0.847167969 -0.437988281
vn -0.625488281 0.760253906 -0.177246094
vn -0.966796875 0.254882812 -0.0230865479
vn -0.456054688 -0.575195312 -0.679199219
vn -0.509277344 -0.786132812 -0.350341797
vn -0.310791016 -0.817871094 -0.484619141
vn -0.466308594 -0.884277344 -0.0299682617
vn -0.623046875 -0.778808594 0.0755004883
vn -0.684082031 -0.692382812 -0.229125977
vn -0.811523438 -0.565429688 -0.147583008
vn -0.666015625 -0.491699219 -0.560546875
vn -0.741210938 -0.653808594 0.153320312
vn -0.888671875 -0.446289062 -0.10369873
vn -0.810058594 -0.37109375 -0.453613281
vn -0.874511719 -0.280761719 -0.395263672
vn -0.908691406 -0.224243164 -0.3515625
vn -0.934570312 -0.348144531 -0.075378418
vn -0.932128906 -0.174926758 -0.317382812
vn -0.961914062 -0.248413086 -0.114868164
vn -0.963378906 -0.0961914062 -0.250976562
vn -0.881835938 -0.415283203 0.223388672
vn -0.934570312 -0.309814453 0.175170898
vn -0.9921875 -0.0975341797 0.076965332
vn -0.824707031 -0.525878906 0.207885742
vn -0.76171875 -0.430175781 0.484619141
vn -0.695800781 -0.529296875 0.485595703
vn -0.816894531 -0.317382812 0.481689453
vn -0.513671875 -0.477539062 0.712402344
vn -0.590332031 -0.400634766 0.700683594
vn -0.605957031 -0.651855469 0.456054688
vn -0.415283203 -0.568847656 0.709960938
vn -0.490478516 -0.778808594 0.391113281
vn -0.296142578 -0.678222656 0.672851562
vn -0.344482422 -0.891601562 0.293945312
vn -0.160644531 -0.7890625 0.593261719
vn -0.623046875 -0.272949219 0.733398438
vn -0.412597656 -0.209472656 0.88671875
vn -0.873046875 -0.0732421875 0.481689453
vn -0.966796875 0.254882812 -0.0230865479
vn -0.834960938 0.328613281 0.44140625
vn -0.916015625 0.145629883 -0.374023438
vn -0.271728516 -0.947753906 -0.166259766
vn -0.158325195 -0.976074219 0.150512695
vn 0.00998687744 -0.895507812 0.4453125
vn 0.0108032227 -0.940429688 -0.339111328
vn 0.138793945 -0.987792969 -0.0721435547
vn -0.071105957 -0.802734375 -0.592285156
vn -0.0777587891 -0.587402344 -0.805664062
vn 0.337158203 -0.802734375 -0.491699219
vn 0.287353516 -0.940917969 0.17980957
vn 0.428466797 -0.805664062 0.409179688
vn 0.473632812 -0.83203125 -0.289550781
vn 0.556152344 -0.604003906 -0.570800781
vn 0.697753906 -0.610351562 -0.374755859
vn 0.807617188 -0.5546875 -0.19934082
vn -0.76171875 -0.430175781 0.484619141
vn -0.590332031 -0.400634766 0.700683594
vn -0.513671875 -0.477539062 0.712402344
vn -0.388671875 -0.340820312 0.855957031
vn -0.412597656 -0.209472656 0.88671875
vn -0.294189453 -0.387695312 0.873535156
vn -0.193725586 -0.434326172 0.879882812
vn -0.415283203 -0.568847656 0.709960938
vn -0.0891113281 -0.509277344 0.855957031
vn -0.296142578 -0.678222656 0.672851562
vn 0.0291595459 -0.610351562 0.791503906
vn -0.160644531 -0.7890625 0.593261719
vn 0.185424805 -0.726074219 0.662109375
vn 0.00998687744 -0.895507812 0.4453125
vn 0.428466797 -0.805664062 0.409179688
vn 0.348632812 -0.514648438 0.783691406
vn 0.571777344 -0.58984375 0.569824219
vn 0.182983398 -0.417480469 0.890136719
vn 0.0680541992 -0.329589844 0.941894531
vn -0.0028591156 -0.279052734 0.960449219
vn 0.513183594 -0.265380859 0.815917969
vn 0.741699219 -0.33203125 0.583007812
vn 0.820800781 -0.110229492 0.560546875
vn 0.215332031 -0.129882812 0.967773438
vn 0.339599609 -0.190429688 0.920898438
vn -0.0753173828 -0.2578125 0.963378906
vn 0.630371094 -0.00135993958 0.776367188
vn 0.847167969 0.118225098 0.518066406
vn 0.708007812 0.270019531 0.65234375
vn 0.622558594 0.326171875 0.711425781
vn 0.495117188 0.0697631836 0.866210938
vn 0.393554688 0.0993041992 0.9140625
vn 0.154174805 -0.0982055664 0.982910156
vn 0.315673828 0.112243652 0.942382812
vn 0.109558105 -0.0631103516 0.9921875
vn 0.241455078 0.15234375 0.958496094
vn 0.0342102051 -0.00773620605 0.999511719
vn 0.163330078 0.213012695 0.963378906
vn 0.062286377 0.250488281 0.966308594
vn -0.167602539 -0.222167969 0.960449219
vn -0.0919189453 0.0332641602 0.995117188
vn -0.235961914 -0.15612793 0.958984375
vn -0.306640625 0.00802612305 0.951660156
vn -0.143676758 0.271240234 0.951660156
vn -0.594726562 -0.0296630859 0.803222656
vn -0.623046875 -0.272949219 0.733398438
vn -0.873046875 -0.0732421875 0.481689453
vn -0.834960938 0.328613281 0.44140625
vn -0.50390625 0.315673828 0.804199219
vn -0.202026367 0.816894531 0.540527344
vn 0.0687255859 0.688476562 0.721679688
vn 0.622558594 0.326171875 0.711425781
vn 0.630371094 -0.00135993958 0.776367188
vn 0.495117188 0.0697631836 0.866210938
vn 0.557128906 0.337158203 0.758789062
vn 0.393554688 0.0993041992 0.9140625
vn 0.475097656 0.351806641 0.806640625
vn 0.315673828 0.112243652 0.942382812
vn 0.65625 0.559570312 0.506347656
vn 0.690429688 0.54296875 0.478027344
vn 0.708007812 0.270019531 0.65234375
vn 0.752929688 0.506347656 0.420166016
vn 0.847167969 0.118225098 0.518066406
vn 0.868652344 0.389648438 0.306152344
vn 0.956054688 0.205932617 0.209350586
vn 0.576660156 0.600585938 0.553710938
vn 0.370361328 0.40234375 0.837402344
vn 0.241455078 0.15234375 0.958496094
vn 0.455810547 0.665527344 0.590820312
vn 0.277587891 0.475097656 0.834960938
vn 0.163330078 0.213012695 0.963378906
vn 0.349609375 0.723632812 0.595214844
vn 0.062286377 0.250488281 0.966308594
vn 0.211303711 0.562011719 0.799804688
vn -0.143676758 0.271240234 0.951660156
vn 0.272949219 0.7578125 0.592773438
vn 0.0687255859 0.688476562 0.721679688
vn 0.217773438 0.900390625 0.376953125
vn 0.101501465 0.984863281 0.141967773
vn -0.202026367 0.816894531 0.540527344
vn -0.477783203 0.854003906 0.206665039
vn -0.0132064819 0.998046875 -0.0575561523
vn -0.625488281 0.760253906 -0.177246094
vn -0.154663086 0.958984375 -0.236816406
vn -0.655761719 0.592285156 -0.468261719
vn -0.300292969 0.847167969 -0.437988281
vn 0.956542969 -0.213989258 -0.197387695
vn 0.984375 -0.169555664 0.0491638184
vn 0.986816406 0.159301758 0.0315551758
vn 0.954589844 -0.0687866211 0.290527344
vn -0.966796875 0.254882812 -0.0230865479
vn -0.625488281 0.760253906 -0.177246094
vn -0.477783203 0.854003906 0.206665039
vn -0.834960938 0.328613281 0.44140625
vn -0.50390625 0.315673828 0.804199219
vn -0.202026367 0.816894531 0.540527344
vn 0.0676879883 -0.5546875 -0.829589844
vn 0.0563354492 -0.807128906 -0.587890625
vn 0.182128906 -0.708496094 -0.682128906
vn -0.0733642578 -0.655273438 -0.751953125
vn -0.0499267578 -0.37109375 -0.927246094
vn -0.208862305 -0.464599609 -0.860351562
vn -0.329589844 -0.256835938 -0.908691406
vn -0.137329102 -0.14050293 -0.98046875
vn -0.444091797 -0.0116348267 -0.895996094
vn -0.204956055 0.109680176 -0.97265625
vn 0.251953125 0.885742188 -0.389892578
vn -0.00158691406 0.956054688 -0.29296875
vn -0.0879516602 0.919433594 -0.383544922
vn -0.276611328 0.897949219 -0.342285156
vn -0.207641602 0.951660156 -0.227050781
vn -0.159179688 0.838867188 -0.520507812
vn 0.0741577148 0.827148438 -0.557128906
vn 0.24597168 0.684082031 -0.686523438
vn -0.0385742188 0.721191406 -0.69140625
vn -0.320068359 0.819335938 -0.475341797
vn -0.265380859 0.729492188 -0.630371094
vn -0.467285156 0.77734375 -0.420898438
vn -0.448486328 0.692871094 -0.564453125
vn -0.443847656 0.851074219 -0.280517578
vn -0.396484375 0.905761719 -0.148071289
vn -0.134521484 0.984375 -0.114807129
vn -0.331542969 0.942871094 -0.0335388184
vn -0.602539062 0.7734375 -0.196166992
vn -0.617675781 0.708007812 -0.342041016
vn -0.615234375 0.614257812 -0.493896484
vn -0.391357422 0.563964844 -0.727050781
vn -0.5625 0.823242188 -0.0735473633
vn -0.500976562 0.864746094 0.0362854004
vn -0.269775391 0.958007812 0.0971679688
vn -0.427734375 0.886230469 0.178344727
vn -0.362548828 0.873046875 0.325683594
vn -0.202636719 0.953125 0.225585938
vn -0.305664062 0.846191406 0.436523438
vn -0.0202178955 0.993164062 0.114807129
vn -0.14855957 0.926757812 0.344970703
vn -0.224731445 0.803222656 0.551757812
vn 0.0194244385 0.970214844 0.240966797
vn 0.202026367 0.972167969 0.120117188
vn -0.0740356445 0.880371094 0.468505859
vn 0.0791625977 0.927734375 0.364746094
vn 0.225463867 0.943359375 0.243774414
vn 0.352050781 0.856445312 0.376953125
vn 0.160522461 0.866210938 0.473388672
vn 0.0271606445 0.817871094 0.574707031
vn -0.124450684 0.747070312 0.653320312
vn 0.348632812 0.768066406 0.537109375
vn 0.170776367 0.73828125 0.65234375
vn 0.00211143494 0.659179688 0.751953125
vn 0.326171875 0.614257812 0.71875
vn 0.510742188 0.665527344 0.544433594
vn -0.197387695 -0.743164062 -0.639160156
vn -0.308105469 -0.79296875 -0.525878906
vn -0.151000977 -0.887695312 -0.434570312
vn -0.0520324707 -0.862304688 -0.503417969
vn -0.0412597656 -0.927734375 -0.370361328
vn -0.241455078 -0.896484375 -0.37109375
vn -0.157592773 -0.938964844 -0.305664062
vn 0.0617675781 -0.907714844 -0.415527344
vn 0.0563354492 -0.807128906 -0.587890625
vn 0.175415039 -0.874511719 -0.452636719
vn 0.270019531 -0.876953125 -0.396972656
vn 0.147460938 -0.922363281 -0.356445312
vn 0.204833984 -0.946289062 -0.250488281
vn 0.337890625 -0.884765625 -0.320556641
vn 0.278076172 -0.955078125 -0.104614258
vn 0.418701172 -0.891113281 -0.174926758
vn 0.487060547 -0.873046875 -0.0216827393
vn 0.0242004395 -0.95703125 -0.288574219
vn -0.10369873 -0.971679688 -0.211669922
vn 0.0754394531 -0.982421875 -0.169921875
vn 0.353271484 -0.934570312 0.0440979004
vn 0.497314453 -0.864257812 0.0740966797
vn -0.245849609 -0.958007812 -0.146240234
vn -0.278320312 -0.930664062 -0.237304688
vn -0.201782227 -0.979003906 -0.029800415
vn -0.421630859 -0.90234375 -0.0897827148
vn -0.0547180176 -0.993652344 -0.0983276367
vn 0.143310547 -0.989257812 -0.0305023193
vn 0.215698242 -0.970703125 0.104736328
vn 0.00914001465 -0.999511719 0.034362793
vn 0.0781860352 -0.983398438 0.163452148
vn 0.381347656 -0.912597656 0.146118164
vn 0.272705078 -0.937011719 0.217651367
vn 0.297363281 -0.900878906 0.315917969
vn 0.396728516 -0.881347656 0.257324219
vn 0.512207031 -0.836425781 0.196411133
vn 0.533691406 -0.770507812 0.348388672
vn 0.134155273 -0.953125 0.271484375
vn 0.404785156 -0.829101562 0.385986328
vn 0.569335938 -0.612304688 0.548828125
vn 0.412109375 -0.690917969 0.59375
vn 0.291259766 -0.848144531 0.442138672
vn 0.257568359 -0.749511719 0.609863281
vn 0.130493164 -0.77734375 0.615234375
vn 0.18359375 -0.86328125 0.470214844
vn 0.178955078 -0.913574219 0.365722656
vn 0.0997314453 -0.866699219 0.488525391
vn 0.0320739746 -0.811035156 0.583984375
vn 0.0498352051 -0.905273438 0.422363281
vn -0.0748901367 -0.843261719 0.532714844
vn -0.00232505798 -0.938964844 0.344726562
vn -0.0677490234 -0.968261719 0.239746094
vn -0.139282227 -0.984375 0.108642578
vn -0.236206055 -0.911132812 0.337158203
vn -0.317138672 -0.927734375 0.197265625
vn -0.381347656 -0.923339844 0.0434265137
vn -0.612792969 -0.789550781 -0.0399475098
vn -0.625976562 -0.757324219 -0.185180664
vn -0.4375 -0.874511719 -0.208618164
vn -0.432128906 -0.84375 -0.319091797
vn -0.606445312 -0.724121094 -0.327880859
vn -0.612792969 -0.789550781 -0.0399475098
vn -0.577148438 -0.80859375 0.116333008
vn -0.381347656 -0.923339844 0.0434265137
vn -0.783691406 -0.621582031 0.00645446777
vn -0.795410156 -0.5859375 -0.155029297
vn -0.625976562 -0.757324219 -0.185180664
vn -0.780273438 -0.542480469 -0.310546875
vn -0.606445312 -0.724121094 -0.327880859
vn -0.567382812 -0.680175781 -0.463867188
vn -0.737304688 -0.486328125 -0.468994141
vn -0.383544922 -0.825195312 -0.414306641
vn -0.432128906 -0.84375 -0.319091797
vn -0.493652344 -0.618652344 -0.611328125
vn -0.308105469 -0.79296875 -0.525878906
vn -0.151000977 -0.887695312 -0.434570312
vn -0.241455078 -0.896484375 -0.37109375
vn -0.197387695 -0.743164062 -0.639160156
vn -0.304443359 -0.90234375 -0.305419922
vn -0.157592773 -0.938964844 -0.305664062
vn -0.278320312 -0.930664062 -0.237304688
vn -0.4375 -0.874511719 -0.208618164
vn -0.421630859 -0.90234375 -0.0897827148
vn -0.245849609 -0.958007812 -0.146240234
vn -0.65625 -0.420898438 -0.625976562
vn -0.774414062 -0.238037109 -0.5859375
vn -0.364990234 -0.554199219 -0.748046875
vn -0.522460938 -0.353271484 -0.776367188
vn -0.208862305 -0.464599609 -0.860351562
vn -0.0733642578 -0.655273438 -0.751953125
vn -0.0520324707 -0.862304688 -0.503417969
vn 0.0563354492 -0.807128906 -0.587890625
vn -0.329589844 -0.256835938 -0.908691406
vn -0.650390625 -0.142211914 -0.74609375
vn -0.732910156 0.104919434 -0.671875
vn -0.444091797 -0.0116348267 -0.895996094
vn -0.549316406 0.24609375 -0.798339844
vn 0.182128906 -0.708496094 -0.682128906
vn 0.0563354492 -0.807128906 -0.587890625
vn 0.175415039 -0.874511719 -0.452636719
vn 0.306396484 -0.796875 -0.520996094
vn 0.270019531 -0.877441406 -0.396972656
vn 0.305908203 -0.610351562 -0.730957031
vn 0.189208984 -0.467285156 -0.863769531
vn 0.0676879883 -0.5546875 -0.829589844
vn -0.0499267578 -0.37109375 -0.927246094
vn 0.393066406 -0.811523438 -0.432617188
vn 0.457519531 -0.811035156 -0.364257812
vn 0.337890625 -0.884765625 -0.320556641
vn 0.418701172 -0.891113281 -0.174926758
vn 0.431152344 -0.690917969 -0.580078125
vn 0.502929688 -0.713378906 -0.487792969
vn 0.416748047 -0.5078125 -0.75390625
vn 0.568359375 -0.710449219 -0.414550781
vn 0.0873413086 -0.269287109 -0.958984375
vn 0.00666427612 -0.01612854 -1
vn -0.137329102 -0.14050293 -0.98046875
vn 0.170532227 0.142578125 -0.975097656
vn 0.259521484 -0.139770508 -0.955566406
vn 0.330566406 -0.353027344 -0.875
vn 0.498535156 -0.214233398 -0.83984375
vn 0.471435547 0.00242233276 -0.881835938
vn 0.643066406 0.154296875 -0.75
vn 0.529296875 -0.380615234 -0.758300781
vn 0.666015625 -0.13671875 -0.732910156
vn 0.641601562 -0.390625 -0.66015625
vn 0.757324219 -0.16027832 -0.633300781
vn 0.538574219 -0.567871094 -0.622558594
vn 0.701171875 -0.3984375 -0.591308594
vn 0.794921875 -0.248413086 -0.553710938
vn 0.748046875 -0.399658203 -0.529785156
vn 0.827148438 -0.398193359 -0.396240234
vn 0.614746094 -0.578613281 -0.536132812
vn 0.669921875 -0.579101562 -0.464355469
vn 0.739746094 0.0106735229 -0.672363281
vn 0.741210938 0.164428711 -0.650390625
vn 0.763183594 0.0057182312 -0.645996094
vn 0.75390625 0.0809326172 -0.651855469
vn 0.739746094 -0.578125 -0.344482422
vn 0.747558594 -0.168212891 -0.642578125
vn 0.639160156 -0.712402344 -0.290283203
vn 0.530761719 -0.814941406 -0.232421875
vn 0.58984375 -0.802246094 -0.0894165039
vn 0.487060547 -0.873046875 -0.0216827393
vn 0.497314453 -0.864257812 0.0740356445
vn 0.692382812 -0.703125 -0.161499023
vn 0.61328125 -0.790039062 0.000702381134
vn 0.79296875 -0.568847656 -0.217773438
vn 0.625488281 -0.770507812 0.122009277
vn 0.512207031 -0.8359375 0.196411133
vn 0.716308594 -0.694335938 -0.0698242188
vn 0.673339844 -0.671875 0.308105469
vn 0.533691406 -0.770507812 0.348388672
vn 0.71875 -0.503417969 0.479492188
vn 0.569335938 -0.612304688 0.548828125
vn 0.724121094 -0.3125 0.615234375
vn 0.817382812 -0.418457031 0.395751953
vn 0.787109375 -0.572265625 0.23034668
vn 0.742675781 -0.66796875 0.0476379395
vn 0.818359375 -0.560058594 -0.129882812
vn 0.870605469 -0.470947266 0.143554688
vn 0.828613281 -0.201782227 0.522460938
vn 0.813964844 0.0556945801 0.578125
vn 0.889160156 0.212036133 0.405273438
vn 0.924316406 -0.0896606445 0.371337891
vn 0.912597656 -0.295166016 0.282958984
vn 0.98046875 -0.170043945 0.0980224609
vn 0.882324219 -0.394287109 -0.257080078
vn 0.926757812 -0.228637695 -0.298583984
vn 0.90625 -0.382568359 -0.17980957
vn 0.862304688 -0.295410156 -0.411376953
vn 0.873046875 -0.268798828 -0.407226562
vn 0.935546875 -0.348876953 0.0579223633
vn 0.838867188 -0.543945312 -0.0196380615
vn 0.930664062 -0.357421875 -0.0802612305
vn 0.986816406 -0.127197266 -0.100036621
vn 0.969238281 -0.135498047 -0.205810547
vn 0.980957031 0.172241211 -0.0880737305
vn 0.985839844 0.0456848145 0.160522461
vn 0.96875 0.0252838135 -0.246948242
vn 0.988769531 0.0863037109 -0.122802734
vn 0.961425781 0.169311523 -0.216674805
vn 0.971679688 0.101928711 -0.213867188
vn 0.916015625 0.380371094 -0.126708984
vn 0.854980469 0.517578125 -0.0361938477
vn 0.877441406 0.446044922 -0.177124023
vn 0.939941406 0.257324219 -0.223266602
vn 0.974121094 0.211547852 0.0785522461
vn 0.994140625 0.0011844635 -0.106445312
vn 0.973632812 -0.0778808594 -0.213500977
vn 0.98046875 -0.110229492 -0.162841797
vn 0.959960938 0.0344848633 -0.278076172
vn 0.943359375 -0.149780273 -0.296386719
vn 0.939453125 -0.127929688 -0.317871094
vn 0.892089844 -0.00205993652 -0.451660156
vn 0.883789062 -0.177368164 -0.432861328
vn 0.809570312 -0.16015625 -0.564453125
vn 0.874023438 -0.151855469 -0.461914062
vn 0.8828125 -0.141479492 -0.447509766
vn 0.887207031 -0.169799805 -0.428710938
vn 0.81640625 -0.0944213867 -0.569335938
vn 0.807617188 0.0222320557 -0.589355469
vn 0.767089844 -0.0972900391 -0.634277344
vn 0.681640625 0.00653076172 -0.731933594
vn 0.00666427612 -0.01612854 -1
vn -0.204956055 0.109680176 -0.97265625
vn -0.137329102 -0.14050293 -0.98046875
vn -0.0177612305 0.244018555 -0.969726562
vn -0.299316406 0.357910156 -0.884765625
vn 0.170532227 0.142578125 -0.975097656
vn -0.0340270996 0.472900391 -0.880371094
vn -0.391357422 0.563964844 -0.727050781
vn 0.188232422 0.580078125 -0.792480469
vn -0.137939453 0.625488281 -0.767578125
vn -0.265380859 0.729492188 -0.630371094
vn -0.448486328 0.692871094 -0.564453125
vn -0.0385742188 0.721191406 -0.69140625
vn 0.118896484 0.630371094 -0.767089844
vn 0.373779297 0.610351562 -0.698242188
vn 0.24597168 0.684082031 -0.686523438
vn 0.151977539 0.428222656 -0.890625
vn 0.383300781 0.65234375 -0.653808594
vn 0.558105469 0.572265625 -0.601074219
vn 0.338623047 0.60546875 -0.720214844
vn 0.429443359 0.733886719 -0.526367188
vn 0.382324219 0.320556641 -0.866699219
vn 0.471435547 0.00242233276 -0.881835938
vn 0.259521484 -0.139770508 -0.955566406
vn 0.532226562 0.506347656 -0.678222656
vn 0.643066406 0.154296875 -0.75
vn 0.643554688 0.380126953 -0.664550781
vn 0.741210938 0.164428711 -0.650390625
vn 0.505371094 0.680175781 -0.53125
vn 0.516113281 0.686523438 -0.512695312
vn 0.543457031 0.628417969 -0.556640625
vn 0.393066406 0.769042969 -0.504394531
vn 0.620117188 0.440673828 -0.648925781
vn 0.516113281 0.644042969 -0.564453125
vn 0.331787109 0.774902344 -0.538085938
vn 0.333984375 0.823730469 -0.457763672
vn 0.724121094 0.262451172 -0.637695312
vn 0.75390625 0.0809326172 -0.651855469
vn 0.518066406 0.143188477 -0.843261719
vn 0.681640625 0.00653076172 -0.731933594
vn 0.413330078 0.357421875 -0.837402344
vn 0.164794922 0.49609375 -0.852539062
vn -0.0203857422 0.660644531 -0.75
vn -0.125488281 0.770019531 -0.625976562
vn 0.361572266 0.856445312 -0.368408203
vn 0.501464844 0.779296875 -0.375976562
vn 0.397460938 0.842285156 -0.364013672
vn 0.496826172 0.778808594 -0.383544922
vn 0.459472656 0.849121094 -0.260986328
vn 0.483154297 0.734863281 -0.475830078
vn 0.67578125 0.64453125 -0.357910156
vn 0.451660156 0.861816406 -0.230224609
vn 0.671875 0.565429688 -0.478759766
vn 0.430175781 0.682617188 -0.590820312
vn 0.552734375 0.689941406 -0.467041016
vn 0.174926758 0.870605469 -0.459716797
vn 0.0741577148 0.827148438 -0.557128906
vn -0.0879516602 0.919433594 -0.383544922
vn 0.251953125 0.885742188 -0.389892578
vn 0.681640625 0.627441406 -0.376464844
vn 0.391601562 0.863769531 -0.317382812
vn -0.00158691406 0.956054688 -0.29296875
vn 0.672851562 0.676757812 -0.298828125
vn 0.6875 0.624511719 -0.370605469
vn 0.710449219 0.6171875 -0.338134766
vn 0.686523438 0.65625 -0.313720703
vn 0.426269531 0.870605469 -0.24609375
vn 0.504882812 0.825195312 -0.254150391
vn 0.487304688 0.838378906 -0.244628906
vn 0.506347656 0.838378906 -0.201416016
vn 0.518066406 0.844726562 -0.134033203
vn 0.606445312 0.787109375 -0.114196777
vn 0.5625 0.822753906 -0.0808105469
vn 0.596679688 0.782226562 -0.180419922
vn 0.64453125 0.741699219 -0.185058594
vn 0.553710938 0.832519531 -0.0194702148
vn 0.397705078 0.810058594 0.431152344
vn 0.580566406 0.813964844 -0.0104141235
vn 0.587402344 0.689941406 0.423339844
vn 0.597167969 0.798828125 -0.073425293
vn 0.658203125 0.749023438 -0.0760498047
vn 0.729492188 0.680175781 -0.0715332031
vn 0.784667969 0.53125 0.319580078
vn 0.770019531 0.632324219 -0.0845336914
vn 0.877441406 0.446044922 -0.177124023
vn 0.895996094 0.405029297 0.181884766
vn 0.974121094 0.211547852 0.0785522461
vn 0.916015625 0.380371094 -0.126708984
vn 0.854980469 0.517578125 -0.0361938477
vn 0.915527344 0.356445312 0.186157227
vn 0.985839844 0.0456848145 0.160522461
vn 0.980957031 0.172241211 -0.0880737305
vn 0.889160156 0.212036133 0.405273438
vn 0.924316406 -0.0896606445 0.371337891
vn 0.98046875 -0.170043945 0.0980224609
vn 0.767578125 0.626464844 0.136230469
vn 0.733398438 0.670410156 0.11151123
vn 0.787597656 0.477294922 0.389648438
vn 0.752929688 0.303222656 0.584472656
vn 0.813964844 0.0556945801 0.578125
vn 0.627929688 0.185546875 0.755859375
vn 0.495361328 0.427246094 0.756347656
vn 0.309570312 0.309082031 0.899414062
vn 0.625 0.545898438 0.557617188
vn 0.709472656 0.602050781 0.365966797
vn 0.510742188 0.665527344 0.544433594
vn 0.725097656 0.680175781 -0.109069824
vn 0.793457031 0.599609375 -0.104736328
vn 0.763671875 0.639648438 0.0853881836
vn 0.645019531 0.683105469 0.342529297
vn 0.501953125 0.776855469 0.380126953
vn 0.348632812 0.768066406 0.537109375
vn 0.160522461 0.866210938 0.473388672
vn 0.352050781 0.856445312 0.376953125
vn 0.67578125 0.716796875 0.17199707
vn 0.757324219 0.614746094 -0.221069336
vn 0.700683594 0.712402344 -0.036895752
vn 0.711914062 0.677734375 -0.183959961
vn 0.458496094 0.860839844 0.219970703
vn 0.225463867 0.943359375 0.243774414
vn 0.442871094 0.892578125 0.0874023438
vn 0.447509766 0.894042969 -0.0165710449
vn 0.202026367 0.972167969 0.120117188
vn 0.462158203 0.869628906 -0.173828125
vn 0.181274414 0.983398438 -0.00539016724
vn -0.0202178955 0.993164062 0.114807129
vn 0.162353516 0.979492188 -0.118896484
vn -0.0745239258 0.997070312 -0.0102386475
vn -0.269775391 0.958007812 0.0971679688
vn 0.0801391602 0.9765625 -0.200927734
vn -0.134521484 0.984375 -0.114807129
vn -0.331542969 0.942871094 -0.0335388184
vn -0.207641602 0.951660156 -0.227050781
vn -0.391357422 0.563964844 -0.727050781
vn -0.615234375 0.614257812 -0.493896484
vn -0.602539062 0.464355469 -0.648925781
vn -0.299316406 0.357910156 -0.884765625
vn -0.549804688 0.24609375 -0.798339844
vn -0.204956055 0.109680176 -0.97265625
vn -0.444091797 -0.0116348267 -0.895996094
vn -0.617675781 0.708007812 -0.342041016
vn -0.758789062 0.514160156 -0.400146484
vn -0.615234375 0.614257812 -0.493896484
vn -0.749023438 0.614746094 -0.247070312
vn -0.728027344 0.67578125 -0.115112305
vn -0.823242188 0.565917969 -0.0403442383
vn -0.602539062 0.7734375 -0.196166992
vn -0.692382812 0.721191406 -0.0112838745
vn -0.5625 0.823242188 -0.0735473633
vn -0.500976562 0.864746094 0.036315918
vn -0.732910156 0.104919434 -0.671875
vn -0.549316406 0.24609375 -0.798339844
vn -0.602539062 0.464111328 -0.648925781
vn -0.761230469 0.342041016 -0.551269531
vn -0.615234375 0.614257812 -0.493896484
vn -0.758789062 0.514160156 -0.400146484
vn -0.881835938 0.385742188 -0.271972656
vn -0.749023438 0.614746094 -0.247070312
vn -0.854980469 -0.0302429199 -0.517578125
vn -0.774414062 -0.238037109 -0.5859375
vn -0.854980469 0.499023438 -0.140991211
vn -0.823242188 0.565917969 -0.0403442383
vn -0.888671875 0.199829102 -0.412109375
vn -0.855957031 -0.297851562 -0.422607422
vn -0.737304688 -0.486328125 -0.468994141
vn -0.934082031 -0.10534668 -0.340576172
vn -0.902832031 -0.340087891 -0.262939453
vn -0.780273438 -0.542480469 -0.310546875
vn -0.795410156 -0.5859375 -0.155029297
vn -0.966308594 0.0954589844 -0.239501953
vn -0.971679688 -0.137939453 -0.192382812
vn -0.91796875 -0.381347656 -0.111022949
vn -0.783691406 -0.621582031 0.00645446777
vn -0.954589844 0.265625 -0.134765625
vn -0.9921875 0.0503540039 -0.114379883
vn -0.984375 -0.166503906 -0.0577392578
vn -0.911621094 -0.406738281 0.0578308105
vn -0.921875 0.383300781 -0.0572814941
vn -0.979003906 0.198852539 -0.0490112305
vn -0.874511719 -0.422851562 0.236816406
vn -0.749511719 -0.635742188 0.184570312
vn -0.999511719 0.0315856934 -0.00964355469
vn -0.978027344 -0.186035156 0.0962524414
vn -0.896972656 0.441650391 0.0177001953
vn -0.803222656 -0.426025391 0.416259766
vn -0.678222656 -0.637695312 0.364990234
vn -0.871582031 -0.207519531 0.443847656
vn -0.699707031 -0.412597656 0.583496094
vn -0.771484375 -0.19152832 0.606933594
vn -0.895507812 0.00543212891 0.4453125
vn -0.943359375 -0.204956055 0.26171875
vn -0.962402344 0.00396347046 0.271240234
vn -0.992675781 0.0137634277 0.118164062
vn -0.943847656 0.198974609 0.263916016
vn -0.971679688 0.198608398 0.127685547
vn -0.979980469 0.197387695 0.0274810791
vn -0.928710938 0.350830078 0.119750977
vn -0.944824219 0.324951172 0.0459594727
vn -0.955078125 0.296630859 -0.00716781616
vn -0.87109375 0.482177734 0.0955200195
vn -0.899414062 0.365722656 0.238647461
vn -0.880371094 0.203613281 0.428222656
vn -0.834960938 0.510253906 0.205200195
vn -0.770019531 0.526367188 0.360107422
vn -0.749511719 0.642089844 0.161499023
vn -0.791503906 0.608886719 0.0489196777
vn -0.692382812 0.721191406 -0.0112838745
vn -0.641601562 0.760253906 0.101196289
vn -0.680664062 0.660644531 0.31640625
vn -0.500976562 0.864746094 0.036315918
vn -0.57421875 0.778320312 0.253662109
vn -0.427734375 0.886230469 0.178344727
vn -0.495849609 0.768066406 0.405029297
vn -0.534667969 0.629394531 0.563964844
vn -0.476318359 0.594726562 0.647949219
vn -0.565917969 0.46875 0.678222656
vn -0.418945312 0.534179688 0.734375
vn -0.270507812 0.654785156 0.705566406
vn -0.360351562 0.7109375 0.604003906
vn -0.430664062 0.745117188 0.509277344
vn -0.124511719 0.746582031 0.653320312
vn -0.155883789 0.556640625 0.815917969
vn 0.00214004517 0.659179688 0.751953125
vn -0.224731445 0.803222656 0.551757812
vn -0.305664062 0.846191406 0.436523438
vn -0.362548828 0.873046875 0.325683594
vn -0.495849609 0.768066406 0.405029297
vn -0.427734375 0.886230469 0.178344727
vn 0.724121094 -0.3125 0.615234375
vn 0.569335938 -0.612304688 0.548828125
vn 0.571289062 -0.407714844 0.712402344
vn 0.526367188 -0.186523438 0.829589844
vn 0.70703125 -0.0606994629 0.704589844
vn 0.813964844 0.0556945801 0.578125
vn 0.444580078 0.0532531738 0.894042969
vn 0.627929688 0.185546875 0.755859375
vn 0.309570312 0.309082031 0.899414062
vn 0.495361328 0.427246094 0.756347656
vn 0.143310547 0.517089844 0.84375
vn 0.326171875 0.614257812 0.71875
vn 0.00211143494 0.659179688 0.751953125
vn 0.625 0.545898438 0.557617188
vn 0.510742188 0.665527344 0.544433594
vn 0.00907897949 -0.170776367 0.985351562
vn -0.0982055664 0.0460510254 0.994140625
vn 0.0914916992 0.168823242 0.981445312
vn 0.213623047 -0.0778198242 0.973632812
vn 0.313232422 -0.290039062 0.904296875
vn 0.114440918 -0.360107422 0.92578125
vn -0.0670166016 -0.4296875 0.900390625
vn 0.203735352 -0.569824219 0.795898438
vn 0.0401000977 -0.629394531 0.775878906
vn 0.257568359 -0.749511719 0.609863281
vn 0.130493164 -0.77734375 0.615234375
vn 0.412109375 -0.690917969 0.59375
vn 0.377441406 -0.5 0.779296875
vn 0.571289062 -0.407714844 0.712402344
vn 0.569335938 -0.612304688 0.548828125
vn 0.526367188 -0.186523438 0.829589844
vn 0.444580078 0.0532836914 0.894042969
vn 0.309570312 0.309082031 0.899414062
vn 0.143310547 0.517089844 0.84375
vn -0.0403137207 0.392089844 0.918945312
vn -0.430664062 0.745117188 0.509277344
vn -0.476318359 0.594726562 0.647949219
vn -0.534667969 0.629394531 0.563964844
vn -0.495849609 0.768066406 0.405029297
vn -0.601074219 0.65234375 0.461669922
vn -0.680664062 0.660644531 0.31640625
vn -0.57421875 0.778320312 0.253662109
vn -0.770019531 0.526367188 0.360107422
vn -0.749511719 0.642089844 0.161499023
vn -0.684082031 0.520996094 0.510253906
vn -0.616699219 0.500976562 0.607421875
vn -0.565917969 0.46875 0.678222656
vn -0.747558594 0.374755859 0.548339844
vn -0.666503906 0.370849609 0.646484375
vn -0.611328125 0.352050781 0.708984375
vn -0.835449219 0.375732422 0.401123047
vn -0.899414062 0.365722656 0.238647461
vn -0.880371094 0.203613281 0.428222656
vn -0.785644531 0.210449219 0.581542969
vn -0.520996094 0.414550781 0.74609375
vn -0.418945312 0.534179688 0.734375
vn -0.326904297 0.428955078 0.842285156
vn -0.270507812 0.654785156 0.705566406
vn -0.155883789 0.556640625 0.815917969
vn -0.895507812 0.00543212891 0.4453125
vn -0.943847656 0.198974609 0.263916016
vn -0.962402344 0.00396347046 0.271240234
vn -0.0403137207 0.392089844 0.918945312
vn 0.00214004517 0.659179688 0.751953125
vn 0.143310547 0.517089844 0.84375
vn -0.796875 0.0169067383 0.603515625
vn -0.771484375 -0.19152832 0.606933594
vn -0.692871094 0.0360412598 0.720214844
vn -0.696777344 0.217529297 0.68359375
vn -0.657226562 -0.164428711 0.735351562
vn -0.699707031 -0.412597656 0.583496094
vn -0.619628906 0.225463867 0.751953125
vn -0.598632812 0.0585021973 0.798828125
vn -0.556640625 0.231445312 0.797851562
vn -0.583007812 0.328369141 0.743164062
vn -0.468017578 0.311523438 0.827148438
vn -0.509765625 0.0871582031 0.855957031
vn -0.541992188 -0.132568359 0.829589844
vn -0.395263672 0.139404297 0.908203125
vn -0.583496094 -0.381347656 0.716796875
vn -0.431884766 -0.104553223 0.895996094
vn -0.227416992 0.256103516 0.939453125
vn -0.457519531 -0.346435547 0.818847656
vn -0.466064453 -0.592773438 0.656738281
vn -0.290039062 -0.0539245605 0.955566406
vn -0.0982055664 0.0460510254 0.994140625
vn 0.0914916992 0.168823242 0.981445312
vn -0.178222656 -0.241577148 0.954101562
vn 0.00907897949 -0.170776367 0.985351562
vn -0.0670166016 -0.4296875 0.900390625
vn -0.326904297 -0.294189453 0.897949219
vn -0.341796875 -0.551269531 0.761230469
vn -0.213500977 -0.500488281 0.839355469
vn 0.0401000977 -0.629394531 0.775878906
vn -0.0803222656 -0.679199219 0.729492188
vn 0.130493164 -0.77734375 0.615234375
vn 0.0320739746 -0.811035156 0.583984375
vn -0.205322266 -0.724121094 0.658203125
vn -0.0748901367 -0.843261719 0.532714844
vn -0.313232422 -0.766113281 0.561523438
vn -0.155029297 -0.881835938 0.445556641
vn 0.0498352051 -0.905273438 0.422363281
vn -0.00232505798 -0.938964844 0.344726562
vn -0.0677490234 -0.968261719 0.239746094
vn -0.236206055 -0.911132812 0.337158203
vn -0.416015625 -0.795898438 0.439697266
vn -0.578125 -0.623535156 0.526367188
vn -0.803222656 -0.426025391 0.416259766
vn -0.678222656 -0.637695312 0.364990234
vn -0.512207031 -0.811035156 0.281982422
vn -0.317138672 -0.927734375 0.197265625
vn -0.381347656 -0.923339844 0.0434265137
vn -0.577148438 -0.80859375 0.116333008
vn -0.749511719 -0.635742188 0.184570312
vn -0.783691406 -0.621582031 0.00645446777
vn 0.943359375 0.0665283203 -0.324707031
vn 0.975097656 -0.220581055 -0.00967407227
vn 0.997558594 0.0347290039 -0.0615539551
vn 0.9375 -0.222290039 -0.267822266
vn 0.825195312 0.0718994141 -0.560058594
vn 0.930664062 -0.358154297 0.0761108398
vn 0.852050781 -0.23046875 -0.469970703
vn 0.696777344 0.0917358398 -0.711425781
vn 0.902832031 -0.389892578 -0.181030273
vn 0.741210938 -0.230834961 -0.630371094
vn 0.565429688 0.126342773 -0.814941406
vn 0.809082031 -0.583984375 -0.0624389648
vn 0.853027344 -0.5 0.148681641
vn 0.825683594 -0.386962891 -0.409912109
vn 0.560058594 -0.202758789 -0.803222656
vn 0.403808594 0.162719727 -0.900390625
vn 0.735351562 -0.356689453 -0.576171875
vn 0.346679688 -0.116333008 -0.930664062
vn 0.0950927734 0.059387207 -0.993652344
vn 0.0523986816 -0.170288086 -0.983886719
vn 0.600097656 -0.312255859 -0.736328125
vn 0.365234375 -0.249511719 -0.896972656
vn -0.0065536499 -0.390625 -0.920410156
vn 0.353759766 -0.409179688 -0.840820312
vn -0.0905151367 -0.642089844 -0.761230469
vn 0.738769531 -0.606933594 -0.292480469
vn 0.663574219 -0.565917969 -0.489257812
vn 0.575195312 -0.485107422 -0.658691406
vn 0.252441406 -0.612792969 -0.749023438
vn 0.362548828 -0.731933594 -0.577148438
vn -0.0423583984 -0.842285156 -0.537109375
vn 0.457763672 -0.807617188 -0.371826172
vn 0.059387207 -0.958496094 -0.278564453
vn 0.542480469 -0.826660156 -0.151367188
vn 0.171875 -0.984863281 -0.00562286377
vn 0.620117188 -0.780761719 0.076965332
vn 0.693847656 -0.666992188 0.271728516
vn 0.305908203 -0.917480469 0.25390625
vn 0.453857422 -0.76171875 0.462646484
vn 0.809082031 -0.583984375 -0.0624389648
vn 0.693847656 -0.666992188 0.271728516
vn 0.853027344 -0.5 0.148681641
vn 0.739746094 -0.515136719 0.433105469
vn 0.453857422 -0.76171875 0.462646484
vn 0.61328125 -0.533203125 0.583007812
vn 0.223999023 -0.775878906 0.58984375
vn 0.473876953 -0.53515625 0.69921875
vn 0.283691406 -0.517089844 0.807617188
vn 0.754394531 -0.323486328 0.571289062
vn 0.840332031 -0.388427734 0.377929688
vn 0.90234375 -0.282470703 0.325927734
vn 0.930664062 -0.358154297 0.0761108398
vn 0.655761719 -0.290283203 0.696777344
vn 0.836425781 -0.192138672 0.513183594
vn 0.903808594 -0.0202331543 0.427734375
vn 0.952148438 -0.162963867 0.257568359
vn 0.975097656 -0.220581055 -0.00967407227
vn 0.997558594 0.0347290039 -0.0615539551
vn 0.986328125 0.0279998779 0.162719727
vn 0.94921875 0.217895508 0.227172852
vn 0.877929688 0.360839844 0.314453125
vn 0.756347656 -0.0980834961 0.646484375
vn 0.831542969 0.114318848 0.543945312
vn 0.782714844 0.449707031 0.430419922
vn 0.646972656 -0.0115661621 0.762695312
vn 0.7265625 0.203369141 0.65625
vn 0.659179688 0.508300781 0.553710938
vn 0.517578125 -0.23840332 0.821777344
vn 0.0599060059 -0.434814453 0.8984375
vn 0.495849609 0.0678100586 0.865722656
vn 0.327880859 -0.149291992 0.933105469
vn 0.323974609 0.120483398 0.938476562
vn 0.595214844 0.256347656 0.76171875
vn 0.522949219 0.555175781 0.646972656
vn 0.444091797 0.288574219 0.848144531
vn 0.205932617 0.125610352 0.970703125
vn 0.3984375 0.606445312 0.687988281
vn 0.33203125 0.315917969 0.888671875
vn 0.223876953 0.366943359 0.902832031
vn 0.0787963867 0.121765137 0.989257812
vn -0.0749511719 0.142944336 0.986816406
vn 0.292236328 0.667480469 0.685058594
vn 0.202148438 0.728027344 0.655273438
vn 0.223999023 -0.775878906 0.58984375
vn 0.453857422 -0.76171875 0.462646484
vn 0.305908203 -0.917480469 0.25390625
vn -0.00210762024 -0.926757812 0.375488281
vn -0.230102539 -0.865722656 0.444580078
vn -0.414306641 -0.896972656 0.153198242
vn -0.185180664 -0.978027344 0.096496582
vn 0.171875 -0.984863281 -0.00562286377
vn -0.544921875 -0.818847656 -0.179321289
vn -0.693359375 -0.708984375 -0.126342773
vn -0.594238281 -0.659179688 -0.4609375
vn -0.321044922 -0.921386719 -0.219848633
vn 0.059387207 -0.958496094 -0.278564453
vn -0.0423583984 -0.842285156 -0.537109375
vn -0.393066406 -0.771484375 -0.500488281
vn -0.397705078 -0.572753906 -0.716796875
vn -0.0905151367 -0.642089844 -0.761230469
vn -0.230102539 -0.865722656 0.444580078
vn -0.414306641 -0.896972656 0.153198242
vn -0.583496094 -0.786132812 0.204101562
vn -0.412109375 -0.762207031 0.499511719
vn -0.00382614136 -0.746582031 0.665039062
vn 0.223999023 -0.775878906 0.58984375
vn 0.283691406 -0.517089844 0.807617188
vn 0.0599060059 -0.434814453 0.8984375
vn -0.208984375 -0.655273438 0.726074219
vn -0.354736328 -0.529785156 0.770507812
vn -0.549316406 -0.638671875 0.5390625
vn -0.439941406 -0.411132812 0.798339844
vn -0.708984375 -0.659667969 0.249267578
vn -0.116271973 -0.316894531 0.94140625
vn -0.790527344 -0.536621094 0.295410156
vn -0.86328125 -0.504882812 0.0107421875
vn -0.646972656 -0.512207031 0.564941406
vn -0.832519531 -0.435791016 0.342285156
vn 0.327880859 -0.149291992 0.933105469
vn 0.517578125 -0.23840332 0.821777344
vn 0.139038086 -0.0649414062 0.98828125
vn 0.323974609 0.120483398 0.938476562
vn 0.205932617 0.125610352 0.970703125
vn -0.204345703 -0.228271484 0.951660156
vn 0.0265350342 -0.0322570801 0.999023438
vn -0.0751342773 -0.0266265869 0.996582031
vn 0.0787963867 0.121765137 0.989257812
vn -0.26171875 -0.173706055 0.94921875
vn -0.197387695 -0.0196075439 0.979980469
vn -0.0749511719 0.142944336 0.986816406
vn -0.493164062 -0.313720703 0.811523438
vn -0.304443359 -0.125854492 0.944335938
vn -0.697265625 -0.400878906 0.594238281
vn -0.693847656 -0.291015625 0.658691406
vn -0.481201172 -0.21081543 0.850585938
vn -0.378417969 -0.0504455566 0.924316406
vn -0.657226562 -0.0713500977 0.750488281
vn -0.866699219 -0.321289062 0.381103516
vn -0.259277344 0.197021484 0.9453125
vn -0.573242188 0.285644531 0.768066406
vn -0.90234375 -0.425048828 0.0740356445
vn -0.908691406 -0.0759887695 0.410644531
vn -0.951660156 -0.298583984 0.0725097656
vn -0.0410461426 0.640136719 0.767089844
vn -0.259765625 0.788574219 0.557128906
vn 0.0932617188 0.468017578 0.87890625
vn 0.223876953 0.366943359 0.902832031
vn 0.202148438 0.728027344 0.655273438
vn -0.479492188 0.853515625 0.203125
vn -0.865722656 0.326171875 0.379394531
vn -0.954589844 0.280273438 -0.101501465
vn -0.577636719 0.787597656 -0.21484375
vn -0.998046875 -0.0611877441 -0.00706100464
vn -0.948730469 -0.251464844 -0.191162109
vn -0.943359375 -0.041809082 -0.328369141
vn -0.90625 -0.381103516 -0.183837891
vn -0.901855469 -0.208251953 -0.37890625
vn -0.861328125 -0.432128906 -0.266601562
vn -0.804199219 -0.481933594 -0.347412109
vn -0.708984375 -0.659667969 0.249267578
vn -0.412109375 -0.762207031 0.499511719
vn -0.583496094 -0.786132812 0.204101562
vn -0.798339844 -0.599121094 -0.0604858398
vn -0.86328125 -0.504882812 0.0107421875
vn -0.804199219 -0.481933594 -0.347412109
vn -0.693359375 -0.708984375 -0.126342773
vn -0.414306641 -0.896972656 0.153198242
vn -0.720214844 -0.55859375 -0.411865234
vn -0.594238281 -0.659179688 -0.4609375
vn -0.5859375 -0.477539062 -0.654785156
vn -0.397705078 -0.572753906 -0.716796875
vn -0.698730469 -0.389648438 -0.599609375
vn -0.758300781 -0.338134766 -0.557617188
vn -0.861328125 -0.432128906 -0.266601562
vn -0.637207031 -0.196533203 -0.745117188
vn -0.522949219 -0.258056641 -0.8125
vn -0.8046875 -0.314941406 -0.502929688
vn -0.90625 -0.381103516 -0.183837891
vn -0.687011719 -0.1640625 -0.707519531
vn -0.33203125 -0.331542969 -0.883300781
vn -0.0905151367 -0.642089844 -0.761230469
vn -0.0065536499 -0.390625 -0.920410156
vn 0.0523986816 -0.170288086 -0.983886719
vn -0.493652344 0.029876709 -0.869140625
vn -0.393310547 0.00026011467 -0.919433594
vn -0.23828125 -0.0692749023 -0.96875
vn 0.0950927734 0.059387207 -0.993652344
vn -0.859375 -0.276367188 -0.430175781
vn -0.901855469 -0.208251953 -0.37890625
vn -0.722167969 -0.128173828 -0.6796875
vn -0.775390625 -0.071105957 -0.627441406
vn -0.849609375 -0.0260009766 -0.52734375
vn -0.563476562 0.0434875488 -0.824707031
vn -0.943359375 -0.041809082 -0.328369141
vn -0.948730469 -0.251464844 -0.191162109
vn -0.739746094 0.18762207 -0.645996094
vn -0.622558594 0.084777832 -0.777832031
vn -0.853515625 0.215576172 -0.474609375
vn -0.998046875 -0.0611877441 -0.00706100464
vn -0.954589844 0.280273438 -0.101501465
vn -0.865722656 0.326171875 0.379394531
vn -0.577636719 0.787597656 -0.21484375
vn -0.555175781 0.639648438 -0.531738281
vn -0.526855469 0.504394531 -0.684082031
vn -0.330810547 0.710449219 -0.62109375
vn -0.675292969 0.147460938 -0.72265625
vn -0.512207031 0.413330078 -0.752929688
vn -0.285644531 0.673828125 -0.681640625
vn -0.216308594 0.61328125 -0.759765625
vn -0.456054688 0.337890625 -0.823242188
vn -0.111816406 0.546875 -0.829589844
vn -0.366943359 0.285888672 -0.885253906
vn -0.0247497559 0.506347656 -0.861816406
vn -0.278564453 0.271728516 -0.921386719
vn -0.200927734 0.26171875 -0.943847656
vn 0.0191345215 0.490234375 -0.871582031
vn -0.100891113 0.206787109 -0.973144531
vn 0.104003906 0.455566406 -0.884277344
vn 0.268310547 0.342773438 -0.900390625
vn 0.403808594 0.162719727 -0.900390625
vn 0.00448989868 -0.978027344 -0.208007812
vn -0.222045898 -0.953613281 0.203979492
vn -0.0554504395 -0.966796875 0.248535156
vn -0.167358398 -0.957519531 -0.234619141
vn -0.0955200195 -0.827636719 -0.553222656
vn -0.427978516 -0.869140625 -0.248657227
vn -0.339599609 -0.765136719 -0.546875
vn -0.266113281 -0.526367188 -0.807128906
vn -0.0523681641 -0.575683594 -0.815917969
vn 0.0802001953 -0.597167969 -0.798339844
vn 0.0513305664 -0.841796875 -0.537109375
vn 0.195068359 -0.842773438 -0.501953125
vn 0.222900391 -0.599121094 -0.769042969
vn 0.444580078 -0.568359375 -0.692382812
vn 0.422607422 -0.800292969 -0.424804688
vn 0.400634766 -0.91015625 -0.103881836
vn 0.164794922 -0.972167969 -0.167602539
vn 0.0970458984 -0.955566406 0.278076172
vn -0.222045898 -0.953613281 0.203979492
vn -0.244018555 -0.724609375 0.644042969
vn -0.0989379883 -0.732421875 0.673828125
vn -0.267333984 -0.454345703 0.849609375
vn -0.466064453 -0.693359375 0.549804688
vn -0.496826172 -0.442138672 0.746582031
vn -0.541503906 -0.281494141 0.791992188
vn -0.774902344 -0.447998047 0.4453125
vn -0.694335938 -0.612792969 0.377441406
vn -0.834960938 -0.265136719 0.482666016
vn -0.843261719 -0.137817383 0.520019531
vn -0.561035156 -0.191894531 0.805175781
vn -0.5625 -0.168701172 0.809082031
vn -0.325927734 -0.22277832 0.918945312
vn -0.8359375 -0.0972900391 0.540039062
vn -0.83203125 -0.0916748047 0.547363281
vn -0.3046875 -0.305419922 0.90234375
vn -0.127685547 -0.330810547 0.935058594
vn -0.117614746 -0.478759766 0.870117188
vn 0.0119094849 -0.489257812 0.872070312
vn 0.0271453857 -0.731933594 0.680664062
vn 0.214111328 -0.708007812 0.672851562
vn 0.0970458984 -0.955566406 0.278076172
vn -0.0554504395 -0.966796875 0.248535156
vn 0.315429688 -0.899902344 0.300537109
vn 0.619628906 -0.712890625 0.327636719
vn 0.456054688 -0.639648438 0.618652344
vn 0.544433594 -0.464111328 0.698730469
vn 0.212646484 -0.480712891 0.850585938
vn 0.2578125 -0.329589844 0.908203125
vn 0.597167969 -0.306884766 0.740722656
vn 0.605957031 -0.219482422 0.764648438
vn 0.0330810547 -0.340332031 0.939453125
vn 0.041229248 -0.251464844 0.966796875
vn 0.276855469 -0.246704102 0.928710938
vn 0.274414062 -0.2109375 0.937988281
vn 0.6015625 -0.172851562 0.779785156
vn 0.601074219 -0.146606445 0.785644531
vn 0.877929688 -0.102111816 0.468261719
vn 0.0365600586 -0.21862793 0.975097656
vn -0.143066406 -0.213378906 0.966308594
vn 0.0366821289 -0.215820312 0.975585938
vn -0.136230469 -0.242553711 0.960449219
vn -0.33203125 -0.199707031 0.921875
vn -0.329101562 -0.205932617 0.921386719
vn -0.142944336 -0.216186523 0.965820312
vn -0.138183594 -0.223388672 0.96484375
vn 0.0457458496 -0.21875 0.974609375
vn 0.0602416992 -0.230834961 0.971191406
vn -0.559570312 -0.173461914 0.810546875
vn -0.555664062 -0.170410156 0.813476562
vn -0.32421875 -0.210449219 0.922363281
vn -0.323730469 -0.220458984 0.919921875
vn -0.134277344 -0.238647461 0.961914062
vn -0.132446289 -0.264648438 0.955078125
vn 0.0769042969 -0.254638672 0.963867188
vn 0.0891113281 -0.261230469 0.9609375
vn -0.827636719 -0.0805053711 0.555175781
vn -0.822265625 -0.0756225586 0.563964844
vn -0.984375 0.0348205566 0.171875
vn -0.979980469 0.044342041 0.193725586
vn -0.977050781 0.0450439453 0.20715332
vn -0.5546875 -0.171630859 0.813964844
vn -0.559082031 -0.190551758 0.807128906
vn -0.819824219 -0.0891113281 0.565917969
vn -0.821289062 -0.102050781 0.561035156
vn -0.977539062 0.051574707 0.204833984
vn -0.977539062 0.0739135742 0.198242188
vn -0.329101562 -0.243896484 0.912109375
vn -0.334472656 -0.249511719 0.908691406
vn -0.562988281 -0.202880859 0.801269531
vn -0.545410156 -0.189575195 0.81640625
vn -0.813964844 -0.10144043 0.571777344
vn -0.782714844 -0.0629882812 0.619140625
vn -0.961425781 0.149414062 0.231201172
vn -0.833007812 0.356445312 0.423339844
vn -0.131835938 -0.268310547 0.954101562
vn -0.133178711 -0.223754883 0.965332031
vn 0.0836791992 -0.227539062 0.970214844
vn 0.0581359863 -0.160400391 0.985351562
vn -0.326904297 -0.212524414 0.920898438
vn -0.297851562 -0.146972656 0.943359375
vn -0.499267578 -0.144287109 0.854492188
vn -0.485595703 0.0406494141 0.873046875
vn -0.720703125 0.0164031982 0.692871094
vn -0.506835938 0.540039062 0.671875
vn -0.207519531 0.568847656 0.795898438
vn -0.260986328 0.0357971191 0.96484375
vn -0.105773926 0.0379638672 0.993652344
vn -0.00685882568 0.548339844 0.836425781
vn 0.189941406 0.51171875 0.837890625
vn 0.0672607422 0.030456543 0.997070312
vn -0.1328125 -0.147827148 0.979980469
vn 0.3046875 0.0101013184 0.952148438
vn 0.298828125 -0.170410156 0.938964844
vn 0.339355469 -0.212524414 0.916503906
vn 0.582519531 -0.135986328 0.801269531
vn 0.526367188 -0.0495300293 0.848632812
vn 0.736816406 0.228393555 0.63671875
vn 0.850097656 0.0161895752 0.526367188
vn -0.380371094 0.55859375 -0.736816406
vn -0.131591797 0.609863281 -0.781738281
vn -0.0897216797 0.749511719 -0.655761719
vn -0.342773438 0.69140625 -0.636230469
vn -0.644042969 0.580566406 -0.498535156
vn -0.31640625 0.866699219 -0.385986328
vn -0.655761719 0.471679688 -0.589355469
vn -0.862792969 0.360351562 -0.354003906
vn -0.654296875 0.400390625 -0.641601562
vn -0.400146484 0.465576172 -0.789550781
vn -0.850585938 0.451416016 -0.270263672
vn -0.410644531 0.40625 -0.81640625
vn -0.653808594 0.352050781 -0.669921875
vn -0.658691406 0.30859375 -0.686035156
vn -0.420410156 0.355224609 -0.834960938
vn -0.424560547 0.296630859 -0.85546875
vn -0.662109375 0.2578125 -0.703613281
vn -0.65625 0.209960938 -0.724609375
vn -0.416259766 0.239013672 -0.877441406
vn -0.397705078 0.181884766 -0.899414062
vn -0.640625 0.166503906 -0.749511719
vn -0.620605469 0.0983276367 -0.777832031
vn -0.369873047 0.100585938 -0.923828125
vn -0.328369141 -0.0304107666 -0.944335938
vn -0.600097656 -0.0272064209 -0.799316406
vn -0.568359375 -0.225219727 -0.791015625
vn -0.278320312 -0.234375 -0.931640625
vn -0.823730469 -0.0791625977 -0.561523438
vn -0.7890625 -0.294677734 -0.538574219
vn -0.266113281 -0.526367188 -0.807128906
vn -0.513183594 -0.434814453 -0.740234375
vn -0.637695312 -0.5625 -0.525878906
vn -0.654296875 0.400390625 -0.641601562
vn -0.655761719 0.471679688 -0.589355469
vn -0.862792969 0.360351562 -0.354003906
vn -0.858398438 0.311035156 -0.407958984
vn -0.855957031 0.2734375 -0.438964844
vn -0.971191406 0.199584961 -0.129394531
vn -0.653808594 0.352050781 -0.669921875
vn -0.658691406 0.30859375 -0.686035156
vn -0.963867188 0.240966797 -0.111816406
vn -0.939453125 0.335693359 -0.067199707
vn -0.850585938 0.451416016 -0.270263672
vn -0.711914062 0.688476562 -0.140258789
vn -0.796386719 0.600097656 0.0767211914
vn -0.833007812 0.356445312 0.423339844
vn -0.961425781 0.149414062 0.231201172
vn -0.977539062 0.0739135742 0.198242188
vn -0.977539062 0.051574707 0.204833984
vn -0.977050781 0.0450439453 0.20715332
vn -0.974609375 0.171875 -0.144042969
vn -0.975585938 0.150512695 -0.161254883
vn -0.979980469 0.044342041 0.193725586
vn -0.984375 0.0348205566 0.171875
vn -0.857421875 0.238769531 -0.456298828
vn -0.858398438 0.19934082 -0.47265625
vn -0.662109375 0.2578125 -0.703613281
vn -0.65625 0.209960938 -0.724609375
vn -0.974609375 0.127563477 -0.183105469
vn -0.97265625 0.104553223 -0.208129883
vn -0.853515625 0.163574219 -0.494628906
vn -0.843261719 0.131958008 -0.521484375
vn -0.640625 0.166503906 -0.749511719
vn -0.620605469 0.0983276367 -0.777832031
vn -0.98828125 0.0190734863 0.15234375
vn -0.991210938 0.00131893158 0.131835938
vn -0.83203125 -0.0916748047 0.547363281
vn -0.8359375 -0.0972900391 0.540039062
vn -0.843261719 -0.137817383 0.520019531
vn -0.968261719 0.0798950195 -0.235961914
vn -0.962890625 0.0110549927 -0.270263672
vn -0.832519531 0.0657348633 -0.550292969
vn -0.823730469 -0.0791625977 -0.561523438
vn -0.600097656 -0.0272064209 -0.799316406
vn -0.943847656 -0.152587891 -0.29296875
vn -0.974609375 -0.219116211 0.048614502
vn -0.884277344 -0.377685547 -0.275390625
vn -0.993652344 -0.0600585938 0.0947875977
vn -0.834960938 -0.265136719 0.482666016
vn -0.774902344 -0.447998047 0.4453125
vn -0.901855469 -0.431396484 0.0299072266
vn -0.737304688 -0.673339844 0.0566101074
vn -0.833007812 0.356445312 0.423339844
vn -0.434570312 0.862792969 0.258544922
vn -0.506835938 0.540039062 0.671875
vn -0.796386719 0.600097656 0.0767211914
vn -0.711914062 0.688476562 -0.140258789
vn -0.361816406 0.931640625 -0.0352478027
vn -0.0702514648 0.997558594 -0.00789642334
vn -0.115539551 0.931640625 0.344970703
vn 0.0833129883 0.915527344 0.393310547
vn 0.0949707031 0.995117188 0.0266571045
vn 0.105712891 0.929199219 -0.353759766
vn 0.272949219 0.958984375 0.0763549805
vn -0.0578308105 0.919921875 -0.388183594
vn 0.108276367 0.769042969 -0.629882812
vn 0.286621094 0.757324219 -0.586914062
vn -0.602050781 0.704101562 -0.375976562
vn 0.271972656 0.910644531 -0.311523438
vn 0.509765625 0.823242188 -0.249633789
vn 0.534179688 0.837890625 0.110351562
vn 0.533203125 0.6953125 -0.482177734
vn 0.618164062 0.545898438 -0.565917969
vn 0.3046875 0.615234375 -0.727050781
vn -0.434570312 0.862792969 0.258544922
vn -0.207519531 0.568847656 0.795898438
vn -0.506835938 0.540039062 0.671875
vn -0.115539551 0.931640625 0.344970703
vn 0.0833129883 0.915527344 0.393310547
vn -0.00685882568 0.548339844 0.836425781
vn 0.189941406 0.51171875 0.837890625
vn 0.281005859 0.860351562 0.425292969
vn 0.272949219 0.958984375 0.0763549805
vn 0.556152344 0.725097656 0.406005859
vn 0.454345703 0.439453125 0.774902344
vn 0.534179688 0.837890625 0.110351562
vn 0.3046875 0.0101013184 0.952148438
vn 0.0672607422 0.030456543 0.997070312
vn 0.189941406 0.51171875 0.837890625
vn 0.454345703 0.439453125 0.774902344
vn 0.736816406 0.228393555 0.63671875
vn 0.556152344 0.725097656 0.406005859
vn 0.840820312 0.445800781 0.307373047
vn 0.954101562 0.209716797 0.213378906
vn 0.850097656 0.0161895752 0.526367188
vn 0.866210938 -0.0272064209 0.498779297
vn 0.582519531 -0.135986328 0.801269531
vn 0.620605469 -0.155639648 0.768554688
vn 0.634765625 -0.135009766 0.760742188
vn 0.339355469 -0.212524414 0.916503906
vn 0.298828125 -0.170410156 0.938964844
vn 0.974121094 0.13684082 0.181152344
vn 0.954101562 0.281738281 -0.100769043
vn 0.929199219 0.367919922 -0.041229248
vn 0.809570312 0.583984375 0.0584106445
vn 0.978515625 0.122375488 0.164916992
vn 0.9609375 0.241210938 -0.135620117
vn 0.962890625 0.215698242 -0.162963867
vn 0.87109375 -0.012260437 0.490478516
vn 0.875 -0.00772094727 0.483886719
vn 0.982910156 0.112060547 0.147338867
vn 0.986816406 0.0941162109 0.133300781
vn 0.875 -0.016418457 0.483642578
vn 0.874023438 -0.03515625 0.484863281
vn 0.620117188 -0.119628906 0.775390625
vn 0.990722656 0.0654296875 0.120788574
vn 0.993652344 0.0296478271 0.106811523
vn 0.631347656 -0.122192383 0.765625
vn 0.333984375 -0.207763672 0.919433594
vn 0.350097656 -0.219116211 0.910644531
vn 0.0891113281 -0.261230469 0.9609375
vn 0.0836791992 -0.227539062 0.970214844
vn 0.0581359863 -0.160400391 0.985351562
vn 0.0769042969 -0.254638672 0.963867188
vn 0.0602416992 -0.230834961 0.971191406
vn 0.310546875 -0.192993164 0.930664062
vn 0.289794922 -0.19152832 0.9375
vn 0.0457458496 -0.21875 0.974609375
vn 0.0366821289 -0.215820312 0.975585938
vn 0.607910156 -0.129150391 0.783203125
vn 0.601074219 -0.146606445 0.785644531
vn 0.276611328 -0.198730469 0.940429688
vn 0.274414062 -0.2109375 0.937988281
vn 0.0365600586 -0.21862793 0.975097656
vn 0.875 -0.0617980957 0.480224609
vn 0.877929688 -0.102111816 0.468261719
vn 0.995605469 -0.0202636719 0.09375
vn 0.991699219 -0.0982055664 0.0822753906
vn 0.879882812 -0.166259766 0.4453125
vn 0.87109375 -0.270263672 0.409667969
vn 0.973144531 -0.219238281 0.0698242188
vn 0.91015625 -0.411621094 0.0484008789
vn 0.814941406 -0.447998047 0.367919922
vn 0.605957031 -0.219482422 0.764648438
vn 0.6015625 -0.172851562 0.779785156
vn 0.597167969 -0.306884766 0.740722656
vn 0.544433594 -0.464111328 0.698730469
vn 0.619628906 -0.712890625 0.327636719
vn 0.456054688 -0.639648438 0.618652344
vn 0.954101562 0.209716797 0.213378906
vn 0.840820312 0.445800781 0.307373047
vn 0.809570312 0.583984375 0.0584106445
vn 0.556152344 0.725097656 0.406005859
vn 0.534179688 0.837890625 0.110351562
vn 0.509765625 0.823242188 -0.249633789
vn 0.7421875 0.642578125 -0.190429688
vn 0.805175781 0.530273438 -0.266113281
vn 0.533203125 0.6953125 -0.482177734
vn 0.929199219 0.367919922 -0.041229248
vn 0.618164062 0.545898438 -0.565917969
vn 0.954101562 0.281738281 -0.100769043
vn 0.851074219 0.399658203 -0.340576172
vn 0.845703125 0.336669922 -0.413574219
vn 0.598144531 0.440185547 -0.669921875
vn 0.9609375 0.241210938 -0.135620117
vn 0.598144531 0.398925781 -0.6953125
vn 0.962890625 0.215698242 -0.162963867
vn 0.833007812 0.315917969 -0.453857422
vn 0.832519531 0.274658203 -0.481201172
vn 0.596679688 0.346923828 -0.723632812
vn 0.596679688 0.279296875 -0.752441406
vn 0.832519531 0.219970703 -0.508300781
vn 0.83203125 0.16418457 -0.529785156
vn 0.965820312 0.14831543 -0.213378906
vn 0.59765625 0.210693359 -0.7734375
vn 0.595214844 0.141723633 -0.791015625
vn 0.963867188 0.187866211 -0.188476562
vn 0.986816406 0.0941162109 0.133300781
vn 0.982910156 0.112060547 0.147338867
vn 0.978515625 0.122375488 0.164916992
vn 0.990722656 0.0654296875 0.120788574
vn 0.993652344 0.0296478271 0.106811523
vn 0.966796875 0.104614258 -0.233886719
vn 0.967773438 0.0523376465 -0.246704102
vn 0.995605469 -0.0202636719 0.09375
vn 0.991699219 -0.0982055664 0.0822753906
vn 0.830566406 0.106933594 -0.546875
vn 0.827636719 0.0294952393 -0.560058594
vn 0.583984375 0.0530700684 -0.810058594
vn 0.5546875 -0.072265625 -0.829101562
vn 0.968261719 -0.0262298584 -0.248046875
vn 0.959960938 -0.147949219 -0.237304688
vn 0.973144531 -0.219238281 0.0698242188
vn 0.91015625 -0.411621094 0.0484008789
vn 0.817871094 -0.0856933594 -0.568847656
vn 0.775878906 -0.276367188 -0.567382812
vn 0.501464844 -0.274902344 -0.8203125
vn 0.444580078 -0.568359375 -0.692382812
vn 0.682128906 -0.494628906 -0.538574219
vn 0.728027344 -0.614746094 -0.304443359
vn 0.908691406 -0.343261719 -0.236816406
vn 0.712890625 -0.700683594 -0.0159454346
vn 0.619628906 -0.712890625 0.327636719
vn 0.814941406 -0.447998047 0.367919922
vn 0.400634766 -0.91015625 -0.103881836
vn 0.164794922 -0.972167969 -0.167602539
vn 0.0970458984 -0.955566406 0.278076172
vn 0.315429688 -0.899902344 0.300537109
vn 0.619628906 -0.712890625 0.327636719
vn 0.712890625 -0.700683594 -0.0159454346
vn 0.728027344 -0.614746094 -0.304443359
vn 0.422607422 -0.800292969 -0.424804688
vn 0.444580078 -0.568359375 -0.692382812
vn 0.5546875 -0.072265625 -0.829101562
vn 0.263427734 -0.303222656 -0.915527344
vn 0.501464844 -0.274902344 -0.8203125
vn 0.305419922 -0.0888061523 -0.948242188
vn 0.327636719 0.0577087402 -0.942871094
vn 0.0953369141 -0.0900878906 -0.991210938
vn 0.583984375 0.0530700684 -0.810058594
vn 0.595214844 0.141723633 -0.791015625
vn 0.0928344727 -0.308349609 -0.946777344
vn -0.0639648438 -0.281005859 -0.957519531
vn 0.0802001953 -0.597167969 -0.798339844
vn 0.222900391 -0.599121094 -0.769042969
vn -0.0523681641 -0.575683594 -0.815917969
vn -0.266113281 -0.526367188 -0.807128906
vn -0.278320312 -0.234375 -0.931640625
vn -0.328369141 -0.0304107666 -0.944335938
vn -0.10357666 -0.0659790039 -0.9921875
vn -0.138183594 0.0839233398 -0.986816406
vn -0.369873047 0.100585938 -0.923828125
vn -0.397705078 0.181884766 -0.899414062
vn 0.0885009766 0.0668945312 -0.993652344
vn 0.0750732422 0.172729492 -0.981933594
vn -0.163574219 0.181030273 -0.969726562
vn -0.181518555 0.249633789 -0.951171875
vn -0.416259766 0.239013672 -0.877441406
vn -0.424560547 0.296630859 -0.85546875
vn 0.330810547 0.16027832 -0.930175781
vn 0.326416016 0.237426758 -0.915039062
vn 0.59765625 0.210693359 -0.7734375
vn 0.596679688 0.279296875 -0.752441406
vn 0.0621948242 0.248901367 -0.966308594
vn 0.0559997559 0.321777344 -0.9453125
vn -0.189697266 0.315917969 -0.9296875
vn -0.184570312 0.381835938 -0.905761719
vn -0.420410156 0.355224609 -0.834960938
vn -0.410644531 0.40625 -0.81640625
vn 0.322753906 0.312011719 -0.893554688
vn 0.325439453 0.384521484 -0.863769531
vn 0.596679688 0.346923828 -0.723632812
vn 0.598144531 0.398925781 -0.6953125
vn 0.0609436035 0.393066406 -0.917480469
vn 0.0720825195 0.451416016 -0.889648438
vn -0.172119141 0.437988281 -0.882324219
vn -0.157104492 0.504394531 -0.849121094
vn -0.400146484 0.465576172 -0.789550781
vn -0.380371094 0.55859375 -0.736816406
vn -0.131591797 0.609863281 -0.781738281
vn 0.0958251953 0.629882812 -0.770996094
vn -0.0897216797 0.749511719 -0.655761719
vn 0.108276367 0.769042969 -0.629882812
vn 0.286621094 0.757324219 -0.586914062
vn 0.3046875 0.615234375 -0.727050781
vn 0.324951172 0.50390625 -0.800292969
vn 0.618164062 0.545898438 -0.565917969
vn 0.598144531 0.440185547 -0.669921875
vn 0.0830078125 0.51953125 -0.850097656
vn 0.331542969 0.441650391 -0.833496094
vn 0.263427734 -0.303222656 -0.915527344
vn 0.222900391 -0.599121094 -0.769042969
vn 0.444580078 -0.568359375 -0.692382812
vn 0.501464844 -0.274902344 -0.8203125
vn 0.0876464844 -0.915039062 -0.393554688
vn -0.248901367 -0.71875 -0.648925781
vn -0.343017578 -0.747070312 -0.569335938
vn -0.0115737915 -0.959472656 -0.281982422
vn -0.343017578 -0.747070312 -0.569335938
vn -0.117431641 -0.981933594 -0.147216797
vn -0.0115737915 -0.959472656 -0.281982422
vn -0.440185547 -0.770996094 -0.459960938
vn -0.562988281 -0.787597656 -0.250732422
vn -0.631347656 -0.515625 -0.579101562
vn -0.750976562 -0.552734375 -0.360595703
vn -0.117431641 -0.981933594 -0.147216797
vn 0.187988281 -0.966796875 0.172119141
vn 0.309814453 -0.949707031 0.047668457
vn -0.0115737915 -0.959472656 -0.281982422
vn 0.0876464844 -0.915039062 -0.393554688
vn 0.409667969 -0.908691406 -0.0778808594
vn 0.543945312 -0.797851562 -0.259765625
vn 0.234130859 -0.812988281 -0.532714844
vn -0.102783203 -0.654296875 -0.749023438
vn -0.248901367 -0.71875 -0.648925781
vn 0.420654297 -0.563964844 -0.710449219
vn 0.696289062 -0.525878906 -0.488037109
vn 0.10546875 -0.533691406 -0.839355469
vn 0.0938720703 -0.343994141 -0.934082031
vn -0.252441406 -0.435791016 -0.863769531
vn -0.631347656 -0.515625 -0.579101562
vn -0.843261719 -0.406738281 -0.3515625
vn -0.750976562 -0.552734375 -0.360595703
vn -0.719726562 -0.379394531 -0.581542969
vn -0.76171875 -0.303955078 -0.572265625
vn -0.596679688 -0.365722656 -0.714355469
vn -0.8828125 -0.323974609 -0.340332031
vn -0.891113281 -0.301513672 -0.339599609
vn -0.521972656 -0.506835938 -0.686035156
vn -0.420410156 -0.488525391 -0.764648438
vn -0.343017578 -0.747070312 -0.569335938
vn -0.440185547 -0.770996094 -0.459960938
vn -0.248901367 -0.71875 -0.648925781
vn -0.102783203 -0.654296875 -0.749023438
vn -0.252441406 -0.435791016 -0.863769531
vn -0.280029297 -0.279296875 -0.918457031
vn -0.471923828 -0.33984375 -0.813476562
vn -0.498535156 -0.251708984 -0.829589844
vn -0.292724609 -0.194458008 -0.936035156
vn -0.306884766 -0.16027832 -0.937988281
vn -0.634765625 -0.281982422 -0.719238281
vn -0.648925781 -0.255371094 -0.716796875
vn -0.513183594 -0.220947266 -0.829589844
vn -0.513671875 -0.218139648 -0.829589844
vn -0.30859375 -0.147949219 -0.939453125
vn -0.298339844 -0.138061523 -0.944335938
vn -0.772460938 -0.282958984 -0.568359375
vn -0.768554688 -0.288330078 -0.570800781
vn -0.888183594 -0.305664062 -0.343261719
vn -0.869628906 -0.322509766 -0.373291016
vn -0.647949219 -0.258056641 -0.716796875
vn -0.642578125 -0.263916016 -0.719726562
vn -0.505859375 -0.218994141 -0.834472656
vn -0.489990234 -0.227539062 -0.841308594
vn -0.277587891 -0.134765625 -0.951171875
vn -0.249755859 -0.143920898 -0.957519531
vn -0.764648438 -0.291503906 -0.575195312
vn -0.760742188 -0.301269531 -0.574707031
vn -0.86328125 -0.303222656 -0.403564453
vn -0.876953125 -0.303710938 -0.372558594
vn -0.634765625 -0.277832031 -0.721191406
vn -0.624511719 -0.302734375 -0.720214844
vn -0.468261719 -0.246948242 -0.848632812
vn -0.455810547 -0.250732422 -0.854003906
vn -0.229858398 -0.151245117 -0.961425781
vn -0.242919922 -0.147216797 -0.958984375
vn -0.755859375 -0.325195312 -0.567871094
vn -0.757324219 -0.331787109 -0.562988281
vn -0.879882812 -0.334960938 -0.337158203
vn -0.877929688 -0.318359375 -0.358154297
vn -0.622558594 -0.306152344 -0.720214844
vn -0.638671875 -0.263183594 -0.723144531
vn -0.471679688 -0.219116211 -0.854003906
vn -0.513183594 -0.159545898 -0.843261719
vn -0.295898438 -0.115478516 -0.948242188
vn -0.332763672 0.0616760254 -0.940917969
vn -0.765625 -0.294189453 -0.572265625
vn -0.768066406 -0.224243164 -0.599609375
vn -0.873046875 -0.264648438 -0.409912109
vn -0.907714844 -0.0815429688 -0.411132812
vn -0.661621094 -0.189208984 -0.725585938
vn -0.683105469 -0.00234985352 -0.73046875
vn -0.548828125 0.028427124 -0.835449219
vn -0.447509766 0.52734375 -0.722167969
vn -0.190063477 0.516113281 -0.834960938
vn -0.606933594 0.51953125 -0.601074219
vn -0.743164062 0.496337891 -0.448974609
vn -0.896972656 0.404296875 -0.177978516
vn -0.786132812 -0.0382080078 -0.616699219
vn -0.117431641 -0.981933594 -0.147216797
vn -0.440185547 -0.770996094 -0.459960938
vn -0.562988281 -0.787597656 -0.250732422
vn -0.278564453 -0.958496094 0.0619812012
vn -0.483398438 -0.8203125 0.305908203
vn -0.0234680176 -0.937988281 0.346435547
vn 0.187988281 -0.966796875 0.172119141
vn -0.652832031 -0.756835938 0.0307159424
vn -0.787109375 -0.615234375 0.043182373
vn -0.750976562 -0.552734375 -0.360595703
vn -0.843261719 -0.406738281 -0.3515625
vn -0.290039062 -0.783691406 0.549316406
vn -0.455078125 -0.55859375 0.693359375
vn -0.0787353516 -0.680664062 0.728027344
vn 0.204345703 -0.812011719 0.546386719
vn -0.641113281 -0.620117188 0.452392578
vn -0.748535156 -0.429443359 0.505371094
vn -0.890136719 -0.450195312 0.0700073242
vn -0.942382812 -0.328613281 0.0602111816
vn -0.8828125 -0.323974609 -0.340332031
vn -0.891113281 -0.301513672 -0.339599609
vn -0.956542969 -0.287841797 0.0446472168
vn -0.852539062 -0.219360352 0.474609375
vn -0.958984375 -0.281738281 0.0370178223
vn -0.865234375 -0.201782227 0.458496094
vn -0.653808594 -0.109069824 0.748535156
vn -0.860351562 -0.195800781 0.470947266
vn -0.820800781 -0.279296875 0.498535156
vn -0.591796875 -0.197143555 0.781738281
vn -0.629394531 -0.131835938 0.765625
vn -0.37109375 -0.0487670898 0.927246094
vn -0.532714844 -0.352294922 0.76953125
vn -0.292480469 -0.249755859 0.923339844
vn -0.333007812 -0.110534668 0.936523438
vn -0.0380249023 -0.0283813477 0.999023438
vn -0.239013672 -0.452880859 0.858886719
vn 0.0709228516 -0.332275391 0.940429688
vn 0.122741699 -0.525390625 0.842285156
vn 0.372558594 -0.559082031 0.740722656
vn 0.0141220093 -0.145996094 0.989257812
vn 0.313476562 -0.0867919922 0.945800781
vn 0.382568359 -0.274902344 0.881835938
vn -0.0833740234 0.0332336426 0.99609375
vn 0.192871094 0.104187012 0.975585938
vn -0.118347168 0.0718383789 0.990234375
vn 0.244262695 0.031463623 0.969238281
vn 0.465820312 0.0673217773 0.882324219
vn 0.523925781 -0.0711669922 0.848632812
vn -0.400878906 -0.0206756592 0.916015625
vn -0.424560547 0.0127944946 0.905273438
vn -0.14465332 0.116699219 0.982421875
vn -0.161499023 0.166870117 0.97265625
vn -0.440673828 0.0512084961 0.895996094
vn -0.692871094 -0.065612793 0.718261719
vn -0.456542969 0.085144043 0.885742188
vn -0.674804688 -0.0875854492 0.732910156
vn -0.864257812 -0.159057617 0.477050781
vn -0.965820312 -0.257568359 0.0208587646
vn -0.888183594 -0.145263672 0.436279297
vn -0.706542969 -0.0449523926 0.706542969
vn -0.717773438 -0.0174255371 0.696289062
vn -0.484130859 0.120544434 0.866699219
vn -0.528808594 0.166870117 0.83203125
vn -0.73046875 0.0242614746 0.682617188
vn -0.89453125 -0.146606445 0.421875
vn -0.755371094 0.12121582 0.644042969
vn -0.89453125 -0.168579102 0.4140625
vn -0.95703125 -0.289794922 0.0185699463
vn -0.957519531 -0.287597656 0.00609970093
vn -0.96875 -0.244018555 -0.045501709
vn -0.877929688 -0.318359375 -0.358154297
vn -0.873046875 -0.264648438 -0.409912109
vn -0.907714844 -0.0815429688 -0.411132812
vn -0.916015625 -0.0699462891 0.395263672
vn -0.969238281 0.156982422 0.190673828
vn -0.979003906 -0.154052734 -0.131958008
vn -0.896972656 0.404296875 -0.177978516
vn -0.654296875 0.741210938 0.149780273
vn -0.778808594 0.408691406 0.476074219
vn -0.599609375 0.516601562 0.610839844
vn -0.586425781 0.257080078 0.768066406
vn -0.434814453 0.829589844 0.351074219
vn 0.808105469 0.143798828 0.571289062
vn 0.783691406 0.244262695 0.571289062
vn 0.91015625 0.282226562 0.302734375
vn 0.9296875 0.193603516 0.313964844
vn 0.940917969 0.0651855469 0.331542969
vn 0.975097656 0.220336914 -0.0318603516
vn 0.820800781 -0.00393295288 0.570800781
vn 0.809082031 -0.22277832 0.543945312
vn 0.932128906 -0.14440918 0.331787109
vn 0.995605469 -0.0893554688 -0.0322570801
vn 0.866210938 -0.445068359 0.227294922
vn 0.993652344 0.105957031 -0.0330200195
vn 0.918457031 0.0712890625 -0.389404297
vn 0.945800781 -0.323242188 -0.0265197754
vn 0.864257812 -0.433837891 -0.255126953
vn 0.732421875 -0.680664062 -0.00201797485
vn 0.543945312 -0.797851562 -0.259765625
vn 0.696289062 -0.525878906 -0.488037109
vn 0.7578125 -0.201660156 -0.620605469
vn 0.420654297 -0.563964844 -0.710449219
vn 0.914550781 -0.130493164 -0.383056641
vn 0.499511719 -0.263183594 -0.825195312
vn 0.485351562 -0.078125 -0.870605469
vn 0.0938720703 -0.343994141 -0.934082031
vn 0.0807495117 -0.179443359 -0.98046875
vn 0.0570373535 -0.0927734375 -0.994140625
vn 0.758300781 -0.000430583954 -0.651855469
vn 0.742675781 0.121582031 -0.658203125
vn 0.451416016 0.0247039795 -0.892089844
vn 0.424316406 0.0863647461 -0.901367188
vn 0.0355834961 -0.0485229492 -0.998046875
vn 0.0272521973 -0.0231628418 -0.999511719
vn 0.908691406 0.191894531 -0.37109375
vn 0.892578125 0.268310547 -0.362548828
vn 0.724609375 0.198242188 -0.66015625
vn 0.706054688 0.246337891 -0.6640625
vn 0.407226562 0.12487793 -0.904785156
vn 0.398681641 0.150512695 -0.904785156
vn 0.0305480957 -0.00451660156 -0.999511719
vn 0.04296875 0.00751495361 -0.999023438
vn 0.954589844 0.296142578 -0.0347900391
vn 0.935058594 0.352050781 -0.0424804688
vn 0.889160156 0.349853516 0.295654297
vn 0.862792969 0.416015625 0.287353516
vn 0.874511719 0.318847656 -0.365722656
vn 0.853027344 0.361083984 -0.376464844
vn 0.912109375 0.40625 -0.0534362793
vn 0.885742188 0.459228516 -0.0688476562
vn 0.833007812 0.481445312 0.272216797
vn 0.807617188 0.532226562 0.254882812
vn 0.688476562 0.280273438 -0.668945312
vn 0.672851562 0.307128906 -0.673339844
vn 0.829589844 0.398925781 -0.390869141
vn 0.808105469 0.425292969 -0.407226562
vn 0.862304688 0.499023438 -0.0860595703
vn 0.835449219 0.540039062 -0.102172852
vn 0.773925781 0.586914062 0.239013672
vn 0.706054688 0.673828125 0.217529297
vn 0.396972656 0.169067383 -0.90234375
vn 0.395263672 0.177612305 -0.901367188
vn 0.657714844 0.323486328 -0.680175781
vn 0.642089844 0.332519531 -0.690429688
vn 0.785644531 0.44921875 -0.425048828
vn 0.751953125 0.486572266 -0.444335938
vn 0.787109375 0.604980469 -0.121154785
vn 0.697753906 0.69921875 -0.155517578
vn 0.590820312 0.788085938 0.171386719
vn 0.393554688 0.919433594 -0.000339508057
vn 0.0581970215 0.00770187378 -0.998046875
vn 0.0660400391 -0.00401687622 -0.998046875
vn -0.249755859 -0.143920898 -0.957519531
vn -0.229858398 -0.151245117 -0.961425781
vn -0.242919922 -0.147216797 -0.958984375
vn 0.389160156 0.172241211 -0.904785156
vn 0.383056641 0.15637207 -0.910644531
vn 0.0542297363 -0.0273132324 -0.998046875
vn 0.00143241882 -0.0170288086 -1
vn 0.625976562 0.345214844 -0.69921875
vn 0.578125 0.411621094 -0.704589844
vn 0.346191406 0.194702148 -0.91796875
vn 0.151977539 0.374755859 -0.914550781
vn -0.086730957 0.054107666 -0.994628906
vn -0.332763672 0.0616760254 -0.940917969
vn -0.190063477 0.516113281 -0.834960938
vn 0.0565490723 0.823242188 -0.564941406
vn 0.389404297 0.615234375 -0.685546875
vn 0.487792969 0.747070312 -0.451171875
vn 0.194946289 0.933105469 -0.301513672
vn 0.680664062 0.564453125 -0.467041016
vn 0.573242188 0.793457031 -0.205322266
vn -0.528808594 0.166870117 0.83203125
vn -0.73046875 0.0242614746 0.682617188
vn -0.755371094 0.12121582 0.644042969
vn -0.586425781 0.257080078 0.768066406
vn -0.312744141 0.432128906 0.845703125
vn -0.599609375 0.516601562 0.610839844
vn -0.376464844 0.560058594 0.737792969
vn -0.177734375 0.781738281 0.59765625
vn -0.434814453 0.829589844 0.351074219
vn -0.247680664 0.324951172 0.912597656
vn -0.202026367 0.256347656 0.9453125
vn 0.0393066406 0.472900391 0.880371094
vn -0.484130859 0.120544434 0.866699219
vn -0.456542969 0.085144043 0.885742188
vn -0.016204834 0.608886719 0.79296875
vn 0.182006836 0.721679688 0.66796875
vn 0.015296936 0.890625 0.454589844
vn -0.17578125 0.209960938 0.961914062
vn 0.0914306641 0.318847656 0.943359375
vn -0.161499023 0.166870117 0.97265625
vn -0.440673828 0.0512084961 0.895996094
vn 0.0726318359 0.378662109 0.922851562
vn 0.290527344 0.470947266 0.833007812
vn 0.250488281 0.578125 0.776367188
vn 0.417724609 0.647949219 0.637207031
vn 0.317382812 0.784179688 0.533203125
vn 0.443847656 0.80859375 0.38671875
vn 0.104370117 0.267333984 0.958007812
vn 0.124328613 0.209472656 0.969726562
vn 0.325683594 0.346435547 0.879882812
vn -0.14465332 0.116699219 0.982421875
vn -0.118347168 0.0718383789 0.990234375
vn 0.311035156 0.403320312 0.860351562
vn 0.503417969 0.470458984 0.724609375
vn 0.475830078 0.5390625 0.6953125
vn 0.640136719 0.581054688 0.502929688
vn 0.567382812 0.682128906 0.461181641
vn 0.706054688 0.673828125 0.217529297
vn 0.590820312 0.788085938 0.171386719
vn 0.393554688 0.919433594 -0.000339508057
vn 0.228637695 0.953125 0.19909668
vn 0.773925781 0.586914062 0.239013672
vn 0.807617188 0.532226562 0.254882812
vn 0.674316406 0.517089844 0.526855469
vn 0.698242188 0.460693359 0.548339844
vn 0.833007812 0.481445312 0.272216797
vn 0.862792969 0.416015625 0.287353516
vn 0.522460938 0.411621094 0.747070312
vn 0.548339844 0.341552734 0.763671875
vn 0.727539062 0.389892578 0.564941406
vn 0.756835938 0.318359375 0.570800781
vn 0.889160156 0.349853516 0.295654297
vn 0.91015625 0.282226562 0.302734375
vn 0.783691406 0.244262695 0.571289062
vn 0.612792969 0.200805664 0.764160156
vn 0.808105469 0.143798828 0.571289062
vn 0.348388672 0.28125 0.894042969
vn 0.379882812 0.21887207 0.898925781
vn 0.579101562 0.272216797 0.768554688
vn 0.154541016 0.155517578 0.975585938
vn 0.192871094 0.104187012 0.975585938
vn -0.0833740234 0.0332336426 0.99609375
vn 0.417724609 0.15612793 0.895019531
vn 0.465820312 0.0673217773 0.882324219
vn 0.649902344 0.100769043 0.752929688
vn 0.683105469 -0.0508422852 0.728515625
vn 0.820800781 -0.00393295288 0.570800781
vn 0.523925781 -0.0711669922 0.848632812
vn 0.57421875 -0.272705078 0.771972656
vn 0.313476562 -0.0867919922 0.945800781
vn 0.809082031 -0.22277832 0.543945312
vn 0.382568359 -0.274902344 0.881835938
vn 0.6953125 -0.264892578 0.66796875
vn 0.650390625 -0.551757812 0.521972656
vn 0.553710938 -0.560058594 0.616210938
vn 0.372558594 -0.559082031 0.740722656
vn 0.0709228516 -0.332275391 0.940429688
vn -0.242919922 -0.147216797 -0.958984375
vn 0.00143241882 -0.0170288086 -1
vn -0.295898438 -0.115478516 -0.948242188
vn -0.332763672 0.0616760254 -0.940917969
vn -0.086730957 0.054107666 -0.994628906
vn -0.654296875 0.741210938 0.149780273
vn -0.469726562 0.877441406 -0.0980224609
vn -0.235961914 0.957519531 0.166259766
vn -0.743164062 0.496337891 -0.448974609
vn -0.340576172 0.904785156 -0.255126953
vn -0.606933594 0.51953125 -0.601074219
vn -0.447509766 0.52734375 -0.722167969
vn -0.195068359 0.894042969 -0.403320312
vn -0.0113296509 0.994140625 -0.106811523
vn -0.127197266 0.991210938 0.0415039062
vn 0.120605469 0.935546875 0.332275391
vn 0.228637695 0.953125 0.19909668
vn 0.393554688 0.919433594 -0.000339508057
vn 0.194946289 0.933105469 -0.301513672
vn 0.0565490723 0.823242188 -0.564941406
vn -0.190063477 0.516113281 -0.834960938
vn -0.654296875 0.741210938 0.149780273
vn -0.235961914 0.957519531 0.166259766
vn -0.434814453 0.829589844 0.351074219
vn -0.177734375 0.781738281 0.59765625
vn 0.015296936 0.890625 0.454589844
vn 0.120605469 0.935546875 0.332275391
vn 0.182006836 0.721679688 0.66796875
vn 0.317382812 0.784179688 0.533203125
vn 0.443847656 0.80859375 0.38671875
vn 0.228637695 0.953125 0.19909668
vn -0.127197266 0.991210938 0.0415039062
vn -0.340576172 0.904785156 -0.255126953
vn -0.469726562 0.877441406 -0.0980224609
vn 0.0938720703 -0.343994141 -0.934082031
vn -0.280029297 -0.279296875 -0.918457031
vn -0.252441406 -0.435791016 -0.863769531
vn 0.0807495117 -0.179443359 -0.98046875
vn 0.0570373535 -0.0927734375 -0.994140625
vn -0.292724609 -0.194458008 -0.936035156
vn -0.306884766 -0.16027832 -0.937988281
vn 0.0355834961 -0.0485229492 -0.998046875
vn 0.0272521973 -0.0231628418 -0.999511719
vn -0.30859375 -0.147949219 -0.939453125
vn -0.298339844 -0.138061523 -0.944335938
vn 0.0305480957 -0.00451660156 -0.999511719
vn 0.04296875 0.00751495361 -0.999023438
vn -0.277587891 -0.134765625 -0.951171875
vn -0.249755859 -0.143920898 -0.957519531
vn -0.958984375 -0.281738281 0.0370178223
vn -0.956542969 -0.287841797 0.0446472168
vn -0.891113281 -0.301513672 -0.339599609
vn -0.888183594 -0.305664062 -0.343261719
vn -0.869628906 -0.322509766 -0.373291016
vn -0.951171875 -0.306640625 0.0378723145
vn -0.860351562 -0.195800781 0.470947266
vn -0.865234375 -0.201782227 0.458496094
vn -0.965820312 -0.257568359 0.0208587646
vn -0.86328125 -0.303222656 -0.403564453
vn -0.876953125 -0.303710938 -0.372558594
vn -0.97265625 -0.232177734 0.00915527344
vn -0.888183594 -0.145263672 0.436279297
vn -0.95703125 -0.289794922 0.0185699463
vn -0.879882812 -0.334960938 -0.337158203
vn -0.877929688 -0.318359375 -0.358154297
vn -0.957519531 -0.287597656 0.00609970093
vn -0.0787353516 -0.680664062 0.728027344
vn 0.122741699 -0.525390625 0.842285156
vn 0.372558594 -0.559082031 0.740722656
vn 0.204345703 -0.812011719 0.546386719
vn 0.409912109 -0.819335938 0.401123047
vn 0.553710938 -0.560058594 0.616210938
vn -0.0234680176 -0.937988281 0.346435547
vn 0.187988281 -0.966796875 0.172119141
vn 0.650390625 -0.551757812 0.521972656
vn 0.309814453 -0.949707031 0.047668457
vn 0.517578125 -0.801269531 0.300537109
vn 0.608886719 -0.770507812 0.188110352
vn 0.409667969 -0.908691406 -0.0778808594
vn 0.543945312 -0.797851562 -0.259765625
vn 0.732421875 -0.680664062 -0.00201797485
vn 0.866210938 -0.445068359 0.227294922
vn 0.744628906 -0.522460938 0.415039062
vn 0.809082031 -0.22277832 0.543945312
vn 0.932128906 -0.14440918 0.331787109
vn -0.479736328 0.287597656 0.829101562
vn -0.217163086 0.278808594 0.935546875
vn -0.212402344 0.102600098 0.971679688
vn -0.485351562 0.103759766 0.868164062
vn -0.65625 0.0571289062 0.752441406
vn -0.401123047 -0.190673828 0.895996094
vn -0.578125 -0.250976562 0.776367188
vn -0.692382812 -0.2890625 0.661132812
vn -0.393554688 -0.551269531 0.735351562
vn -0.651855469 0.256347656 0.713867188
vn -0.627441406 0.379394531 0.6796875
vn -0.434082031 0.409912109 0.802246094
vn -0.392822266 0.486328125 0.780761719
vn -0.775878906 0.216186523 0.592285156
vn -0.768554688 0.014503479 0.639648438
vn -0.861816406 -0.0202941895 0.507324219
vn -0.78515625 -0.322265625 0.528808594
vn -0.87890625 0.172851562 0.444335938
vn -0.758300781 0.345947266 0.552246094
vn -0.723144531 0.469482422 0.506835938
vn -0.594238281 0.492431641 0.635742188
vn -0.532226562 0.640625 0.553222656
vn -0.386962891 0.584960938 0.712890625
vn -0.184082031 0.576660156 0.795898438
vn -0.262207031 0.795898438 0.545410156
vn -0.133666992 0.734863281 0.665039062
vn -0.646972656 0.635253906 0.422119141
vn -0.757324219 0.588378906 0.282958984
vn -0.839355469 0.415771484 0.350097656
vn -0.495361328 0.826171875 0.268798828
vn -0.392822266 0.828125 0.399414062
vn -0.16394043 0.963378906 0.211791992
vn -0.00930023193 0.926757812 0.375244141
vn -0.598144531 0.790039062 0.133911133
vn -0.395996094 0.915039062 -0.0782470703
vn -0.285400391 0.955078125 0.0813598633
vn -0.721679688 0.689453125 -0.0620422363
vn -0.870117188 0.485839844 0.0840454102
vn -0.914550781 0.354736328 -0.193481445
vn -0.813476562 0.52734375 -0.24597168
vn -0.393554688 -0.551269531 0.735351562
vn -0.578125 -0.250976562 0.776367188
vn -0.401123047 -0.190673828 0.895996094
vn -0.193847656 -0.458984375 0.8671875
vn 0.0105895996 -0.599121094 0.800292969
vn 0.00591278076 -0.2578125 0.966308594
vn 0.201538086 -0.378417969 0.903320312
vn 0.286865234 -0.101745605 0.952636719
vn 0.0787963867 0.0123062134 0.996582031
vn 0.393310547 -0.473144531 0.788574219
vn 0.195800781 -0.688964844 0.697753906
vn -0.028137207 -0.82421875 0.565429688
vn 0.538085938 -0.787597656 0.300292969
vn 0.787597656 -0.58203125 0.203491211
vn 0.427490234 -0.893066406 0.139892578
vn 0.305175781 -0.952148438 -0.00678634644
vn -0.213989258 -0.716308594 0.6640625
vn -0.387451172 -0.75 0.536132812
vn -0.208618164 -0.885253906 0.415771484
vn -0.352294922 -0.908203125 0.2265625
vn 0.159301758 -0.9765625 -0.144897461
vn -0.00894927979 -0.958007812 -0.287353516
vn -0.489746094 -0.871582031 -0.0136413574
vn -0.622070312 -0.752929688 -0.214111328
vn -0.632324219 -0.766601562 0.110595703
vn -0.52734375 -0.596679688 0.604980469
vn -0.692382812 -0.2890625 0.661132812
vn -0.634277344 -0.624023438 0.456787109
vn -0.78515625 -0.322265625 0.528808594
vn -0.499023438 -0.790527344 0.354980469
vn -0.750976562 -0.620117188 0.227783203
vn -0.834960938 -0.550292969 0.0129547119
vn -0.770507812 -0.629882812 -0.0975952148
vn 0.764648438 -0.315917969 -0.562011719
vn 0.762695312 -0.333740234 -0.553710938
vn 0.764648438 -0.333007812 -0.551757812
vn 0.768066406 -0.316162109 -0.556640625
vn 0.781738281 -0.229370117 -0.579589844
vn 0.772460938 -0.313964844 -0.552246094
vn 0.764160156 -0.22668457 -0.604003906
vn 0.720214844 -0.216552734 -0.658691406
vn 0.748535156 -0.313232422 -0.583984375
vn 0.667480469 -0.296386719 -0.683105469
vn 0.573242188 -0.114746094 -0.811523438
vn 0.0698242188 -0.01953125 -0.997558594
vn 0.578613281 0.369628906 -0.727050781
vn 0.395751953 0.320800781 -0.860351562
vn 0.573242188 -0.114746094 -0.811523438
vn -0.0140151978 0.325439453 -0.9453125
vn 0.0698242188 -0.01953125 -0.997558594
vn 0.698242188 0.386962891 -0.602539062
vn 0.770507812 0.440429688 -0.461181641
vn 0.825683594 -0.153686523 -0.54296875
vn 0.861816406 -0.0496826172 -0.504882812
vn 0.764160156 0.615722656 -0.191040039
vn 0.927246094 0.364990234 -0.0856933594
vn 0.934082031 -0.160766602 -0.319091797
vn 0.799804688 -0.288330078 -0.526367188
vn 0.78125 -0.325683594 -0.532714844
vn 0.767089844 -0.33203125 -0.548828125
vn 0.766113281 -0.334716797 -0.548339844
vn 0.763671875 -0.3359375 -0.551269531
vn 0.762695312 -0.339355469 -0.55078125
vn 0.915527344 -0.229614258 -0.329833984
vn 0.888671875 -0.274658203 -0.3671875
vn 0.931640625 0.124694824 0.341308594
vn 0.903320312 0.327148438 0.277099609
vn 0.927246094 0.364990234 -0.0856933594
vn 0.94140625 -0.0471496582 0.333251953
vn 0.952636719 -0.217163086 0.213256836
vn 0.778808594 -0.330566406 -0.532714844
vn 0.777832031 -0.335693359 -0.53125
vn 0.853027344 -0.315429688 -0.416015625
vn 0.833984375 -0.375 -0.404785156
vn 0.892578125 -0.382324219 0.239257812
vn 0.787597656 -0.58203125 0.203491211
vn 0.766113281 -0.550292969 -0.331787109
vn 0.765136719 -0.338134766 -0.547851562
vn 0.763671875 -0.355224609 -0.539550781
vn 0.783691406 -0.36328125 -0.50390625
vn 0.759277344 -0.356201172 -0.544433594
vn 0.704101562 -0.552246094 -0.446777344
vn 0.754882812 -0.358642578 -0.549316406
vn 0.759765625 -0.341064453 -0.553710938
vn 0.736816406 -0.551269531 -0.391601562
vn 0.427490234 -0.893066406 0.139892578
vn 0.538085938 -0.787597656 0.300292969
vn 0.787597656 -0.58203125 0.203491211
vn 0.305175781 -0.952148438 -0.00678634644
vn 0.159301758 -0.9765625 -0.144897461
vn 0.65625 -0.579589844 -0.483398438
vn 0.605957031 -0.60546875 -0.516113281
vn 0.728027344 -0.381591797 -0.569335938
vn -0.00894927979 -0.958007812 -0.287353516
vn 0.577636719 -0.474365234 -0.664550781
vn 0.0788574219 -0.823242188 -0.562011719
vn -0.962890625 0.114685059 0.243774414
vn -0.999511719 0.0162353516 -0.018951416
vn -0.989257812 0.12512207 -0.076965332
vn -0.958007812 0.221313477 0.181640625
vn -0.87109375 0.294677734 0.392578125
vn -0.936035156 0.322509766 0.139648438
vn -0.969238281 0.209594727 -0.129516602
vn -0.87890625 0.172851562 0.444335938
vn -0.861816406 -0.0202941895 0.507324219
vn -0.946289062 -0.0668945312 0.316650391
vn -0.775878906 0.216186523 0.592285156
vn -0.758300781 0.345947266 0.552246094
vn -0.723144531 0.469482422 0.506835938
vn -0.839355469 0.415771484 0.350097656
vn -0.757324219 0.588378906 0.282958984
vn -0.870117188 0.485839844 0.0840454102
vn -0.914550781 0.354736328 -0.193481445
vn -0.00894927979 -0.958007812 -0.287353516
vn 0.0788574219 -0.823242188 -0.562011719
vn -0.622070312 -0.752929688 -0.214111328
vn -0.167724609 -0.688476562 -0.705566406
vn -0.739257812 -0.550292969 -0.387695312
vn -0.880371094 -0.415283203 -0.229370117
vn -0.770507812 -0.629882812 -0.0975952148
vn -0.632324219 -0.766601562 0.110595703
vn -0.489746094 -0.871582031 -0.0136413574
vn -0.834960938 -0.550292969 0.0129547119
vn -0.935546875 -0.322509766 -0.145019531
vn -0.980957031 -0.188720703 0.0491943359
vn -0.919433594 -0.382324219 0.0940551758
vn -0.874511719 -0.360595703 0.323730469
vn -0.946289062 -0.0668945312 0.316650391
vn -0.750976562 -0.620117188 0.227783203
vn -0.861816406 -0.0202941895 0.507324219
vn -0.634277344 -0.624023438 0.456787109
vn -0.78515625 -0.322265625 0.528808594
vn -0.109069824 -0.174194336 -0.978515625
vn 0.667480469 -0.296386719 -0.683105469
vn 0.0698242188 -0.01953125 -0.997558594
vn 0.650878906 -0.340332031 -0.678710938
vn 0.680664062 -0.349121094 -0.644042969
vn 0.750488281 -0.3359375 -0.568847656
vn 0.0576477051 -0.37890625 -0.923828125
vn 0.748535156 -0.313232422 -0.583984375
vn 0.764648438 -0.315917969 -0.562011719
vn 0.762695312 -0.333740234 -0.553710938
vn 0.761230469 -0.337646484 -0.553222656
vn 0.764648438 -0.333007812 -0.551757812
vn 0.763671875 -0.3359375 -0.551269531
vn 0.762695312 -0.339355469 -0.55078125
vn 0.759765625 -0.341064453 -0.553710938
vn 0.746582031 -0.34765625 -0.566894531
vn 0.754882812 -0.358642578 -0.549316406
vn 0.728027344 -0.381591797 -0.569335938
vn 0.0411071777 -0.517089844 -0.854980469
vn 0.577636719 -0.474365234 -0.664550781
vn -0.167724609 -0.688476562 -0.705566406
vn 0.749511719 -0.342529297 -0.56640625
vn 0.654785156 -0.409667969 -0.635253906
vn -0.16394043 0.963378906 0.211791992
vn 0.206665039 0.942871094 0.260742188
vn -0.00930023193 0.926757812 0.375244141
vn 0.0570983887 0.995605469 0.0732421875
vn 0.329345703 0.935546875 -0.127685547
vn -0.078125 0.993164062 -0.0848999023
vn 0.418212891 0.900390625 0.12121582
vn 0.764160156 0.615722656 -0.191040039
vn 0.770507812 0.440429688 -0.461181641
vn 0.698242188 0.386962891 -0.602539062
vn -0.285400391 0.955078125 0.0813598633
vn -0.495361328 0.826171875 0.268798828
vn -0.395996094 0.915039062 -0.0782470703
vn -0.211181641 0.937988281 -0.274169922
vn 0.0698242188 0.864257812 -0.498291016
vn 0.228637695 0.921386719 -0.314208984
vn 0.578613281 0.369628906 -0.727050781
vn 0.395751953 0.320800781 -0.860351562
vn 0.892578125 -0.382324219 0.239257812
vn 0.787597656 -0.58203125 0.203491211
vn 0.393310547 -0.473144531 0.788574219
vn 0.527832031 -0.219848633 0.8203125
vn 0.5703125 -0.00023496151 0.821289062
vn 0.286865234 -0.101745605 0.952636719
vn 0.952636719 -0.217163086 0.213256836
vn 0.94140625 -0.0471496582 0.333251953
vn 0.289794922 0.126220703 0.948730469
vn 0.0689086914 0.212768555 0.974609375
vn 0.282226562 0.286621094 0.915527344
vn 0.0787963867 0.0123062134 0.996582031
vn 0.540527344 0.190185547 0.819335938
vn 0.511230469 0.385253906 0.768066406
vn 0.931640625 0.124694824 0.341308594
vn 0.903320312 0.327148438 0.277099609
vn -0.212402344 0.102600098 0.971679688
vn 0.00591278076 -0.2578125 0.966308594
vn -0.207519531 -0.103637695 0.97265625
vn -0.401123047 -0.190673828 0.895996094
vn -0.217163086 0.278808594 0.935546875
vn -0.21081543 0.408203125 0.888183594
vn -0.479736328 0.287597656 0.829101562
vn -0.434082031 0.409912109 0.802246094
vn -0.392822266 0.486328125 0.780761719
vn 0.0381164551 0.356201172 0.93359375
vn 0.0337219238 0.459472656 0.887695312
vn -0.190673828 0.468994141 0.862304688
vn -0.184082031 0.576660156 0.795898438
vn 0.298583984 0.434570312 0.849609375
vn 0.331787109 0.614746094 0.715332031
vn 0.0960693359 0.601074219 0.793457031
vn 0.117736816 0.797851562 0.591308594
vn -0.133666992 0.734863281 0.665039062
vn -0.262207031 0.795898438 0.545410156
vn -0.00930023193 0.926757812 0.375244141
vn 0.206665039 0.942871094 0.260742188
vn 0.316650391 0.806640625 0.498779297
vn 0.495849609 0.775390625 0.391113281
vn 0.418212891 0.900390625 0.12121582
vn 0.764160156 0.615722656 -0.191040039
vn 0.927246094 0.364990234 -0.0856933594
vn 0.520019531 0.58984375 0.617675781
vn -0.980957031 -0.188720703 0.0491943359
vn -0.962890625 0.114685059 0.243774414
vn -0.946289062 -0.0668945312 0.316650391
vn -0.999511719 0.0162353516 -0.018951416
vn -0.967773438 -0.0939331055 -0.233886719
vn -0.935546875 -0.322509766 -0.145019531
vn -0.989257812 0.12512207 -0.076965332
vn -0.880371094 -0.415283203 -0.229370117
vn -0.958007812 0.0428466797 -0.284179688
vn -0.92578125 0.135742188 -0.352539062
vn -0.937011719 0.0163421631 -0.349365234
vn -0.969238281 0.209594727 -0.129516602
vn -0.9375 -0.163085938 -0.308105469
vn -0.770507812 -0.312011719 -0.556152344
vn -0.739257812 -0.550292969 -0.387695312
vn -0.167724609 -0.688476562 -0.705566406
vn 0.0411071777 -0.517089844 -0.854980469
vn 0.0576477051 -0.37890625 -0.923828125
vn -0.914550781 0.354736328 -0.193481445
vn -0.936035156 0.322509766 0.139648438
vn -0.849609375 0.284179688 -0.444091797
vn -0.774414062 0.301513672 -0.556152344
vn -0.784179688 -0.131591797 -0.606445312
vn -0.770019531 0.087890625 -0.632324219
vn -0.109069824 -0.174194336 -0.978515625
vn 0.0698242188 -0.01953125 -0.997558594
vn -0.63671875 0.301025391 -0.709960938
vn -0.892578125 0.140869141 -0.428222656
vn -0.861328125 0.387207031 -0.329589844
vn -0.801269531 0.173828125 -0.572753906
vn -0.768066406 0.302490234 -0.564453125
vn -0.647949219 0.209838867 -0.732421875
vn -0.678710938 0.0476379395 -0.732910156
vn -0.706542969 0.409423828 -0.577148438
vn -0.419189453 -0.118347168 -0.899902344
vn -0.574707031 0.351318359 -0.739257812
vn -0.322998047 0.207641602 -0.923339844
vn -0.364013672 0.0355224609 -0.930664062
vn -0.425537109 0.522460938 -0.738769531
vn -0.579101562 0.5546875 -0.597167969
vn -0.709472656 0.603515625 -0.364501953
vn -0.811035156 0.474365234 -0.341796875
vn -0.241455078 0.443359375 -0.86328125
vn 0.255126953 0.141845703 -0.956542969
vn 0.356933594 -0.15612793 -0.920898438
vn 0.356933594 -0.304931641 -0.8828125
vn 0.273193359 -0.408203125 -0.87109375
vn 0.0125579834 -0.516113281 -0.856445312
vn -0.504394531 -0.315673828 -0.803710938
vn -0.694824219 -0.180419922 -0.696289062
vn -0.706542969 0.409423828 -0.577148438
vn -0.861328125 0.387207031 -0.329589844
vn -0.768066406 0.302490234 -0.564453125
vn -0.811035156 0.474365234 -0.341796875
vn -0.84375 0.529785156 -0.0880126953
vn -0.709472656 0.603515625 -0.364501953
vn -0.738769531 0.664550781 -0.112060547
vn -0.701660156 0.708007812 0.0809326172
vn -0.819824219 0.560546875 0.117248535
vn -0.879882812 0.454589844 0.137573242
vn -0.772460938 0.564941406 0.289794922
vn -0.834960938 0.449462891 0.318115234
vn -0.884277344 0.327148438 0.333984375
vn -0.926757812 0.340087891 0.160522461
vn -0.939453125 0.338867188 -0.0523986816
vn -0.97265625 0.14831543 0.178955078
vn -0.986328125 0.160644531 -0.0328674316
vn -0.942382812 0.109313965 -0.316650391
vn -0.895507812 0.438720703 -0.0739746094
vn -0.900878906 0.286132812 -0.326171875
vn -0.801269531 0.173828125 -0.572753906
vn -0.827636719 -0.0312194824 -0.560546875
vn -0.694824219 -0.180419922 -0.696289062
vn -0.678710938 0.0476379395 -0.732910156
vn -0.419189453 -0.118347168 -0.899902344
vn -0.709472656 0.603515625 -0.364501953
vn -0.521972656 0.829589844 -0.198364258
vn -0.738769531 0.664550781 -0.112060547
vn -0.701660156 0.708007812 0.0809326172
vn -0.469726562 0.8828125 -0.0129547119
vn -0.772460938 0.564941406 0.289794922
vn -0.819824219 0.560546875 0.117248535
vn -0.760253906 0.424804688 0.491455078
vn -0.834960938 0.449462891 0.318115234
vn -0.884277344 0.327148438 0.333984375
vn -0.810546875 0.307373047 0.498291016
vn -0.865234375 0.116699219 0.488037109
vn -0.685546875 0.268554688 0.676757812
vn -0.744628906 0.0910644531 0.661132812
vn -0.54296875 0.00654983521 0.83984375
vn -0.741699219 -0.200561523 0.639648438
vn -0.864257812 -0.193115234 0.464355469
vn -0.931640625 -0.181274414 0.314453125
vn -0.932128906 0.130126953 0.337890625
vn -0.97265625 0.14831543 0.178955078
vn -0.926757812 0.340087891 0.160522461
vn -0.973632812 -0.16809082 0.153442383
vn -0.987304688 -0.14440918 -0.0667724609
vn -0.986328125 0.160644531 -0.0328674316
vn -0.942382812 0.109313965 -0.316650391
vn -0.870605469 -0.487792969 0.064453125
vn -0.829101562 -0.497070312 0.256347656
vn -0.68359375 -0.704101562 0.19152832
vn -0.876953125 -0.444580078 -0.183105469
vn -0.853027344 -0.285888672 -0.437011719
vn -0.727050781 -0.6171875 -0.300537109
vn -0.709960938 -0.437255859 -0.552246094
vn -0.694824219 -0.180419922 -0.696289062
vn -0.827636719 -0.0312194824 -0.560546875
vn -0.953613281 -0.0960693359 -0.284667969
vn -0.0170440674 0.980957031 0.194702148
vn -0.416503906 0.899414062 0.131103516
vn -0.116271973 0.993164062 0.0108184814
vn -0.341552734 0.895019531 0.286376953
vn -0.213500977 0.834472656 0.5078125
vn -0.596191406 0.711914062 0.371582031
vn 0.106750488 0.890625 0.441650391
vn 0.145996094 0.694335938 0.704589844
vn -0.65234375 0.721191406 0.233276367
vn -0.701660156 0.708007812 0.0809326172
vn -0.469726562 0.8828125 -0.0129547119
vn -0.772460938 0.564941406 0.289794922
vn -0.720214844 0.53125 0.446289062
vn -0.594238281 0.456542969 0.662109375
vn -0.760253906 0.424804688 0.491455078
vn -0.499023438 0.60546875 0.620117188
vn -0.211303711 0.541503906 0.813476562
vn -0.0924682617 0.700195312 0.708007812
vn -0.634277344 0.373535156 0.676757812
vn -0.429199219 0.286865234 0.856445312
vn -0.685546875 0.268554688 0.676757812
vn -0.351806641 0.368164062 0.860839844
vn -0.128417969 0.309570312 0.942382812
vn 0.0235900879 0.473632812 0.880371094
vn 0.179931641 0.467285156 0.865722656
vn -0.482421875 0.181762695 0.856933594
vn -0.54296875 0.00654983521 0.83984375
vn -0.310302734 0.0957641602 0.945800781
vn -0.233154297 0.209838867 0.949707031
vn -0.132324219 0.176879883 0.975097656
vn -0.0161437988 0.30078125 0.953613281
vn 0.274169922 0.216186523 0.937011719
vn -0.383300781 -0.111877441 0.916992188
vn -0.221801758 -0.270263672 0.937011719
vn -0.468505859 -0.360839844 0.806640625
vn -0.586914062 -0.183227539 0.788574219
vn -0.741699219 -0.200561523 0.639648438
vn -0.321289062 -0.521484375 0.790527344
vn -0.141845703 -0.639648438 0.755371094
vn 0.0401611328 -0.446044922 0.894042969
vn 0.109619141 -0.208984375 0.971679688
vn 0.595703125 -0.654785156 0.465087891
vn 0.286376953 -0.803222656 0.521972656
vn 0.724609375 -0.491943359 0.482177734
vn 0.740722656 -0.305175781 0.598632812
vn 0.138549805 0.0425415039 0.989257812
vn 0.871582031 -0.207519531 0.444091797
vn 0.924316406 -0.0168609619 0.381591797
vn 0.425048828 0.387207031 0.818359375
vn 0.520996094 0.6015625 0.60546875
vn 0.87890625 0.302734375 0.369140625
vn 0.335449219 0.662597656 0.669921875
vn 0.745605469 -0.157348633 -0.647949219
vn 0.322753906 0.411376953 -0.852539062
vn 0.255126953 0.141845703 -0.956542969
vn 0.692382812 0.305419922 -0.653808594
vn 0.848144531 -0.312255859 -0.428222656
vn 0.817871094 0.288818359 -0.497558594
vn 0.866210938 -0.33984375 -0.366699219
vn 0.872558594 -0.349853516 -0.341552734
vn 0.889648438 0.273681641 -0.365234375
vn 0.938476562 0.281982422 -0.19921875
vn 0.838378906 -0.432617188 -0.331298828
vn 0.832519531 -0.423583984 -0.356933594
vn 0.74609375 -0.281005859 -0.603515625
vn 0.745605469 -0.157348633 -0.647949219
vn 0.255126953 0.141845703 -0.956542969
vn 0.884765625 -0.343017578 -0.314941406
vn 0.9453125 -0.267822266 -0.187011719
vn 0.843261719 -0.431884766 -0.3203125
vn 0.958984375 0.280517578 0.0414428711
vn 0.87890625 0.302734375 0.369140625
vn 0.83984375 -0.433349609 -0.326904297
vn 0.833496094 -0.447021484 -0.324462891
vn 0.833007812 -0.446533203 -0.326171875
vn 0.96875 -0.227050781 -0.100891113
vn 0.93359375 -0.323730469 -0.153808594
vn 0.924316406 -0.0168609619 0.381591797
vn 0.871582031 -0.207519531 0.444091797
vn 0.854980469 -0.426269531 -0.294921875
vn 0.842773438 -0.447021484 -0.299804688
vn 0.835449219 -0.447265625 -0.319824219
vn 0.834472656 -0.449462891 -0.318359375
vn 0.833496094 -0.448242188 -0.323242188
vn 0.832519531 -0.451660156 -0.321289062
vn 0.874023438 -0.443359375 -0.199462891
vn 0.873046875 -0.454345703 -0.176025391
vn 0.740722656 -0.305175781 0.598632812
vn 0.724609375 -0.491943359 0.482177734
vn 0.840820312 -0.451416016 -0.299560547
vn 0.838867188 -0.456298828 -0.297119141
vn 0.862792969 -0.465820312 -0.196411133
vn 0.808105469 -0.576660156 -0.120483398
vn 0.595703125 -0.654785156 0.465087891
vn 0.286376953 -0.803222656 0.521972656
vn 0.833496094 -0.452636719 -0.316650391
vn 0.825683594 -0.469970703 -0.311523438
vn 0.830566406 -0.478027344 -0.286132812
vn 0.704101562 -0.703125 -0.0989379883
vn 0.731445312 -0.680664062 -0.0349121094
vn 0.184936523 -0.928710938 0.322021484
vn 0.14453125 -0.983886719 0.10345459
vn 0.706542969 -0.671875 -0.221679688
vn 0.699707031 -0.654785156 -0.28515625
vn 0.0974121094 -0.990722656 -0.0931396484
vn 0.0334777832 -0.959472656 -0.280029297
vn 0.82421875 -0.468505859 -0.318115234
vn 0.821777344 -0.468505859 -0.32421875
vn 0.831542969 -0.450683594 -0.324462891
vn 0.66796875 -0.661621094 -0.340332031
vn 0.592285156 -0.67578125 -0.438232422
vn -0.0494995117 -0.876464844 -0.478515625
vn 0.809082031 -0.473144531 -0.347900391
vn -0.104614258 -0.705566406 -0.700683594
vn 0.619140625 -0.552734375 -0.558105469
vn 0.0125579834 -0.516113281 -0.856445312
vn 0.537597656 -0.639160156 -0.550292969
vn 0.356933594 -0.15612793 -0.920898438
vn 0.74609375 -0.281005859 -0.603515625
vn 0.255126953 0.141845703 -0.956542969
vn 0.775390625 -0.387451172 -0.498779297
vn 0.786621094 -0.440917969 -0.432373047
vn 0.827148438 -0.443847656 -0.344238281
vn 0.356933594 -0.304931641 -0.8828125
vn 0.832519531 -0.423583984 -0.356933594
vn 0.838378906 -0.432617188 -0.331298828
vn 0.833007812 -0.446533203 -0.326171875
vn 0.833007812 -0.447265625 -0.325439453
vn 0.833496094 -0.447021484 -0.324462891
vn 0.833496094 -0.448242188 -0.323242188
vn 0.832519531 -0.451660156 -0.321289062
vn 0.831542969 -0.450683594 -0.324462891
vn 0.823730469 -0.451416016 -0.342773438
vn 0.821777344 -0.468505859 -0.32421875
vn 0.809082031 -0.473144531 -0.347900391
vn 0.273193359 -0.408203125 -0.87109375
vn 0.619140625 -0.552734375 -0.558105469
vn 0.0125579834 -0.516113281 -0.856445312
vn 0.826660156 -0.446533203 -0.342529297
vn 0.733886719 -0.480957031 -0.479492188
vn -0.221801758 -0.270263672 0.937011719
vn -0.0872802734 -0.0127563477 0.99609375
vn 0.109619141 -0.208984375 0.971679688
vn -0.132324219 0.176879883 0.975097656
vn 0.145996094 0.694335938 0.704589844
vn 0.335449219 0.662597656 0.669921875
vn 0.179931641 0.467285156 0.865722656
vn 0.341308594 0.850097656 0.401611328
vn 0.106750488 0.890625 0.441650391
vn 0.520996094 0.6015625 0.60546875
vn -0.0170440674 0.980957031 0.194702148
vn 0.564453125 0.760742188 0.319580078
vn 0.531738281 0.846191406 0.0315856934
vn 0.958984375 0.280517578 0.0414428711
vn 0.87890625 0.302734375 0.369140625
vn 0.938476562 0.281982422 -0.19921875
vn 0.889648438 0.273681641 -0.365234375
vn 0.236450195 0.962402344 0.134765625
vn 0.127075195 0.988769531 -0.0814819336
vn -0.116271973 0.993164062 0.0108184814
vn -0.179931641 0.972167969 -0.151367188
vn -0.416503906 0.899414062 0.131103516
vn -0.469726562 0.8828125 -0.0129547119
vn -0.521972656 0.829589844 -0.198364258
vn -0.252197266 0.90234375 -0.349609375
vn -0.0555725098 0.87890625 -0.474121094
vn 0.449462891 0.870117188 -0.20324707
vn 0.340087891 0.85546875 -0.390869141
vn 0.817871094 0.288818359 -0.497558594
vn 0.692382812 0.305419922 -0.653808594
vn 0.177124023 0.800292969 -0.572753906
vn 0.0440063477 0.961914062 -0.269042969
vn -0.132324219 0.176879883 0.975097656
vn -0.251953125 0.0987548828 0.962890625
vn -0.310302734 0.0957641602 0.945800781
vn -0.221801758 -0.270263672 0.937011719
vn -0.141845703 -0.639648438 0.755371094
vn 0.286376953 -0.803222656 0.521972656
vn 0.184936523 -0.928710938 0.322021484
vn -0.297607422 -0.762695312 0.573730469
vn -0.449462891 -0.651367188 0.611328125
vn -0.407958984 -0.844238281 0.348144531
vn -0.321289062 -0.521484375 0.790527344
vn 0.14453125 -0.983886719 0.10345459
vn -0.468505859 -0.360839844 0.806640625
vn 0.0974121094 -0.990722656 -0.0931396484
vn -0.609375 -0.487792969 0.625
vn -0.747558594 -0.505859375 0.430664062
vn -0.741699219 -0.200561523 0.639648438
vn -0.864257812 -0.193115234 0.464355469
vn -0.931640625 -0.181274414 0.314453125
vn -0.829101562 -0.497070312 0.256347656
vn -0.68359375 -0.704101562 0.19152832
vn -0.590332031 -0.700683594 0.400390625
vn -0.491210938 -0.86328125 0.115112305
vn -0.54296875 -0.830078125 -0.127563477
vn 0.0334777832 -0.959472656 -0.280029297
vn -0.0494995117 -0.876464844 -0.478515625
vn -0.726074219 -0.686523438 -0.0372619629
vn -0.870605469 -0.487792969 0.064453125
vn -0.727050781 -0.6171875 -0.300537109
vn -0.565429688 -0.730957031 -0.3828125
vn -0.561035156 -0.546386719 -0.622070312
vn -0.104614258 -0.705566406 -0.700683594
vn -0.709960938 -0.437255859 -0.552246094
vn 0.0125579834 -0.516113281 -0.856445312
vn -0.694824219 -0.180419922 -0.696289062
vn -0.504394531 -0.315673828 -0.803710938
vn 0.254150391 0.812988281 -0.524414062
vn 0.0748901367 0.76171875 -0.643554688
vn 0.129150391 0.739746094 -0.66015625
vn 0.301513672 0.776367188 -0.553222656
vn 0.501464844 0.782226562 -0.369873047
vn 0.347900391 0.730957031 -0.586914062
vn 0.539550781 0.732421875 -0.415039062
vn 0.684570312 0.696289062 -0.21472168
vn 0.641601562 0.543945312 -0.540527344
vn 0.464599609 0.823730469 -0.325195312
vn 0.62109375 0.775878906 -0.112365723
vn 0.423828125 0.862792969 -0.274658203
vn 0.209716797 0.846679688 -0.488769531
vn 0.649902344 0.741699219 -0.16394043
vn 0.724121094 0.689941406 -0.0137023926
vn 0.799804688 0.508300781 -0.318847656
vn 0.880371094 0.452148438 -0.141967773
vn 0.879882812 -0.1796875 -0.440429688
vn 0.702148438 -0.150390625 -0.695800781
vn 0.957519531 -0.190307617 -0.215576172
vn 0.981933594 -0.187011719 -0.0303649902
vn 0.761230469 0.645019531 -0.0680541992
vn 0.811523438 0.582519531 0.0454711914
vn 0.926757812 0.375488281 -0.00350379944
vn 0.940917969 0.306884766 0.144897461
vn 0.974609375 -0.173583984 0.141723633
vn 0.936035156 -0.153930664 0.315917969
vn 0.828125 0.547851562 0.119812012
vn 0.807128906 0.557128906 0.196533203
vn 0.764160156 0.636230469 0.10369873
vn 0.738769531 0.650878906 0.175292969
vn 0.90625 0.302490234 0.295898438
vn 0.862792969 0.330566406 0.383056641
vn 0.69921875 0.713378906 0.0478820801
vn 0.677734375 0.727050781 0.110717773
vn 0.8984375 -0.138183594 0.416259766
vn 0.880371094 -0.129882812 0.456542969
vn 0.745117188 -0.582519531 0.324951172
vn 0.73046875 -0.584472656 0.353759766
vn 0.712402344 -0.586425781 0.385742188
vn 0.771972656 0.572265625 0.27734375
vn 0.752441406 0.569335938 0.330810547
vn 0.58984375 0.805664062 -0.0565490723
vn 0.545898438 0.837890625 0.00840759277
vn 0.373291016 0.903808594 -0.208740234
vn 0.299804688 0.946289062 -0.121337891
vn 0.166870117 0.883300781 -0.437988281
vn 0.837890625 0.343017578 0.425048828
vn 0.815917969 0.351318359 0.459472656
vn 0.720703125 0.650878906 0.238769531
vn 0.702636719 0.649902344 0.290039062
vn 0.649902344 0.740234375 0.17199707
vn 0.599121094 0.765625 0.234619141
vn 0.475830078 0.875976562 0.0817260742
vn 0.391113281 0.907226562 0.154418945
vn 0.859863281 -0.123352051 0.494873047
vn 0.833496094 -0.11895752 0.539550781
vn 0.685546875 -0.587402344 0.4296875
vn 0.653320312 -0.581054688 0.485351562
vn 0.216308594 0.976074219 -0.0293273926
vn 0.0375976562 0.968261719 -0.247314453
vn 0.109985352 0.928710938 -0.353759766
vn -0.0681152344 0.834472656 -0.546875
vn -0.0137405396 0.798828125 -0.6015625
vn 0.0265655518 0.778808594 -0.626464844
vn 0.142944336 0.988769531 0.0445556641
vn 0.795410156 -0.108215332 0.596679688
vn 0.742675781 -0.0909423828 0.663574219
vn 0.756835938 0.365966797 0.541503906
vn 0.625 -0.567382812 0.536132812
vn 0.592773438 -0.561035156 0.578125
vn 0.79296875 0.356445312 0.494140625
vn 0.715820312 0.566894531 0.408203125
vn 0.736816406 0.565429688 0.370605469
vn 0.669921875 0.660644531 0.339599609
vn 0.618164062 0.682128906 0.390625
vn 0.677246094 0.579589844 0.452880859
vn 0.618164062 0.593261719 0.515625
vn 0.696777344 0.376708984 0.610351562
vn 0.626464844 0.371826172 0.685058594
vn 0.529785156 0.795410156 0.295410156
vn 0.457519531 0.817871094 0.349121094
vn 0.683105469 -0.0895996094 0.724609375
vn 0.627929688 -0.10168457 0.771484375
vn 0.552734375 -0.564453125 0.61328125
vn 0.516113281 -0.578125 0.631835938
vn 0.555175781 0.703125 0.444091797
vn 0.491455078 0.710449219 0.50390625
vn 0.314453125 0.924804688 0.215087891
vn 0.251953125 0.931640625 0.260986328
vn 0.0826416016 0.991699219 0.0982055664
vn 0.0331115723 0.990234375 0.136230469
vn -0.100158691 0.990722656 -0.0911254883
vn -0.152832031 0.986816406 -0.0488586426
vn -0.217529297 0.976074219 0
vn 0.549804688 0.593261719 0.587890625
vn 0.493896484 0.575683594 0.651367188
vn 0.395019531 0.828613281 0.396972656
vn 0.348632812 0.823730469 0.447265625
vn 0.203979492 0.931640625 0.300048828
vn 0.148925781 0.921875 0.357666016
vn -0.0278930664 0.981933594 0.186645508
vn -0.114196777 0.958007812 0.262207031
vn -0.306884766 0.94921875 0.0661621094
vn 0.567871094 0.350097656 0.744628906
vn 0.529296875 0.314453125 0.788085938
vn 0.440429688 0.698242188 0.564453125
vn 0.395263672 0.673828125 0.624511719
vn 0.300537109 0.805175781 0.511230469
vn 0.226806641 0.775390625 0.589355469
vn 0.0678710938 0.895019531 0.440917969
vn -0.0205230713 0.848144531 0.528808594
vn 0.583496094 -0.131469727 0.801269531
vn 0.53515625 -0.178222656 0.825683594
vn 0.466796875 -0.598632812 0.650878906
vn 0.388183594 -0.616699219 0.685058594
vn 0.452148438 -0.231811523 0.861328125
vn 0.349853516 -0.265625 0.8984375
vn 0.423339844 0.214233398 0.880371094
vn 0.316162109 -0.615234375 0.722167969
vn 0.275878906 -0.580566406 0.766113281
vn 0.491699219 0.268798828 0.828125
vn 0.403564453 0.5234375 0.750488281
vn 0.451660156 0.548828125 0.703125
vn 0.329345703 0.651855469 0.683105469
vn 0.234619141 0.637207031 0.733886719
vn 0.329345703 0.498779297 0.801757812
vn 0.233154297 0.464355469 0.854492188
vn 0.324707031 0.158569336 0.932617188
vn 0.233154297 0.115966797 0.965332031
vn 0.126953125 0.740234375 0.66015625
vn 0.0121612549 0.708496094 0.705566406
vn 0.268066406 -0.26171875 0.927246094
vn 0.184570312 -0.238647461 0.953613281
vn 0.215820312 -0.515625 0.829101562
vn 0.194091797 -0.739746094 0.64453125
vn 0.0642089844 -0.469970703 0.880371094
vn 0.126708984 0.620605469 0.773925781
vn 0.0187530518 0.599121094 0.800292969
vn 0.141113281 0.425537109 0.894042969
vn 0.0530700684 0.379150391 0.923828125
vn 0.0318603516 -0.217773438 0.975585938
vn -0.173095703 -0.22265625 0.959472656
vn -0.0113983154 0.0564575195 0.998535156
vn 0.152709961 0.0700073242 0.985839844
vn -0.0445251465 0.345947266 0.937011719
vn -0.182250977 0.412841797 0.892578125
vn -0.211425781 0.125854492 0.969238281
vn -0.0863647461 0.569335938 0.817382812
vn -0.21862793 0.62109375 0.752441406
vn -0.105529785 0.674316406 0.73046875
vn -0.259521484 0.73046875 0.631835938
vn -0.131591797 0.788574219 0.600585938
vn -0.326171875 0.8515625 0.410644531
vn -0.206787109 0.91796875 0.338623047
vn -0.380126953 0.666015625 0.642089844
vn -0.515136719 0.521484375 0.680175781
vn -0.327636719 0.482910156 0.812011719
vn -0.408203125 0.177734375 0.895507812
vn -0.653808594 0.188110352 0.732910156
vn 0.129150391 0.739746094 -0.66015625
vn 0.347900391 0.730957031 -0.586914062
vn 0.301513672 0.776367188 -0.553222656
vn 0.182861328 0.700683594 -0.689941406
vn 0.048034668 0.651855469 -0.756835938
vn 0.244506836 0.525390625 -0.814941406
vn 0.428466797 0.55078125 -0.716308594
vn 0.641601562 0.543945312 -0.540527344
vn 0.457519531 -0.110961914 -0.882324219
vn 0.702148438 -0.150390625 -0.695800781
vn 0.248535156 -0.0722045898 -0.965820312
vn 0.0907592773 0.468994141 -0.878417969
vn -0.0592346191 0.415771484 -0.907714844
vn -0.0278015137 0.624023438 -0.780761719
vn -0.0931396484 0.630859375 -0.770507812
vn -0.199707031 0.416748047 -0.88671875
vn -0.278564453 0.440185547 -0.853515625
vn -0.00205039978 0.694824219 -0.719238281
vn -0.0578613281 0.705078125 -0.706542969
vn 0.0748901367 0.76171875 -0.643554688
vn -0.158935547 0.641601562 -0.750488281
vn -0.201416016 0.638183594 -0.743164062
vn -0.317626953 0.449462891 -0.834960938
vn -0.360839844 0.461425781 -0.810546875
vn 0.0265655518 0.778808594 -0.626464844
vn 0.254150391 0.812988281 -0.524414062
vn 0.209716797 0.846679688 -0.488769531
vn 0.166870117 0.883300781 -0.437988281
vn 0.423828125 0.862792969 -0.274658203
vn 0.373291016 0.903808594 -0.208740234
vn -0.105773926 0.708007812 -0.697753906
vn -0.150634766 0.712402344 -0.685546875
vn -0.0137405396 0.798828125 -0.6015625
vn -0.0681152344 0.834472656 -0.546875
vn -0.215698242 0.724609375 -0.654296875
vn -0.314697266 0.638671875 -0.702148438
vn -0.248168945 0.637695312 -0.729492188
vn -0.414550781 0.468505859 -0.780273438
vn -0.498291016 0.0588684082 -0.864746094
vn -0.461181641 0.0539245605 -0.885742188
vn -0.0813598633 -0.961425781 -0.262695312
vn -0.0046005249 -0.980957031 -0.193115234
vn -0.0463256836 -0.986328125 -0.157470703
vn -0.111938477 -0.96875 -0.220581055
vn -0.194946289 -0.939453125 -0.282470703
vn -0.17175293 -0.971191406 -0.165161133
vn -0.114868164 -0.988769531 -0.0941772461
vn -0.175415039 -0.929199219 -0.324951172
vn -0.302001953 -0.861816406 -0.407714844
vn -0.195922852 -0.921386719 -0.335205078
vn -0.099609375 -0.957519531 -0.270263672
vn -0.322998047 -0.850585938 -0.414550781
vn -0.485107422 -0.708007812 -0.513183594
vn -0.230224609 -0.941894531 -0.244140625
vn -0.323730469 -0.872070312 -0.3671875
vn -0.238647461 -0.936523438 -0.257080078
vn -0.197509766 -0.967773438 -0.15612793
vn -0.310791016 -0.861328125 -0.401855469
vn -0.412353516 -0.711914062 -0.568359375
vn -0.291503906 -0.844238281 -0.449707031
vn -0.378662109 -0.699707031 -0.60546875
vn -0.493164062 -0.414550781 -0.765136719
vn -0.362792969 -0.684570312 -0.631835938
vn -0.459960938 -0.413330078 -0.785644531
vn -0.498291016 0.0588684082 -0.864746094
vn -0.547363281 0.0706787109 -0.833984375
vn -0.602539062 0.0883178711 -0.793457031
vn -0.541503906 -0.408935547 -0.734863281
vn -0.583984375 -0.407470703 -0.702148438
vn -0.641113281 0.096862793 -0.761230469
vn -0.683105469 0.0914916992 -0.724609375
vn -0.444580078 -0.72265625 -0.529296875
vn -0.463134766 -0.725585938 -0.508789062
vn -0.623046875 -0.410400391 -0.666015625
vn -0.649902344 -0.414550781 -0.637207031
vn -0.737792969 0.0732421875 -0.671386719
vn -0.662597656 0.480712891 -0.57421875
vn -0.783203125 0.0327453613 -0.620605469
vn -0.670410156 -0.423583984 -0.609375
vn -0.465820312 -0.71875 -0.516113281
vn -0.313720703 -0.872070312 -0.375976562
vn -0.0113983154 0.0564575195 0.998535156
vn -0.173095703 -0.22265625 0.959472656
vn -0.211425781 0.125854492 0.969238281
vn -0.408203125 0.177734375 0.895507812
vn -0.182250977 0.412841797 0.892578125
vn -0.404296875 -0.266357422 0.875
vn -0.666992188 -0.302246094 0.681152344
vn -0.653808594 0.188110352 0.732910156
vn -0.856445312 0.183959961 0.482666016
vn -0.515136719 0.521484375 0.680175781
vn -0.70703125 0.517578125 0.482421875
vn -0.829101562 0.475830078 0.293212891
vn -0.565429688 0.681152344 0.465332031
vn -0.948730469 0.166381836 0.268798828
vn -0.380126953 0.666015625 0.642089844
vn -0.982910156 0.131958008 0.128051758
vn -0.259521484 0.73046875 0.631835938
vn -0.456787109 0.767578125 0.44921875
vn -0.624511719 0.74609375 0.23046875
vn -0.326171875 0.8515625 0.410644531
vn -0.131591797 0.788574219 0.600585938
vn -0.710449219 0.649414062 0.271484375
vn -0.787597656 0.603515625 0.12286377
vn -0.890625 0.427734375 0.154418945
vn -0.926269531 0.374267578 0.0414123535
vn -0.995605469 0.0921630859 0.00863647461
vn -0.989257812 0.0798950195 -0.124145508
vn -0.979003906 -0.194091797 -0.0619812012
vn -0.971191406 -0.157958984 -0.178344727
vn -0.948242188 -0.132446289 -0.287841797
vn -0.524414062 0.833496094 0.175537109
vn -0.405761719 0.905761719 0.122802734
vn -0.647460938 0.762207031 -0.00186634064
vn -0.206787109 0.91796875 0.338623047
vn -0.114196777 0.958007812 0.262207031
vn -0.0205230713 0.848144531 0.528808594
vn -0.306884766 0.94921875 0.0661621094
vn -0.478271484 0.868164062 -0.132568359
vn -0.217529297 0.976074219 0
vn -0.717285156 0.693847656 0.0646972656
vn -0.774902344 0.629882812 -0.0525512695
vn -0.563964844 0.822753906 -0.0704345703
vn -0.651367188 0.730957031 -0.204589844
vn -0.716796875 0.686523438 -0.12109375
vn -0.790527344 0.564453125 -0.237670898
vn -0.830566406 0.556640625 0.00981140137
vn -0.905761719 0.406982422 -0.117370605
vn -0.939941406 0.3359375 -0.0633544922
vn -0.8515625 0.494384766 -0.173706055
vn -0.926269531 0.23425293 -0.294677734
vn -0.961914062 0.1484375 -0.229736328
vn -0.919921875 -0.116699219 -0.373779297
vn -0.883300781 -0.081237793 -0.461425781
vn -0.875488281 0.311523438 -0.369873047
vn -0.805664062 0.384277344 -0.450683594
vn -0.719238281 0.618164062 -0.317626953
vn -0.647460938 0.652832031 -0.392822266
vn -0.733398438 0.443847656 -0.514648438
vn -0.583496094 0.760253906 -0.285400391
vn -0.520019531 0.771972656 -0.366210938
vn -0.662597656 0.480712891 -0.57421875
vn -0.783203125 0.0327453613 -0.620605469
vn -0.737792969 0.0732421875 -0.671386719
vn -0.580566406 0.665527344 -0.46875
vn -0.528320312 0.659179688 -0.53515625
vn -0.599121094 0.493164062 -0.630859375
vn -0.472167969 0.766601562 -0.435058594
vn -0.342285156 0.902832031 -0.260009766
vn -0.399902344 0.894042969 -0.203125
vn -0.152832031 0.986816406 -0.0488586426
vn -0.805664062 0.384277344 -0.450683594
vn -0.783203125 0.0327453613 -0.620605469
vn -0.733398438 0.443847656 -0.514648438
vn -0.833496094 -0.024017334 -0.551757812
vn -0.7109375 -0.440185547 -0.548828125
vn -0.883300781 -0.081237793 -0.461425781
vn -0.670410156 -0.423583984 -0.609375
vn -0.485107422 -0.708007812 -0.513183594
vn -0.756347656 -0.449707031 -0.475097656
vn -0.802734375 -0.434082031 -0.409423828
vn -0.5859375 -0.6875 -0.428955078
vn -0.919921875 -0.116699219 -0.373779297
vn -0.948242188 -0.132446289 -0.287841797
vn -0.531738281 -0.701171875 -0.475097656
vn -0.370361328 -0.841308594 -0.393798828
vn -0.322998047 -0.850585938 -0.414550781
vn -0.195922852 -0.921386719 -0.335205078
vn -0.852050781 -0.401611328 -0.3359375
vn -0.700195312 -0.635742188 -0.324951172
vn -0.894042969 -0.392333984 -0.215820312
vn -0.971191406 -0.157958984 -0.178344727
vn -0.639160156 -0.666015625 -0.384521484
vn -0.496582031 -0.803710938 -0.327636719
vn -0.430419922 -0.825683594 -0.364257812
vn -0.307617188 -0.901855469 -0.302734375
vn -0.243164062 -0.914550781 -0.323730469
vn -0.142822266 -0.955078125 -0.260498047
vn -0.099609375 -0.957519531 -0.270263672
vn -0.0129241943 -0.981445312 -0.19152832
vn -0.0813598633 -0.961425781 -0.262695312
vn -0.0046005249 -0.980957031 -0.193115234
vn 0.0718994141 -0.994140625 -0.083190918
vn -0.0463256836 -0.986328125 -0.157470703
vn 0.0331115723 -0.998046875 -0.0573425293
vn -0.0109481812 -1 -0.000970363617
vn 0.14465332 -0.986328125 0.0786743164
vn -0.114868164 -0.988769531 -0.0941772461
vn -0.135620117 -0.98828125 -0.0687866211
vn -0.17175293 -0.971191406 -0.165161133
vn -0.197509766 -0.967773438 -0.15612793
vn -0.184326172 -0.96484375 -0.188476562
vn -0.238647461 -0.936523438 -0.257080078
vn -0.229492188 -0.924804688 -0.303955078
vn -0.224243164 -0.908691406 -0.352539062
vn -0.291503906 -0.844238281 -0.449707031
vn -0.310791016 -0.861328125 -0.401855469
vn -0.287841797 -0.822265625 -0.490478516
vn -0.281738281 -0.802734375 -0.525390625
vn -0.362792969 -0.684570312 -0.631835938
vn -0.378662109 -0.699707031 -0.60546875
vn -0.360107422 -0.669921875 -0.648925781
vn -0.445556641 -0.40625 -0.797851562
vn -0.327392578 -0.663574219 -0.672851562
vn -0.459960938 -0.413330078 -0.785644531
vn -0.498291016 0.0588684082 -0.864746094
vn -0.461181641 0.0539245605 -0.885742188
vn -0.41796875 0.0404052734 -0.907714844
vn -0.360839844 0.461425781 -0.810546875
vn -0.317626953 0.449462891 -0.834960938
vn -0.278564453 0.440185547 -0.853515625
vn -0.412109375 -0.405517578 -0.815917969
vn -0.351806641 -0.403076172 -0.844726562
vn -0.364013672 0.0325012207 -0.930664062
vn -0.256347656 0.0159912109 -0.966308594
vn -0.199707031 0.416748047 -0.88671875
vn -0.0592346191 0.415771484 -0.907714844
vn -0.0850219727 -0.0160064697 -0.99609375
vn 0.0785522461 -0.044342041 -0.99609375
vn -0.117980957 -0.433837891 -0.893066406
vn 0.0907592773 0.468994141 -0.878417969
vn 0.244506836 0.525390625 -0.814941406
vn 0.248535156 -0.0722045898 -0.965820312
vn 0.101867676 -0.630859375 -0.769042969
vn 0.457519531 -0.110961914 -0.882324219
vn -0.258300781 -0.395751953 -0.881347656
vn -0.177734375 -0.6484375 -0.740234375
vn 0.00321960449 -0.533691406 -0.845703125
vn -0.0528564453 -0.702636719 -0.709472656
vn -0.112182617 -0.649902344 -0.751953125
vn -0.259765625 -0.659667969 -0.705078125
vn -0.165649414 -0.774414062 -0.610839844
vn -0.101318359 -0.751953125 -0.651367188
vn -0.0152435303 -0.82421875 -0.565917969
vn 0.0264282227 -0.78125 -0.624023438
vn 0.121398926 -0.84375 -0.522460938
vn -0.237182617 -0.789550781 -0.565917969
vn -0.138671875 -0.878417969 -0.457519531
vn 0.231933594 -0.708496094 -0.666503906
vn 0.410644531 -0.762207031 -0.500488281
vn 0.702148438 -0.150390625 -0.695800781
vn 0.879882812 -0.1796875 -0.440429688
vn -0.0701904297 -0.85546875 -0.513183594
vn 0.0279388428 -0.913085938 -0.40625
vn -0.198608398 -0.893554688 -0.402587891
vn -0.104370117 -0.953125 -0.283447266
vn 0.0783691406 -0.881835938 -0.465087891
vn 0.215576172 -0.924316406 -0.314941406
vn 0.265625 -0.890625 -0.369628906
vn 0.398681641 -0.896484375 -0.194580078
vn -0.034942627 -0.937988281 -0.344238281
vn 0.102416992 -0.973144531 -0.206176758
vn -0.156616211 -0.960449219 -0.230224609
vn -0.0448608398 -0.9921875 -0.117919922
vn 0.55859375 -0.774414062 -0.297363281
vn 0.654296875 -0.744628906 -0.131713867
vn 0.957519531 -0.190307617 -0.215576172
vn 0.981933594 -0.187011719 -0.0303649902
vn 0.163574219 -0.951660156 -0.259033203
vn 0.307373047 -0.946289062 -0.102233887
vn -0.101623535 -0.990722656 -0.0888671875
vn 0.0442810059 -0.999023438 0.00964355469
vn 0.351806641 -0.924804688 -0.14440918
vn 0.444091797 -0.895996094 -0.019744873
vn 0.488037109 -0.870605469 -0.0610351562
vn 0.564941406 -0.823730469 0.0448303223
vn -0.00806427002 -0.999511719 0.0285339355
vn 0.159179688 -0.977539062 0.137451172
vn 0.732910156 -0.680175781 0.00329399109
vn 0.784179688 -0.605957031 0.135375977
vn 0.974609375 -0.173583984 0.141723633
vn 0.936035156 -0.153930664 0.315917969
vn 0.137451172 -0.983886719 0.114135742
vn 0.297851562 -0.922363281 0.246704102
vn 0.773925781 -0.577148438 0.260253906
vn 0.59765625 -0.788085938 0.146850586
vn 0.745117188 -0.582519531 0.324951172
vn 0.602050781 -0.791503906 0.103637695
vn 0.517089844 -0.853027344 0.0734863281
vn 0.498779297 -0.860839844 0.101196289
vn 0.580566406 -0.791015625 0.193115234
vn 0.572265625 -0.789550781 0.22253418
vn 0.73046875 -0.584472656 0.353759766
vn 0.712402344 -0.586425781 0.385742188
vn 0.413818359 -0.91015625 0.00931549072
vn 0.380859375 -0.924316406 0.0311126709
vn 0.481445312 -0.8671875 0.127441406
vn 0.455810547 -0.875976562 0.156860352
vn 0.556152344 -0.791015625 0.25390625
vn 0.529296875 -0.795410156 0.295166016
vn 0.685546875 -0.587402344 0.4296875
vn 0.653320312 -0.581054688 0.485351562
vn 0.256103516 -0.963867188 -0.0713500977
vn 0.19140625 -0.98046875 -0.0442504883
vn 0.337158203 -0.939941406 0.0549316406
vn 0.279052734 -0.956542969 0.0842895508
vn 0.416748047 -0.888183594 0.193969727
vn 0.3671875 -0.899902344 0.234863281
vn 0.495117188 -0.798828125 0.341552734
vn 0.469726562 -0.800292969 0.372558594
vn 0.625 -0.567382812 0.536132812
vn 0.592773438 -0.561035156 0.578125
vn 0.0287322998 -0.986816406 -0.157836914
vn 0.116271973 -0.993164062 -0.0180358887
vn 0.212524414 -0.969726562 0.119873047
vn 0.326416016 -0.910644531 0.252929688
vn 0.444580078 -0.805664062 0.392089844
vn 0.413574219 -0.813964844 0.407714844
vn 0.552734375 -0.564453125 0.61328125
vn 0.516113281 -0.578125 0.631835938
vn 0.278076172 -0.931152344 0.235961914
vn 0.267333984 -0.935546875 0.231079102
vn 0.388427734 -0.821777344 0.416992188
vn 0.351806641 -0.826660156 0.438964844
vn 0.466796875 -0.598632812 0.650878906
vn 0.388183594 -0.616699219 0.685058594
vn 0.160522461 -0.984863281 0.063293457
vn 0.158935547 -0.983886719 0.0833740234
vn 0.246948242 -0.936035156 0.250976562
vn 0.213867188 -0.9296875 0.299316406
vn 0.293945312 -0.825683594 0.481445312
vn 0.257324219 -0.812988281 0.522460938
vn 0.316162109 -0.615234375 0.722167969
vn 0.275878906 -0.580566406 0.766113281
vn 0.0745239258 -0.994628906 -0.0694580078
vn 0.0538024902 -0.998046875 -0.0383605957
vn 0.142456055 -0.981445312 0.127807617
vn 0.12286377 -0.977050781 0.175048828
vn 0.198974609 -0.917480469 0.344726562
vn 0.177734375 -0.902832031 0.391601562
vn 0.245483398 -0.786132812 0.566894531
vn 0.194091797 -0.739746094 0.64453125
vn -0.0463867188 -0.983398438 -0.174560547
vn -0.0971069336 -0.984863281 -0.143676758
vn 0.0168609619 -1 0.00263595581
vn -0.051574707 -0.996582031 0.0646362305
vn 0.0745849609 -0.969726562 0.232543945
vn -0.0220489502 -0.943847656 0.329101562
vn 0.106994629 -0.880371094 0.461669922
vn -0.0216369629 -0.76953125 0.638183594
vn -0.20300293 -0.949707031 -0.239379883
vn -0.290527344 -0.935546875 -0.201416016
vn -0.177734375 -0.979980469 -0.0893554688
vn -0.307617188 -0.951660156 -0.00328636169
vn -0.166992188 -0.972167969 0.162963867
vn -0.333984375 -0.889648438 0.311279297
vn -0.166137695 -0.852539062 0.495605469
vn -0.308837891 -0.639160156 0.704101562
vn -0.390869141 -0.879394531 -0.271240234
vn -0.507324219 -0.834472656 -0.216308594
vn -0.421630859 -0.896972656 -0.134155273
vn -0.604003906 -0.795898438 -0.0380859375
vn -0.4921875 -0.862792969 0.1171875
vn -0.702148438 -0.662109375 0.261962891
vn -0.521484375 -0.69140625 0.500488281
vn -0.666992188 -0.302246094 0.681152344
vn -0.8046875 -0.589355469 0.0735473633
vn -0.404296875 -0.266357422 0.875
vn -0.173095703 -0.22265625 0.959472656
vn -0.853027344 -0.520507812 -0.0398254395
vn -0.125244141 -0.537109375 0.834472656
vn 0.0642089844 -0.469970703 0.880371094
vn 0.0916748047 -0.702148438 0.706054688
vn 0.215820312 -0.515625 0.829101562
vn -0.673828125 -0.727050781 -0.132568359
vn -0.724609375 -0.662109375 -0.190795898
vn -0.885253906 -0.450927734 -0.112365723
vn -0.749023438 -0.614746094 -0.247192383
vn -0.5703125 -0.773925781 -0.275634766
vn 0.0375976562 0.968261719 -0.247314453
vn -0.147216797 0.875488281 -0.459960938
vn -0.0681152344 0.834472656 -0.546875
vn 0.109985352 0.928710938 -0.353759766
vn 0.216308594 0.976074219 -0.0293273926
vn 0.142944336 0.988769531 0.0445556641
vn -0.035949707 0.987304688 -0.155395508
vn -0.100158691 0.990722656 -0.0911254883
vn 0.0826416016 0.991699219 0.0982055664
vn -0.894042969 -0.392333984 -0.215820312
vn -0.971191406 -0.157958984 -0.178344727
vn -0.979003906 -0.194091797 -0.0619812012
vn -0.885253906 -0.450927734 -0.112365723
vn -0.853027344 -0.520507812 -0.0398254395
vn -0.974609375 -0.218017578 0.0483703613
vn -0.952148438 -0.243774414 0.185302734
vn -0.982910156 0.131958008 0.128051758
vn -0.8046875 -0.589355469 0.0735473633
vn -0.948730469 0.166381836 0.268798828
vn -0.702148438 -0.662109375 0.261962891
vn -0.856445312 0.183959961 0.482666016
vn -0.8671875 -0.286132812 0.407470703
vn -0.666992188 -0.302246094 0.681152344
vn -0.342285156 0.902832031 -0.260009766
vn -0.100158691 0.990722656 -0.0911254883
vn -0.152832031 0.986816406 -0.0488586426
vn -0.294921875 0.905273438 -0.305908203
vn -0.439697266 0.7578125 -0.482177734
vn -0.229370117 0.898925781 -0.373046875
vn -0.472167969 0.766601562 -0.435058594
vn -0.035949707 0.987304688 -0.155395508
vn 0.0375976562 0.968261719 -0.247314453
vn -0.147216797 0.875488281 -0.459960938
vn -0.303222656 0.739746094 -0.600585938
vn -0.0681152344 0.834472656 -0.546875
vn -0.215698242 0.724609375 -0.654296875
vn -0.528320312 0.659179688 -0.53515625
vn -0.314697266 0.638671875 -0.702148438
vn -0.384033203 0.750488281 -0.538085938
vn -0.459228516 0.643554688 -0.612304688
vn -0.501464844 0.6484375 -0.572753906
vn -0.565429688 0.494140625 -0.660644531
vn -0.599121094 0.493164062 -0.630859375
vn -0.390869141 0.641601562 -0.66015625
vn -0.473388672 0.478515625 -0.739746094
vn -0.414550781 0.468505859 -0.780273438
vn -0.498291016 0.0588684082 -0.864746094
vn -0.547363281 0.0706787109 -0.833984375
vn -0.602539062 0.0883178711 -0.793457031
vn -0.530761719 0.488037109 -0.692871094
vn -0.641113281 0.096862793 -0.761230469
vn -0.683105469 0.0914916992 -0.724609375
vn -0.662597656 0.480712891 -0.57421875
vn 0.255126953 0.141845703 -0.956542969
vn -0.0528564453 0.669433594 -0.740722656
vn -0.241455078 0.443359375 -0.86328125
vn 0.322753906 0.411376953 -0.852539062
vn 0.692382812 0.305419922 -0.653808594
vn 0.177124023 0.800292969 -0.572753906
vn -0.425537109 0.522460938 -0.738769531
vn -0.0555725098 0.87890625 -0.474121094
vn -0.223510742 0.71875 -0.658691406
vn -0.392333984 0.746582031 -0.537597656
vn -0.579101562 0.5546875 -0.597167969
vn -0.252197266 0.90234375 -0.349609375
vn -0.709472656 0.603515625 -0.364501953
vn -0.521972656 0.829589844 -0.198364258
vn -0.56640625 0.735351562 -0.372314453
vn -0.774414062 0.301513672 -0.556152344
vn -0.701660156 0.543457031 -0.4609375
vn -0.849609375 0.284179688 -0.444091797
vn -0.914550781 0.354736328 -0.193481445
vn -0.813476562 0.52734375 -0.24597168
vn -0.721679688 0.689453125 -0.0620422363
vn -0.531738281 0.793945312 -0.295166016
vn -0.370849609 0.788574219 -0.490478516
vn -0.395996094 0.915039062 -0.0782470703
vn -0.211181641 0.937988281 -0.274169922
vn 0.0698242188 0.864257812 -0.498291016
vn -0.575195312 0.541992188 -0.612792969
vn -0.409912109 0.515136719 -0.752441406
vn -0.63671875 0.301025391 -0.709960938
vn 0.0698242188 -0.01953125 -0.997558594
vn -0.0140151978 0.325439453 -0.9453125
vn 0.395751953 0.320800781 -0.860351562
vn -0.151245117 0.731445312 -0.665039062
vn 0.119812012 0.748046875 -0.652832031
vn -0.112731934 0.858886719 -0.5
vn 0.00617599487 0.821777344 -0.569335938
vn 0.987304688 -0.134643555 0.0836181641
vn 0.971679688 -0.224731445 -0.0722045898
vn 0.927246094 -0.305419922 -0.215698242
vn 0.9609375 -0.161254883 -0.224243164
vn 0.882324219 -0.177734375 -0.435791016
vn 0.98828125 -0.131835938 -0.0780639648
vn 0.846679688 -0.336181641 -0.412597656
vn 0.737304688 -0.307617188 -0.6015625
vn 0.965332031 0.0842285156 -0.246459961
vn 0.649414062 -0.244384766 -0.719726562
vn 0.988769531 0.0908203125 -0.119384766
vn 0.9921875 -0.0705566406 0.104858398
vn 0.927246094 0.291748047 -0.234375
vn 0.952636719 0.294677734 -0.0758056641
vn 0.882324219 0.470214844 -0.00469207764
vn 0.873535156 0.440185547 -0.208862305
vn 0.892089844 0.0759277344 -0.445556641
vn 0.763183594 -0.177246094 -0.62109375
vn 0.562011719 -0.124755859 -0.817871094
vn 0.852050781 0.293701172 -0.43359375
vn 0.777832031 0.0678710938 -0.625
vn 0.743164062 0.271728516 -0.611816406
vn 0.666503906 -0.164672852 -0.727050781
vn 0.681152344 0.0559082031 -0.729980469
vn 0.599121094 -0.0618286133 -0.797851562
vn 0.49609375 0.0363769531 -0.867675781
vn 0.330078125 0.00280570984 -0.943847656
vn 0.518066406 0.143066406 -0.843261719
vn 0.680175781 0.427246094 -0.595214844
vn 0.542480469 0.430419922 -0.721191406
vn 0.637207031 0.261474609 -0.725097656
vn 0.259277344 0.387695312 -0.884765625
vn 0.79296875 0.444091797 -0.416992188
vn 0.685058594 0.628417969 -0.368896484
vn 0.54296875 0.612304688 -0.574707031
vn 0.708984375 0.701171875 0.0739746094
vn 0.820800781 0.570800781 0.0263824463
vn 0.595214844 0.789550781 0.149780273
vn 0.474853516 0.841308594 0.258789062
vn 0.437988281 0.867675781 -0.235229492
vn 0.356445312 0.923828125 -0.139892578
vn 0.357177734 0.876464844 0.323242188
vn 0.262695312 0.964355469 -0.0276489258
vn 0.782714844 0.449707031 0.430419922
vn 0.820800781 0.570800781 0.0263824463
vn 0.877929688 0.360839844 0.314453125
vn 0.930175781 0.365966797 -0.0233154297
vn 0.845703125 0.431396484 -0.313720703
vn 0.997558594 0.0347595215 -0.0615844727
vn 0.943359375 0.0665283203 -0.324707031
vn 0.661621094 0.690917969 -0.290771484
vn 0.708984375 0.701171875 0.0739746094
vn 0.663574219 0.478271484 -0.575195312
vn 0.825195312 0.0719604492 -0.560058594
vn 0.696777344 0.0917358398 -0.711425781
vn 0.506347656 0.689453125 -0.518066406
vn 0.525878906 0.806640625 -0.269775391
vn 0.595214844 0.789550781 0.149780273
vn 0.437988281 0.867675781 -0.235229492
vn 0.561035156 0.490234375 -0.666992188
vn 0.393554688 0.803222656 -0.447509766
vn 0.377929688 0.835449219 -0.398681641
vn 0.356445312 0.923828125 -0.139892578
vn 0.466064453 0.473144531 -0.747558594
vn 0.565429688 0.126342773 -0.814941406
vn 0.422607422 0.65625 -0.625488281
vn 0.315917969 0.891601562 -0.324707031
vn 0.262695312 0.964355469 -0.0276489258
vn 0.345947266 0.753417969 -0.559082031
vn 0.344970703 0.788085938 -0.509765625
vn 0.206420898 0.685058594 -0.698242188
vn 0.226318359 0.655273438 -0.720703125
vn 0.307373047 0.595703125 -0.7421875
vn 0.104003906 0.455566406 -0.884277344
vn 0.268310547 0.342773438 -0.900390625
vn 0.0191345215 0.490234375 -0.871582031
vn -0.0247650146 0.506347656 -0.861816406
vn -0.111816406 0.546875 -0.829589844
vn 0.119812012 0.748046875 -0.652832031
vn 0.273925781 0.850585938 -0.448974609
vn 0.201904297 0.953613281 -0.223144531
vn 0.14465332 0.920410156 -0.363037109
vn 0.00617599487 0.821777344 -0.569335938
vn -0.216186523 0.61328125 -0.759765625
vn 0.0363464355 0.961914062 -0.270263672
vn -0.112731934 0.858886719 -0.5
vn 0.146362305 0.985839844 0.0816040039
vn 0.0849609375 0.990234375 -0.109802246
vn 0.234008789 0.895996094 0.377197266
vn 0.357177734 0.876464844 0.323242188
vn 0.292236328 0.667480469 0.685058594
vn 0.930175781 0.365966797 -0.0233154297
vn 0.565429688 0.126342773 -0.814941406
vn 0.466064453 0.473144531 -0.747558594
vn -0.0590515137 0.452148438 -0.890136719
vn 0.347412109 0.672851562 -0.652832031
vn 0.215454102 0.759765625 -0.61328125
vn 0.507324219 0.805175781 -0.306884766
vn 0.424804688 0.866699219 -0.261474609
vn 0.0544128418 0.808105469 -0.586425781
vn 0.298095703 0.918945312 -0.257568359
vn -0.0690917969 0.842773438 -0.533691406
vn 0.609375 0.687011719 -0.395751953
vn 0.456542969 0.542480469 -0.705078125
vn 0.520019531 0.846679688 -0.11340332
vn 0.747070312 0.423583984 -0.512207031
vn 0.568847656 0.337646484 -0.75
vn 0.569335938 0.816894531 -0.094543457
vn 0.696777344 0.704589844 -0.134887695
vn 0.649902344 0.00757980347 -0.759765625
vn 0.844238281 0.4921875 -0.212646484
vn 0.385253906 0.173706055 -0.90625
vn 0.46484375 -0.0127639771 -0.885253906
vn 0.268310547 0.313232422 -0.911132812
vn 0.732910156 0.680175781 -0.00151634216
vn 0.630859375 0.775878906 0.0135574341
vn 0.854980469 0.513183594 -0.0766601562
vn 0.984375 0.114318848 -0.133056641
vn 0.942382812 0.0811157227 -0.325195312
vn 0.826171875 0.0573425293 -0.560546875
vn 0.862304688 0.50390625 0.0487060547
vn 0.986816406 0.159301758 0.0315551758
vn 0.868652344 0.389648438 0.306152344
vn 0.956054688 0.205932617 0.209228516
vn 0.752929688 0.506347656 0.420166016
vn 0.758300781 0.630859375 0.16418457
vn 0.690429688 0.691894531 0.211914062
vn 0.659667969 0.720703125 0.212646484
vn 0.690429688 0.54296875 0.478027344
vn 0.65625 0.559570312 0.506347656
vn 0.576660156 0.600585938 0.553710938
vn 0.58984375 0.807617188 -0.0176239014
vn 0.569335938 0.783203125 0.250488281
vn 0.455810547 0.666015625 0.590820312
vn 0.421875 0.899902344 -0.112121582
vn 0.496582031 0.868164062 -0.00147342682
vn 0.150634766 0.955566406 -0.252685547
vn 0.270019531 0.958984375 -0.0861206055
vn 0.348144531 0.936523438 0.0456237793
vn 0.431884766 0.85546875 0.286132812
vn -0.187133789 0.86328125 -0.469238281
vn -0.390136719 0.614257812 -0.686035156
vn -0.00722503662 0.973632812 -0.227172852
vn -0.300292969 0.847167969 -0.437988281
vn -0.154663086 0.958984375 -0.236816406
vn -0.0131988525 0.998046875 -0.0575561523
vn 0.108032227 0.9921875 -0.0634155273
vn 0.101501465 0.984863281 0.141967773
vn 0.207397461 0.975585938 0.0735473633
vn 0.303710938 0.891113281 0.336914062
vn 0.349609375 0.723632812 0.595214844
vn 0.217773438 0.900390625 0.376708984
vn 0.272949219 0.7578125 0.592773438
vn 0.268310547 0.313232422 -0.911132812
vn 0.568847656 0.337646484 -0.75
vn 0.456542969 0.542480469 -0.705078125
vn 0.115539551 0.397460938 -0.91015625
vn 0.347412109 0.672851562 -0.652832031
vn -0.0590515137 0.452148438 -0.890136719
vn -0.217041016 0.497070312 -0.840332031
vn 0.215454102 0.759765625 -0.61328125
vn 0.0544128418 0.808105469 -0.586425781
vn -0.326416016 0.549804688 -0.768554688
vn -0.0690917969 0.842773438 -0.533691406
vn -0.390136719 0.614257812 -0.686035156
vn -0.422607422 0.679199219 -0.600097656
vn -0.187133789 0.86328125 -0.469238281
vn -0.300292969 0.847167969 -0.437988281
vn 0.649902344 0.00757980347 -0.759765625
vn 0.826171875 0.0573425293 -0.560546875
vn 0.747070312 0.423583984 -0.512207031
vn 0.844238281 0.4921875 -0.212646484
vn 0.973632812 -0.0778808594 -0.213500977
vn 0.987304688 -0.134643555 0.0836181641
vn 0.971679688 -0.224731445 -0.0722045898
vn 0.98828125 -0.131835938 -0.0780639648
vn 0.9921875 -0.0705566406 0.104858398
vn 0.951171875 0.061126709 0.302001953
vn 0.994140625 0.00116348267 -0.106445312
vn 0.986816406 0.067565918 0.146850586
vn 0.988769531 0.0908203125 -0.119384766
vn 0.952636719 0.294677734 -0.0758056641
vn 0.946289062 0.234985352 0.221069336
vn 0.882324219 0.155761719 0.444335938
vn 0.760742188 0.337890625 0.554199219
vn 0.784667969 0.53125 0.319580078
vn 0.857910156 0.427001953 0.285644531
vn 0.882324219 0.470214844 -0.00469207764
vn 0.538574219 0.492675781 0.68359375
vn 0.587402344 0.689941406 0.423339844
vn 0.707519531 0.565917969 0.423339844
vn 0.352539062 0.578125 0.735839844
vn 0.397705078 0.810058594 0.431152344
vn 0.762695312 0.641601562 0.0795288086
vn 0.873535156 0.440185547 -0.208862305
vn 0.517578125 0.695800781 0.497802734
vn 0.110778809 0.772460938 0.625
vn -0.018951416 0.679199219 0.733886719
vn 0.762695312 0.637207031 -0.112243652
vn 0.685058594 0.628417969 -0.368896484
vn 0.548828125 0.820800781 0.159057617
vn 0.278564453 0.851074219 0.444580078
vn -0.129638672 0.893066406 0.431152344
vn -0.215454102 0.851074219 0.479248047
vn 0.489746094 0.828613281 -0.270751953
vn 0.54296875 0.612304688 -0.574707031
vn 0.42578125 0.868164062 0.254882812
vn 0.105285645 0.962402344 0.250244141
vn 0.310791016 0.947753906 0.0729370117
vn 0.21484375 0.965820312 -0.14440918
vn 0.557128906 0.829101562 -0.0425720215
vn -0.307861328 0.944335938 0.115234375
vn -0.435546875 0.881347656 0.182373047
vn -0.537597656 0.826171875 -0.16784668
vn -0.0685424805 0.997558594 -0.022354126
vn -0.448486328 0.868652344 -0.2109375
vn -0.623535156 0.647460938 -0.438232422
vn -0.203369141 0.92578125 -0.319091797
vn -0.471923828 0.705566406 -0.528808594
vn -0.125488281 0.770019531 -0.625976562
vn 0.346679688 0.787109375 -0.509765625
vn 0.112548828 0.928222656 -0.354736328
vn -0.404296875 0.521972656 -0.751464844
vn -0.020401001 0.660644531 -0.75
vn -0.223754883 0.798339844 -0.559082031
vn 0.157470703 0.727539062 -0.66796875
vn -0.200927734 0.430908203 -0.879882812
vn -0.0157775879 0.845703125 -0.533203125
vn -0.166015625 0.655761719 -0.736328125
vn 0.376220703 0.602539062 -0.704101562
vn 0.680175781 0.427246094 -0.595214844
vn 0.542480469 0.430419922 -0.721191406
vn 0.0870361328 0.577636719 -0.811523438
vn 0.259277344 0.387695312 -0.884765625
vn -0.0062789917 0.220703125 -0.975097656
vn 0.413330078 0.357177734 -0.837402344
vn 0.367919922 0.197753906 -0.908691406
vn 0.637207031 0.261474609 -0.725097656
vn 0.179931641 0.129516602 -0.975097656
vn 0.330078125 0.00280570984 -0.943847656
vn 0.49609375 0.0363769531 -0.867675781
vn 0.681152344 0.0559082031 -0.729980469
vn 0.743164062 0.271728516 -0.611816406
vn 0.777832031 0.0678710938 -0.625
vn 0.892089844 0.0759277344 -0.445556641
vn 0.662109375 0.496826172 -0.561035156
vn 0.760742188 0.512207031 -0.3984375
vn 0.749511719 0.532226562 -0.393554688
vn 0.627929688 0.510742188 -0.587402344
vn 0.5859375 0.478515625 -0.653808594
vn 0.708007812 0.59765625 -0.375732422
vn 0.572753906 0.5 -0.649902344
vn 0.58984375 0.57421875 -0.567871094
vn 0.633789062 0.693847656 -0.342285156
vn 0.537597656 0.559570312 -0.630859375
vn 0.521484375 0.668945312 -0.529296875
vn 0.538574219 0.787597656 -0.298828125
vn 0.472900391 0.65234375 -0.591796875
vn 0.429931641 0.762207031 -0.483642578
vn 0.456054688 0.851074219 -0.260009766
vn 0.385498047 0.743652344 -0.546386719
vn 0.346923828 0.82421875 -0.447265625
vn 0.424560547 0.871582031 -0.245117188
vn 0.308837891 0.801269531 -0.512207031
vn 0.329833984 0.849121094 -0.412597656
vn 0.270996094 0.82421875 -0.497314453
vn 0.831054688 0.510253906 -0.220947266
vn 0.749511719 0.532226562 -0.393554688
vn 0.760742188 0.512207031 -0.3984375
vn 0.831054688 0.526367188 -0.179199219
vn 0.859863281 0.5 -0.103759766
vn 0.708007812 0.59765625 -0.375732422
vn 0.84765625 0.521484375 -0.0969238281
vn 0.790527344 0.58984375 -0.164306641
vn 0.633789062 0.693847656 -0.342285156
vn 0.809570312 0.581054688 -0.083984375
vn 0.715820312 0.684082031 -0.138916016
vn 0.538574219 0.787597656 -0.298828125
vn 0.736816406 0.673339844 -0.0615844727
vn 0.62109375 0.77734375 -0.0993652344
vn 0.456054688 0.851074219 -0.260009766
vn 0.645019531 0.763671875 -0.0249023438
vn 0.540039062 0.839355469 -0.0588684082
vn 0.424560547 0.871582031 -0.245117188
vn 0.569824219 0.821777344 0.0119476318
vn 0.501464844 0.862792969 -0.0676269531
vn 0.534179688 0.844726562 0.0316162109
vn -0.441894531 -0.322998047 0.836914062
vn -0.00413894653 -0.651855469 0.758300781
vn -0.297119141 -0.868652344 0.396728516
vn -0.698730469 -0.388427734 0.600585938
vn -0.328857422 0.125732422 0.936035156
vn -0.734863281 0.205078125 0.646484375
vn -0.881835938 0.189086914 0.431640625
vn -0.389892578 -0.892089844 0.228759766
vn -0.809082031 -0.412353516 0.418701172
vn -0.96484375 0.187011719 0.183959961
vn -0.888183594 -0.403320312 0.220214844
vn -0.468505859 -0.881835938 0.052520752
vn -0.586425781 -0.697265625 -0.411865234
vn -0.923339844 -0.360595703 -0.130615234
vn -0.948242188 0.0772705078 -0.308349609
vn -0.524902344 -0.245117188 -0.814941406
vn -0.328857422 0.125732422 0.936035156
vn -0.00413894653 -0.651855469 0.758300781
vn -0.441894531 -0.322998047 0.836914062
vn 0.340332031 -0.177368164 0.923339844
vn -0.151977539 0.532226562 0.833007812
vn 0.5234375 0.239135742 0.817871094
vn 0.0586242676 0.832519531 0.55078125
vn 0.587402344 0.689941406 0.423095703
vn 0.944824219 -0.0818481445 0.316650391
vn 0.764160156 -0.491455078 0.41796875
vn 0.340332031 -0.177368164 0.923339844
vn 0.4140625 -0.802734375 0.428955078
vn -0.00413894653 -0.651855469 0.758300781
vn -0.297119141 -0.868652344 0.396728516
vn 0.292236328 -0.946777344 0.136108398
vn 0.751464844 -0.659179688 -0.0153121948
vn -0.389892578 -0.892089844 0.228759766
vn 0.622070312 -0.73046875 -0.28125
vn 0.873535156 -0.236206055 -0.425537109
vn 0.186279297 -0.980957031 -0.054473877
vn 0.486328125 -0.680175781 -0.548339844
vn 0.691894531 -0.210205078 -0.690429688
vn 0.0972900391 -0.961914062 -0.255615234
vn -0.468505859 -0.881835938 0.052520752
vn -0.586425781 -0.697265625 -0.411865234
vn 0.143432617 -0.540039062 -0.829589844
vn 0.320556641 -0.130737305 -0.937988281
vn -0.524902344 -0.245117188 -0.814941406
vn -0.0670166016 -0.840332031 -0.537597656
vn 0.944824219 -0.0818481445 0.316650391
vn 0.340332031 -0.177368164 0.923339844
vn 0.5234375 0.239135742 0.817871094
vn 0.587402344 0.689941406 0.423095703
vn 0.92578125 0.350341797 0.141235352
vn 0.471679688 0.880859375 -0.0436706543
vn 0.889648438 0.414550781 -0.191772461
vn 0.389648438 0.892089844 -0.228637695
vn 0.974609375 -0.187988281 -0.123291016
vn 0.805664062 0.420898438 -0.417236328
vn 0.751464844 -0.659179688 -0.0153121948
vn 0.764160156 -0.491455078 0.41796875
vn 0.873535156 -0.236206055 -0.425537109
vn 0.691894531 -0.210205078 -0.690429688
vn 0.676757812 0.397949219 -0.619628906
vn 0.292236328 0.866699219 -0.404541016
vn 0.435302734 0.311767578 -0.844726562
vn 0.320556641 -0.130737305 -0.937988281
vn -0.00397109985 0.643554688 -0.765136719
vn 0.471679688 0.880859375 -0.0436706543
vn 0.587402344 0.689941406 0.423095703
vn 0.0586242676 0.832519531 0.55078125
vn -0.119506836 0.95703125 0.264404297
vn -0.151977539 0.532226562 0.833007812
vn 0.389648438 0.892089844 -0.228637695
vn -0.541503906 0.649902344 0.533203125
vn -0.328857422 0.125732422 0.936035156
vn -0.734863281 0.205078125 0.646484375
vn -0.881835938 0.189086914 0.431640625
vn -0.215454102 0.974121094 0.0692749023
vn -0.671386719 0.674316406 0.307861328
vn -0.771972656 0.631835938 0.0702514648
vn -0.96484375 0.187011719 0.183959961
vn -0.3125 0.941894531 -0.123474121
vn 0.292236328 0.866699219 -0.404541016
vn -0.00397109985 0.643554688 -0.765136719
vn -0.429443359 0.794433594 -0.429931641
vn -0.771972656 0.483642578 -0.412597656
vn -0.948242188 0.0772705078 -0.308349609
vn -0.00397109985 0.643554688 -0.765136719
vn -0.429443359 0.794433594 -0.429931641
vn -0.771972656 0.483642578 -0.412597656
vn -0.343261719 0.171264648 -0.923339844
vn 0.320556641 -0.130737305 -0.937988281
vn 0.435302734 0.311767578 -0.844726562
vn -0.524902344 -0.245117188 -0.814941406
vn -0.948242188 0.0772705078 -0.308349609
vn 0.143432617 -0.540039062 -0.829589844
vn 0.250488281 -0.682617188 0.686523438
vn 0.967285156 -0.0516662598 0.247924805
vn 0.97265625 -0.232910156 0.00240898132
vn 0.171264648 -0.474121094 0.863769531
vn 0.882324219 0.17175293 0.437744141
vn 0.0271911621 -0.251708984 0.967285156
vn 0.728027344 0.410400391 0.548828125
vn -0.164428711 -0.0416259766 0.985351562
vn 0.522949219 0.635253906 0.568359375
vn 0.250488281 -0.682617188 0.686523438
vn 0.97265625 -0.232910156 0.00240898132
vn 0.255126953 -0.852050781 0.457275391
vn 0.896972656 -0.350341797 -0.269042969
vn 0.184936523 -0.961425781 0.203857422
vn 0.750488281 -0.389404297 -0.533691406
vn 0.0480957031 -0.998046875 -0.0432128906
vn 0.550292969 -0.345703125 -0.760253906
vn -0.138793945 -0.95703125 -0.254150391
vn 0.688476562 0.11907959 -0.715332031
vn 0.544921875 0.194824219 -0.815429688
vn 0.813476562 0.0917358398 -0.57421875
vn 0.905273438 0.116210938 -0.408447266
vn 0.629882812 0.481689453 -0.609375
vn 0.573242188 0.526367188 -0.627929688
vn 0.641113281 0.623535156 -0.447265625
vn 0.686035156 0.451904297 -0.5703125
vn 0.734863281 0.441162109 -0.515136719
vn 0.952148438 0.189575195 -0.238891602
vn 0.967285156 -0.0516662598 0.247924805
vn 0.770507812 0.450927734 -0.450439453
vn 0.94921875 0.302734375 -0.0853881836
vn 0.882324219 0.17175293 0.437744141
vn 0.895996094 0.442382812 0.0332641602
vn 0.7890625 0.479492188 -0.384033203
vn 0.787597656 0.523925781 -0.32421875
vn 0.767089844 0.578125 -0.277832031
vn 0.728027344 0.410400391 0.548828125
vn 0.895996094 0.442382812 0.0332641602
vn 0.882324219 0.17175293 0.437744141
vn 0.799804688 0.591796875 0.102844238
vn 0.767089844 0.578125 -0.277832031
vn 0.522949219 0.635253906 0.568359375
vn 0.729492188 0.63671875 -0.250488281
vn 0.641113281 0.623535156 -0.447265625
vn 0.671386719 0.732421875 0.114929199
vn 0.679199219 0.69140625 -0.245849609
vn 0.291259766 0.819335938 0.493408203
vn 0.526367188 0.847167969 0.0680541992
vn -0.380371094 0.130249023 0.915527344
vn -0.164428711 -0.0416259766 0.985351562
vn -0.594726562 0.243530273 0.766113281
vn 0.0615539551 0.940917969 0.333251953
vn -0.781738281 0.284179688 0.555175781
vn 0.622558594 0.736816406 -0.264160156
vn -0.138671875 0.984375 0.107116699
vn -0.918457031 0.247680664 0.307861328
vn 0.383056641 0.923339844 -0.0320739746
vn -0.285400391 0.9453125 -0.157714844
vn -0.988769531 0.138305664 0.0545043945
vn -0.360595703 0.828125 -0.429199219
vn 0.56640625 0.766113281 -0.303222656
vn 0.2578125 0.950683594 -0.173461914
vn 0.166137695 0.92578125 -0.338867188
vn 0.119140625 0.852539062 -0.508789062
vn 0.517578125 0.776855469 -0.358642578
vn 0.481689453 0.767578125 -0.423095703
vn 0.463378906 0.738769531 -0.489501953
vn 0.122253418 0.739257812 -0.662109375
vn 0.464599609 0.694335938 -0.549316406
vn 0.175292969 0.599609375 -0.780761719
vn -0.984375 -0.0309143066 -0.174560547
vn -0.360595703 0.828125 -0.429199219
vn -0.988769531 0.138305664 0.0545043945
vn -0.355712891 0.646972656 -0.674804688
vn 0.119140625 0.852539062 -0.508789062
vn -0.904785156 -0.239379883 -0.351806641
vn 0.122253418 0.739257812 -0.662109375
vn -0.270751953 0.423339844 -0.864746094
vn -0.760742188 -0.462158203 -0.455566406
vn 0.175292969 0.599609375 -0.780761719
vn -0.116333008 0.184814453 -0.976074219
vn -0.569335938 -0.671875 -0.473632812
vn 0.089050293 -0.0401916504 -0.995117188
vn -0.353271484 -0.84375 -0.403808594
vn 0.271728516 0.450683594 -0.850097656
vn 0.320556641 -0.224487305 -0.920410156
vn -0.138793945 -0.95703125 -0.254150391
vn 0.550292969 -0.345703125 -0.760253906
vn 0.544921875 0.194824219 -0.815429688
vn 0.400146484 0.310058594 -0.862304688
vn 0.573242188 0.526367188 -0.627929688
vn 0.522949219 0.581542969 -0.623046875
vn 0.641113281 0.623535156 -0.447265625
vn 0.485351562 0.639648438 -0.595703125
vn 0.464599609 0.694335938 -0.549316406
vn 0.184936523 -0.961425781 0.203857422
vn 0.0480957031 -0.998046875 -0.0432128906
vn -0.138793945 -0.95703125 -0.254150391
vn 0.255126953 -0.852050781 0.457275391
vn -0.353271484 -0.84375 -0.403808594
vn 0.250488281 -0.682617188 0.686523438
vn -0.569335938 -0.671875 -0.473632812
vn 0.171264648 -0.474121094 0.863769531
vn -0.760742188 -0.462158203 -0.455566406
vn 0.0271911621 -0.251708984 0.967285156
vn -0.904785156 -0.239379883 -0.351806641
vn -0.164428711 -0.0416259766 0.985351562
vn -0.984375 -0.0309143066 -0.174560547
vn -0.380371094 0.130249023 0.915527344
vn -0.988769531 0.138305664 0.0545043945
vn -0.594726562 0.243530273 0.766113281
vn -0.918457031 0.247680664 0.307861328
vn -0.781738281 0.284179688 0.555175781
vn 0.766601562 -0.360351562 -0.53125
vn 0.890625 -0.378417969 -0.252685547
vn 0.945800781 0.102050781 -0.308837891
vn 0.981933594 0.141967773 -0.125854492
vn 0.948242188 -0.314453125 0.0401000977
vn 0.97265625 0.228271484 0.0440368652
vn 0.93359375 -0.176513672 0.311767578
vn 0.918945312 0.350585938 0.180297852
vn 0.84765625 0.0191955566 0.529785156
vn 0.134643555 -0.805664062 0.576660156
vn 0.827636719 0.494140625 0.266601562
vn 0.0546569824 -0.623046875 0.780273438
vn 0.701660156 0.248779297 0.66796875
vn -0.0819091797 -0.408935547 0.908691406
vn 0.709472656 0.641601562 0.292236328
vn 0.512207031 0.484619141 0.708984375
vn 0.868164062 0.113342285 -0.482910156
vn 0.945800781 0.102050781 -0.308837891
vn 0.840332031 0.449462891 -0.303222656
vn 0.766601562 -0.360351562 -0.53125
vn 0.592285156 -0.262695312 -0.76171875
vn 0.759277344 0.174438477 -0.626953125
vn 0.387939453 -0.0969848633 -0.916503906
vn 0.631347656 0.278076172 -0.723632812
vn 0.178588867 0.116638184 -0.977050781
vn -0.569824219 -0.532226562 -0.625976562
vn -0.374511719 -0.731445312 -0.569824219
vn -0.183837891 -0.886230469 -0.425048828
vn -0.0210113525 -0.977539062 -0.209960938
vn 0.890625 -0.378417969 -0.252685547
vn 0.0944213867 -0.994140625 0.0498657227
vn 0.948242188 -0.314453125 0.0401000977
vn 0.1484375 -0.934570312 0.322998047
vn 0.93359375 -0.176513672 0.311767578
vn 0.134643555 -0.805664062 0.576660156
vn -0.746582031 -0.312255859 -0.587402344
vn -0.569824219 -0.532226562 -0.625976562
vn 0.178588867 0.116638184 -0.977050781
vn -0.0106735229 0.352539062 -0.935546875
vn -0.883300781 -0.0978393555 -0.458740234
vn -0.156982422 0.58203125 -0.797851562
vn -0.962890625 0.0847167969 -0.255371094
vn -0.242797852 0.777832031 -0.579589844
vn -0.977050781 0.213623047 -0.00177288055
vn -0.257568359 0.916015625 -0.308105469
vn -0.922851562 0.273193359 0.271484375
vn -0.199584961 0.979980469 -0.0152511597
vn 0.228149414 0.911132812 -0.343505859
vn 0.237304688 0.824707031 -0.513183594
vn 0.291015625 0.702636719 -0.649414062
vn 0.584472656 0.684082031 -0.436523438
vn -0.242797852 0.777832031 -0.579589844
vn -0.156982422 0.58203125 -0.797851562
vn 0.291015625 0.702636719 -0.649414062
vn 0.382324219 0.559082031 -0.735839844
vn -0.0106735229 0.352539062 -0.935546875
vn 0.620117188 0.627929688 -0.470214844
vn 0.584472656 0.684082031 -0.436523438
vn 0.724121094 0.629882812 -0.280761719
vn 0.563476562 0.731933594 -0.383056641
vn 0.666503906 0.5703125 -0.480224609
vn 0.237304688 0.824707031 -0.513183594
vn 0.228149414 0.911132812 -0.343505859
vn 0.500488281 0.411621094 -0.76171875
vn 0.178588867 0.116638184 -0.977050781
vn 0.631347656 0.278076172 -0.723632812
vn 0.717285156 0.518066406 -0.465332031
vn 0.767578125 0.477783203 -0.427490234
vn 0.759277344 0.174438477 -0.626953125
vn 0.810058594 0.453857422 -0.371337891
vn 0.868164062 0.113342285 -0.482910156
vn 0.840332031 0.449462891 -0.303222656
vn 0.559570312 0.765625 -0.316650391
vn 0.854492188 0.465087891 -0.231689453
vn 0.945800781 0.102050781 -0.308837891
vn 0.981933594 0.141967773 -0.125854492
vn 0.850585938 0.498779297 -0.165283203
vn 0.573730469 0.78125 -0.245239258
vn 0.97265625 0.228271484 0.0440368652
vn 0.264404297 0.951171875 -0.160400391
vn -0.199584961 0.979980469 -0.0152511597
vn -0.0759277344 0.961914062 0.263183594
vn 0.829589844 0.546875 -0.112060547
vn 0.918945312 0.350585938 0.180297852
vn 0.341552734 0.939941406 0.0136108398
vn 0.0985717773 0.863769531 0.493652344
vn 0.793945312 0.602539062 -0.0783691406
vn 0.827636719 0.494140625 0.266601562
vn 0.748046875 0.66015625 -0.0682983398
vn 0.709472656 0.641601562 0.292236328
vn 0.604003906 0.776855469 -0.177246094
vn 0.450683594 0.878417969 0.157714844
vn 0.302734375 0.698242188 0.6484375
vn 0.696777344 0.712402344 -0.0830688477
vn 0.646972656 0.752929688 -0.120910645
vn 0.578125 0.774902344 0.254394531
vn 0.512207031 0.484619141 0.708984375
vn -0.807617188 0.256347656 0.53125
vn -0.922851562 0.273193359 0.271484375
vn -0.199584961 0.979980469 -0.0152511597
vn -0.0759277344 0.961914062 0.263183594
vn -0.64453125 0.165161133 0.746582031
vn 0.0985717773 0.863769531 0.493652344
vn -0.453857422 0.0105667114 0.891113281
vn 0.302734375 0.698242188 0.6484375
vn -0.258544922 -0.188842773 0.947265625
vn 0.512207031 0.484619141 0.708984375
vn -0.0819091797 -0.408935547 0.908691406
vn 0.701660156 0.248779297 0.66796875
vn 0.1484375 -0.934570312 0.322998047
vn 0.0944213867 -0.994140625 0.0498657227
vn -0.0210113525 -0.977539062 -0.209960938
vn -0.183837891 -0.886230469 -0.425048828
vn 0.134643555 -0.805664062 0.576660156
vn -0.374511719 -0.731445312 -0.569824219
vn 0.0546569824 -0.623046875 0.780273438
vn -0.569824219 -0.532226562 -0.625976562
vn -0.0819091797 -0.408935547 0.908691406
vn -0.746582031 -0.312255859 -0.587402344
vn -0.258544922 -0.188842773 0.947265625
vn -0.883300781 -0.0978393555 -0.458740234
vn -0.453857422 0.0105667114 0.891113281
vn -0.962890625 0.0847167969 -0.255371094
vn -0.64453125 0.165161133 0.746582031
vn -0.977050781 0.213623047 -0.00177288055
vn -0.807617188 0.256347656 0.53125
vn -0.922851562 0.273193359 0.271484375
vn 0.251708984 0.642578125 -0.723632812
vn 0.261230469 0.71875 -0.64453125
vn 0.260742188 0.663085938 -0.701660156
vn 0.27734375 0.673339844 -0.685058594
vn 0.362304688 0.487548828 -0.794433594
vn 0.302978516 0.776367188 -0.552734375
vn 0.396240234 0.502441406 -0.768554688
vn 0.492675781 0.246826172 -0.834472656
vn 0.357177734 0.726074219 -0.587402344
vn 0.5390625 0.220092773 -0.812988281
vn 0.552246094 0.0534667969 -0.83203125
vn 0.581542969 0.105895996 -0.806640625
vn 0.514648438 0.542480469 -0.6640625
vn 0.626953125 0.317382812 -0.711425781
vn 0.645019531 0.229370117 -0.729003906
vn 0.680175781 0.355712891 -0.641113281
vn 0.673828125 0.416015625 -0.610839844
vn 0.671875 0.416259766 -0.612304688
vn 0.658691406 0.471435547 -0.5859375
vn 0.592285156 0.586425781 -0.552734375
vn 0.596191406 0.607421875 -0.524902344
vn 0.450927734 0.749023438 -0.485595703
vn 0.501953125 0.734863281 -0.455810547
vn 0.377197266 0.798339844 -0.469726562
vn 0.435058594 0.791015625 -0.429931641
vn 0.706054688 0.685546875 0.177246094
vn 0.692871094 0.704101562 0.155273438
vn 0.645019531 0.754882812 0.116943359
vn 0.688964844 0.712890625 0.131347656
vn 0.834472656 0.532226562 0.142211914
vn 0.594238281 0.804199219 0.0246429443
vn 0.833496094 0.543945312 0.0985107422
vn 0.953613281 0.290527344 0.0796508789
vn 0.65625 0.754394531 0.00564956665
vn 0.96484375 0.260498047 0.0319213867
vn 0.994628906 0.0955200195 0.0452575684
vn 0.989257812 0.14465332 0.00259590149
vn 0.818359375 0.571289062 -0.061340332
vn 0.932128906 0.346435547 -0.106262207
vn 0.960449219 0.259277344 -0.10345459
vn 0.905761719 0.376953125 -0.193725586
vn 0.875488281 0.435058594 -0.2109375
vn 0.875488281 0.435546875 -0.208618164
vn 0.844726562 0.489013672 -0.217895508
vn 0.7734375 0.603515625 -0.192993164
vn 0.752441406 0.622558594 -0.214355469
vn 0.629394531 0.765625 -0.131713867
vn 0.63671875 0.747558594 -0.189331055
vn 0.570800781 0.81640625 -0.0856933594
vn 0.573730469 0.804199219 -0.155029297
vn -0.140869141 0.0774536133 -0.986816406
vn 0.490234375 0.00155544281 -0.871582031
vn 0.0186767578 0.383300781 -0.923339844
vn 0.123962402 -0.738769531 -0.662109375
vn -0.000826835632 -0.961914062 -0.272705078
vn 0.463378906 -0.711425781 -0.528320312
vn -0.366455078 -0.798339844 -0.478027344
vn -0.000826835632 -0.961914062 -0.272705078
vn 0.123962402 -0.738769531 -0.662109375
vn 0.687011719 -0.607910156 0.397949219
vn 0.927246094 -0.352783203 0.127075195
vn 0.841796875 -0.515625 -0.16003418
vn 0.927246094 -0.352783203 0.127075195
vn 0.932617188 0.0124130249 0.360351562
vn 0.978515625 -0.12487793 -0.163208008
vn 0.868164062 0.262695312 -0.420654297
vn 0.543457031 0.57421875 -0.612304688
vn 0.788085938 0.0516662598 -0.61328125
vn -0.0944213867 0.131469727 -0.986816406
vn 0.166748047 0.156860352 -0.973632812
vn -0.121948242 0.248779297 -0.9609375
vn -0.147583008 0.315429688 -0.9375
vn 0.151733398 0.239379883 -0.958984375
vn 0.15234375 0.322265625 -0.934082031
vn -0.15234375 0.386962891 -0.909179688
vn -0.0393371582 0.520507812 -0.853027344
vn 0.164550781 0.4453125 -0.880371094
vn 0.403076172 0.480957031 -0.778808594
vn 0.208862305 0.612792969 -0.762207031
vn 0.431152344 0.61328125 -0.662109375
vn 0.575195312 0.479492188 -0.662597656
vn 0.639160156 0.3203125 -0.69921875
vn 0.462158203 0.3046875 -0.833007812
vn 0.687988281 0.465087891 -0.556640625
vn 0.591796875 0.590820312 -0.548828125
vn 0.456542969 0.700683594 -0.548339844
vn 0.23840332 0.693359375 -0.680175781
vn 0.704101562 0.572753906 -0.420166016
vn 0.6171875 0.692871094 -0.373535156
vn 0.473144531 0.833496094 -0.28515625
vn 0.713378906 0.678710938 -0.173461914
vn 0.328857422 0.923828125 0.19543457
vn 0.599609375 0.799804688 -0.028717041
vn 0.158569336 0.983398438 -0.0901489258
vn -0.0713500977 0.924804688 -0.373779297
vn -0.288085938 0.938964844 0.188354492
vn -0.466552734 0.876464844 -0.117370605
vn -0.561035156 0.749511719 -0.3515625
vn -0.275146484 0.779296875 -0.5625
vn -0.708984375 0.697265625 0.106445312
vn -0.580566406 0.721679688 0.377197266
vn -0.755859375 0.642578125 -0.124389648
vn -0.842773438 0.538085938 0.0100860596
vn -0.755371094 0.589355469 -0.286132812
vn -0.79296875 0.566894531 0.223266602
vn -0.583984375 0.649414062 -0.486816406
vn -0.817871094 0.511230469 0.264160156
vn -0.622558594 0.531738281 -0.57421875
vn -0.74609375 0.520019531 -0.416015625
vn -0.807617188 0.44921875 -0.382080078
vn -0.693847656 0.436523438 -0.572265625
vn -0.740234375 0.419677734 -0.524902344
vn -0.8515625 0.495117188 -0.171875
vn -0.877929688 0.457519531 -0.141845703
vn -0.870605469 0.48828125 0.0582580566
vn -0.875976562 0.475097656 0.0812988281
vn -0.825195312 0.4921875 0.277099609
vn -0.826660156 0.486816406 0.282470703
vn -0.833984375 0.429443359 -0.345947266
vn -0.843261719 0.440673828 -0.307617188
vn -0.763183594 0.431884766 -0.48046875
vn -0.782226562 0.438232422 -0.442871094
vn -0.882324219 0.456298828 -0.11529541
vn -0.884277344 0.459472656 -0.0839233398
vn -0.875488281 0.472900391 0.100891113
vn -0.885253906 0.44921875 0.122619629
vn -0.836914062 0.462402344 0.29296875
vn -0.874023438 0.362304688 0.323974609
vn -0.852539062 0.449462891 -0.266601562
vn -0.880859375 0.412353516 -0.232177734
vn -0.826171875 0.37109375 -0.423828125
vn -0.88671875 0.186523438 -0.423095703
vn -0.899902344 0.433105469 -0.0521240234
vn -0.9453125 0.324707031 -0.0239562988
vn -0.923828125 0.351318359 0.15222168
vn -0.971679688 0.142578125 0.189208984
vn -0.918945312 0.141479492 0.368652344
vn -0.9375 0.273925781 -0.214111328
vn -0.9765625 0.065246582 -0.204101562
vn -0.909667969 -0.0267181396 -0.414794922
vn -0.897460938 -0.21862793 -0.3828125
vn -0.992675781 0.122131348 0.000937461853
vn -0.994140625 -0.106018066 0.0251464844
vn -0.970703125 -0.11138916 0.212646484
vn -0.899902344 -0.383300781 0.208618164
vn -0.934570312 -0.351806641 0.0545959473
vn -0.924316406 -0.355712891 -0.138916016
vn -0.78125 -0.622070312 0.0551452637
vn -0.812011719 -0.579101562 -0.0739135742
vn -0.711914062 -0.685058594 -0.155761719
vn -0.836914062 -0.456298828 -0.302490234
vn -0.973144531 -0.136962891 -0.184448242
vn 0.403076172 0.480957031 -0.778808594
vn 0.164550781 0.4453125 -0.880371094
vn 0.15234375 0.322265625 -0.934082031
vn 0.462158203 0.3046875 -0.833007812
vn 0.445556641 0.195678711 -0.873535156
vn 0.151733398 0.239379883 -0.958984375
vn 0.639160156 0.3203125 -0.69921875
vn 0.166748047 0.156860352 -0.973632812
vn 0.643066406 0.192382812 -0.741210938
vn 0.627929688 0.0805053711 -0.773925781
vn 0.763183594 0.200561523 -0.614257812
vn 0.433349609 0.0975341797 -0.895996094
vn 0.416992188 -0.0168914795 -0.908691406
vn 0.175170898 0.0354614258 -0.983886719
vn 0.162353516 -0.0966186523 -0.981933594
vn -0.0944213867 0.131469727 -0.986816406
vn -0.08984375 -0.0260772705 -0.995605469
vn -0.115478516 -0.187133789 -0.975585938
vn 0.129516602 -0.237670898 -0.962890625
vn 0.354492188 -0.279785156 -0.892089844
vn 0.0889892578 -0.396484375 -0.913574219
vn 0.308349609 -0.457275391 -0.833984375
vn 0.48046875 -0.509765625 -0.713867188
vn 0.249145508 -0.657714844 -0.7109375
vn 0.390625 -0.134277344 -0.910644531
vn 0.577148438 -0.152954102 -0.802246094
vn 0.540527344 -0.314941406 -0.780273438
vn 0.6796875 -0.336669922 -0.651855469
vn 0.604492188 -0.0333557129 -0.795898438
vn 0.7421875 -0.029800415 -0.669433594
vn 0.719238281 -0.16003418 -0.676269531
vn 0.827636719 -0.159790039 -0.538085938
vn 0.758789062 0.0866699219 -0.645507812
vn 0.848144531 0.0994873047 -0.520019531
vn 0.843261719 -0.0193634033 -0.536621094
vn 0.920898438 -0.0102844238 -0.389160156
vn 0.603515625 -0.537597656 -0.588867188
vn 0.697753906 -0.541015625 -0.469726562
vn 0.471435547 -0.741699219 -0.477050781
vn 0.378173828 -0.719238281 -0.582519531
vn 0.218505859 -0.905761719 -0.363525391
vn 0.263427734 -0.920410156 -0.288574219
vn 0.151367188 -0.861816406 -0.484619141
vn 0.784667969 -0.342773438 -0.516601562
vn 0.869140625 -0.335205078 -0.36328125
vn 0.910644531 -0.155883789 -0.382080078
vn 0.967285156 -0.147460938 -0.206176758
vn 0.929199219 -0.317382812 -0.189086914
vn 0.782226562 -0.523925781 -0.336425781
vn 0.638183594 -0.712890625 -0.291015625
vn 0.852539062 -0.491455078 -0.176757812
vn 0.95703125 -0.289550781 0.0151443481
vn 0.723632812 -0.670898438 -0.163696289
vn 0.966308594 0.114074707 -0.23046875
vn 0.915527344 0.108825684 -0.387695312
vn 0.899414062 0.209472656 -0.383789062
vn 0.841796875 0.207763672 -0.498535156
vn 0.817382812 0.325195312 -0.475830078
vn 0.870117188 0.321533203 -0.374023438
vn 0.827148438 0.446533203 -0.341308594
vn 0.744628906 0.325927734 -0.582519531
vn 0.687988281 0.465087891 -0.556640625
vn 0.575195312 0.479492188 -0.662597656
vn 0.770019531 0.452148438 -0.450195312
vn 0.704101562 0.572753906 -0.420166016
vn 0.591796875 0.590820312 -0.548828125
vn 0.77734375 0.565917969 -0.274658203
vn 0.713378906 0.678710938 -0.173461914
vn 0.6171875 0.692871094 -0.373535156
vn -0.363037109 -0.928222656 0.0819091797
vn -0.315917969 -0.939453125 0.133422852
vn -0.135498047 -0.990234375 0.0368347168
vn -0.170654297 -0.984863281 0.0370788574
vn -0.252929688 -0.967285156 -0.0216674805
vn -0.421386719 -0.906738281 0.0169372559
vn -0.481933594 -0.873535156 -0.067565918
vn -0.577148438 -0.8125 0.0848388672
vn -0.613769531 -0.789550781 -0.00133705139
vn -0.711914062 -0.685058594 -0.155761719
vn -0.587890625 -0.781738281 -0.207763672
vn -0.46484375 -0.8515625 -0.242431641
vn -0.0495300293 -0.998535156 0.0278167725
vn -0.0462646484 -0.999023438 0.00363540649
vn -0.121032715 -0.9921875 -0.0314025879
vn -0.223876953 -0.967285156 -0.118774414
vn -0.01612854 -0.997558594 -0.0686645508
vn -0.0939941406 -0.983398438 -0.156616211
vn -0.191040039 -0.921875 -0.337402344
vn -0.346923828 -0.932128906 -0.104797363
vn -0.343017578 -0.896484375 -0.280761719
vn -0.437988281 -0.701660156 -0.561523438
vn -0.231445312 -0.732421875 -0.640136719
vn -0.592285156 -0.653320312 -0.471679688
vn 0.638183594 -0.712890625 -0.291015625
vn 0.313720703 -0.918945312 -0.239257812
vn 0.384521484 -0.904296875 -0.186523438
vn 0.552734375 -0.736816406 -0.389892578
vn 0.697753906 -0.541015625 -0.469726562
vn 0.471435547 -0.741699219 -0.477050781
vn 0.603515625 -0.537597656 -0.588867188
vn 0.263427734 -0.920410156 -0.288574219
vn 0.0903930664 -0.989746094 -0.108459473
vn 0.0923461914 -0.991699219 -0.0895996094
vn -0.000957965851 -1 -0.0204772949
vn 0.218505859 -0.905761719 -0.363525391
vn 0.125488281 -0.988769531 -0.0815429688
vn 0.0771484375 -0.982910156 -0.166503906
vn 0.0312042236 -0.965332031 -0.260009766
vn 0.151367188 -0.861816406 -0.484619141
vn -0.01612854 -0.997558594 -0.0686645508
vn 0.0176696777 -1 -0.0103912354
vn -0.0939941406 -0.983398438 -0.156616211
vn -0.191040039 -0.921875 -0.337402344
vn -0.0495300293 -0.998535156 0.0278167725
vn -0.121032715 -0.9921875 -0.0314025879
vn -0.0462646484 -0.999023438 0.00363540649
vn -0.0561523438 -0.998046875 -0.0204162598
vn -0.135498047 -0.990234375 0.0368347168
vn -0.0016746521 -0.784667969 -0.620117188
vn 0.249145508 -0.657714844 -0.7109375
vn -0.231445312 -0.732421875 -0.640136719
vn -0.044708252 -0.928222656 -0.369873047
vn -0.00218200684 -0.999023438 -0.0442810059
vn 0.0629882812 -0.998046875 0.00331497192
vn 0.203125 -0.978515625 -0.0393066406
vn 0.299316406 -0.953125 0.0486450195
vn 0.473876953 -0.873535156 -0.109619141
vn 0.572753906 -0.819335938 0.0122146606
vn 0.624511719 -0.748535156 0.223144531
vn 0.371826172 -0.9140625 0.162841797
vn 0.300048828 -0.914550781 0.271240234
vn 0.153930664 -0.982421875 0.107543945
vn 0.0633544922 -0.977050781 0.202880859
vn -0.00860595703 -0.998046875 0.0593566895
vn -0.0723266602 -0.983398438 0.166625977
vn 0.188964844 -0.895019531 0.404052734
vn 0.0845336914 -0.841308594 0.534179688
vn 0.396240234 -0.685546875 0.610839844
vn -0.118713379 -0.991699219 0.0524902344
vn -0.272705078 -0.939941406 0.206054688
vn -0.315917969 -0.939453125 0.133422852
vn -0.5078125 -0.821289062 0.259521484
vn -0.363037109 -0.928222656 0.0819091797
vn -0.0139923096 -0.942871094 0.332275391
vn -0.134643555 -0.861816406 0.488769531
vn 0.247070312 -0.627441406 0.73828125
vn 0.0946044922 -0.535644531 0.838867188
vn 0.373779297 -0.399902344 0.836914062
vn 0.186279297 -0.311523438 0.931640625
vn -0.0194549561 -0.207519531 0.978027344
vn 0.226928711 -0.149414062 0.962402344
vn 0.00504302979 -0.0454711914 0.999023438
vn -0.206665039 -0.91796875 0.338867188
vn -0.375 -0.780761719 0.499755859
vn -0.0379943848 -0.750976562 0.659667969
vn -0.187744141 -0.631347656 0.752441406
vn -0.219482422 0.0417785645 0.974609375
vn 0.0263519287 0.159301758 0.986816406
vn -0.188964844 0.245483398 0.950683594
vn -0.456054688 -0.811523438 0.365722656
vn -0.599121094 -0.634277344 0.488525391
vn -0.0812988281 -0.424316406 0.901855469
vn -0.279785156 -0.345458984 0.895507812
vn -0.245361328 -0.132202148 0.960449219
vn -0.44921875 -0.111877441 0.886230469
vn -0.421630859 0.0899047852 0.90234375
vn -0.455078125 -0.345214844 0.820800781
vn -0.3984375 -0.570800781 0.717773438
vn -0.590332031 -0.368408203 0.718261719
vn -0.705566406 -0.384521484 0.595703125
vn -0.785644531 -0.395507812 0.475585938
vn -0.304199219 -0.5390625 0.78515625
vn -0.504394531 -0.607910156 0.61328125
vn -0.286132812 -0.728027344 0.623046875
vn -0.661621094 -0.648925781 0.375
vn -0.706054688 -0.65625 0.265625
vn -0.847167969 -0.397216797 0.352783203
vn -0.899902344 -0.383300781 0.208618164
vn -0.547363281 -0.8203125 0.165283203
vn -0.577148438 -0.8125 0.0848388672
vn -0.421386719 -0.906738281 0.0169372559
vn -0.742675781 -0.650878906 0.156738281
vn -0.78125 -0.622070312 0.0551452637
vn -0.934570312 -0.351806641 0.0545959473
vn -0.613769531 -0.789550781 -0.00133705139
vn -0.711914062 -0.685058594 -0.155761719
vn -0.812011719 -0.579101562 -0.0739135742
vn 0.313720703 -0.918945312 -0.239257812
vn 0.0923461914 -0.991699219 -0.0895996094
vn 0.125488281 -0.988769531 -0.0815429688
vn 0.384521484 -0.904296875 -0.186523438
vn 0.473876953 -0.873535156 -0.109619141
vn 0.638183594 -0.712890625 -0.291015625
vn 0.723632812 -0.670898438 -0.163696289
vn 0.795410156 -0.605957031 0.00838470459
vn 0.572753906 -0.819335938 0.0122146606
vn 0.852539062 -0.491455078 -0.176757812
vn 0.624511719 -0.748535156 0.223144531
vn 0.895019531 -0.445556641 0.0191192627
vn 0.882324219 -0.391113281 0.260986328
vn 0.95703125 -0.289550781 0.0151443481
vn 0.808105469 -0.53125 0.254882812
vn 0.716308594 -0.484130859 0.502441406
vn 0.54296875 -0.711425781 0.445800781
vn 0.300048828 -0.914550781 0.271240234
vn 0.396240234 -0.685546875 0.610839844
vn 0.556152344 -0.454833984 0.6953125
vn 0.640625 -0.305908203 0.704101562
vn 0.373779297 -0.399902344 0.836914062
vn 0.794921875 -0.346923828 0.497558594
vn 0.853027344 -0.203125 0.480224609
vn 0.935058594 -0.249633789 0.251220703
vn 0.968261719 -0.0910644531 0.233764648
vn 0.441162109 -0.240722656 0.864746094
vn 0.226928711 -0.149414062 0.962402344
vn 0.186279297 -0.311523438 0.931640625
vn 0.492919922 -0.0526733398 0.868652344
vn 0.704101562 -0.141357422 0.695800781
vn 0.736816406 0.0648193359 0.673339844
vn 0.887207031 -0.0284881592 0.460205078
vn 0.885253906 0.137207031 0.444580078
vn 0.7265625 0.23815918 0.64453125
vn 0.511230469 0.332763672 0.792480469
vn 0.705078125 0.321533203 0.632324219
vn 0.510253906 0.383300781 0.770019531
vn 0.864257812 0.239624023 0.442626953
vn 0.961914062 0.169189453 0.215332031
vn 0.846679688 0.293701172 0.443603516
vn 0.973632812 0.061706543 0.220458984
vn 0.999511719 0.0182342529 -0.0135726929
vn 0.991699219 -0.12878418 -5.20944595E-05
vn 0.967285156 -0.147460938 -0.206176758
vn 0.929199219 -0.317382812 -0.189086914
vn 0.975585938 -0.00128364563 -0.219238281
vn 0.920898438 -0.0102844238 -0.389160156
vn 0.966308594 0.114074707 -0.23046875
vn 0.991210938 0.128295898 -0.0256347656
vn 0.978027344 0.203369141 -0.0460205078
vn 0.950195312 0.231445312 0.209228516
vn 0.933105469 0.308105469 0.184448242
vn 0.947265625 0.204467773 -0.24597168
vn 0.914550781 0.313232422 -0.256591797
vn 0.899414062 0.209472656 -0.383789062
vn 0.870117188 0.321533203 -0.374023438
vn 0.827148438 0.446533203 -0.341308594
vn 0.951660156 0.296630859 -0.0794677734
vn 0.891113281 0.449707031 -0.0575866699
vn 0.865722656 0.450439453 -0.21875
vn 0.813964844 0.5703125 -0.10949707
vn 0.77734375 0.565917969 -0.274658203
vn 0.713378906 0.678710938 -0.173461914
vn 0.829589844 0.369873047 0.418701172
vn 0.815917969 0.498291016 0.29296875
vn 0.701660156 0.427001953 0.5703125
vn 0.696777344 0.359375 0.620605469
vn 0.89453125 0.422851562 0.14453125
vn 0.817871094 0.569335938 0.0800170898
vn 0.747558594 0.615234375 0.25
vn 0.75390625 0.655761719 0.0403137207
vn 0.6484375 0.729980469 0.216430664
vn 0.599609375 0.799804688 -0.028717041
vn 0.473144531 0.833496094 -0.28515625
vn 0.328857422 0.923828125 0.19543457
vn 0.721191406 0.533691406 0.442138672
vn 0.641601562 0.642578125 0.419189453
vn 0.466308594 0.666992188 0.581054688
vn 0.606445312 0.542480469 0.581542969
vn 0.563476562 0.447998047 0.694335938
vn 0.415283203 0.442871094 0.794433594
vn 0.528808594 0.3984375 0.749023438
vn 0.356689453 0.408935547 0.83984375
vn -0.288085938 0.938964844 0.188354492
vn 0.158569336 0.983398438 -0.0901489258
vn 0.328857422 0.923828125 0.19543457
vn -0.0901489258 0.887207031 0.452636719
vn -0.404296875 0.694335938 0.595214844
vn 0.0751342773 0.775878906 0.625976562
vn -0.580566406 0.721679688 0.377197266
vn -0.682617188 0.576171875 0.44921875
vn -0.708984375 0.697265625 0.106445312
vn -0.79296875 0.566894531 0.223266602
vn -0.817871094 0.511230469 0.264160156
vn 0.427001953 0.797363281 0.426757812
vn 0.6484375 0.729980469 0.216430664
vn 0.466308594 0.666992188 0.581054688
vn -0.713867188 0.520996094 0.468017578
vn -0.727539062 0.501464844 0.467773438
vn -0.573730469 0.512695312 0.639160156
vn -0.825195312 0.4921875 0.277099609
vn -0.826660156 0.486816406 0.282470703
vn -0.531738281 0.562011719 0.633300781
vn -0.378662109 0.53125 0.7578125
vn -0.235717773 0.643066406 0.728515625
vn -0.0924682617 0.589355469 0.802734375
vn 0.198242188 0.668457031 0.716796875
vn 0.267333984 0.537597656 0.799804688
vn 0.462646484 0.541015625 0.702148438
vn 0.606445312 0.542480469 0.581542969
vn 0.415283203 0.442871094 0.794433594
vn 0.037902832 0.515625 0.855957031
vn -0.0162353516 0.439453125 0.897949219
vn 0.230712891 0.427246094 0.874023438
vn 0.163818359 0.408447266 0.897949219
vn 0.356689453 0.408935547 0.83984375
vn 0.3125 0.413330078 0.85546875
vn 0.528808594 0.3984375 0.749023438
vn -0.230957031 0.486816406 0.842285156
vn -0.250976562 0.455810547 0.854003906
vn -0.0510864258 0.422363281 0.905273438
vn -0.0801391602 0.437988281 0.895507812
vn 0.11505127 0.425537109 0.897460938
vn 0.0783691406 0.428466797 0.899902344
vn -0.418457031 0.489990234 0.764648438
vn -0.437011719 0.481445312 0.759765625
vn -0.266113281 0.458251953 0.848144531
vn -0.289794922 0.464111328 0.836914062
vn -0.113220215 0.447753906 0.887207031
vn -0.149047852 0.401611328 0.903808594
vn -0.592773438 0.498046875 0.6328125
vn -0.606445312 0.495361328 0.622070312
vn -0.453857422 0.481933594 0.749511719
vn -0.482421875 0.453857422 0.749023438
vn -0.32421875 0.432373047 0.841308594
vn -0.375488281 0.300292969 0.876953125
vn -0.735839844 0.496582031 0.460449219
vn -0.752929688 0.469970703 0.460693359
vn -0.836914062 0.462402344 0.29296875
vn -0.874023438 0.362304688 0.323974609
vn -0.630371094 0.468017578 0.619140625
vn -0.681152344 0.3515625 0.642089844
vn -0.795410156 0.360839844 0.487060547
vn -0.841308594 0.130859375 0.524902344
vn -0.918945312 0.141479492 0.368652344
vn -0.915039062 -0.122253418 0.384765625
vn -0.971679688 0.142578125 0.189208984
vn -0.970703125 -0.11138916 0.212646484
vn -0.899902344 -0.383300781 0.208618164
vn -0.847167969 -0.397216797 0.352783203
vn -0.785644531 -0.395507812 0.475585938
vn -0.840820312 -0.128051758 0.526367188
vn -0.744140625 -0.126098633 0.65625
vn -0.705566406 -0.384521484 0.595703125
vn -0.590332031 -0.368408203 0.718261719
vn -0.733886719 0.120910645 0.668457031
vn -0.589355469 0.109680176 0.800292969
vn -0.609863281 -0.119628906 0.783203125
vn -0.44921875 -0.111877441 0.886230469
vn -0.455078125 -0.345214844 0.820800781
vn -0.421630859 0.0899047852 0.90234375
vn -0.535644531 0.33203125 0.776367188
vn -0.219482422 0.0417785645 0.974609375
vn -0.188964844 0.245483398 0.950683594
vn 0.0263519287 0.159301758 0.986816406
vn 0.05078125 0.351318359 0.935058594
vn 0.276855469 0.274902344 0.920898438
vn 0.287597656 0.395019531 0.872558594
vn 0.511230469 0.332763672 0.792480469
vn 0.510253906 0.383300781 0.770019531
vn 0.705078125 0.321533203 0.632324219
vn 0.696777344 0.359375 0.620605469
vn 0.701660156 0.427001953 0.5703125
vn 0.846679688 0.293701172 0.443603516
vn 0.517578125 0.174560547 0.837890625
vn 0.736816406 0.0648193359 0.673339844
vn 0.492919922 -0.0526733398 0.868652344
vn 0.704101562 -0.141357422 0.695800781
vn 0.258544922 0.0530700684 0.964355469
vn 0.226928711 -0.149414062 0.962402344
vn 0.441162109 -0.240722656 0.864746094
vn 0.00504302979 -0.0454711914 0.999023438
vn -0.607910156 -0.0259246826 -0.793457031
vn -0.344726562 0.0765991211 -0.935546875
vn -0.563964844 0.189575195 -0.803710938
vn -0.377685547 -0.115478516 -0.918945312
vn -0.414306641 -0.277832031 -0.866699219
vn -0.633300781 -0.201782227 -0.747070312
vn -0.641601562 -0.39453125 -0.657714844
vn -0.115478516 -0.187133789 -0.975585938
vn -0.08984375 -0.0260772705 -0.995605469
vn -0.155761719 -0.341552734 -0.926757812
vn -0.194580078 -0.501464844 -0.843261719
vn -0.444335938 -0.454101562 -0.772460938
vn -0.437988281 -0.701660156 -0.561523438
vn -0.231445312 -0.732421875 -0.640136719
vn -0.592285156 -0.653320312 -0.471679688
vn -0.720214844 -0.570800781 -0.394775391
vn -0.46484375 -0.8515625 -0.242431641
vn -0.587890625 -0.781738281 -0.207763672
vn -0.711914062 -0.685058594 -0.155761719
vn -0.836914062 -0.456298828 -0.302490234
vn -0.0016746521 -0.784667969 -0.620117188
vn -0.194580078 -0.501464844 -0.843261719
vn -0.231445312 -0.732421875 -0.640136719
vn 0.0537414551 -0.571289062 -0.819335938
vn 0.249145508 -0.657714844 -0.7109375
vn 0.0889892578 -0.396484375 -0.913574219
vn 0.308349609 -0.457275391 -0.833984375
vn -0.155761719 -0.341552734 -0.926757812
vn -0.115478516 -0.187133789 -0.975585938
vn 0.456542969 0.700683594 -0.548339844
vn 0.6171875 0.692871094 -0.373535156
vn 0.473144531 0.833496094 -0.28515625
vn 0.257324219 0.815917969 -0.517578125
vn 0.00598907471 0.745605469 -0.666015625
vn 0.23840332 0.693359375 -0.680175781
vn -0.0061378479 0.645507812 -0.763671875
vn 0.431152344 0.61328125 -0.662109375
vn 0.208862305 0.612792969 -0.762207031
vn -0.0393371582 0.520507812 -0.853027344
vn -0.0713500977 0.924804688 -0.373779297
vn 0.158569336 0.983398438 -0.0901489258
vn -0.275146484 0.779296875 -0.5625
vn -0.397949219 0.651855469 -0.645507812
vn -0.561035156 0.749511719 -0.3515625
vn -0.583984375 0.649414062 -0.486816406
vn -0.622558594 0.531738281 -0.57421875
vn -0.207641602 0.649414062 -0.731445312
vn -0.366943359 0.537109375 -0.759277344
vn -0.219726562 0.541015625 -0.811523438
vn -0.329345703 0.437988281 -0.836425781
vn -0.15234375 0.386962891 -0.909179688
vn -0.147583008 0.315429688 -0.9375
vn -0.493652344 0.532226562 -0.687988281
vn -0.572753906 0.44921875 -0.686035156
vn -0.693847656 0.436523438 -0.572265625
vn -0.740234375 0.419677734 -0.524902344
vn -0.458496094 0.453369141 -0.764160156
vn -0.501464844 0.412597656 -0.760253906
vn -0.356689453 0.379150391 -0.853515625
vn -0.353759766 0.333984375 -0.873535156
vn -0.121948242 0.248779297 -0.9609375
vn -0.0944213867 0.131469727 -0.986816406
vn -0.338867188 0.247924805 -0.907714844
vn -0.52734375 0.345458984 -0.776367188
vn -0.344726562 0.0765991211 -0.935546875
vn -0.563964844 0.189575195 -0.803710938
vn -0.723632812 0.293701172 -0.624511719
vn -0.607910156 -0.0259246826 -0.793457031
vn -0.624023438 0.421630859 -0.657714844
vn -0.652832031 0.419677734 -0.630859375
vn -0.763183594 0.431884766 -0.48046875
vn -0.782226562 0.438232422 -0.442871094
vn -0.51953125 0.389892578 -0.760253906
vn -0.672851562 0.408447266 -0.616699219
vn -0.826171875 0.37109375 -0.423828125
vn -0.88671875 0.186523438 -0.423095703
vn -0.775878906 0.0766601562 -0.625976562
vn -0.791992188 -0.121520996 -0.598632812
vn -0.633300781 -0.201782227 -0.747070312
vn -0.909667969 -0.0267181396 -0.414794922
vn -0.641601562 -0.39453125 -0.657714844
vn -0.897460938 -0.21862793 -0.3828125
vn -0.784667969 -0.314697266 -0.534179688
vn -0.720214844 -0.570800781 -0.394775391
vn -0.836914062 -0.456298828 -0.302490234
vn -0.0944213867 0.131469727 -0.986816406
vn -0.338867188 0.247924805 -0.907714844
vn -0.344726562 0.0765991211 -0.935546875
vn -0.08984375 -0.0260772705 -0.995605469
vn -0.892578125 -0.00744628906 -0.451171875
vn -0.844238281 0.248535156 -0.474853516
vn -0.953613281 0.295898438 -0.0552978516
vn -0.989257812 0.141235352 -0.0381164551
vn -0.999511719 0.00596618652 0.0370788574
vn -0.91015625 -0.235961914 -0.340576172
vn -0.742675781 -0.370605469 -0.557617188
vn -0.731445312 -0.095703125 -0.675292969
vn -0.638671875 -0.129760742 -0.758789062
vn -0.890136719 -0.436279297 -0.130737305
vn -0.979492188 -0.112792969 0.166870117
vn -0.711914062 -0.620605469 -0.328369141
vn -0.584960938 -0.694824219 -0.418701172
vn -0.642578125 -0.421386719 -0.639648438
vn -0.5390625 -0.4609375 -0.704589844
vn -0.565917969 -0.174560547 -0.805664062
vn -0.497558594 -0.721191406 -0.481933594
vn -0.544433594 -0.197753906 -0.815429688
vn -0.477539062 -0.723632812 -0.497802734
vn -0.543457031 -0.475830078 -0.691894531
vn -0.570800781 -0.467773438 -0.674804688
vn -0.467041016 -0.746582031 -0.473388672
vn -0.523925781 -0.188842773 -0.830566406
vn -0.458984375 -0.192504883 -0.8671875
vn -0.359619141 0.149414062 -0.920898438
vn -0.4140625 -0.779296875 -0.470703125
vn -0.310791016 0.136474609 -0.940429688
vn -0.493408203 -0.502929688 -0.709472656
vn -0.482666016 -0.512695312 -0.709960938
vn -0.403076172 -0.788085938 -0.465332031
vn -0.366455078 -0.798339844 -0.478027344
vn -0.218261719 0.118408203 -0.96875
vn -0.0751953125 0.456054688 -0.88671875
vn -0.439208984 -0.200683594 -0.875488281
vn -0.423828125 -0.208007812 -0.881347656
vn -0.254882812 0.150146484 -0.955078125
vn -0.458740234 -0.525878906 -0.716308594
vn -0.286376953 -0.546875 -0.786621094
vn 0.123962402 -0.738769531 -0.662109375
vn 0.304199219 -0.498779297 -0.811523438
vn -0.253417969 -0.25390625 -0.93359375
vn -0.140869141 0.0774536133 -0.986816406
vn -0.0346984863 0.403808594 -0.9140625
vn 0.0186767578 0.383300781 -0.923339844
vn 0.378662109 -0.152832031 -0.913085938
vn 0.490234375 0.00155544281 -0.871582031
vn -0.230957031 -0.901855469 0.365234375
vn 0.145141602 -0.775878906 0.613769531
vn -0.0982055664 -0.951171875 0.292724609
vn -0.00961303711 -0.720703125 0.693359375
vn 0.173828125 -0.426513672 0.887695312
vn -0.240600586 -0.600097656 0.763183594
vn 0.33984375 -0.482421875 0.807128906
vn 0.415771484 -0.504394531 0.756835938
vn 0.467285156 -0.141723633 0.872558594
vn 0.219482422 -0.794433594 0.56640625
vn 0.258789062 -0.802734375 0.537597656
vn -0.0701293945 -0.326416016 0.942871094
vn -0.301757812 -0.202392578 0.931640625
vn 0.0474243164 -0.0143508911 0.998535156
vn -0.467285156 -0.417236328 0.779296875
vn -0.684570312 -0.12322998 0.718261719
vn -0.569335938 0.00166988373 0.822265625
vn -0.479736328 0.162963867 0.862304688
vn -0.177124023 0.0547790527 0.982421875
vn -0.108276367 0.318603516 0.941894531
vn -0.423828125 0.336914062 0.840820312
vn 0.295166016 -0.0881958008 0.951171875
vn 0.349365234 0.245483398 0.904296875
vn 0.102172852 0.292724609 0.950683594
vn 0.0957641602 0.564453125 0.819824219
vn -0.103759766 0.556640625 0.82421875
vn 0.527832031 0.197021484 0.826171875
vn 0.614257812 0.168212891 0.770996094
vn 0.529785156 0.503417969 0.682617188
vn 0.626464844 0.472900391 0.619628906
vn 0.584472656 0.717285156 0.379638672
vn 0.685058594 0.450683594 0.572265625
vn 0.546386719 -0.16784668 0.8203125
vn 0.589355469 -0.185668945 0.786132812
vn 0.664550781 0.148193359 0.732421875
vn 0.701660156 0.131835938 0.700195312
vn 0.454833984 -0.518066406 0.724121094
vn 0.480712891 -0.532226562 0.697265625
vn 0.282470703 -0.810058594 0.514160156
vn 0.62109375 -0.202514648 0.757324219
vn 0.649902344 -0.221679688 0.727050781
vn 0.725585938 0.435302734 0.533203125
vn 0.688476562 0.670898438 0.275878906
vn 0.6484375 0.689453125 0.322753906
vn 0.760253906 0.421875 0.493652344
vn 0.736328125 0.115478516 0.666503906
vn 0.796386719 0.0793457031 0.599121094
vn 0.810546875 0.395263672 0.432128906
vn 0.760253906 0.627929688 0.166870117
vn 0.969238281 0.211914062 0.124511719
vn 0.889160156 0.456298828 -0.0304870605
vn 0.93359375 0.0450439453 -0.355712891
vn 0.932617188 0.0124130249 0.360351562
vn 0.927246094 -0.352783203 0.127075195
vn 0.715332031 -0.255859375 0.649902344
vn 0.555175781 -0.5703125 0.60546875
vn 0.502929688 -0.549316406 0.667480469
vn 0.687011719 -0.607910156 0.397949219
vn 0.483886719 -0.838378906 0.250976562
vn 0.333251953 -0.83203125 0.443359375
vn 0.490234375 0.00155544281 -0.871582031
vn 0.615722656 0.109863281 -0.780273438
vn 0.280029297 0.539550781 -0.793945312
vn 0.0186767578 0.383300781 -0.923339844
vn -0.0346984863 0.403808594 -0.9140625
vn 0.2109375 0.614257812 -0.760253906
vn 0.239868164 0.635253906 -0.733886719
vn 0.0298461914 0.386474609 -0.921875
vn 0.468994141 0.750976562 -0.46484375
vn 0.447021484 0.789550781 -0.420410156
vn -0.0751953125 0.456054688 -0.88671875
vn 0.424316406 0.822753906 -0.37890625
vn 0.190673828 0.701660156 -0.686523438
vn 0.138061523 0.739257812 -0.659179688
vn -0.133911133 0.48046875 -0.866699219
vn 0.381347656 0.860839844 -0.337158203
vn -0.221313477 0.506347656 -0.833496094
vn 0.303710938 0.909179688 -0.284912109
vn 0.0508728027 0.782714844 -0.620117188
vn -0.0620422363 0.823730469 -0.563964844
vn -0.320556641 0.52734375 -0.786621094
vn -0.425048828 0.543457031 -0.723632812
vn 0.189208984 0.958496094 -0.213867188
vn 0.370605469 0.916992188 0.146606445
vn 0.0139083862 0.994140625 -0.108642578
vn 0.180786133 0.950683594 0.251464844
vn -0.208007812 0.854492188 -0.475585938
vn -0.400146484 0.848632812 -0.345214844
vn -0.211425781 0.977050781 0.0170440674
vn -0.572753906 0.549804688 -0.607910156
vn -0.748535156 0.536132812 -0.390625
vn -0.591308594 0.7890625 -0.166625977
vn 0.0139083862 0.994140625 -0.108642578
vn -0.0631713867 0.934082031 0.3515625
vn -0.211425781 0.977050781 0.0170440674
vn 0.180786133 0.950683594 0.251464844
vn 0.288085938 0.786621094 0.546386719
vn 0.370605469 0.916992188 0.146606445
vn 0.0392456055 0.784179688 0.619140625
vn -0.15612793 0.747070312 0.645996094
vn -0.261474609 0.87109375 0.415527344
vn -0.526367188 0.69921875 0.484130859
vn -0.41015625 0.901855469 0.136962891
vn 0.0957641602 0.564453125 0.819824219
vn -0.103759766 0.556640625 0.82421875
vn 0.343994141 0.543945312 0.765625
vn 0.349365234 0.245483398 0.904296875
vn 0.102172852 0.292724609 0.950683594
vn 0.529785156 0.503417969 0.682617188
vn 0.527832031 0.197021484 0.826171875
vn 0.479492188 0.751953125 0.452392578
vn 0.584472656 0.717285156 0.379638672
vn 0.481689453 0.873535156 0.0690917969
vn 0.551269531 0.833984375 0.00930023193
vn 0.303710938 0.909179688 -0.284912109
vn 0.381347656 0.860839844 -0.337158203
vn 0.424316406 0.822753906 -0.37890625
vn 0.6484375 0.689453125 0.322753906
vn 0.685058594 0.450683594 0.572265625
vn 0.626464844 0.472900391 0.619628906
vn 0.688476562 0.670898438 0.275878906
vn 0.590332031 0.806152344 -0.0396118164
vn 0.614257812 0.784179688 -0.0882568359
vn 0.447021484 0.789550781 -0.420410156
vn 0.468994141 0.750976562 -0.46484375
vn 0.718261719 0.656738281 0.229614258
vn 0.760253906 0.421875 0.493652344
vn 0.760253906 0.627929688 0.166870117
vn 0.64453125 0.750488281 -0.146362305
vn 0.744140625 0.604492188 -0.284667969
vn 0.889160156 0.456298828 -0.0304870605
vn 0.93359375 0.0450439453 -0.355712891
vn 0.564453125 0.608886719 -0.557128906
vn 0.280029297 0.539550781 -0.793945312
vn 0.2109375 0.614257812 -0.760253906
vn 0.615722656 0.109863281 -0.780273438
vn 0.564453125 0.608886719 -0.557128906
vn 0.737792969 0.16418457 -0.654296875
vn 0.844726562 0.154296875 -0.512207031
vn 0.744140625 0.604492188 -0.284667969
vn 0.93359375 0.0450439453 -0.355712891
vn -0.0631713867 0.934082031 0.3515625
vn -0.261474609 0.87109375 0.415527344
vn -0.41015625 0.901855469 0.136962891
vn -0.211425781 0.977050781 0.0170440674
vn -0.400146484 0.848632812 -0.345214844
vn -0.591308594 0.7890625 -0.166625977
vn -0.767089844 0.630371094 0.121276855
vn -0.748535156 0.536132812 -0.390625
vn -0.883300781 0.468505859 -0.0108184814
vn -0.633789062 0.709960938 0.306396484
vn -0.526367188 0.69921875 0.484130859
vn -0.15612793 0.747070312 0.645996094
vn -0.44921875 0.623046875 0.640136719
vn -0.416259766 0.496582031 0.76171875
vn -0.103759766 0.556640625 0.82421875
vn -0.108276367 0.318603516 0.941894531
vn -0.423828125 0.336914062 0.840820312
vn -0.359619141 0.149414062 -0.920898438
vn -0.544433594 -0.197753906 -0.815429688
vn -0.523925781 -0.188842773 -0.830566406
vn -0.431152344 0.166381836 -0.88671875
vn -0.505859375 0.180053711 -0.84375
vn -0.565917969 -0.174560547 -0.805664062
vn -0.638671875 -0.129760742 -0.758789062
vn -0.221313477 0.506347656 -0.833496094
vn -0.133911133 0.48046875 -0.866699219
vn -0.0751953125 0.456054688 -0.88671875
vn -0.310791016 0.136474609 -0.940429688
vn -0.320556641 0.52734375 -0.786621094
vn -0.425048828 0.543457031 -0.723632812
vn -0.571289062 0.190307617 -0.798339844
vn -0.681152344 0.209228516 -0.701660156
vn -0.731445312 -0.095703125 -0.675292969
vn -0.572753906 0.549804688 -0.607910156
vn -0.892578125 -0.00744628906 -0.451171875
vn -0.748535156 0.536132812 -0.390625
vn -0.844238281 0.248535156 -0.474853516
vn -0.218261719 0.118408203 -0.96875
vn 0.0298461914 0.386474609 -0.921875
vn -0.0346984863 0.403808594 -0.9140625
vn -0.254882812 0.150146484 -0.955078125
vn 0.378662109 -0.152832031 -0.913085938
vn -0.253417969 -0.25390625 -0.93359375
vn 0.309082031 -0.326416016 -0.893066406
vn 0.304199219 -0.498779297 -0.811523438
vn -0.286376953 -0.546875 -0.786621094
vn -0.913085938 -0.191040039 0.359863281
vn -0.890136719 -0.436279297 -0.130737305
vn -0.979492188 -0.112792969 0.166870117
vn -0.8046875 -0.563476562 0.187988281
vn -0.613769531 -0.788085938 0.0444030762
vn -0.645996094 -0.552246094 0.526855469
vn -0.436035156 -0.77734375 0.453613281
vn -0.890136719 -0.436279297 -0.130737305
vn -0.613769531 -0.788085938 0.0444030762
vn -0.711914062 -0.620605469 -0.328369141
vn -0.584960938 -0.694824219 -0.418701172
vn -0.445556641 -0.893554688 -0.0528259277
vn -0.230957031 -0.901855469 0.365234375
vn -0.436035156 -0.77734375 0.453613281
vn -0.346679688 -0.931640625 -0.108093262
vn -0.240600586 -0.600097656 0.763183594
vn -0.00961303711 -0.720703125 0.693359375
vn -0.645996094 -0.552246094 0.526855469
vn -0.467285156 -0.417236328 0.779296875
vn -0.684570312 -0.12322998 0.718261719
vn -0.0982055664 -0.951171875 0.292724609
vn -0.0283203125 -0.966796875 0.254394531
vn 0.145141602 -0.775878906 0.613769531
vn 0.219482422 -0.794433594 0.56640625
vn 0.258789062 -0.802734375 0.537597656
vn -0.285644531 -0.94921875 -0.133422852
vn -0.243896484 -0.959472656 -0.142211914
vn -0.477539062 -0.723632812 -0.497802734
vn -0.467041016 -0.746582031 -0.473388672
vn -0.4140625 -0.779296875 -0.470703125
vn 0.0127563477 -0.972167969 0.233764648
vn 0.0362548828 -0.974609375 0.220458984
vn 0.282470703 -0.810058594 0.514160156
vn 0.300048828 -0.819824219 0.487792969
vn 0.480712891 -0.532226562 0.697265625
vn -0.220703125 -0.96484375 -0.142089844
vn -0.206054688 -0.967773438 -0.143554688
vn -0.403076172 -0.788085938 -0.465332031
vn -0.366455078 -0.798339844 -0.478027344
vn 0.502929688 -0.549316406 0.667480469
vn 0.649902344 -0.221679688 0.727050781
vn 0.555175781 -0.5703125 0.60546875
vn 0.333251953 -0.83203125 0.443359375
vn 0.0803833008 -0.981445312 0.174804688
vn 0.483886719 -0.838378906 0.250976562
vn 0.243896484 -0.969726562 0.0156707764
vn -0.000826835632 -0.961914062 -0.272705078
vn 0.0522460938 -0.977539062 0.204345703
vn -0.175170898 -0.970703125 -0.163452148
vn -0.584960938 -0.694824219 -0.418701172
vn -0.445556641 -0.893554688 -0.0528259277
vn -0.346679688 -0.931640625 -0.108093262
vn -0.497558594 -0.721191406 -0.481933594
vn -0.477539062 -0.723632812 -0.497802734
vn -0.684570312 -0.12322998 0.718261719
vn -0.645996094 -0.552246094 0.526855469
vn -0.8046875 -0.193603516 0.561523438
vn -0.913085938 -0.191040039 0.359863281
vn -0.8046875 -0.563476562 0.187988281
vn -0.953613281 0.295898438 -0.0552978516
vn -0.844238281 0.248535156 -0.474853516
vn -0.748535156 0.536132812 -0.390625
vn -0.883300781 0.468505859 -0.0108184814
vn -0.870117188 0.336914062 0.359130859
vn -0.767089844 0.630371094 0.121276855
vn -0.908203125 0.294189453 0.298339844
vn -0.904785156 0.251220703 0.343505859
vn -0.833496094 0.280029297 0.476074219
vn -0.804199219 0.397216797 0.441894531
vn -0.895019531 0.182617188 0.406494141
vn -0.750976562 0.384033203 0.537109375
vn -0.84375 0.166015625 0.510253906
vn -0.742675781 0.302978516 0.596679688
vn -0.783691406 0.211791992 0.583984375
vn -0.989257812 0.141235352 -0.0381164551
vn -0.999511719 0.00596618652 0.0370788574
vn -0.836425781 0.411132812 0.362792969
vn -0.633789062 0.709960938 0.306396484
vn -0.526367188 0.69921875 0.484130859
vn -0.923339844 0.194580078 0.331542969
vn -0.979492188 -0.112792969 0.166870117
vn -0.913085938 -0.191040039 0.359863281
vn -0.748535156 0.440673828 0.495605469
vn -0.44921875 0.623046875 0.640136719
vn -0.416259766 0.496582031 0.76171875
vn -0.884765625 0.122436523 0.449707031
vn -0.8046875 -0.193603516 0.561523438
vn -0.684570312 -0.12322998 0.718261719
vn -0.710449219 0.368164062 0.600097656
vn -0.423828125 0.336914062 0.840820312
vn -0.479736328 0.162963867 0.862304688
vn -0.801757812 0.144287109 0.579589844
vn -0.569335938 0.00166988373 0.822265625
vn -0.731933594 0.246948242 0.635253906
vn 0.93359375 0.0450439453 -0.355712891
vn 0.953125 -0.0745239258 -0.292724609
vn 0.969238281 0.211914062 0.124511719
vn 0.932617188 0.0124130249 0.360351562
vn 0.978515625 -0.12487793 -0.163208008
vn 0.953125 -0.0745239258 -0.292724609
vn 0.8125 -0.255126953 -0.524414062
vn 0.927246094 -0.352783203 0.127075195
vn 0.859375 -0.191772461 -0.474121094
vn 0.803710938 -0.24206543 -0.543457031
vn 0.755859375 -0.285400391 -0.589355469
vn 0.779296875 -0.307617188 -0.545410156
vn 0.760742188 -0.248168945 -0.599609375
vn 0.75 -0.323974609 -0.576660156
vn 0.740722656 -0.260009766 -0.619628906
vn 0.706054688 -0.350830078 -0.615234375
vn 0.725097656 -0.29296875 -0.623046875
vn 0.93359375 0.0450439453 -0.355712891
vn 0.844726562 0.154296875 -0.512207031
vn 0.807128906 -0.307861328 -0.503417969
vn 0.841796875 -0.515625 -0.16003418
vn 0.729003906 -0.643554688 -0.233032227
vn 0.687011719 -0.607910156 0.397949219
vn 0.483886719 -0.838378906 0.250976562
vn 0.243896484 -0.969726562 0.0156707764
vn 0.771484375 -0.239868164 -0.588867188
vn 0.737792969 0.16418457 -0.654296875
vn 0.615722656 0.109863281 -0.780273438
vn 0.749023438 -0.240356445 -0.617675781
vn 0.490234375 0.00155544281 -0.871582031
vn 0.378662109 -0.152832031 -0.913085938
vn 0.722167969 -0.272460938 -0.636230469
vn 0.309082031 -0.326416016 -0.893066406
vn 0.304199219 -0.498779297 -0.811523438
vn 0.703125 -0.346679688 -0.620605469
vn 0.123962402 -0.738769531 -0.662109375
vn 0.463378906 -0.711425781 -0.528320312
vn 0.708007812 -0.350830078 -0.612792969
vn 0.596679688 -0.716308594 -0.361083984
vn -0.000826835632 -0.961914062 -0.272705078
vn 0.760253906 -0.328125 -0.560546875
vn -0.184570312 -0.593261719 -0.783691406
vn -0.380859375 -0.800292969 -0.463134766
vn -0.160644531 -0.827148438 -0.5390625
vn -0.442382812 -0.531738281 -0.722167969
vn -0.504394531 -0.502441406 -0.702148438
vn -0.435058594 -0.781738281 -0.447021484
vn -0.466064453 -0.767578125 -0.439697266
vn -0.392822266 -0.212646484 -0.89453125
vn -0.145751953 -0.309082031 -0.939941406
vn -0.475830078 -0.176879883 -0.861328125
vn -0.512695312 -0.153320312 -0.844726562
vn -0.5390625 -0.481201172 -0.69140625
vn -0.573730469 -0.463378906 -0.675292969
vn -0.497314453 -0.756347656 -0.425048828
vn -0.549804688 -0.132324219 -0.824707031
vn -0.541503906 -0.741699219 -0.395996094
vn -0.597167969 -0.109313965 -0.794433594
vn -0.619628906 -0.443847656 -0.647460938
vn -0.697753906 -0.410400391 -0.586914062
vn -0.616210938 -0.711425781 -0.337402344
vn -0.676757812 -0.0741577148 -0.732421875
vn -0.809082031 -0.00420379639 -0.587402344
vn -0.828613281 -0.334228516 -0.448730469
vn -0.954101562 -0.205200195 -0.217773438
vn -0.933105469 0.0908203125 -0.348632812
vn -0.979003906 0.180664062 -0.0928955078
vn -0.998046875 -0.048248291 0.0350036621
vn -0.942871094 -0.244995117 0.225585938
vn -0.947265625 0.13293457 0.291992188
vn -0.907226562 0.0218353271 0.419677734
vn -0.380859375 -0.800292969 -0.463134766
vn -0.055267334 -0.975097656 -0.215332031
vn -0.160644531 -0.827148438 -0.5390625
vn -0.231079102 -0.964355469 -0.129638672
vn -0.26953125 -0.956542969 -0.111816406
vn -0.0210266113 -0.973632812 0.226806641
vn -0.435058594 -0.781738281 -0.447021484
vn 0.145751953 -0.982421875 0.116882324
vn 0.374755859 -0.848632812 0.373291016
vn 0.218505859 -0.822753906 0.524414062
vn 0.210693359 -0.814453125 0.540527344
vn -0.466064453 -0.767578125 -0.439697266
vn -0.0401306152 -0.968261719 0.246704102
vn -0.0466003418 -0.963867188 0.261474609
vn 0.212158203 -0.805664062 0.552734375
vn 0.210571289 -0.792480469 0.572265625
vn -0.290771484 -0.951660156 -0.100891113
vn -0.3125 -0.946289062 -0.0817871094
vn -0.497314453 -0.756347656 -0.425048828
vn -0.541503906 -0.741699219 -0.395996094
vn -0.0545654297 -0.957519531 0.283691406
vn -0.0776977539 -0.944824219 0.318847656
vn 0.193359375 -0.771484375 0.606445312
vn 0.158691406 -0.744628906 0.6484375
vn -0.348876953 -0.936035156 -0.0484924316
vn -0.414306641 -0.91015625 0.00648880005
vn -0.616210938 -0.711425781 -0.337402344
vn -0.744628906 -0.6328125 -0.211669922
vn -0.697753906 -0.410400391 -0.586914062
vn -0.828613281 -0.334228516 -0.448730469
vn -0.954101562 -0.205200195 -0.217773438
vn -0.125610352 -0.921386719 0.367431641
vn -0.218505859 -0.868164062 0.445800781
vn 0.0969238281 -0.704589844 0.703125
vn -0.880371094 -0.473876953 -0.00102329254
vn -0.942871094 -0.244995117 0.225585938
vn -0.532226562 -0.839355469 0.111083984
vn -0.684570312 -0.669921875 0.287597656
vn -0.797363281 -0.385009766 0.464599609
vn -0.819824219 -0.048248291 0.570800781
vn -0.907226562 0.0218353271 0.419677734
vn -0.380371094 -0.718261719 0.582519531
vn -0.0535583496 -0.590332031 0.805664062
vn 0.324707031 -0.438964844 0.837890625
vn -0.567382812 -0.424072266 0.706054688
vn -0.160644531 -0.827148438 -0.5390625
vn 0.39453125 -0.55859375 -0.729492188
vn -0.184570312 -0.593261719 -0.783691406
vn -0.145751953 -0.309082031 -0.939941406
vn 0.419677734 -0.407714844 -0.811035156
vn -0.947265625 0.13293457 0.291992188
vn -0.998046875 -0.048248291 0.0350036621
vn -0.979003906 0.180664062 -0.0928955078
vn -0.940429688 0.275634766 0.198364258
vn -0.802246094 0.338623047 0.491455078
vn -0.890136719 0.428222656 0.155639648
vn -0.808105469 0.398925781 0.433105469
vn -0.759277344 0.438476562 0.480957031
vn -0.703613281 0.358642578 0.613769531
vn -0.783203125 0.260253906 0.564453125
vn -0.681152344 0.487060547 0.546875
vn -0.713867188 0.237792969 0.658691406
vn -0.61328125 0.452392578 0.647460938
vn -0.626953125 0.280029297 0.727050781
vn -0.589355469 0.360595703 0.723144531
vn -0.830566406 0.270263672 0.487060547
vn -0.907226562 0.0218353271 0.419677734
vn -0.819824219 -0.048248291 0.570800781
vn -0.771484375 0.192626953 0.606445312
vn -0.724121094 0.505859375 0.468994141
vn -0.696289062 0.677734375 0.235839844
vn -0.804199219 0.571289062 0.165527344
vn -0.578613281 0.737304688 0.348632812
vn -0.459472656 0.731445312 0.50390625
vn -0.428222656 0.891113281 0.148925781
vn -0.618164062 0.526367188 0.583984375
vn -0.688476562 -0.0608825684 0.72265625
vn -0.538574219 -0.00705337524 0.842285156
vn -0.567382812 -0.424072266 0.706054688
vn -0.797363281 -0.385009766 0.464599609
vn -0.684570312 -0.669921875 0.287597656
vn -0.380371094 -0.718261719 0.582519531
vn -0.650878906 0.215087891 0.728027344
vn -0.302490234 -0.336181641 0.892089844
vn -0.0535583496 -0.590332031 0.805664062
vn -0.0905151367 -0.165161133 0.981933594
vn 0.192016602 -0.357177734 0.9140625
vn -0.411376953 0.0893554688 0.907226562
vn -0.336669922 0.198730469 0.920410156
vn 0.0320739746 0.0239562988 0.999023438
vn -0.567871094 0.302734375 0.765136719
vn -0.294189453 0.327392578 0.897949219
vn -0.296386719 0.495361328 0.81640625
vn 0.094543457 0.247070312 0.964355469
vn 0.0793457031 0.528320312 0.845703125
vn -0.0434265137 0.778808594 0.625976562
vn 0.387207031 0.51953125 0.76171875
vn 0.233276367 0.830078125 0.506347656
vn -0.0147094727 0.977050781 0.212646484
vn -0.550292969 0.424560547 0.71875
vn -0.355712891 0.649414062 0.672363281
vn -0.231201172 0.8984375 0.373291016
vn -0.274414062 0.9609375 -0.0405578613
vn -0.0797119141 0.964355469 -0.251953125
vn -0.979003906 0.180664062 -0.0928955078
vn -0.890136719 0.428222656 0.155639648
vn -0.940429688 0.275634766 0.198364258
vn -0.897460938 0.416259766 -0.144775391
vn -0.768066406 0.62890625 -0.118652344
vn -0.838378906 0.381835938 -0.388671875
vn -0.689941406 0.637207031 -0.34375
vn -0.500976562 0.835449219 -0.224975586
vn -0.547363281 0.602539062 -0.581054688
vn -0.3359375 0.825195312 -0.454101562
vn -0.180297852 0.7734375 -0.607910156
vn -0.404296875 0.544921875 -0.734375
vn -0.804199219 0.571289062 0.165527344
vn -0.759277344 0.438476562 0.480957031
vn -0.808105469 0.398925781 0.433105469
vn -0.696289062 0.677734375 0.235839844
vn -0.608886719 0.79296875 -0.0165252686
vn -0.428222656 0.891113281 0.148925781
vn -0.578613281 0.737304688 0.348632812
vn -0.274414062 0.9609375 -0.0405578613
vn -0.0797119141 0.964355469 -0.251953125
vn -0.0147094727 0.977050781 0.212646484
vn 0.447753906 0.818359375 0.360595703
vn 0.233276367 0.830078125 0.506347656
vn 0.201538086 0.979003906 0.029083252
vn 0.36328125 0.92578125 -0.104309082
vn -0.0797119141 0.964355469 -0.251953125
vn 0.584472656 0.771972656 0.249633789
vn 0.086730957 0.913085938 -0.3984375
vn 0.674316406 0.720703125 0.160888672
vn 0.19543457 0.856933594 -0.4765625
vn 0.466064453 0.864257812 -0.188720703
vn 0.536621094 0.807617188 -0.243652344
vn 0.271972656 0.809082031 -0.520996094
vn 0.328125 0.774902344 -0.540039062
vn 0.737304688 0.669433594 0.0917358398
vn 0.8125 0.397705078 0.426269531
vn 0.777832031 0.626464844 0.051940918
vn 0.849121094 0.368408203 0.378173828
vn 0.5859375 0.764160156 -0.269042969
vn 0.62890625 0.727050781 -0.275878906
vn 0.389160156 0.724609375 -0.568359375
vn 0.787109375 0.615234375 0.0414123535
vn 0.416992188 0.697753906 -0.58203125
vn 0.831542969 0.555664062 -0.018447876
vn 0.686523438 0.666503906 -0.290039062
vn 0.868164062 0.262695312 -0.420654297
vn 0.543457031 0.57421875 -0.612304688
vn 0.900390625 0.427246094 -0.0823364258
vn 0.447753906 0.818359375 0.360595703
vn 0.387207031 0.51953125 0.76171875
vn 0.233276367 0.830078125 0.506347656
vn 0.573730469 0.493164062 0.653808594
vn 0.674316406 0.463378906 0.575195312
vn 0.555664062 0.129394531 0.821289062
vn 0.584472656 0.771972656 0.249633789
vn 0.674316406 0.720703125 0.160888672
vn 0.752929688 0.431884766 0.496826172
vn 0.69140625 0.0927734375 0.716308594
vn 0.8125 0.397705078 0.426269531
vn 0.624023438 0.112548828 0.772949219
vn 0.510742188 -0.190795898 0.838378906
vn 0.403320312 0.169189453 0.899414062
vn 0.327880859 -0.11114502 0.937988281
vn 0.094543457 0.247070312 0.964355469
vn 0.0793457031 0.528320312 0.845703125
vn 0.460693359 -0.168701172 0.871582031
vn 0.324707031 -0.438964844 0.837890625
vn 0.0320739746 0.0239562988 0.999023438
vn -0.336669922 0.198730469 0.920410156
vn -0.294189453 0.327392578 0.897949219
vn -0.0905151367 -0.165161133 0.981933594
vn 0.192016602 -0.357177734 0.9140625
vn -0.0535583496 -0.590332031 0.805664062
vn 0.368408203 -0.471679688 0.801269531
vn 0.404541016 -0.502441406 0.764160156
vn 0.158691406 -0.744628906 0.6484375
vn 0.0969238281 -0.704589844 0.703125
vn 0.193359375 -0.771484375 0.606445312
vn 0.210571289 -0.792480469 0.572265625
vn 0.562988281 -0.215820312 0.797851562
vn 0.606445312 -0.240234375 0.7578125
vn 0.430419922 -0.529785156 0.73046875
vn 0.438964844 -0.546386719 0.713378906
vn 0.212158203 -0.805664062 0.552734375
vn 0.210693359 -0.814453125 0.540527344
vn 0.747558594 0.0708618164 0.66015625
vn 0.782226562 0.0551147461 0.620605469
vn 0.849121094 0.368408203 0.378173828
vn 0.825683594 0.400390625 0.397216797
vn 0.777832031 0.626464844 0.051940918
vn 0.787109375 0.615234375 0.0414123535
vn 0.831542969 0.555664062 -0.018447876
vn 0.869628906 0.302734375 0.390380859
vn 0.776367188 0.0193328857 0.629882812
vn 0.75390625 0.0482177734 0.654785156
vn 0.645507812 -0.265380859 0.716308594
vn 0.6015625 -0.266601562 0.752929688
vn 0.630859375 -0.254882812 0.732910156
vn 0.441650391 -0.557128906 0.703125
vn 0.449462891 -0.566894531 0.690429688
vn 0.218505859 -0.822753906 0.524414062
vn 0.374755859 -0.848632812 0.373291016
vn 0.543457031 0.57421875 -0.612304688
vn 0.678710938 0.0041885376 -0.734375
vn 0.788085938 0.0516662598 -0.61328125
vn 0.293212891 0.522949219 -0.800292969
vn 0.577148438 -0.102905273 -0.810058594
vn 0.128173828 0.298095703 -0.945800781
vn 0.260498047 -0.145874023 -0.954589844
vn 0.751953125 -0.37109375 -0.544921875
vn 0.749511719 -0.397949219 -0.528808594
vn 0.759277344 -0.400146484 -0.513183594
vn 0.780761719 -0.371826172 -0.502441406
vn 0.761230469 -0.352050781 -0.544433594
vn 0.771972656 -0.408203125 -0.487060547
vn 0.796875 -0.322998047 -0.510742188
vn 0.791992188 -0.395751953 -0.465087891
vn 0.83203125 -0.294921875 -0.470214844
vn 0.8359375 -0.343261719 -0.428466797
vn 0.731445312 -0.350830078 -0.584960938
vn 0.260498047 -0.145874023 -0.954589844
vn 0.419677734 -0.407714844 -0.811035156
vn -0.145751953 -0.309082031 -0.939941406
vn 0.577148438 -0.102905273 -0.810058594
vn 0.678710938 0.0041885376 -0.734375
vn 0.780273438 -0.334228516 -0.528808594
vn 0.788085938 0.0516662598 -0.61328125
vn 0.868164062 0.262695312 -0.420654297
vn 0.833984375 -0.267089844 -0.482421875
vn 0.963867188 0.117675781 -0.239013672
vn 0.993652344 -0.0388793945 -0.104431152
vn 0.862304688 -0.299560547 -0.408447266
vn 0.969238281 -0.241577148 -0.0504760742
vn 0.908691406 -0.41796875 0.000771522522
vn 0.826171875 -0.363525391 -0.430664062
vn 0.814941406 -0.579589844 -0.00895690918
vn 0.698730469 -0.708984375 -0.0985107422
vn 0.78125 -0.416259766 -0.46484375
vn 0.577148438 -0.78125 -0.237670898
vn 0.429931641 -0.8046875 -0.409667969
vn 0.760742188 -0.413818359 -0.5
vn 0.403564453 -0.684082031 -0.607421875
vn -0.838378906 0.381835938 -0.388671875
vn -0.547363281 0.602539062 -0.581054688
vn -0.689941406 0.637207031 -0.34375
vn -0.708984375 0.318847656 -0.62890625
vn -0.573242188 0.255371094 -0.778808594
vn -0.404296875 0.544921875 -0.734375
vn -0.313232422 0.50390625 -0.805175781
vn -0.809082031 -0.00420379639 -0.587402344
vn -0.933105469 0.0908203125 -0.348632812
vn -0.979003906 0.180664062 -0.0928955078
vn -0.897460938 0.416259766 -0.144775391
vn -0.676757812 -0.0741577148 -0.732421875
vn -0.597167969 -0.109313965 -0.794433594
vn -0.489990234 0.217651367 -0.844238281
vn -0.4375 0.192138672 -0.878417969
vn -0.250976562 0.475097656 -0.843261719
vn -0.549804688 -0.132324219 -0.824707031
vn -0.512695312 -0.153320312 -0.844726562
vn -0.395507812 0.171142578 -0.90234375
vn -0.353759766 0.149902344 -0.923339844
vn -0.475830078 -0.176879883 -0.861328125
vn -0.392822266 -0.212646484 -0.89453125
vn -0.256591797 0.101135254 -0.961425781
vn 0.260498047 -0.145874023 -0.954589844
vn -0.145751953 -0.309082031 -0.939941406
vn -0.500976562 0.835449219 -0.224975586
vn -0.3359375 0.825195312 -0.454101562
vn -0.0797119141 0.964355469 -0.251953125
vn -0.180297852 0.7734375 -0.607910156
vn 0.086730957 0.913085938 -0.3984375
vn 0.19543457 0.856933594 -0.4765625
vn -0.0774536133 0.7265625 -0.683105469
vn -0.00477600098 0.689453125 -0.724121094
vn 0.271972656 0.809082031 -0.520996094
vn 0.328125 0.774902344 -0.540039062
vn -0.313232422 0.50390625 -0.805175781
vn -0.404296875 0.544921875 -0.734375
vn -0.250976562 0.475097656 -0.843261719
vn -0.201416016 0.454589844 -0.867675781
vn -0.4375 0.192138672 -0.878417969
vn -0.395507812 0.171142578 -0.90234375
vn 0.0508728027 0.664550781 -0.745117188
vn 0.145751953 0.611328125 -0.777832031
vn 0.389160156 0.724609375 -0.568359375
vn 0.416992188 0.697753906 -0.58203125
vn -0.353759766 0.149902344 -0.923339844
vn -0.512695312 -0.153320312 -0.844726562
vn -0.117126465 0.433349609 -0.893554688
vn -0.0649414062 0.428222656 -0.901367188
vn -0.256591797 0.101135254 -0.961425781
vn 0.260498047 -0.145874023 -0.954589844
vn 0.128173828 0.298095703 -0.945800781
vn 0.293212891 0.522949219 -0.800292969
vn 0.543457031 0.57421875 -0.612304688
vn 0.132324219 0.634277344 -0.76171875
vn -0.160644531 -0.827148438 -0.5390625
vn -0.055267334 -0.975097656 -0.215332031
vn 0.429931641 -0.8046875 -0.409667969
vn 0.145751953 -0.982421875 0.116882324
vn 0.374755859 -0.848632812 0.373291016
vn 0.449462891 -0.566894531 0.690429688
vn 0.583496094 -0.612304688 0.533691406
vn 0.559570312 -0.284667969 0.778320312
vn 0.6015625 -0.266601562 0.752929688
vn 0.776367188 0.0193328857 0.629882812
vn 0.645507812 -0.265380859 0.716308594
vn 0.441650391 -0.557128906 0.703125
vn 0.869628906 0.302734375 0.390380859
vn 0.967773438 0.200317383 0.152587891
vn 0.831542969 0.555664062 -0.018447876
vn 0.900390625 0.427246094 -0.0823364258
vn 0.963867188 0.117675781 -0.239013672
vn 0.868164062 0.262695312 -0.420654297
vn 0.993652344 -0.0388793945 -0.104431152
vn 0.969238281 -0.241577148 -0.0504760742
vn 0.874023438 -0.128417969 0.46875
vn 0.852539062 -0.398681641 0.337890625
vn 0.908691406 -0.41796875 0.000771522522
vn 0.583496094 -0.612304688 0.533691406
vn 0.814941406 -0.579589844 -0.00895690918
vn 0.698730469 -0.708984375 -0.0985107422
vn 0.374755859 -0.848632812 0.373291016
vn 0.145751953 -0.982421875 0.116882324
vn 0.577148438 -0.78125 -0.237670898
vn 0.429931641 -0.8046875 -0.409667969
vn -0.160644531 -0.827148438 -0.5390625
vn 0.403564453 -0.684082031 -0.607421875
vn 0.39453125 -0.55859375 -0.729492188
vn 0.759277344 -0.400146484 -0.513183594
vn 0.749511719 -0.397949219 -0.528808594
vn 0.751953125 -0.37109375 -0.544921875
vn 0.419677734 -0.407714844 -0.811035156
vn 0.559570312 -0.284667969 0.778320312
vn 0.776367188 0.0193328857 0.629882812
vn 0.874023438 -0.128417969 0.46875
vn 0.967773438 0.200317383 0.152587891
g Fox_0
f 3/3/3 2/2/2 1/1/1
f 5/5/5 3/3/3 4/4/4
f 6/6/6 5/5/5 4/4/4
f 7/7/7 6/6/6 4/4/4
f 7/7/7 8/8/8 6/6/6
f 8/8/8 9/9/9 6/6/6
f 8/8/8 10/10/10 9/9/9
f 10/10/10 11/11/11 9/9/9
f 10/10/10 12/12/12 11/11/11
f 12/12/12 13/13/13 11/11/11
f 13/13/13 12/12/12 14/14/14
f 12/12/12 15/15/15 14/14/14
f 18/18/18 17/17/17 16/16/16
f 16/16/16 20/20/20 19/19/19
f 21/21/21 16/16/16 19/19/19
f 21/21/21 19/19/19 22/22/22
f 19/19/19 23/23/23 22/22/22
f 22/22/22 23/23/23 24/24/24
f 25/25/25 22/22/22 24/24/24
f 21/21/21 26/26/26 16/16/16
f 21/21/21 22/22/22 26/26/26
f 26/26/26 27/27/27 16/16/16
f 22/22/22 28/28/28 26/26/26
f 29/29/29 28/28/28 22/22/22
f 26/26/26 28/28/28 30/30/30
f 30/30/30 28/28/28 29/29/29
f 31/31/31 26/26/26 30/30/30
f 31/31/31 30/30/30 32/32/32
f 33/33/33 30/30/30 29/29/29
f 33/33/33 34/34/34 30/30/30
f 33/33/33 29/29/29 35/35/35
f 29/29/29 36/36/36 35/35/35
f 39/39/39 38/38/38 37/37/37
f 42/42/42 41/41/41 40/40/40
f 45/45/45 44/44/44 43/43/43
f 48/48/48 47/47/47 46/46/46
f 49/49/49 48/48/48 46/46/46
f 50/50/50 48/48/48 49/49/49
f 49/49/49 46/46/46 51/51/51
f 52/52/52 49/49/49 51/51/51
f 52/52/52 51/51/51 53/53/53
f 49/49/49 52/52/52 54/54/54
f 55/55/55 52/52/52 53/53/53
f 53/53/53 56/56/56 55/55/55
f 52/52/52 57/57/57 54/54/54
f 57/57/57 52/52/52 55/55/55
f 58/58/58 54/54/54 57/57/57
f 59/59/59 58/58/58 57/57/57
f 60/60/60 57/57/57 55/55/55
f 59/59/59 57/57/57 60/60/60
f 55/55/55 61/61/61 60/60/60
f 62/62/62 59/59/59 60/60/60
f 61/61/61 63/63/63 60/60/60
f 62/62/62 60/60/60 63/63/63
f 63/63/63 61/61/61 64/64/64
f 65/65/65 62/62/62 63/63/63
f 66/66/66 63/63/63 64/64/64
f 67/67/67 65/65/65 63/63/63
f 66/66/66 67/67/67 63/63/63
f 66/66/66 64/64/64 68/68/68
f 64/64/64 69/69/69 68/68/68
f 64/64/64 70/70/70 69/69/69
f 66/66/66 68/68/68 71/71/71
f 67/67/67 66/66/66 71/71/71
f 67/67/67 71/71/71 72/72/72
f 65/65/65 67/67/67 73/73/73
f 73/73/73 67/67/67 72/72/72
f 74/74/74 65/65/65 73/73/73
f 74/74/74 73/73/73 72/72/72
f 62/62/62 65/65/65 74/74/74
f 75/75/75 74/74/74 72/72/72
f 76/76/76 62/62/62 74/74/74
f 76/76/76 74/74/74 75/75/75
f 76/76/76 77/77/77 62/62/62
f 78/78/78 76/76/76 75/75/75
f 76/76/76 78/78/78 77/77/77
f 81/81/81 80/80/80 79/79/79
f 81/81/81 82/82/82 80/80/80
f 82/82/82 83/83/83 80/80/80
f 84/84/84 83/83/83 82/82/82
f 85/85/85 84/84/84 82/82/82
f 84/84/84 85/85/85 86/86/86
f 87/87/87 84/84/84 86/86/86
f 83/83/83 84/84/84 87/87/87
f 88/88/88 87/87/87 86/86/86
f 89/89/89 80/80/80 83/83/83
f 90/90/90 83/83/83 87/87/87
f 90/90/90 89/89/89 83/83/83
f 90/90/90 87/87/87 91/91/91
f 87/87/87 88/88/88 91/91/91
f 89/89/89 90/90/90 91/91/91
f 80/80/80 89/89/89 92/92/92
f 92/92/92 89/89/89 93/93/93
f 94/94/94 80/80/80 92/92/92
f 95/95/95 94/94/94 92/92/92
f 96/96/96 95/95/95 92/92/92
f 96/96/96 92/92/92 93/93/93
f 97/97/97 96/96/96 93/93/93
f 98/98/98 97/97/97 93/93/93
f 88/88/88 99/99/99 91/91/91
f 99/99/99 88/88/88 100/100/100
f 99/99/99 100/100/100 101/101/101
f 102/102/102 89/89/89 91/91/91
f 89/89/89 102/102/102 93/93/93
f 99/99/99 103/103/103 91/91/91
f 102/102/102 91/91/91 103/103/103
f 99/99/99 101/101/101 103/103/103
f 104/104/104 98/98/98 93/93/93
f 98/98/98 104/104/104 105/105/105
f 102/102/102 106/106/106 93/93/93
f 106/106/106 102/102/102 103/103/103
f 106/106/106 104/104/104 93/93/93
f 104/104/104 107/107/107 105/105/105
f 105/105/105 107/107/107 108/108/108
f 104/104/104 106/106/106 109/109/109
f 109/109/109 106/106/106 103/103/103
f 107/107/107 104/104/104 109/109/109
f 101/101/101 110/110/110 103/103/103
f 110/110/110 109/109/109 103/103/103
f 107/107/107 111/111/111 108/108/108
f 108/108/108 111/111/111 112/112/112
f 107/107/107 109/109/109 113/113/113
f 113/113/113 109/109/109 110/110/110
f 111/111/111 107/107/107 113/113/113
f 101/101/101 114/114/114 110/110/110
f 101/101/101 115/115/115 114/114/114
f 115/115/115 116/116/116 114/114/114
f 111/111/111 117/117/117 112/112/112
f 112/112/112 117/117/117 118/118/118
f 119/119/119 113/113/113 110/110/110
f 114/114/114 119/119/119 110/110/110
f 113/113/113 120/120/120 111/111/111
f 120/120/120 117/117/117 111/111/111
f 120/120/120 113/113/113 119/119/119
f 120/120/120 121/121/121 117/117/117
f 117/117/117 122/122/122 118/118/118
f 121/121/121 122/122/122 117/117/117
f 122/122/122 123/123/123 118/118/118
f 123/123/123 122/122/122 121/121/121
f 123/123/123 124/124/124 118/118/118
f 124/124/124 123/123/123 125/125/125
f 114/114/114 126/126/126 119/119/119
f 126/126/126 114/114/114 127/127/127
f 128/128/128 120/120/120 119/119/119
f 126/126/126 128/128/128 119/119/119
f 121/121/121 120/120/120 128/128/128
f 126/126/126 129/129/129 128/128/128
f 129/129/129 130/130/130 128/128/128
f 130/130/130 121/121/121 128/128/128
f 131/131/131 130/130/130 129/129/129
f 130/130/130 131/131/131 121/121/121
f 132/132/132 131/131/131 129/129/129
f 131/131/131 133/133/133 121/121/121
f 133/133/133 123/123/123 121/121/121
f 131/131/131 132/132/132 134/134/134
f 133/133/133 131/131/131 134/134/134
f 132/132/132 135/135/135 134/134/134
f 136/136/136 134/134/134 135/135/135
f 136/136/136 137/137/137 134/134/134
f 138/138/138 133/133/133 134/134/134
f 123/123/123 133/133/133 138/138/138
f 137/137/137 138/138/138 134/134/134
f 139/139/139 123/123/123 138/138/138
f 123/123/123 139/139/139 125/125/125
f 139/139/139 138/138/138 140/140/140
f 139/139/139 140/140/140 125/125/125
f 138/138/138 137/137/137 140/140/140
f 140/140/140 141/141/141 125/125/125
f 142/142/142 140/140/140 137/137/137
f 143/143/143 142/142/142 137/137/137
f 146/146/146 145/145/145 144/144/144
f 145/145/145 146/146/146 147/147/147
f 145/145/145 147/147/147 148/148/148
f 149/149/149 145/145/145 148/148/148
f 149/149/149 148/148/148 150/150/150
f 151/151/151 149/149/149 150/150/150
f 148/148/148 152/152/152 150/150/150
f 150/150/150 152/152/152 153/153/153
f 154/154/154 150/150/150 153/153/153
f 155/155/155 154/154/154 153/153/153
f 156/156/156 155/155/155 153/153/153
f 157/157/157 156/156/156 153/153/153
f 158/158/158 156/156/156 157/157/157
f 159/159/159 158/158/158 157/157/157
f 159/159/159 160/160/160 158/158/158
f 161/161/161 157/157/157 153/153/153
f 162/162/162 159/159/159 157/157/157
f 161/161/161 162/162/162 157/157/157
f 160/160/160 159/159/159 163/163/163
f 159/159/159 162/162/162 163/163/163
f 164/164/164 161/161/161 153/153/153
f 152/152/152 164/164/164 153/153/153
f 162/162/162 161/161/161 165/165/165
f 161/161/161 164/164/164 165/165/165
f 164/164/164 152/152/152 166/166/166
f 164/164/164 166/166/166 165/165/165
f 167/167/167 162/162/162 165/165/165
f 162/162/162 167/167/167 163/163/163
f 166/166/166 168/168/168 165/165/165
f 167/167/167 165/165/165 169/169/169
f 152/152/152 170/170/170 166/166/166
f 166/166/166 170/170/170 168/168/168
f 152/152/152 148/148/148 170/170/170
f 170/170/170 171/171/171 168/168/168
f 148/148/148 172/172/172 170/170/170
f 170/170/170 172/172/172 171/171/171
f 172/172/172 173/173/173 171/171/171
f 172/172/172 148/148/148 147/147/147
f 172/172/172 174/174/174 173/173/173
f 174/174/174 172/172/172 147/147/147
f 174/174/174 175/175/175 173/173/173
f 176/176/176 167/167/167 169/169/169
f 176/176/176 169/169/169 177/177/177
f 167/167/167 176/176/176 178/178/178
f 167/167/167 178/178/178 163/163/163
f 163/163/163 178/178/178 179/179/179
f 178/178/178 180/180/180 179/179/179
f 160/160/160 163/163/163 179/179/179
f 181/181/181 160/160/160 179/179/179
f 174/174/174 147/147/147 182/182/182
f 146/146/146 182/182/182 147/147/147
f 174/174/174 183/183/183 175/175/175
f 183/183/183 174/174/174 182/182/182
f 183/183/183 184/184/184 175/175/175
f 185/185/185 182/182/182 146/146/146
f 182/182/182 185/185/185 183/183/183
f 183/183/183 186/186/186 184/184/184
f 185/185/185 186/186/186 183/183/183
f 187/187/187 185/185/185 146/146/146
f 188/188/188 187/187/187 146/146/146
f 189/189/189 185/185/185 187/187/187
f 186/186/186 185/185/185 189/189/189
f 186/186/186 190/190/190 184/184/184
f 184/184/184 190/190/190 191/191/191
f 190/190/190 186/186/186 192/192/192
f 192/192/192 186/186/186 189/189/189
f 189/189/189 193/193/193 192/192/192
f 193/193/193 194/194/194 192/192/192
f 192/192/192 194/194/194 195/195/195
f 198/198/198 197/197/197 196/196/196
f 197/197/197 198/198/198 199/199/199
f 197/197/197 199/199/199 200/200/200
f 198/198/198 201/201/201 199/199/199
f 201/201/201 198/198/198 202/202/202
f 198/198/198 203/203/203 202/202/202
f 202/202/202 203/203/203 204/204/204
f 203/203/203 205/205/205 204/204/204
f 206/206/206 204/204/204 205/205/205
f 207/207/207 206/206/206 205/205/205
f 208/208/208 206/206/206 207/207/207
f 209/209/209 208/208/208 207/207/207
f 208/208/208 209/209/209 210/210/210
f 208/208/208 210/210/210 211/211/211
f 206/206/206 208/208/208 211/211/211
f 210/210/210 212/212/212 211/211/211
f 204/204/204 206/206/206 213/213/213
f 213/213/213 206/206/206 211/211/211
f 202/202/202 204/204/204 214/214/214
f 214/214/214 204/204/204 213/213/213
f 201/201/201 202/202/202 215/215/215
f 215/215/215 202/202/202 214/214/214
f 211/211/211 212/212/212 216/216/216
f 212/212/212 217/217/217 216/216/216
f 217/217/217 218/218/218 216/216/216
f 214/214/214 213/213/213 219/219/219
f 214/214/214 219/219/219 215/215/215
f 213/213/213 211/211/211 220/220/220
f 211/211/211 216/216/216 220/220/220
f 213/213/213 220/220/220 219/219/219
f 221/221/221 201/201/201 215/215/215
f 199/199/199 201/201/201 221/221/221
f 218/218/218 222/222/222 216/216/216
f 222/222/222 218/218/218 223/223/223
f 224/224/224 222/222/222 223/223/223
f 222/222/222 224/224/224 225/225/225
f 222/222/222 226/226/226 216/216/216
f 226/226/226 220/220/220 216/216/216
f 226/226/226 227/227/227 220/220/220
f 227/227/227 219/219/219 220/220/220
f 219/219/219 228/228/228 215/215/215
f 219/219/219 227/227/227 228/228/228
f 215/215/215 228/228/228 221/221/221
f 227/227/227 229/229/229 228/228/228
f 228/228/228 229/229/229 230/230/230
f 228/228/228 230/230/230 221/221/221
f 229/229/229 231/231/231 230/230/230
f 230/230/230 231/231/231 232/232/232
f 230/230/230 232/232/232 221/221/221
f 231/231/231 233/233/233 232/232/232
f 233/233/233 234/234/234 232/232/232
f 232/232/232 235/235/235 221/221/221
f 235/235/235 199/199/199 221/221/221
f 234/234/234 236/236/236 232/232/232
f 232/232/232 236/236/236 235/235/235
f 199/199/199 235/235/235 237/237/237
f 236/236/236 237/237/237 235/235/235
f 200/200/200 199/199/199 237/237/237
f 238/238/238 236/236/236 234/234/234
f 236/236/236 238/238/238 237/237/237
f 238/238/238 200/200/200 237/237/237
f 239/239/239 238/238/238 234/234/234
f 200/200/200 238/238/238 240/240/240
f 238/238/238 239/239/239 240/240/240
f 241/241/241 200/200/200 240/240/240
f 241/241/241 240/240/240 242/242/242
f 243/243/243 242/242/242 240/240/240
f 244/244/244 243/243/243 240/240/240
f 239/239/239 244/244/244 240/240/240
f 245/245/245 244/244/244 239/239/239
f 246/246/246 245/245/245 239/239/239
f 249/249/249 248/248/248 247/247/247
f 249/249/249 247/247/247 250/250/250
f 251/251/251 249/249/249 250/250/250
f 251/251/251 250/250/250 252/252/252
f 253/253/253 251/251/251 252/252/252
f 250/250/250 247/247/247 254/254/254
f 250/250/250 254/254/254 252/252/252
f 247/247/247 255/255/255 254/254/254
f 247/247/247 256/256/256 255/255/255
f 256/256/256 257/257/257 255/255/255
f 256/256/256 258/258/258 257/257/257
f 258/258/258 259/259/259 257/257/257
f 260/260/260 259/259/259 258/258/258
f 254/254/254 261/261/261 252/252/252
f 253/253/253 252/252/252 262/262/262
f 252/252/252 261/261/261 262/262/262
f 263/263/263 253/253/253 262/262/262
f 261/261/261 264/264/264 262/262/262
f 263/263/263 262/262/262 265/265/265
f 265/265/265 262/262/262 264/264/264
f 266/266/266 263/263/263 265/265/265
f 267/267/267 265/265/265 264/264/264
f 266/266/266 265/265/265 268/268/268
f 265/265/265 267/267/267 269/269/269
f 265/265/265 269/269/269 268/268/268
f 268/268/268 269/269/269 270/270/270
f 267/267/267 271/271/271 269/269/269
f 269/269/269 272/272/272 270/270/270
f 269/269/269 271/271/271 272/272/272
f 271/271/271 273/273/273 272/272/272
f 273/273/273 274/274/274 272/272/272
f 274/274/274 275/275/275 272/272/272
f 276/276/276 275/275/275 274/274/274
f 277/277/277 276/276/276 274/274/274
f 278/278/278 276/276/276 277/277/277
f 279/279/279 278/278/278 277/277/277
f 280/280/280 278/278/278 279/279/279
f 281/281/281 280/280/280 279/279/279
f 284/284/284 283/283/283 282/282/282
f 283/283/283 284/284/284 260/260/260
f 285/285/285 283/283/283 260/260/260
f 288/288/288 287/287/287 286/286/286
f 289/289/289 288/288/288 286/286/286
f 289/289/289 290/290/290 288/288/288
f 290/290/290 291/291/291 288/288/288
f 294/294/294 293/293/293 292/292/292
f 293/293/293 295/295/295 292/292/292
f 292/292/292 295/295/295 296/296/296
f 295/295/295 297/297/297 296/296/296
f 297/297/297 298/298/298 296/296/296
f 298/298/298 299/299/299 296/296/296
f 298/298/298 300/300/300 299/299/299
f 300/300/300 301/301/301 299/299/299
f 304/304/304 303/303/303 302/302/302
f 304/304/304 305/305/305 303/303/303
f 305/305/305 306/306/306 303/303/303
f 305/305/305 304/304/304 307/307/307
f 307/307/307 304/304/304 308/308/308
f 307/307/307 308/308/308 309/309/309
f 310/310/310 307/307/307 309/309/309
f 311/311/311 307/307/307 310/310/310
f 311/311/311 305/305/305 307/307/307
f 312/312/312 311/311/311 310/310/310
f 313/313/313 311/311/311 312/312/312
f 305/305/305 311/311/311 313/313/313
f 314/314/314 313/313/313 312/312/312
f 305/305/305 315/315/315 306/306/306
f 315/315/315 305/305/305 313/313/313
f 315/315/315 316/316/316 306/306/306
f 306/306/306 316/316/316 317/317/317
f 316/316/316 318/318/318 317/317/317
f 319/319/319 315/315/315 313/313/313
f 315/315/315 319/319/319 316/316/316
f 320/320/320 319/319/319 313/313/313
f 320/320/320 313/313/313 314/314/314
f 321/321/321 320/320/320 314/314/314
f 321/321/321 314/314/314 322/322/322
f 319/319/319 323/323/323 316/316/316
f 316/316/316 323/323/323 318/318/318
f 323/323/323 324/324/324 318/318/318
f 318/318/318 324/324/324 325/325/325
f 324/324/324 326/326/326 325/325/325
f 326/326/326 327/327/327 325/325/325
f 327/327/327 328/328/328 325/325/325
f 327/327/327 329/329/329 328/328/328
f 328/328/328 330/330/330 325/325/325
f 329/329/329 331/331/331 328/328/328
f 328/328/328 331/331/331 330/330/330
f 329/329/329 332/332/332 331/331/331
f 331/331/331 333/333/333 330/330/330
f 333/333/333 334/334/334 330/330/330
f 332/332/332 335/335/335 331/331/331
f 331/331/331 335/335/335 333/333/333
f 333/333/333 336/336/336 334/334/334
f 335/335/335 336/336/336 333/333/333
f 336/336/336 337/337/337 334/334/334
f 337/337/337 336/336/336 338/338/338
f 336/336/336 339/339/339 338/338/338
f 335/335/335 332/332/332 340/340/340
f 336/336/336 335/335/335 340/340/340
f 339/339/339 336/336/336 340/340/340
f 332/332/332 341/341/341 340/340/340
f 339/339/339 340/340/340 342/342/342
f 340/340/340 341/341/341 343/343/343
f 340/340/340 343/343/343 342/342/342
f 341/341/341 344/344/344 343/343/343
f 343/343/343 344/344/344 345/345/345
f 343/343/343 345/345/345 342/342/342
f 345/345/345 346/346/346 342/342/342
f 349/349/349 348/348/348 347/347/347
f 350/350/350 349/349/349 347/347/347
f 351/351/351 349/349/349 350/350/350
f 352/352/352 349/349/349 351/351/351
f 353/353/353 352/352/352 351/351/351
f 354/354/354 351/351/351 350/350/350
f 354/354/354 350/350/350 355/355/355
f 356/356/356 354/354/354 355/355/355
f 354/354/354 356/356/356 357/357/357
f 358/358/358 354/354/354 357/357/357
f 351/351/351 354/354/354 358/358/358
f 358/358/358 357/357/357 359/359/359
f 357/357/357 360/360/360 359/359/359
f 359/359/359 360/360/360 361/361/361
f 360/360/360 362/362/362 361/361/361
f 362/362/362 363/363/363 361/361/361
f 364/364/364 351/351/351 358/358/358
f 364/364/364 358/358/358 359/359/359
f 353/353/353 351/351/351 365/365/365
f 351/351/351 364/364/364 365/365/365
f 366/366/366 364/364/364 359/359/359
f 366/366/366 359/359/359 361/361/361
f 365/365/365 364/364/364 366/366/366
f 363/363/363 367/367/367 361/361/361
f 363/363/363 368/368/368 367/367/367
f 353/353/353 365/365/365 369/369/369
f 370/370/370 353/353/353 369/369/369
f 369/369/369 365/365/365 371/371/371
f 369/369/369 371/371/371 372/372/372
f 373/373/373 365/365/365 366/366/366
f 365/365/365 373/373/373 371/371/371
f 374/374/374 366/366/366 361/361/361
f 373/373/373 366/366/366 374/374/374
f 367/367/367 375/375/375 361/361/361
f 375/375/375 374/374/374 361/361/361
f 376/376/376 373/373/373 374/374/374
f 373/373/373 376/376/376 371/371/371
f 375/375/375 377/377/377 374/374/374
f 377/377/377 376/376/376 374/374/374
f 368/368/368 378/378/378 367/367/367
f 379/379/379 375/375/375 367/367/367
f 378/378/378 379/379/379 367/367/367
f 380/380/380 379/379/379 378/378/378
f 381/381/381 378/378/378 368/368/368
f 381/381/381 380/380/380 378/378/378
f 382/382/382 381/381/381 368/368/368
f 381/381/381 382/382/382 383/383/383
f 379/379/379 384/384/384 375/375/375
f 384/384/384 377/377/377 375/375/375
f 379/379/379 380/380/380 384/384/384
f 385/385/385 381/381/381 383/383/383
f 380/380/380 381/381/381 385/385/385
f 385/385/385 383/383/383 386/386/386
f 387/387/387 385/385/385 386/386/386
f 388/388/388 385/385/385 387/387/387
f 388/388/388 380/380/380 385/385/385
f 389/389/389 388/388/388 387/387/387
f 389/389/389 390/390/390 388/388/388
f 388/388/388 391/391/391 380/380/380
f 390/390/390 391/391/391 388/388/388
f 391/391/391 392/392/392 380/380/380
f 380/380/380 392/392/392 384/384/384
f 391/391/391 390/390/390 393/393/393
f 392/392/392 391/391/391 393/393/393
f 390/390/390 394/394/394 393/393/393
f 395/395/395 393/393/393 394/394/394
f 395/395/395 392/392/392 393/393/393
f 396/396/396 395/395/395 394/394/394
f 392/392/392 395/395/395 397/397/397
f 384/384/384 392/392/392 397/397/397
f 384/384/384 397/397/397 398/398/398
f 377/377/377 384/384/384 398/398/398
f 376/376/376 377/377/377 398/398/398
f 399/399/399 376/376/376 398/398/398
f 399/399/399 398/398/398 400/400/400
f 401/401/401 399/399/399 400/400/400
f 376/376/376 399/399/399 371/371/371
f 399/399/399 401/401/401 402/402/402
f 371/371/371 399/399/399 402/402/402
f 371/371/371 402/402/402 372/372/372
f 372/372/372 402/402/402 403/403/403
f 372/372/372 403/403/403 404/404/404
f 405/405/405 372/372/372 404/404/404
f 406/406/406 405/405/405 404/404/404
f 407/407/407 406/406/406 404/404/404
f 410/410/410 409/409/409 408/408/408
f 408/408/408 409/409/409 411/411/411
f 408/408/408 411/411/411 412/412/412
f 413/413/413 408/408/408 412/412/412
f 412/412/412 414/414/414 413/413/413
f 414/414/414 415/415/415 413/413/413
f 416/416/416 415/415/415 414/414/414
f 417/417/417 416/416/416 414/414/414
f 416/416/416 418/418/418 415/415/415
f 418/418/418 419/419/419 415/415/415
f 416/416/416 417/417/417 420/420/420
f 418/418/418 416/416/416 421/421/421
f 416/416/416 420/420/420 421/421/421
f 418/418/418 421/421/421 422/422/422
f 423/423/423 418/418/418 422/422/422
f 421/421/421 420/420/420 424/424/424
f 418/418/418 423/423/423 425/425/425
f 419/419/419 418/418/418 425/425/425
f 423/423/423 426/426/426 425/425/425
f 426/426/426 427/427/427 425/425/425
f 425/425/425 427/427/427 419/419/419
f 427/427/427 428/428/428 419/419/419
f 428/428/428 427/427/427 429/429/429
f 427/427/427 430/430/430 429/429/429
f 417/417/417 431/431/431 420/420/420
f 432/432/432 431/431/431 417/417/417
f 420/420/420 431/431/431 433/433/433
f 420/420/420 433/433/433 424/424/424
f 431/431/431 432/432/432 434/434/434
f 431/431/431 434/434/434 433/433/433
f 424/424/424 433/433/433 435/435/435
f 433/433/433 434/434/434 435/435/435
f 436/436/436 424/424/424 435/435/435
f 437/437/437 424/424/424 436/436/436
f 438/438/438 437/437/437 436/436/436
f 434/434/434 439/439/439 435/435/435
f 432/432/432 440/440/440 434/434/434
f 434/434/434 440/440/440 439/439/439
f 441/441/441 440/440/440 432/432/432
f 440/440/440 442/442/442 439/439/439
f 440/440/440 441/441/441 442/442/442
f 441/441/441 443/443/443 442/442/442
f 446/446/446 445/445/445 444/444/444
f 447/447/447 446/446/446 444/444/444
f 446/446/446 447/447/447 448/448/448
f 444/444/444 449/449/449 447/447/447
f 449/449/449 444/444/444 450/450/450
f 444/444/444 451/451/451 450/450/450
f 450/450/450 451/451/451 452/452/452
f 447/447/447 453/453/453 448/448/448
f 453/453/453 454/454/454 448/448/448
f 454/454/454 455/455/455 448/448/448
f 455/455/455 454/454/454 456/456/456
f 449/449/449 457/457/457 447/447/447
f 458/458/458 453/453/453 447/447/447
f 457/457/457 458/458/458 447/447/447
f 459/459/459 449/449/449 450/450/450
f 449/449/449 459/459/459 457/457/457
f 460/460/460 454/454/454 453/453/453
f 458/458/458 460/460/460 453/453/453
f 461/461/461 450/450/450 452/452/452
f 461/461/461 452/452/452 462/462/462
f 452/452/452 463/463/463 462/462/462
f 461/461/461 462/462/462 464/464/464
f 465/465/465 461/461/461 464/464/464
f 466/466/466 450/450/450 461/461/461
f 465/465/465 466/466/466 461/461/461
f 466/466/466 459/459/459 450/450/450
f 467/467/467 466/466/466 465/465/465
f 468/468/468 467/467/467 465/465/465
f 468/468/468 469/469/469 467/467/467
f 467/467/467 470/470/470 466/466/466
f 470/470/470 459/459/459 466/466/466
f 467/467/467 471/471/471 470/470/470
f 469/469/469 471/471/471 467/467/467
f 470/470/470 472/472/472 459/459/459
f 471/471/471 472/472/472 470/470/470
f 473/473/473 471/471/471 469/469/469
f 471/471/471 473/473/473 472/472/472
f 472/472/472 474/474/474 459/459/459
f 459/459/459 474/474/474 457/457/457
f 472/472/472 475/475/475 474/474/474
f 473/473/473 475/475/475 472/472/472
f 473/473/473 476/476/476 475/475/475
f 476/476/476 477/477/477 475/475/475
f 478/478/478 477/477/477 476/476/476
f 474/474/474 479/479/479 457/457/457
f 475/475/475 479/479/479 474/474/474
f 475/475/475 477/477/477 479/479/479
f 479/479/479 458/458/458 457/457/457
f 477/477/477 480/480/480 479/479/479
f 479/479/479 480/480/480 458/458/458
f 477/477/477 478/478/478 480/480/480
f 480/480/480 460/460/460 458/458/458
f 481/481/481 473/473/473 469/469/469
f 481/481/481 469/469/469 482/482/482
f 483/483/483 473/473/473 481/481/481
f 482/482/482 483/483/483 481/481/481
f 476/476/476 473/473/473 483/483/483
f 484/484/484 483/483/483 482/482/482
f 480/480/480 485/485/485 460/460/460
f 478/478/478 485/485/485 480/480/480
f 486/486/486 476/476/476 483/483/483
f 483/483/483 484/484/484 486/486/486
f 485/485/485 487/487/487 460/460/460
f 460/460/460 487/487/487 454/454/454
f 487/487/487 488/488/488 454/454/454
f 454/454/454 488/488/488 456/456/456
f 488/488/488 489/489/489 456/456/456
f 488/488/488 487/487/487 489/489/489
f 489/489/489 490/490/490 456/456/456
f 490/490/490 489/489/489 491/491/491
f 487/487/487 485/485/485 492/492/492
f 487/487/487 492/492/492 489/489/489
f 489/489/489 493/493/493 491/491/491
f 489/489/489 492/492/492 493/493/493
f 485/485/485 494/494/494 492/492/492
f 485/485/485 478/478/478 494/494/494
f 493/493/493 495/495/495 491/491/491
f 495/495/495 496/496/496 491/491/491
f 492/492/492 497/497/497 493/493/493
f 492/492/492 494/494/494 497/497/497
f 493/493/493 497/497/497 495/495/495
f 496/496/496 495/495/495 498/498/498
f 499/499/499 496/496/496 498/498/498
f 499/499/499 498/498/498 500/500/500
f 501/501/501 499/499/499 500/500/500
f 501/501/501 500/500/500 502/502/502
f 500/500/500 498/498/498 503/503/503
f 500/500/500 503/503/503 502/502/502
f 504/504/504 498/498/498 495/495/495
f 498/498/498 504/504/504 503/503/503
f 497/497/497 505/505/505 495/495/495
f 505/505/505 504/504/504 495/495/495
f 494/494/494 506/506/506 497/497/497
f 497/497/497 506/506/506 505/505/505
f 507/507/507 504/504/504 505/505/505
f 504/504/504 507/507/507 503/503/503
f 503/503/503 508/508/508 502/502/502
f 502/502/502 508/508/508 509/509/509
f 509/509/509 508/508/508 510/510/510
f 508/508/508 511/511/511 510/510/510
f 503/503/503 512/512/512 508/508/508
f 512/512/512 511/511/511 508/508/508
f 507/507/507 512/512/512 503/503/503
f 512/512/512 513/513/513 511/511/511
f 494/494/494 514/514/514 506/506/506
f 478/478/478 514/514/514 494/494/494
f 514/514/514 478/478/478 515/515/515
f 514/514/514 515/515/515 516/516/516
f 514/514/514 516/516/516 506/506/506
f 478/478/478 517/517/517 515/515/515
f 517/517/517 478/478/478 476/476/476
f 518/518/518 517/517/517 476/476/476
f 515/515/515 517/517/517 518/518/518
f 507/507/507 519/519/519 512/512/512
f 519/519/519 513/513/513 512/512/512
f 506/506/506 516/516/516 520/520/520
f 506/506/506 520/520/520 505/505/505
f 520/520/520 507/507/507 505/505/505
f 520/520/520 521/521/521 507/507/507
f 521/521/521 519/519/519 507/507/507
f 516/516/516 521/521/521 520/520/520
f 522/522/522 513/513/513 519/519/519
f 521/521/521 522/522/522 519/519/519
f 516/516/516 523/523/523 521/521/521
f 523/523/523 522/522/522 521/521/521
f 515/515/515 523/523/523 516/516/516
f 522/522/522 524/524/524 513/513/513
f 522/522/522 523/523/523 524/524/524
f 524/524/524 525/525/525 513/513/513
f 523/523/523 515/515/515 526/526/526
f 523/523/523 527/527/527 524/524/524
f 523/523/523 526/526/526 527/527/527
f 524/524/524 527/527/527 528/528/528
f 526/526/526 528/528/528 527/527/527
f 526/526/526 529/529/529 528/528/528
f 530/530/530 524/524/524 528/528/528
f 531/531/531 524/524/524 530/530/530
f 530/530/530 528/528/528 532/532/532
f 528/528/528 533/533/533 532/532/532
f 529/529/529 533/533/533 528/528/528
f 532/532/532 533/533/533 534/534/534
f 534/534/534 533/533/533 529/529/529
f 535/535/535 534/534/534 529/529/529
f 536/536/536 535/535/535 529/529/529
f 529/529/529 526/526/526 537/537/537
f 515/515/515 537/537/537 526/526/526
f 538/538/538 536/536/536 529/529/529
f 538/538/538 529/529/529 537/537/537
f 539/539/539 536/536/536 538/538/538
f 538/538/538 537/537/537 540/540/540
f 537/537/537 515/515/515 540/540/540
f 540/540/540 539/539/539 538/538/538
f 541/541/541 539/539/539 540/540/540
f 541/541/541 542/542/542 539/539/539
f 543/543/543 542/542/542 541/541/541
f 544/544/544 540/540/540 515/515/515
f 540/540/540 544/544/544 541/541/541
f 518/518/518 544/544/544 515/515/515
f 544/544/544 545/545/545 541/541/541
f 518/518/518 545/545/545 544/544/544
f 545/545/545 546/546/546 541/541/541
f 545/545/545 518/518/518 546/546/546
f 541/541/541 546/546/546 547/547/547
f 547/547/547 546/546/546 518/518/518
f 547/547/547 543/543/543 541/541/541
f 476/476/476 547/547/547 518/518/518
f 476/476/476 486/486/486 547/547/547
f 543/543/543 547/547/547 548/548/548
f 486/486/486 548/548/548 547/547/547
f 549/549/549 543/543/543 548/548/548
f 484/484/484 548/548/548 486/486/486
f 549/549/549 548/548/548 484/484/484
f 550/550/550 549/549/549 484/484/484
f 553/553/553 552/552/552 551/551/551
f 552/552/552 554/554/554 551/551/551
f 552/552/552 555/555/555 554/554/554
f 551/551/551 554/554/554 556/556/556
f 555/555/555 557/557/557 554/554/554
f 555/555/555 558/558/558 557/557/557
f 554/554/554 557/557/557 559/559/559
f 558/558/558 560/560/560 557/557/557
f 557/557/557 560/560/560 559/559/559
f 560/560/560 558/558/558 561/561/561
f 558/558/558 562/562/562 561/561/561
f 560/560/560 561/561/561 563/563/563
f 564/564/564 560/560/560 563/563/563
f 560/560/560 564/564/564 559/559/559
f 564/564/564 563/563/563 565/565/565
f 559/559/559 564/564/564 565/565/565
f 563/563/563 566/566/566 565/565/565
f 567/567/567 554/554/554 559/559/559
f 554/554/554 567/567/567 556/556/556
f 568/568/568 559/559/559 565/565/565
f 567/567/567 559/559/559 568/568/568
f 565/565/565 566/566/566 569/569/569
f 565/565/565 569/569/569 568/568/568
f 556/556/556 567/567/567 570/570/570
f 570/570/570 567/567/567 568/568/568
f 571/571/571 570/570/570 568/568/568
f 572/572/572 556/556/556 570/570/570
f 570/570/570 571/571/571 572/572/572
f 572/572/572 573/573/573 556/556/556
f 573/573/573 574/574/574 556/556/556
f 572/572/572 575/575/575 573/573/573
f 571/571/571 575/575/575 572/572/572
f 575/575/575 576/576/576 573/573/573
f 576/576/576 575/575/575 577/577/577
f 576/576/576 577/577/577 578/578/578
f 569/569/569 579/579/579 568/568/568
f 579/579/579 571/571/571 568/568/568
f 580/580/580 579/579/579 569/569/569
f 579/579/579 580/580/580 571/571/571
f 581/581/581 575/575/575 571/571/571
f 575/575/575 581/581/581 577/577/577
f 580/580/580 582/582/582 571/571/571
f 582/582/582 581/581/581 571/571/571
f 578/578/578 577/577/577 583/583/583
f 581/581/581 584/584/584 577/577/577
f 584/584/584 583/583/583 577/577/577
f 581/581/581 582/582/582 585/585/585
f 584/584/584 581/581/581 585/585/585
f 582/582/582 580/580/580 586/586/586
f 585/585/585 582/582/582 586/586/586
f 587/587/587 578/578/578 583/583/583
f 587/587/587 588/588/588 578/578/578
f 587/587/587 589/589/589 588/588/588
f 587/587/587 583/583/583 589/589/589
f 589/589/589 590/590/590 588/588/588
f 583/583/583 591/591/591 589/589/589
f 592/592/592 591/591/591 583/583/583
f 584/584/584 592/592/592 583/583/583
f 592/592/592 584/584/584 593/593/593
f 584/584/584 585/585/585 593/593/593
f 593/593/593 585/585/585 594/594/594
f 585/585/585 586/586/586 594/594/594
f 594/594/594 586/586/586 595/595/595
f 586/586/586 596/596/596 595/595/595
f 597/597/597 595/595/595 596/596/596
f 586/586/586 580/580/580 596/596/596
f 598/598/598 597/597/597 596/596/596
f 599/599/599 597/597/597 598/598/598
f 580/580/580 600/600/600 596/596/596
f 596/596/596 600/600/600 598/598/598
f 600/600/600 580/580/580 601/601/601
f 600/600/600 601/601/601 598/598/598
f 602/602/602 599/599/599 598/598/598
f 602/602/602 598/598/598 601/601/601
f 580/580/580 603/603/603 601/601/601
f 603/603/603 580/580/580 569/569/569
f 569/569/569 604/604/604 603/603/603
f 566/566/566 604/604/604 569/569/569
f 604/604/604 605/605/605 603/603/603
f 603/603/603 605/605/605 601/601/601
f 606/606/606 604/604/604 566/566/566
f 604/604/604 606/606/606 605/605/605
f 607/607/607 606/606/606 566/566/566
f 608/608/608 606/606/606 607/607/607
f 606/606/606 608/608/608 609/609/609
f 606/606/606 609/609/609 605/605/605
f 605/605/605 609/609/609 610/610/610
f 605/605/605 610/610/610 601/601/601
f 609/609/609 611/611/611 610/610/610
f 609/609/609 612/612/612 611/611/611
f 613/613/613 602/602/602 601/601/601
f 610/610/610 614/614/614 601/601/601
f 614/614/614 613/613/613 601/601/601
f 613/613/613 614/614/614 615/615/615
f 614/614/614 616/616/616 615/615/615
f 617/617/617 614/614/614 610/610/610
f 611/611/611 617/617/617 610/610/610
f 614/614/614 617/617/617 616/616/616
f 602/602/602 613/613/613 618/618/618
f 602/602/602 618/618/618 599/599/599
f 613/613/613 619/619/619 618/618/618
f 618/618/618 619/619/619 599/599/599
f 619/619/619 613/613/613 615/615/615
f 599/599/599 619/619/619 620/620/620
f 620/620/620 619/619/619 615/615/615
f 621/621/621 599/599/599 620/620/620
f 621/621/621 620/620/620 622/622/622
f 623/623/623 621/621/621 622/622/622
f 615/615/615 624/624/624 620/620/620
f 624/624/624 622/622/622 620/620/620
f 624/624/624 625/625/625 622/622/622
f 625/625/625 624/624/624 615/615/615
f 622/622/622 626/626/626 623/623/623
f 625/625/625 626/626/626 622/622/622
f 626/626/626 627/627/627 623/623/623
f 626/626/626 628/628/628 627/627/627
f 628/628/628 629/629/629 627/627/627
f 625/625/625 630/630/630 626/626/626
f 630/630/630 628/628/628 626/626/626
f 630/630/630 625/625/625 631/631/631
f 628/628/628 632/632/632 629/629/629
f 632/632/632 633/633/633 629/629/629
f 630/630/630 634/634/634 628/628/628
f 634/634/634 630/630/630 631/631/631
f 634/634/634 632/632/632 628/628/628
f 633/633/633 632/632/632 635/635/635
f 636/636/636 633/633/633 635/635/635
f 636/636/636 635/635/635 637/637/637
f 635/635/635 632/632/632 638/638/638
f 632/632/632 634/634/634 638/638/638
f 634/634/634 639/639/639 638/638/638
f 639/639/639 634/634/634 631/631/631
f 639/639/639 631/631/631 640/640/640
f 639/639/639 640/640/640 641/641/641
f 642/642/642 639/639/639 641/641/641
f 641/641/641 640/640/640 643/643/643
f 644/644/644 641/641/641 643/643/643
f 645/645/645 641/641/641 644/644/644
f 631/631/631 646/646/646 640/640/640
f 643/643/643 640/640/640 646/646/646
f 646/646/646 631/631/631 647/647/647
f 648/648/648 643/643/643 646/646/646
f 648/648/648 646/646/646 647/647/647
f 648/648/648 649/649/649 643/643/643
f 649/649/649 650/650/650 643/643/643
f 649/649/649 651/651/651 650/650/650
f 652/652/652 651/651/651 649/649/649
f 652/652/652 653/653/653 651/651/651
f 654/654/654 652/652/652 649/649/649
f 649/649/649 648/648/648 655/655/655
f 654/654/654 649/649/649 655/655/655
f 655/655/655 648/648/648 647/647/647
f 656/656/656 654/654/654 655/655/655
f 631/631/631 657/657/657 647/647/647
f 625/625/625 657/657/657 631/631/631
f 657/657/657 658/658/658 647/647/647
f 657/657/657 625/625/625 658/658/658
f 655/655/655 647/647/647 659/659/659
f 658/658/658 659/659/659 647/647/647
f 660/660/660 656/656/656 655/655/655
f 660/660/660 655/655/655 659/659/659
f 656/656/656 660/660/660 661/661/661
f 661/661/661 660/660/660 659/659/659
f 662/662/662 656/656/656 661/661/661
f 663/663/663 662/662/662 661/661/661
f 664/664/664 663/663/663 661/661/661
f 665/665/665 661/661/661 659/659/659
f 664/664/664 661/661/661 665/665/665
f 665/665/665 659/659/659 658/658/658
f 625/625/625 666/666/666 658/658/658
f 666/666/666 625/625/625 615/615/615
f 667/667/667 658/658/658 666/666/666
f 667/667/667 665/665/665 658/658/658
f 668/668/668 666/666/666 615/615/615
f 668/668/668 667/667/667 666/666/666
f 616/616/616 668/668/668 615/615/615
f 669/669/669 664/664/664 665/665/665
f 670/670/670 664/664/664 669/669/669
f 667/667/667 671/671/671 665/665/665
f 671/671/671 669/669/669 665/665/665
f 671/671/671 667/667/667 668/668/668
f 671/671/671 670/670/670 669/669/669
f 672/672/672 671/671/671 668/668/668
f 670/670/670 671/671/671 672/672/672
f 672/672/672 668/668/668 616/616/616
f 673/673/673 670/670/670 672/672/672
f 674/674/674 672/672/672 616/616/616
f 673/673/673 672/672/672 674/674/674
f 617/617/617 674/674/674 616/616/616
f 675/675/675 673/673/673 674/674/674
f 673/673/673 675/675/675 676/676/676
f 617/617/617 677/677/677 674/674/674
f 677/677/677 675/675/675 674/674/674
f 677/677/677 617/617/617 611/611/611
f 678/678/678 676/676/676 675/675/675
f 677/677/677 678/678/678 675/675/675
f 676/676/676 678/678/678 679/679/679
f 680/680/680 677/677/677 611/611/611
f 678/678/678 677/677/677 680/680/680
f 612/612/612 680/680/680 611/611/611
f 678/678/678 681/681/681 679/679/679
f 681/681/681 678/678/678 680/680/680
f 680/680/680 612/612/612 681/681/681
f 681/681/681 682/682/682 679/679/679
f 612/612/612 683/683/683 681/681/681
f 686/686/686 685/685/685 684/684/684
f 686/686/686 684/684/684 687/687/687
f 688/688/688 686/686/686 687/687/687
f 688/688/688 687/687/687 689/689/689
f 690/690/690 688/688/688 689/689/689
f 693/693/693 692/692/692 691/691/691
f 692/692/692 694/694/694 691/691/691
f 691/691/691 694/694/694 695/695/695
f 695/695/695 694/694/694 696/696/696
f 697/697/697 691/691/691 695/695/695
f 695/695/695 696/696/696 698/698/698
f 697/697/697 695/695/695 699/699/699
f 695/695/695 698/698/698 699/699/699
f 699/699/699 698/698/698 700/700/700
f 703/703/703 702/702/702 701/701/701
f 704/704/704 703/703/703 701/701/701
f 705/705/705 703/703/703 704/704/704
f 706/706/706 705/705/705 704/704/704
f 706/706/706 704/704/704 707/707/707
f 706/706/706 707/707/707 708/708/708
f 704/704/704 701/701/701 709/709/709
f 709/709/709 701/701/701 710/710/710
f 707/707/707 711/711/711 708/708/708
f 708/708/708 711/711/711 712/712/712
f 704/704/704 713/713/713 707/707/707
f 713/713/713 704/704/704 709/709/709
f 709/709/709 710/710/710 714/714/714
f 714/714/714 710/710/710 715/715/715
f 713/713/713 709/709/709 716/716/716
f 716/716/716 709/709/709 714/714/714
f 714/714/714 715/715/715 717/717/717
f 715/715/715 718/718/718 717/717/717
f 718/718/718 719/719/719 717/717/717
f 720/720/720 713/713/713 716/716/716
f 707/707/707 713/713/713 720/720/720
f 716/716/716 714/714/714 721/721/721
f 714/714/714 717/717/717 721/721/721
f 720/720/720 716/716/716 721/721/721
f 719/719/719 722/722/722 717/717/717
f 717/717/717 722/722/722 721/721/721
f 719/719/719 723/723/723 722/722/722
f 724/724/724 707/707/707 720/720/720
f 725/725/725 720/720/720 721/721/721
f 724/724/724 720/720/720 725/725/725
f 722/722/722 726/726/726 721/721/721
f 721/721/721 726/726/726 725/725/725
f 723/723/723 727/727/727 722/722/722
f 722/722/722 727/727/727 726/726/726
f 707/707/707 724/724/724 728/728/728
f 711/711/711 707/707/707 728/728/728
f 729/729/729 724/724/724 725/725/725
f 728/728/728 724/724/724 729/729/729
f 730/730/730 727/727/727 723/723/723
f 731/731/731 730/730/730 723/723/723
f 726/726/726 732/732/732 725/725/725
f 725/725/725 732/732/732 729/729/729
f 727/727/727 733/733/733 726/726/726
f 727/727/727 730/730/730 733/733/733
f 726/726/726 733/733/733 732/732/732
f 711/711/711 728/728/728 734/734/734
f 712/712/712 711/711/711 734/734/734
f 735/735/735 730/730/730 731/731/731
f 736/736/736 735/735/735 731/731/731
f 735/735/735 737/737/737 730/730/730
f 737/737/737 735/735/735 738/738/738
f 739/739/739 737/737/737 738/738/738
f 740/740/740 737/737/737 739/739/739
f 737/737/737 741/741/741 730/730/730
f 737/737/737 740/740/740 741/741/741
f 730/730/730 741/741/741 733/733/733
f 740/740/740 742/742/742 741/741/741
f 733/733/733 741/741/741 743/743/743
f 741/741/741 742/742/742 743/743/743
f 733/733/733 743/743/743 732/732/732
f 743/743/743 742/742/742 744/744/744
f 732/732/732 743/743/743 745/745/745
f 745/745/745 743/743/743 744/744/744
f 746/746/746 732/732/732 745/745/745
f 732/732/732 746/746/746 729/729/729
f 747/747/747 745/745/745 744/744/744
f 746/746/746 745/745/745 747/747/747
f 729/729/729 746/746/746 748/748/748
f 748/748/748 746/746/746 747/747/747
f 749/749/749 729/729/729 748/748/748
f 749/749/749 728/728/728 729/729/729
f 728/728/728 749/749/749 748/748/748
f 734/734/734 728/728/728 748/748/748
f 734/734/734 748/748/748 750/750/750
f 748/748/748 747/747/747 750/750/750
f 751/751/751 747/747/747 744/744/744
f 751/751/751 744/744/744 752/752/752
f 747/747/747 751/751/751 753/753/753
f 750/750/750 747/747/747 753/753/753
f 753/753/753 751/751/751 754/754/754
f 755/755/755 753/753/753 754/754/754
f 734/734/734 750/750/750 756/756/756
f 756/756/756 750/750/750 753/753/753
f 755/755/755 756/756/756 753/753/753
f 712/712/712 734/734/734 756/756/756
f 712/712/712 756/756/756 757/757/757
f 756/756/756 755/755/755 758/758/758
f 757/757/757 756/756/756 758/758/758
f 758/758/758 755/755/755 759/759/759
f 757/757/757 758/758/758 760/760/760
f 761/761/761 758/758/758 759/759/759
f 760/760/760 758/758/758 762/762/762
f 758/758/758 761/761/761 762/762/762
f 761/761/761 763/763/763 762/762/762
f 766/766/766 765/765/765 764/764/764
f 767/767/767 765/765/765 766/766/766
f 767/767/767 768/768/768 765/765/765
f 768/768/768 769/769/769 765/765/765
f 765/765/765 769/769/769 770/770/770
f 768/768/768 771/771/771 769/769/769
f 768/768/768 772/772/772 771/771/771
f 772/772/772 773/773/773 771/771/771
f 771/771/771 774/774/774 769/769/769
f 769/769/769 774/774/774 775/775/775
f 770/770/770 769/769/769 775/775/775
f 770/770/770 775/775/775 776/776/776
f 777/777/777 770/770/770 776/776/776
f 777/777/777 776/776/776 778/778/778
f 781/781/781 780/780/780 779/779/779
f 782/782/782 781/781/781 779/779/779
f 783/783/783 782/782/782 779/779/779
f 783/783/783 779/779/779 784/784/784
f 785/785/785 782/782/782 783/783/783
f 786/786/786 783/783/783 784/784/784
f 786/786/786 785/785/785 783/783/783
f 787/787/787 785/785/785 786/786/786
f 789/789/789 787/787/787 788/788/788
f 790/790/790 789/789/789 788/788/788
f 791/791/791 789/789/789 790/790/790
f 790/790/790 788/788/788 792/792/792
f 793/793/793 790/790/790 792/792/792
f 796/796/796 795/795/795 794/794/794
f 797/797/797 796/796/796 794/794/794
f 797/797/797 794/794/794 798/798/798
f 794/794/794 799/799/799 798/798/798
f 799/799/799 794/794/794 800/800/800
f 799/799/799 800/800/800 801/801/801
f 800/800/800 802/802/802 801/801/801
f 801/801/801 802/802/802 803/803/803
f 802/802/802 804/804/804 803/803/803
f 801/801/801 803/803/803 805/805/805
f 799/799/799 801/801/801 806/806/806
f 806/806/806 801/801/801 805/805/805
f 798/798/798 799/799/799 806/806/806
f 806/806/806 805/805/805 807/807/807
f 798/798/798 806/806/806 807/807/807
f 805/805/805 808/808/808 807/807/807
f 809/809/809 798/798/798 807/807/807
f 797/797/797 798/798/798 809/809/809
f 810/810/810 797/797/797 809/809/809
f 796/796/796 797/797/797 810/810/810
f 811/811/811 796/796/796 810/810/810
f 811/811/811 812/812/812 796/796/796
f 812/812/812 813/813/813 796/796/796
f 816/816/816 815/815/815 814/814/814
f 816/816/816 814/814/814 817/817/817
f 818/818/818 816/816/816 817/817/817
f 818/818/818 817/817/817 819/819/819
f 817/817/817 820/820/820 819/819/819
f 818/818/818 819/819/819 821/821/821
f 819/819/819 822/822/822 821/821/821
f 816/816/816 818/818/818 823/823/823
f 823/823/823 818/818/818 821/821/821
f 824/824/824 816/816/816 823/823/823
f 824/824/824 825/825/825 816/816/816
f 826/826/826 823/823/823 821/821/821
f 827/827/827 824/824/824 823/823/823
f 826/826/826 827/827/827 823/823/823
f 828/828/828 825/825/825 824/824/824
f 827/827/827 828/828/828 824/824/824
f 829/829/829 826/826/826 821/821/821
f 830/830/830 829/829/829 821/821/821
f 829/829/829 830/830/830 831/831/831
f 826/826/826 829/829/829 831/831/831
f 832/832/832 826/826/826 831/831/831
f 827/827/827 826/826/826 832/832/832
f 833/833/833 825/825/825 828/828/828
f 833/833/833 834/834/834 825/825/825
f 835/835/835 834/834/834 833/833/833
f 834/834/834 835/835/835 836/836/836
f 835/835/835 837/837/837 836/836/836
f 832/832/832 831/831/831 838/838/838
f 831/831/831 839/839/839 838/838/838
f 839/839/839 840/840/840 838/838/838
f 841/841/841 837/837/837 835/835/835
f 842/842/842 837/837/837 841/841/841
f 843/843/843 842/842/842 841/841/841
f 844/844/844 832/832/832 838/838/838
f 844/844/844 838/838/838 845/845/845
f 844/844/844 846/846/846 832/832/832
f 844/844/844 845/845/845 846/846/846
f 846/846/846 847/847/847 832/832/832
f 847/847/847 827/827/827 832/832/832
f 845/845/845 848/848/848 846/846/846
f 845/845/845 849/849/849 848/848/848
f 847/847/847 850/850/850 827/827/827
f 850/850/850 828/828/828 827/827/827
f 846/846/846 851/851/851 847/847/847
f 851/851/851 850/850/850 847/847/847
f 846/846/846 848/848/848 851/851/851
f 850/850/850 852/852/852 828/828/828
f 850/850/850 851/851/851 852/852/852
f 852/852/852 853/853/853 828/828/828
f 853/853/853 833/833/833 828/828/828
f 833/833/833 853/853/853 852/852/852
f 854/854/854 833/833/833 852/852/852
f 854/854/854 835/835/835 833/833/833
f 851/851/851 855/855/855 852/852/852
f 854/854/854 852/852/852 855/855/855
f 848/848/848 856/856/856 851/851/851
f 851/851/851 856/856/856 855/855/855
f 835/835/835 854/854/854 857/857/857
f 857/857/857 854/854/854 855/855/855
f 848/848/848 858/858/858 856/856/856
f 849/849/849 858/858/858 848/848/848
f 856/856/856 859/859/859 855/855/855
f 857/857/857 855/855/855 859/859/859
f 860/860/860 835/835/835 857/857/857
f 860/860/860 841/841/841 835/835/835
f 858/858/858 861/861/861 856/856/856
f 856/856/856 861/861/861 859/859/859
f 858/858/858 849/849/849 862/862/862
f 858/858/858 862/862/862 861/861/861
f 860/860/860 857/857/857 863/863/863
f 863/863/863 857/857/857 859/859/859
f 841/841/841 860/860/860 864/864/864
f 864/864/864 860/860/860 863/863/863
f 865/865/865 841/841/841 864/864/864
f 864/864/864 863/863/863 866/866/866
f 866/866/866 863/863/863 859/859/859
f 867/867/867 864/864/864 866/866/866
f 867/867/867 866/866/866 868/868/868
f 869/869/869 866/866/866 859/859/859
f 861/861/861 869/869/869 859/859/859
f 868/868/868 866/866/866 869/869/869
f 861/861/861 870/870/870 869/869/869
f 862/862/862 870/870/870 861/861/861
f 871/871/871 868/868/868 869/869/869
f 870/870/870 871/871/871 869/869/869
f 872/872/872 868/868/868 871/871/871
f 873/873/873 872/872/872 871/871/871
f 874/874/874 872/872/872 873/873/873
f 875/875/875 874/874/874 873/873/873
f 873/873/873 871/871/871 876/876/876
f 875/875/875 873/873/873 876/876/876
f 871/871/871 870/870/870 876/876/876
f 877/877/877 875/875/875 876/876/876
f 878/878/878 876/876/876 870/870/870
f 862/862/862 878/878/878 870/870/870
f 879/879/879 877/877/877 876/876/876
f 878/878/878 879/879/879 876/876/876
f 880/880/880 877/877/877 879/879/879
f 881/881/881 880/880/880 879/879/879
f 882/882/882 881/881/881 879/879/879
f 883/883/883 882/882/882 879/879/879
f 883/883/883 879/879/879 878/878/878
f 884/884/884 878/878/878 862/862/862
f 884/884/884 883/883/883 878/878/878
f 885/885/885 884/884/884 862/862/862
f 849/849/849 885/885/885 862/862/862
f 849/849/849 886/886/886 885/885/885
f 886/886/886 887/887/887 885/885/885
f 885/885/885 887/887/887 884/884/884
f 884/884/884 888/888/888 883/883/883
f 887/887/887 888/888/888 884/884/884
f 888/888/888 889/889/889 883/883/883
f 889/889/889 888/888/888 890/890/890
f 888/888/888 891/891/891 890/890/890
f 888/888/888 887/887/887 891/891/891
f 887/887/887 892/892/892 891/891/891
f 891/891/891 892/892/892 893/893/893
f 896/896/896 895/895/895 894/894/894
f 895/895/895 897/897/897 894/894/894
f 894/894/894 897/897/897 898/898/898
f 895/895/895 899/899/899 897/897/897
f 897/897/897 900/900/900 898/898/898
f 898/898/898 900/900/900 901/901/901
f 899/899/899 902/902/902 897/897/897
f 900/900/900 897/897/897 902/902/902
f 900/900/900 903/903/903 901/901/901
f 904/904/904 901/901/901 903/903/903
f 905/905/905 902/902/902 899/899/899
f 906/906/906 905/905/905 899/899/899
f 907/907/907 900/900/900 902/902/902
f 900/900/900 907/907/907 903/903/903
f 902/902/902 905/905/905 907/907/907
f 908/908/908 904/904/904 903/903/903
f 904/904/904 908/908/908 909/909/909
f 907/907/907 910/910/910 903/903/903
f 908/908/908 903/903/903 910/910/910
f 908/908/908 911/911/911 909/909/909
f 909/909/909 911/911/911 912/912/912
f 912/912/912 911/911/911 913/913/913
f 908/908/908 914/914/914 911/911/911
f 914/914/914 908/908/908 910/910/910
f 911/911/911 915/915/915 913/913/913
f 914/914/914 915/915/915 911/911/911
f 913/913/913 915/915/915 916/916/916
f 915/915/915 917/917/917 916/916/916
f 917/917/917 915/915/915 914/914/914
f 916/916/916 917/917/917 918/918/918
f 907/907/907 919/919/919 910/910/910
f 905/905/905 919/919/919 907/907/907
f 910/910/910 920/920/920 914/914/914
f 919/919/919 920/920/920 910/910/910
f 921/921/921 917/917/917 914/914/914
f 920/920/920 921/921/921 914/914/914
f 917/917/917 922/922/922 918/918/918
f 917/917/917 921/921/921 922/922/922
f 922/922/922 923/923/923 918/918/918
f 921/921/921 923/923/923 922/922/922
f 921/921/921 920/920/920 923/923/923
f 923/923/923 924/924/924 918/918/918
f 923/923/923 925/925/925 924/924/924
f 920/920/920 925/925/925 923/923/923
f 925/925/925 926/926/926 924/924/924
f 919/919/919 927/927/927 920/920/920
f 927/927/927 925/925/925 920/920/920
f 926/926/926 925/925/925 927/927/927
f 919/919/919 905/905/905 927/927/927
f 928/928/928 926/926/926 927/927/927
f 905/905/905 929/929/929 927/927/927
f 928/928/928 927/927/927 929/929/929
f 930/930/930 929/929/929 905/905/905
f 931/931/931 928/928/928 929/929/929
f 929/929/929 930/930/930 932/932/932
f 931/931/931 929/929/929 932/932/932
f 935/935/935 934/934/934 933/933/933
f 934/934/934 935/935/935 936/936/936
f 934/934/934 936/936/936 937/937/937
f 936/936/936 938/938/938 937/937/937
f 937/937/937 938/938/938 939/939/939
f 938/938/938 940/940/940 939/939/939
f 939/939/939 940/940/940 941/941/941
f 938/938/938 936/936/936 942/942/942
f 940/940/940 938/938/938 942/942/942
f 935/935/935 943/943/943 936/936/936
f 936/936/936 943/943/943 942/942/942
f 944/944/944 943/943/943 935/935/935
f 943/943/943 944/944/944 942/942/942
f 945/945/945 944/944/944 935/935/935
f 941/941/941 940/940/940 946/946/946
f 946/946/946 940/940/940 942/942/942
f 944/944/944 947/947/947 942/942/942
f 942/942/942 947/947/947 946/946/946
f 947/947/947 944/944/944 948/948/948
f 944/944/944 945/945/945 949/949/949
f 944/944/944 949/949/949 948/948/948
f 945/945/945 950/950/950 949/949/949
f 950/950/950 951/951/951 949/949/949
f 951/951/951 952/952/952 949/949/949
f 949/949/949 952/952/952 948/948/948
f 952/952/952 953/953/953 948/948/948
f 953/953/953 954/954/954 948/948/948
f 955/955/955 947/947/947 948/948/948
f 947/947/947 955/955/955 946/946/946
f 954/954/954 956/956/956 948/948/948
f 956/956/956 955/955/955 948/948/948
f 956/956/956 954/954/954 957/957/957
f 955/955/955 958/958/958 946/946/946
f 955/955/955 956/956/956 958/958/958
f 959/959/959 956/956/956 957/957/957
f 956/956/956 959/959/959 958/958/958
f 959/959/959 957/957/957 960/960/960
f 958/958/958 961/961/961 946/946/946
f 961/961/961 941/941/941 946/946/946
f 962/962/962 941/941/941 961/961/961
f 958/958/958 963/963/963 961/961/961
f 958/958/958 959/959/959 963/963/963
f 963/963/963 964/964/964 961/961/961
f 963/963/963 965/965/965 964/964/964
f 966/966/966 959/959/959 960/960/960
f 959/959/959 966/966/966 963/963/963
f 965/965/965 963/963/963 966/966/966
f 966/966/966 960/960/960 967/967/967
f 968/968/968 965/965/965 966/966/966
f 968/968/968 966/966/966 967/967/967
f 969/969/969 965/965/965 968/968/968
f 968/968/968 967/967/967 970/970/970
f 971/971/971 969/969/969 968/968/968
f 971/971/971 968/968/968 970/970/970
f 971/971/971 972/972/972 969/969/969
f 972/972/972 971/971/971 970/970/970
f 972/972/972 973/973/973 969/969/969
f 973/973/973 972/972/972 974/974/974
f 975/975/975 972/972/972 970/970/970
f 972/972/972 975/975/975 976/976/976
f 979/979/979 978/978/978 977/977/977
f 980/980/980 979/979/979 977/977/977
f 980/980/980 977/977/977 981/981/981
f 981/981/981 982/982/982 980/980/980
f 979/979/979 980/980/980 983/983/983
f 982/982/982 983/983/983 980/980/980
f 984/984/984 979/979/979 983/983/983
f 983/983/983 982/982/982 985/985/985
f 985/985/985 982/982/982 986/986/986
f 987/987/987 985/985/985 986/986/986
f 984/984/984 983/983/983 988/988/988
f 988/988/988 983/983/983 985/985/985
f 989/989/989 984/984/984 988/988/988
f 989/989/989 988/988/988 990/990/990
f 987/987/987 991/991/991 985/985/985
f 991/991/991 988/988/988 985/985/985
f 988/988/988 991/991/991 990/990/990
f 991/991/991 987/987/987 992/992/992
f 990/990/990 991/991/991 992/992/992
f 993/993/993 990/990/990 992/992/992
f 996/996/996 995/995/995 994/994/994
f 997/997/997 996/996/996 994/994/994
f 994/994/994 998/998/998 997/997/997
f 999/999/999 998/998/998 994/994/994
f 998/998/998 999/999/999 1000/1000/1000
f 998/998/998 1000/1000/1000 1001/1001/1001
f 998/998/998 1002/1002/1002 997/997/997
f 1002/1002/1002 998/998/998 1001/1001/1001
f 997/997/997 1002/1002/1002 1003/1003/1003
f 1002/1002/1002 1001/1001/1001 1003/1003/1003
f 1004/1004/1004 997/997/997 1003/1003/1003
f 1004/1004/1004 1003/1003/1003 1005/1005/1005
f 997/997/997 1004/1004/1004 1006/1006/1006
f 1001/1001/1001 1007/1007/1007 1003/1003/1003
f 1003/1003/1003 1007/1007/1007 1005/1005/1005
f 1006/1006/1006 1004/1004/1004 1008/1008/1008
f 1006/1006/1006 1008/1008/1008 1009/1009/1009
f 1004/1004/1004 1010/1010/1010 1008/1008/1008
f 1010/1010/1010 1004/1004/1004 1005/1005/1005
f 1008/1008/1008 1010/1010/1010 1011/1011/1011
f 1009/1009/1009 1008/1008/1008 1011/1011/1011
f 1007/1007/1007 1001/1001/1001 1012/1012/1012
f 1012/1012/1012 1001/1001/1001 1013/1013/1013
f 1014/1014/1014 1007/1007/1007 1012/1012/1012
f 1015/1015/1015 1014/1014/1014 1012/1012/1012
f 1015/1015/1015 1016/1016/1016 1014/1014/1014
f 1017/1017/1017 1007/1007/1007 1014/1014/1014
f 1007/1007/1007 1017/1017/1017 1005/1005/1005
f 1016/1016/1016 1018/1018/1018 1014/1014/1014
f 1018/1018/1018 1017/1017/1017 1014/1014/1014
f 1019/1019/1019 1018/1018/1018 1016/1016/1016
f 1018/1018/1018 1019/1019/1019 1017/1017/1017
f 1020/1020/1020 1019/1019/1019 1016/1016/1016
f 1019/1019/1019 1021/1021/1021 1017/1017/1017
f 1017/1017/1017 1021/1021/1021 1005/1005/1005
f 1019/1019/1019 1020/1020/1020 1022/1022/1022
f 1021/1021/1021 1019/1019/1019 1022/1022/1022
f 1020/1020/1020 1023/1023/1023 1022/1022/1022
f 1021/1021/1021 1024/1024/1024 1005/1005/1005
f 1025/1025/1025 1021/1021/1021 1022/1022/1022
f 1021/1021/1021 1025/1025/1025 1024/1024/1024
f 1024/1024/1024 1026/1026/1026 1005/1005/1005
f 1026/1026/1026 1010/1010/1010 1005/1005/1005
f 1010/1010/1010 1026/1026/1026 1011/1011/1011
f 1027/1027/1027 1026/1026/1026 1024/1024/1024
f 1026/1026/1026 1027/1027/1027 1011/1011/1011
f 1025/1025/1025 1028/1028/1028 1024/1024/1024
f 1028/1028/1028 1027/1027/1027 1024/1024/1024
f 1022/1022/1022 1029/1029/1029 1025/1025/1025
f 1029/1029/1029 1028/1028/1028 1025/1025/1025
f 1027/1027/1027 1028/1028/1028 1030/1030/1030
f 1028/1028/1028 1029/1029/1029 1030/1030/1030
f 1027/1027/1027 1031/1031/1031 1011/1011/1011
f 1031/1031/1031 1027/1027/1027 1030/1030/1030
f 1032/1032/1032 1029/1029/1029 1022/1022/1022
f 1023/1023/1023 1032/1032/1032 1022/1022/1022
f 1030/1030/1030 1029/1029/1029 1033/1033/1033
f 1029/1029/1029 1032/1032/1032 1033/1033/1033
f 1011/1011/1011 1031/1031/1031 1034/1034/1034
f 1034/1034/1034 1009/1009/1009 1011/1011/1011
f 1035/1035/1035 1031/1031/1031 1030/1030/1030
f 1035/1035/1035 1030/1030/1030 1033/1033/1033
f 1031/1031/1031 1036/1036/1036 1034/1034/1034
f 1036/1036/1036 1031/1031/1031 1035/1035/1035
f 1032/1032/1032 1023/1023/1023 1037/1037/1037
f 1037/1037/1037 1038/1038/1038 1032/1032/1032
f 1038/1038/1038 1033/1033/1033 1032/1032/1032
f 1023/1023/1023 1039/1039/1039 1037/1037/1037
f 1040/1040/1040 1039/1039/1039 1023/1023/1023
f 1039/1039/1039 1040/1040/1040 1041/1041/1041
f 1038/1038/1038 1042/1042/1042 1033/1033/1033
f 1043/1043/1043 1035/1035/1035 1033/1033/1033
f 1042/1042/1042 1043/1043/1043 1033/1033/1033
f 1044/1044/1044 1043/1043/1043 1042/1042/1042
f 1045/1045/1045 1044/1044/1044 1042/1042/1042
f 1035/1035/1035 1043/1043/1043 1046/1046/1046
f 1046/1046/1046 1036/1036/1036 1035/1035/1035
f 1047/1047/1047 1036/1036/1036 1046/1046/1046
f 1048/1048/1048 1047/1047/1047 1046/1046/1046
f 1034/1034/1034 1036/1036/1036 1047/1047/1047
f 1049/1049/1049 1034/1034/1034 1047/1047/1047
f 1049/1049/1049 1047/1047/1047 1050/1050/1050
f 1009/1009/1009 1034/1034/1034 1049/1049/1049
f 1051/1051/1051 1009/1009/1009 1049/1049/1049
f 1009/1009/1009 1051/1051/1051 1052/1052/1052
f 1055/1055/1055 1054/1054/1054 1053/1053/1053
f 1055/1055/1055 1053/1053/1053 1056/1056/1056
f 1056/1056/1056 1053/1053/1053 1057/1057/1057
f 1056/1056/1056 1057/1057/1057 1058/1058/1058
f 1059/1059/1059 1055/1055/1055 1056/1056/1056
f 1060/1060/1060 1055/1055/1055 1059/1059/1059
f 1059/1059/1059 1056/1056/1056 1061/1061/1061
f 1056/1056/1056 1058/1058/1058 1061/1061/1061
f 1061/1061/1061 1062/1062/1062 1059/1059/1059
f 1062/1062/1062 1061/1061/1061 1063/1063/1063
f 1062/1062/1062 1063/1063/1063 1064/1064/1064
f 1061/1061/1061 1058/1058/1058 1065/1065/1065
f 1061/1061/1061 1065/1065/1065 1063/1063/1063
f 1058/1058/1058 1066/1066/1066 1065/1065/1065
f 1058/1058/1058 1067/1067/1067 1066/1066/1066
f 1063/1063/1063 1065/1065/1065 1068/1068/1068
f 1068/1068/1068 1065/1065/1065 1066/1066/1066
f 1064/1064/1064 1063/1063/1063 1069/1069/1069
f 1069/1069/1069 1063/1063/1063 1068/1068/1068
f 1067/1067/1067 1070/1070/1070 1066/1066/1066
f 1067/1067/1067 1071/1071/1071 1070/1070/1070
f 1072/1072/1072 1068/1068/1068 1066/1066/1066
f 1072/1072/1072 1066/1066/1066 1070/1070/1070
f 1073/1073/1073 1064/1064/1064 1069/1069/1069
f 1074/1074/1074 1064/1064/1064 1073/1073/1073
f 1075/1075/1075 1074/1074/1074 1073/1073/1073
f 1076/1076/1076 1075/1075/1075 1073/1073/1073
f 1068/1068/1068 1077/1077/1077 1069/1069/1069
f 1077/1077/1077 1068/1068/1068 1072/1072/1072
f 1069/1069/1069 1078/1078/1078 1073/1073/1073
f 1077/1077/1077 1078/1078/1078 1069/1069/1069
f 1079/1079/1079 1076/1076/1076 1073/1073/1073
f 1078/1078/1078 1079/1079/1079 1073/1073/1073
f 1076/1076/1076 1079/1079/1079 1080/1080/1080
f 1071/1071/1071 1081/1081/1081 1070/1070/1070
f 1081/1081/1081 1071/1071/1071 1082/1082/1082
f 1083/1083/1083 1072/1072/1072 1070/1070/1070
f 1081/1081/1081 1084/1084/1084 1070/1070/1070
f 1084/1084/1084 1083/1083/1083 1070/1070/1070
f 1082/1082/1082 1085/1085/1085 1081/1081/1081
f 1085/1085/1085 1084/1084/1084 1081/1081/1081
f 1086/1086/1086 1072/1072/1072 1083/1083/1083
f 1086/1086/1086 1077/1077/1077 1072/1072/1072
f 1087/1087/1087 1085/1085/1085 1082/1082/1082
f 1088/1088/1088 1087/1087/1087 1082/1082/1082
f 1085/1085/1085 1087/1087/1087 1089/1089/1089
f 1085/1085/1085 1089/1089/1089 1084/1084/1084
f 1090/1090/1090 1083/1083/1083 1084/1084/1084
f 1090/1090/1090 1086/1086/1086 1083/1083/1083
f 1087/1087/1087 1091/1091/1091 1089/1089/1089
f 1091/1091/1091 1087/1087/1087 1092/1092/1092
f 1093/1093/1093 1091/1091/1091 1092/1092/1092
f 1094/1094/1094 1093/1093/1093 1092/1092/1092
f 1093/1093/1093 1095/1095/1095 1091/1091/1091
f 1095/1095/1095 1096/1096/1096 1091/1091/1091
f 1096/1096/1096 1097/1097/1097 1091/1091/1091
f 1097/1097/1097 1089/1089/1089 1091/1091/1091
f 1098/1098/1098 1097/1097/1097 1096/1096/1096
f 1089/1089/1089 1099/1099/1099 1084/1084/1084
f 1099/1099/1099 1090/1090/1090 1084/1084/1084
f 1097/1097/1097 1100/1100/1100 1089/1089/1089
f 1100/1100/1100 1099/1099/1099 1089/1089/1089
f 1090/1090/1090 1099/1099/1099 1100/1100/1100
f 1101/1101/1101 1100/1100/1100 1097/1097/1097
f 1100/1100/1100 1101/1101/1101 1102/1102/1102
f 1103/1103/1103 1090/1090/1090 1100/1100/1100
f 1103/1103/1103 1100/1100/1100 1102/1102/1102
f 1086/1086/1086 1090/1090/1090 1103/1103/1103
f 1102/1102/1102 1104/1104/1104 1103/1103/1103
f 1105/1105/1105 1086/1086/1086 1103/1103/1103
f 1104/1104/1104 1105/1105/1105 1103/1103/1103
f 1077/1077/1077 1086/1086/1086 1105/1105/1105
f 1104/1104/1104 1106/1106/1106 1105/1105/1105
f 1107/1107/1107 1077/1077/1077 1105/1105/1105
f 1106/1106/1106 1107/1107/1107 1105/1105/1105
f 1078/1078/1078 1077/1077/1077 1107/1107/1107
f 1108/1108/1108 1107/1107/1107 1106/1106/1106
f 1108/1108/1108 1078/1078/1078 1107/1107/1107
f 1109/1109/1109 1108/1108/1108 1106/1106/1106
f 1079/1079/1079 1078/1078/1078 1108/1108/1108
f 1110/1110/1110 1108/1108/1108 1109/1109/1109
f 1110/1110/1110 1079/1079/1079 1108/1108/1108
f 1111/1111/1111 1110/1110/1110 1109/1109/1109
f 1079/1079/1079 1110/1110/1110 1080/1080/1080
f 1080/1080/1080 1110/1110/1110 1111/1111/1111
f 1112/1112/1112 1080/1080/1080 1111/1111/1111
f 1112/1112/1112 1113/1113/1113 1080/1080/1080
f 1116/1116/1116 1115/1115/1115 1114/1114/1114
f 1115/1115/1115 1117/1117/1117 1114/1114/1114
f 1114/1114/1114 1117/1117/1117 1118/1118/1118
f 1118/1118/1118 1117/1117/1117 1119/1119/1119
f 1120/1120/1120 1118/1118/1118 1119/1119/1119
f 1120/1120/1120 1121/1121/1121 1118/1118/1118
f 1121/1121/1121 1122/1122/1122 1118/1118/1118
f 1118/1118/1118 1122/1122/1122 1123/1123/1123
f 1124/1124/1124 1118/1118/1118 1123/1123/1123
f 1124/1124/1124 1114/1114/1114 1118/1118/1118
f 1124/1124/1124 1123/1123/1123 1125/1125/1125
f 1124/1124/1124 1125/1125/1125 1114/1114/1114
f 1123/1123/1123 1126/1126/1126 1125/1125/1125
f 1125/1125/1125 1126/1126/1126 1127/1127/1127
f 1128/1128/1128 1125/1125/1125 1127/1127/1127
f 1128/1128/1128 1129/1129/1129 1125/1125/1125
f 1129/1129/1129 1130/1130/1130 1125/1125/1125
f 1125/1125/1125 1130/1130/1130 1114/1114/1114
f 1114/1114/1114 1130/1130/1130 1131/1131/1131
f 1134/1134/1134 1133/1133/1133 1132/1132/1132
f 1135/1135/1135 1133/1133/1133 1134/1134/1134
f 1136/1136/1136 1133/1133/1133 1135/1135/1135
f 1137/1137/1137 1136/1136/1136 1135/1135/1135
f 1137/1137/1137 1135/1135/1135 1138/1138/1138
f 1137/1137/1137 1139/1139/1139 1136/1136/1136
f 1137/1137/1137 1138/1138/1138 1139/1139/1139
f 1139/1139/1139 1140/1140/1140 1136/1136/1136
f 1138/1138/1138 1141/1141/1141 1139/1139/1139
f 1142/1142/1142 1141/1141/1141 1138/1138/1138
f 1143/1143/1143 1142/1142/1142 1138/1138/1138
f 1143/1143/1143 1144/1144/1144 1142/1142/1142
f 1143/1143/1143 1138/1138/1138 1145/1145/1145
f 1143/1143/1143 1145/1145/1145 1144/1144/1144
f 1144/1144/1144 1146/1146/1146 1142/1142/1142
f 1147/1147/1147 1146/1146/1146 1144/1144/1144
f 1135/1135/1135 1148/1148/1148 1138/1138/1138
f 1138/1138/1138 1148/1148/1148 1145/1145/1145
f 1149/1149/1149 1148/1148/1148 1135/1135/1135
f 1145/1145/1145 1148/1148/1148 1149/1149/1149
f 1150/1150/1150 1149/1149/1149 1135/1135/1135
f 1150/1150/1150 1151/1151/1151 1149/1149/1149
f 1150/1150/1150 1135/1135/1135 1134/1134/1134
f 1150/1150/1150 1134/1134/1134 1151/1151/1151
f 1134/1134/1134 1152/1152/1152 1151/1151/1151
f 1151/1151/1151 1152/1152/1152 1153/1153/1153
f 1154/1154/1154 1152/1152/1152 1134/1134/1134
f 1153/1153/1153 1152/1152/1152 1154/1154/1154
f 1155/1155/1155 1154/1154/1154 1134/1134/1134
f 1156/1156/1156 1153/1153/1153 1154/1154/1154
f 1156/1156/1156 1157/1157/1157 1153/1153/1153
f 1157/1157/1157 1158/1158/1158 1153/1153/1153
f 1153/1153/1153 1158/1158/1158 1159/1159/1159
f 1160/1160/1160 1153/1153/1153 1159/1159/1159
f 1160/1160/1160 1151/1151/1151 1153/1153/1153
f 1160/1160/1160 1159/1159/1159 1161/1161/1161
f 1160/1160/1160 1161/1161/1161 1151/1151/1151
f 1159/1159/1159 1162/1162/1162 1161/1161/1161
f 1161/1161/1161 1162/1162/1162 1163/1163/1163
f 1161/1161/1161 1164/1164/1164 1151/1151/1151
f 1165/1165/1165 1164/1164/1164 1161/1161/1161
f 1151/1151/1151 1164/1164/1164 1149/1149/1149
f 1149/1149/1149 1164/1164/1164 1165/1165/1165
f 1166/1166/1166 1161/1161/1161 1163/1163/1163
f 1166/1166/1166 1165/1165/1165 1161/1161/1161
f 1166/1166/1166 1163/1163/1163 1167/1167/1167
f 1166/1166/1166 1167/1167/1167 1165/1165/1165
f 1163/1163/1163 1168/1168/1168 1167/1167/1167
f 1167/1167/1167 1168/1168/1168 1169/1169/1169
f 1169/1169/1169 1168/1168/1168 1170/1170/1170
f 1167/1167/1167 1171/1171/1171 1165/1165/1165
f 1165/1165/1165 1171/1171/1171 1172/1172/1172
f 1172/1172/1172 1171/1171/1171 1173/1173/1173
f 1174/1174/1174 1149/1149/1149 1165/1165/1165
f 1174/1174/1174 1165/1165/1165 1172/1172/1172
f 1174/1174/1174 1145/1145/1145 1149/1149/1149
f 1174/1174/1174 1172/1172/1172 1145/1145/1145
f 1172/1172/1172 1175/1175/1175 1145/1145/1145
f 1176/1176/1176 1175/1175/1175 1172/1172/1172
f 1145/1145/1145 1175/1175/1175 1144/1144/1144
f 1144/1144/1144 1175/1175/1175 1176/1176/1176
f 1177/1177/1177 1172/1172/1172 1173/1173/1173
f 1177/1177/1177 1176/1176/1176 1172/1172/1172
f 1177/1177/1177 1173/1173/1173 1178/1178/1178
f 1177/1177/1177 1178/1178/1178 1176/1176/1176
f 1173/1173/1173 1179/1179/1179 1178/1178/1178
f 1178/1178/1178 1179/1179/1179 1180/1180/1180
f 1181/1181/1181 1144/1144/1144 1176/1176/1176
f 1181/1181/1181 1176/1176/1176 1182/1182/1182
f 1181/1181/1181 1147/1147/1147 1144/1144/1144
f 1181/1181/1181 1182/1182/1182 1147/1147/1147
f 1178/1178/1178 1183/1183/1183 1176/1176/1176
f 1176/1176/1176 1183/1183/1183 1182/1182/1182
f 1184/1184/1184 1183/1183/1183 1178/1178/1178
f 1182/1182/1182 1183/1183/1183 1184/1184/1184
f 1185/1185/1185 1178/1178/1178 1180/1180/1180
f 1185/1185/1185 1184/1184/1184 1178/1178/1178
f 1185/1185/1185 1180/1180/1180 1186/1186/1186
f 1185/1185/1185 1186/1186/1186 1184/1184/1184
f 1180/1180/1180 1187/1187/1187 1186/1186/1186
f 1186/1186/1186 1187/1187/1187 1188/1188/1188
f 1182/1182/1182 1189/1189/1189 1147/1147/1147
f 1190/1190/1190 1189/1189/1189 1182/1182/1182
f 1147/1147/1147 1189/1189/1189 1191/1191/1191
f 1191/1191/1191 1189/1189/1189 1190/1190/1190
f 1192/1192/1192 1191/1191/1191 1190/1190/1190
f 1192/1192/1192 1190/1190/1190 1193/1193/1193
f 1194/1194/1194 1182/1182/1182 1184/1184/1184
f 1194/1194/1194 1190/1190/1190 1182/1182/1182
f 1194/1194/1194 1184/1184/1184 1195/1195/1195
f 1194/1194/1194 1195/1195/1195 1190/1190/1190
f 1190/1190/1190 1196/1196/1196 1193/1193/1193
f 1195/1195/1195 1196/1196/1196 1190/1190/1190
f 1193/1193/1193 1196/1196/1196 1197/1197/1197
f 1197/1197/1197 1196/1196/1196 1195/1195/1195
f 1198/1198/1198 1193/1193/1193 1197/1197/1197
f 1198/1198/1198 1197/1197/1197 1199/1199/1199
f 1186/1186/1186 1200/1200/1200 1184/1184/1184
f 1184/1184/1184 1200/1200/1200 1195/1195/1195
f 1201/1201/1201 1200/1200/1200 1186/1186/1186
f 1195/1195/1195 1200/1200/1200 1201/1201/1201
f 1202/1202/1202 1197/1197/1197 1195/1195/1195
f 1202/1202/1202 1195/1195/1195 1201/1201/1201
f 1202/1202/1202 1203/1203/1203 1197/1197/1197
f 1202/1202/1202 1201/1201/1201 1203/1203/1203
f 1197/1197/1197 1204/1204/1204 1199/1199/1199
f 1203/1203/1203 1204/1204/1204 1197/1197/1197
f 1199/1199/1199 1204/1204/1204 1205/1205/1205
f 1205/1205/1205 1204/1204/1204 1203/1203/1203
f 1206/1206/1206 1199/1199/1199 1205/1205/1205
f 1206/1206/1206 1205/1205/1205 1207/1207/1207
f 1208/1208/1208 1201/1201/1201 1186/1186/1186
f 1208/1208/1208 1209/1209/1209 1201/1201/1201
f 1208/1208/1208 1186/1186/1186 1188/1188/1188
f 1208/1208/1208 1188/1188/1188 1209/1209/1209
f 1188/1188/1188 1210/1210/1210 1209/1209/1209
f 1209/1209/1209 1210/1210/1210 1211/1211/1211
f 1201/1201/1201 1212/1212/1212 1203/1203/1203
f 1209/1209/1209 1212/1212/1212 1201/1201/1201
f 1203/1203/1203 1212/1212/1212 1213/1213/1213
f 1213/1213/1213 1212/1212/1212 1209/1209/1209
f 1214/1214/1214 1205/1205/1205 1203/1203/1203
f 1214/1214/1214 1203/1203/1203 1213/1213/1213
f 1214/1214/1214 1215/1215/1215 1205/1205/1205
f 1214/1214/1214 1213/1213/1213 1215/1215/1215
f 1205/1205/1205 1216/1216/1216 1207/1207/1207
f 1215/1215/1215 1216/1216/1216 1205/1205/1205
f 1207/1207/1207 1216/1216/1216 1215/1215/1215
f 1217/1217/1217 1207/1207/1207 1215/1215/1215
f 1217/1217/1217 1215/1215/1215 1218/1218/1218
f 1215/1215/1215 1219/1219/1219 1218/1218/1218
f 1213/1213/1213 1219/1219/1219 1215/1215/1215
f 1218/1218/1218 1219/1219/1219 1220/1220/1220
f 1220/1220/1220 1219/1219/1219 1213/1213/1213
f 1221/1221/1221 1218/1218/1218 1220/1220/1220
f 1221/1221/1221 1220/1220/1220 1222/1222/1222
f 1220/1220/1220 1223/1223/1223 1222/1222/1222
f 1224/1224/1224 1213/1213/1213 1209/1209/1209
f 1224/1224/1224 1220/1220/1220 1213/1213/1213
f 1224/1224/1224 1209/1209/1209 1211/1211/1211
f 1224/1224/1224 1211/1211/1211 1220/1220/1220
f 1211/1211/1211 1223/1223/1223 1220/1220/1220
f 1225/1225/1225 1223/1223/1223 1211/1211/1211
f 1226/1226/1226 1225/1225/1225 1211/1211/1211
f 1226/1226/1226 1211/1211/1211 1227/1227/1227
f 1226/1226/1226 1228/1228/1228 1225/1225/1225
f 1228/1228/1228 1229/1229/1229 1225/1225/1225
f 1225/1225/1225 1229/1229/1229 1230/1230/1230
f 1230/1230/1230 1229/1229/1229 1228/1228/1228
f 1231/1231/1231 1230/1230/1230 1228/1228/1228
f 1234/1234/1234 1233/1233/1233 1232/1232/1232
f 1235/1235/1235 1234/1234/1234 1232/1232/1232
f 1235/1235/1235 1232/1232/1232 1236/1236/1236
f 1235/1235/1235 1237/1237/1237 1234/1234/1234
f 1235/1235/1235 1236/1236/1236 1237/1237/1237
f 1232/1232/1232 1238/1238/1238 1236/1236/1236
f 1236/1236/1236 1238/1238/1238 1239/1239/1239
f 1240/1240/1240 1238/1238/1238 1232/1232/1232
f 1241/1241/1241 1240/1240/1240 1232/1232/1232
f 1242/1242/1242 1236/1236/1236 1239/1239/1239
f 1241/1241/1241 1243/1243/1243 1240/1240/1240
f 1243/1243/1243 1244/1244/1244 1240/1240/1240
f 1245/1245/1245 1244/1244/1244 1243/1243/1243
f 1246/1246/1246 1245/1245/1245 1243/1243/1243
f 1246/1246/1246 1247/1247/1247 1245/1245/1245
f 1247/1247/1247 1248/1248/1248 1245/1245/1245
f 1249/1249/1249 1248/1248/1248 1247/1247/1247
f 1250/1250/1250 1249/1249/1249 1247/1247/1247
f 1250/1250/1250 1251/1251/1251 1249/1249/1249
f 1251/1251/1251 1252/1252/1252 1249/1249/1249
f 1253/1253/1253 1252/1252/1252 1251/1251/1251
f 1254/1254/1254 1253/1253/1253 1251/1251/1251
f 1254/1254/1254 1255/1255/1255 1253/1253/1253
f 1255/1255/1255 1256/1256/1256 1253/1253/1253
f 1257/1257/1257 1256/1256/1256 1255/1255/1255
f 1258/1258/1258 1257/1257/1257 1255/1255/1255
f 1259/1259/1259 1256/1256/1256 1257/1257/1257
f 1260/1260/1260 1259/1259/1259 1257/1257/1257
f 1258/1258/1258 1261/1261/1261 1257/1257/1257
f 1261/1261/1261 1262/1262/1262 1257/1257/1257
f 1257/1257/1257 1262/1262/1262 1263/1263/1263
f 1263/1263/1263 1262/1262/1262 1261/1261/1261
f 1266/1266/1266 1265/1265/1265 1264/1264/1264
f 1267/1267/1267 1266/1266/1266 1264/1264/1264
f 1267/1267/1267 1264/1264/1264 1268/1268/1268
f 1267/1267/1267 1269/1269/1269 1266/1266/1266
f 1267/1267/1267 1268/1268/1268 1269/1269/1269
f 1264/1264/1264 1270/1270/1270 1268/1268/1268
f 1268/1268/1268 1270/1270/1270 1271/1271/1271
f 1269/1269/1269 1272/1272/1272 1266/1266/1266
f 1266/1266/1266 1272/1272/1272 1273/1273/1273
f 1274/1274/1274 1266/1266/1266 1273/1273/1273
f 1274/1274/1274 1273/1273/1273 1275/1275/1275
f 1273/1273/1273 1276/1276/1276 1275/1275/1275
f 1277/1277/1277 1276/1276/1276 1273/1273/1273
f 1278/1278/1278 1277/1277/1277 1273/1273/1273
f 1278/1278/1278 1273/1273/1273 1279/1279/1279
f 1273/1273/1273 1272/1272/1272 1279/1279/1279
f 1279/1279/1279 1272/1272/1272 1269/1269/1269
f 1280/1280/1280 1279/1279/1279 1269/1269/1269
f 1280/1280/1280 1269/1269/1269 1281/1281/1281
f 1269/1269/1269 1282/1282/1282 1281/1281/1281
f 1268/1268/1268 1282/1282/1282 1269/1269/1269
f 1281/1281/1281 1282/1282/1282 1283/1283/1283
f 1283/1283/1283 1282/1282/1282 1268/1268/1268
f 1284/1284/1284 1281/1281/1281 1283/1283/1283
f 1284/1284/1284 1283/1283/1283 1285/1285/1285
f 1286/1286/1286 1283/1283/1283 1268/1268/1268
f 1286/1286/1286 1287/1287/1287 1283/1283/1283
f 1286/1286/1286 1268/1268/1268 1271/1271/1271
f 1286/1286/1286 1271/1271/1271 1287/1287/1287
f 1271/1271/1271 1288/1288/1288 1287/1287/1287
f 1287/1287/1287 1288/1288/1288 1289/1289/1289
f 1283/1283/1283 1290/1290/1290 1285/1285/1285
f 1287/1287/1287 1290/1290/1290 1283/1283/1283
f 1285/1285/1285 1290/1290/1290 1291/1291/1291
f 1291/1291/1291 1290/1290/1290 1287/1287/1287
f 1292/1292/1292 1287/1287/1287 1289/1289/1289
f 1292/1292/1292 1291/1291/1291 1287/1287/1287
f 1292/1292/1292 1289/1289/1289 1293/1293/1293
f 1292/1292/1292 1293/1293/1293 1291/1291/1291
f 1289/1289/1289 1294/1294/1294 1293/1293/1293
f 1293/1293/1293 1294/1294/1294 1295/1295/1295
f 1296/1296/1296 1285/1285/1285 1291/1291/1291
f 1296/1296/1296 1291/1291/1291 1297/1297/1297
f 1296/1296/1296 1298/1298/1298 1285/1285/1285
f 1296/1296/1296 1297/1297/1297 1298/1298/1298
f 1297/1297/1297 1299/1299/1299 1298/1298/1298
f 1300/1300/1300 1299/1299/1299 1297/1297/1297
f 1293/1293/1293 1301/1301/1301 1291/1291/1291
f 1291/1291/1291 1301/1301/1301 1297/1297/1297
f 1302/1302/1302 1301/1301/1301 1293/1293/1293
f 1297/1297/1297 1301/1301/1301 1302/1302/1302
f 1303/1303/1303 1293/1293/1293 1295/1295/1295
f 1303/1303/1303 1302/1302/1302 1293/1293/1293
f 1303/1303/1303 1295/1295/1295 1304/1304/1304
f 1303/1303/1303 1304/1304/1304 1302/1302/1302
f 1295/1295/1295 1305/1305/1305 1304/1304/1304
f 1304/1304/1304 1306/1306/1306 1302/1302/1302
f 1302/1302/1302 1306/1306/1306 1307/1307/1307
f 1307/1307/1307 1306/1306/1306 1308/1308/1308
f 1309/1309/1309 1297/1297/1297 1302/1302/1302
f 1309/1309/1309 1300/1300/1300 1297/1297/1297
f 1309/1309/1309 1302/1302/1302 1307/1307/1307
f 1309/1309/1309 1307/1307/1307 1300/1300/1300
f 1307/1307/1307 1310/1310/1310 1300/1300/1300
f 1311/1311/1311 1310/1310/1310 1307/1307/1307
f 1312/1312/1312 1311/1311/1311 1307/1307/1307
f 1312/1312/1312 1307/1307/1307 1308/1308/1308
f 1312/1312/1312 1308/1308/1308 1313/1313/1313
f 1316/1316/1316 1315/1315/1315 1314/1314/1314
f 1315/1315/1315 1317/1317/1317 1314/1314/1314
f 1318/1318/1318 1317/1317/1317 1315/1315/1315
f 1319/1319/1319 1318/1318/1318 1315/1315/1315
f 1319/1319/1319 1315/1315/1315 1320/1320/1320
f 1315/1315/1315 1321/1321/1321 1320/1320/1320
f 1320/1320/1320 1321/1321/1321 1322/1322/1322
f 1319/1319/1319 1237/1237/1237 1318/1318/1318
f 1319/1319/1319 1320/1320/1320 1237/1237/1237
f 1323/1323/1323 1320/1320/1320 1322/1322/1322
f 1323/1323/1323 1324/1324/1324 1320/1320/1320
f 1323/1323/1323 1322/1322/1322 1325/1325/1325
f 1323/1323/1323 1325/1325/1325 1324/1324/1324
f 1320/1320/1320 1326/1326/1326 1237/1237/1237
f 1324/1324/1324 1326/1326/1326 1320/1320/1320
f 1237/1237/1237 1326/1326/1326 1234/1234/1234
f 1234/1234/1234 1326/1326/1326 1324/1324/1324
f 1327/1327/1327 1234/1234/1234 1324/1324/1324
f 1327/1327/1327 1324/1324/1324 1328/1328/1328
f 1237/1237/1237 1329/1329/1329 1318/1318/1318
f 1236/1236/1236 1329/1329/1329 1237/1237/1237
f 1318/1318/1318 1329/1329/1329 1236/1236/1236
f 1242/1242/1242 1318/1318/1318 1236/1236/1236
f 1325/1325/1325 1330/1330/1330 1324/1324/1324
f 1324/1324/1324 1330/1330/1330 1328/1328/1328
f 1331/1331/1331 1330/1330/1330 1325/1325/1325
f 1328/1328/1328 1330/1330/1330 1331/1331/1331
f 1332/1332/1332 1331/1331/1331 1325/1325/1325
f 1333/1333/1333 1328/1328/1328 1331/1331/1331
f 1333/1333/1333 1334/1334/1334 1328/1328/1328
f 1334/1334/1334 1335/1335/1335 1328/1328/1328
f 1338/1338/1338 1337/1337/1337 1336/1336/1336
f 1337/1337/1337 1339/1339/1339 1336/1336/1336
f 1340/1340/1340 1339/1339/1339 1337/1337/1337
f 1341/1341/1341 1340/1340/1340 1337/1337/1337
f 1341/1341/1341 1342/1342/1342 1340/1340/1340
f 1342/1342/1342 1343/1343/1343 1340/1340/1340
f 1340/1340/1340 1343/1343/1343 1344/1344/1344
f 1345/1345/1345 1343/1343/1343 1342/1342/1342
f 1344/1344/1344 1343/1343/1343 1345/1345/1345
f 1346/1346/1346 1345/1345/1345 1342/1342/1342
f 1347/1347/1347 1344/1344/1344 1345/1345/1345
f 1350/1350/1350 1349/1349/1349 1348/1348/1348
f 1351/1351/1351 1350/1350/1350 1348/1348/1348
f 1351/1351/1351 1348/1348/1348 1352/1352/1352
f 1351/1351/1351 1352/1352/1352 1353/1353/1353
f 1352/1352/1352 1354/1354/1354 1353/1353/1353
f 1355/1355/1355 1354/1354/1354 1352/1352/1352
f 1356/1356/1356 1355/1355/1355 1352/1352/1352
f 1356/1356/1356 1357/1357/1357 1355/1355/1355
f 1356/1356/1356 1358/1358/1358 1357/1357/1357
f 1358/1358/1358 1359/1359/1359 1357/1357/1357
f 1357/1357/1357 1359/1359/1359 1360/1360/1360
f 1361/1361/1361 1359/1359/1359 1358/1358/1358
f 1360/1360/1360 1359/1359/1359 1361/1361/1361
f 1362/1362/1362 1361/1361/1361 1358/1358/1358
f 1357/1357/1357 1363/1363/1363 1355/1355/1355
f 1355/1355/1355 1363/1363/1363 1364/1364/1364
f 1365/1365/1365 1355/1355/1355 1364/1364/1364
f 1365/1365/1365 1366/1366/1366 1355/1355/1355
f 1364/1364/1364 1363/1363/1363 1367/1367/1367
f 1367/1367/1367 1363/1363/1363 1357/1357/1357
f 1368/1368/1368 1364/1364/1364 1367/1367/1367
f 1368/1368/1368 1367/1367/1367 1369/1369/1369
f 1370/1370/1370 1367/1367/1367 1357/1357/1357
f 1370/1370/1370 1357/1357/1357 1360/1360/1360
f 1370/1370/1370 1371/1371/1371 1367/1367/1367
f 1370/1370/1370 1360/1360/1360 1371/1371/1371
f 1371/1371/1371 1372/1372/1372 1367/1367/1367
f 1373/1373/1373 1372/1372/1372 1371/1371/1371
f 1374/1374/1374 1373/1373/1373 1371/1371/1371
f 1374/1374/1374 1375/1375/1375 1373/1373/1373
f 1374/1374/1374 1371/1371/1371 1376/1376/1376
f 1374/1374/1374 1376/1376/1376 1375/1375/1375
f 1375/1375/1375 1377/1377/1377 1373/1373/1373
f 1378/1378/1378 1377/1377/1377 1375/1375/1375
f 1360/1360/1360 1379/1379/1379 1371/1371/1371
f 1371/1371/1371 1379/1379/1379 1376/1376/1376
f 1380/1380/1380 1379/1379/1379 1360/1360/1360
f 1376/1376/1376 1379/1379/1379 1380/1380/1380
f 1381/1381/1381 1380/1380/1380 1360/1360/1360
f 1381/1381/1381 1360/1360/1360 1361/1361/1361
f 1381/1381/1381 1361/1361/1361 1382/1382/1382
f 1381/1381/1381 1382/1382/1382 1380/1380/1380
f 1361/1361/1361 1383/1383/1383 1382/1382/1382
f 1384/1384/1384 1383/1383/1383 1361/1361/1361
f 1382/1382/1382 1385/1385/1385 1380/1380/1380
f 1380/1380/1380 1385/1385/1385 1386/1386/1386
f 1387/1387/1387 1380/1380/1380 1386/1386/1386
f 1387/1387/1387 1376/1376/1376 1380/1380/1380
f 1387/1387/1387 1386/1386/1386 1388/1388/1388
f 1387/1387/1387 1388/1388/1388 1376/1376/1376
f 1386/1386/1386 1389/1389/1389 1388/1388/1388
f 1388/1388/1388 1389/1389/1389 1390/1390/1390
f 1388/1388/1388 1391/1391/1391 1376/1376/1376
f 1376/1376/1376 1391/1391/1391 1375/1375/1375
f 1392/1392/1392 1391/1391/1391 1388/1388/1388
f 1375/1375/1375 1391/1391/1391 1392/1392/1392
f 1393/1393/1393 1388/1388/1388 1390/1390/1390
f 1393/1393/1393 1392/1392/1392 1388/1388/1388
f 1393/1393/1393 1390/1390/1390 1394/1394/1394
f 1393/1393/1393 1394/1394/1394 1392/1392/1392
f 1390/1390/1390 1395/1395/1395 1394/1394/1394
f 1396/1396/1396 1375/1375/1375 1392/1392/1392
f 1396/1396/1396 1378/1378/1378 1375/1375/1375
f 1396/1396/1396 1392/1392/1392 1397/1397/1397
f 1396/1396/1396 1397/1397/1397 1378/1378/1378
f 1397/1397/1397 1398/1398/1398 1378/1378/1378
f 1399/1399/1399 1398/1398/1398 1397/1397/1397
f 1400/1400/1400 1399/1399/1399 1397/1397/1397
f 1400/1400/1400 1401/1401/1401 1399/1399/1399
f 1401/1401/1401 1402/1402/1402 1399/1399/1399
f 1403/1403/1403 1402/1402/1402 1401/1401/1401
f 1404/1404/1404 1403/1403/1403 1401/1401/1401
f 1400/1400/1400 1397/1397/1397 1405/1405/1405
f 1400/1400/1400 1405/1405/1405 1401/1401/1401
f 1397/1397/1397 1406/1406/1406 1405/1405/1405
f 1405/1405/1405 1407/1407/1407 1401/1401/1401
f 1401/1401/1401 1407/1407/1407 1408/1408/1408
f 1404/1404/1404 1401/1401/1401 1408/1408/1408
f 1404/1404/1404 1408/1408/1408 1409/1409/1409
f 1408/1408/1408 1410/1410/1410 1409/1409/1409
f 1413/1413/1413 1412/1412/1412 1411/1411/1411
f 1414/1414/1414 1412/1412/1412 1413/1413/1413
f 1415/1415/1415 1414/1414/1414 1413/1413/1413
f 1415/1415/1415 1413/1413/1413 1416/1416/1416
f 1413/1413/1413 1417/1417/1417 1416/1416/1416
f 1416/1416/1416 1417/1417/1417 1418/1418/1418
f 1418/1418/1418 1417/1417/1417 1413/1413/1413
f 1419/1419/1419 1416/1416/1416 1418/1418/1418
f 1420/1420/1420 1418/1418/1418 1413/1413/1413
f 1419/1419/1419 1418/1418/1418 1421/1421/1421
f 1420/1420/1420 1422/1422/1422 1418/1418/1418
f 1418/1418/1418 1423/1423/1423 1421/1421/1421
f 1422/1422/1422 1423/1423/1423 1418/1418/1418
f 1421/1421/1421 1423/1423/1423 1424/1424/1424
f 1424/1424/1424 1423/1423/1423 1422/1422/1422
f 1425/1425/1425 1421/1421/1421 1424/1424/1424
f 1426/1426/1426 1424/1424/1424 1422/1422/1422
f 1425/1425/1425 1424/1424/1424 1427/1427/1427
f 1426/1426/1426 1428/1428/1428 1424/1424/1424
f 1424/1424/1424 1429/1429/1429 1427/1427/1427
f 1428/1428/1428 1429/1429/1429 1424/1424/1424
f 1427/1427/1427 1429/1429/1429 1430/1430/1430
f 1430/1430/1430 1429/1429/1429 1428/1428/1428
f 1431/1431/1431 1427/1427/1427 1430/1430/1430
f 1431/1431/1431 1430/1430/1430 1432/1432/1432
f 1430/1430/1430 1433/1433/1433 1432/1432/1432
f 1432/1432/1432 1433/1433/1433 1434/1434/1434
f 1435/1435/1435 1433/1433/1433 1430/1430/1430
f 1434/1434/1434 1433/1433/1433 1435/1435/1435
f 1436/1436/1436 1432/1432/1432 1434/1434/1434
f 1436/1436/1436 1434/1434/1434 1437/1437/1437
f 1438/1438/1438 1430/1430/1430 1428/1428/1428
f 1438/1438/1438 1435/1435/1435 1430/1430/1430
f 1438/1438/1438 1428/1428/1428 1439/1439/1439
f 1438/1438/1438 1439/1439/1439 1435/1435/1435
f 1428/1428/1428 1440/1440/1440 1439/1439/1439
f 1441/1441/1441 1440/1440/1440 1428/1428/1428
f 1439/1439/1439 1442/1442/1442 1435/1435/1435
f 1435/1435/1435 1442/1442/1442 1443/1443/1443
f 1444/1444/1444 1435/1435/1435 1443/1443/1443
f 1444/1444/1444 1434/1434/1434 1435/1435/1435
f 1444/1444/1444 1443/1443/1443 1445/1445/1445
f 1444/1444/1444 1445/1445/1445 1434/1434/1434
f 1443/1443/1443 1446/1446/1446 1445/1445/1445
f 1445/1445/1445 1446/1446/1446 1447/1447/1447
f 1434/1434/1434 1448/1448/1448 1437/1437/1437
f 1445/1445/1445 1448/1448/1448 1434/1434/1434
f 1437/1437/1437 1448/1448/1448 1449/1449/1449
f 1449/1449/1449 1448/1448/1448 1445/1445/1445
f 1450/1450/1450 1437/1437/1437 1449/1449/1449
f 1450/1450/1450 1449/1449/1449 1451/1451/1451
f 1452/1452/1452 1445/1445/1445 1447/1447/1447
f 1452/1452/1452 1449/1449/1449 1445/1445/1445
f 1452/1452/1452 1447/1447/1447 1453/1453/1453
f 1452/1452/1452 1453/1453/1453 1449/1449/1449
f 1447/1447/1447 1454/1454/1454 1453/1453/1453
f 1453/1453/1453 1454/1454/1454 1455/1455/1455
f 1449/1449/1449 1456/1456/1456 1451/1451/1451
f 1453/1453/1453 1456/1456/1456 1449/1449/1449
f 1451/1451/1451 1456/1456/1456 1457/1457/1457
f 1457/1457/1457 1456/1456/1456 1453/1453/1453
f 1458/1458/1458 1451/1451/1451 1457/1457/1457
f 1458/1458/1458 1457/1457/1457 1459/1459/1459
f 1457/1457/1457 1460/1460/1460 1459/1459/1459
f 1459/1459/1459 1460/1460/1460 1461/1461/1461
f 1461/1461/1461 1460/1460/1460 1457/1457/1457
f 1462/1462/1462 1457/1457/1457 1453/1453/1453
f 1462/1462/1462 1461/1461/1461 1457/1457/1457
f 1462/1462/1462 1453/1453/1453 1455/1455/1455
f 1462/1462/1462 1455/1455/1455 1461/1461/1461
f 1455/1455/1455 1463/1463/1463 1461/1461/1461
f 1464/1464/1464 1463/1463/1463 1455/1455/1455
f 1465/1465/1465 1464/1464/1464 1455/1455/1455
f 1468/1468/1468 1467/1467/1467 1466/1466/1466
f 1469/1469/1469 1468/1468/1468 1466/1466/1466
f 1469/1469/1469 1466/1466/1466 1470/1470/1470
f 1466/1466/1466 1471/1471/1471 1470/1470/1470
f 1472/1472/1472 1471/1471/1471 1466/1466/1466
f 1473/1473/1473 1472/1472/1472 1466/1466/1466
f 1473/1473/1473 1474/1474/1474 1472/1472/1472
f 1477/1477/1477 1476/1476/1476 1475/1475/1475
f 1476/1476/1476 1478/1478/1478 1475/1475/1475
f 1475/1475/1475 1478/1478/1478 1479/1479/1479
f 1480/1480/1480 1478/1478/1478 1476/1476/1476
f 1479/1479/1479 1478/1478/1478 1480/1480/1480
f 1481/1481/1481 1475/1475/1475 1479/1479/1479
f 1481/1481/1481 1479/1479/1479 1482/1482/1482
f 1483/1483/1483 1480/1480/1480 1476/1476/1476
f 1483/1483/1483 1484/1484/1484 1480/1480/1480
f 1483/1483/1483 1476/1476/1476 1485/1485/1485
f 1483/1483/1483 1485/1485/1485 1484/1484/1484
f 1476/1476/1476 1486/1486/1486 1485/1485/1485
f 1485/1485/1485 1487/1487/1487 1484/1484/1484
f 1484/1484/1484 1487/1487/1487 1488/1488/1488
f 1489/1489/1489 1484/1484/1484 1488/1488/1488
f 1489/1489/1489 1490/1490/1490 1484/1484/1484
f 1490/1490/1490 1491/1491/1491 1484/1484/1484
f 1484/1484/1484 1491/1491/1491 1480/1480/1480
f 1492/1492/1492 1491/1491/1491 1490/1490/1490
f 1480/1480/1480 1491/1491/1491 1492/1492/1492
f 1493/1493/1493 1492/1492/1492 1490/1490/1490
f 1493/1493/1493 1494/1494/1494 1492/1492/1492
f 1495/1495/1495 1479/1479/1479 1480/1480/1480
f 1495/1495/1495 1480/1480/1480 1492/1492/1492
f 1495/1495/1495 1496/1496/1496 1479/1479/1479
f 1495/1495/1495 1492/1492/1492 1496/1496/1496
f 1494/1494/1494 1497/1497/1497 1492/1492/1492
f 1492/1492/1492 1497/1497/1497 1496/1496/1496
f 1498/1498/1498 1497/1497/1497 1494/1494/1494
f 1496/1496/1496 1497/1497/1497 1498/1498/1498
f 1499/1499/1499 1498/1498/1498 1494/1494/1494
f 1499/1499/1499 1500/1500/1500 1498/1498/1498
f 1496/1496/1496 1501/1501/1501 1479/1479/1479
f 1502/1502/1502 1501/1501/1501 1496/1496/1496
f 1479/1479/1479 1501/1501/1501 1482/1482/1482
f 1482/1482/1482 1501/1501/1501 1502/1502/1502
f 1503/1503/1503 1482/1482/1482 1502/1502/1502
f 1503/1503/1503 1502/1502/1502 1504/1504/1504
f 1505/1505/1505 1496/1496/1496 1498/1498/1498
f 1505/1505/1505 1502/1502/1502 1496/1496/1496
f 1505/1505/1505 1498/1498/1498 1506/1506/1506
f 1505/1505/1505 1506/1506/1506 1502/1502/1502
f 1500/1500/1500 1507/1507/1507 1498/1498/1498
f 1498/1498/1498 1507/1507/1507 1506/1506/1506
f 1508/1508/1508 1507/1507/1507 1500/1500/1500
f 1506/1506/1506 1507/1507/1507 1508/1508/1508
f 1509/1509/1509 1508/1508/1508 1500/1500/1500
f 1509/1509/1509 1510/1510/1510 1508/1508/1508
f 1502/1502/1502 1511/1511/1511 1504/1504/1504
f 1506/1506/1506 1511/1511/1511 1502/1502/1502
f 1504/1504/1504 1511/1511/1511 1512/1512/1512
f 1512/1512/1512 1511/1511/1511 1506/1506/1506
f 1513/1513/1513 1504/1504/1504 1512/1512/1512
f 1513/1513/1513 1512/1512/1512 1514/1514/1514
f 1515/1515/1515 1506/1506/1506 1508/1508/1508
f 1515/1515/1515 1512/1512/1512 1506/1506/1506
f 1515/1515/1515 1508/1508/1508 1516/1516/1516
f 1515/1515/1515 1516/1516/1516 1512/1512/1512
f 1510/1510/1510 1517/1517/1517 1508/1508/1508
f 1508/1508/1508 1517/1517/1517 1516/1516/1516
f 1518/1518/1518 1517/1517/1517 1510/1510/1510
f 1516/1516/1516 1517/1517/1517 1518/1518/1518
f 1519/1519/1519 1518/1518/1518 1510/1510/1510
f 1519/1519/1519 1520/1520/1520 1518/1518/1518
f 1520/1520/1520 1521/1521/1521 1518/1518/1518
f 1518/1518/1518 1521/1521/1521 1522/1522/1522
f 1522/1522/1522 1521/1521/1521 1523/1523/1523
f 1524/1524/1524 1522/1522/1522 1523/1523/1523
f 1524/1524/1524 1525/1525/1525 1522/1522/1522
f 1525/1525/1525 1526/1526/1526 1522/1522/1522
f 1522/1522/1522 1526/1526/1526 1527/1527/1527
f 1527/1527/1527 1526/1526/1526 1528/1528/1528
f 1529/1529/1529 1527/1527/1527 1528/1528/1528
f 1529/1529/1529 1514/1514/1514 1527/1527/1527
f 1530/1530/1530 1518/1518/1518 1522/1522/1522
f 1530/1530/1530 1516/1516/1516 1518/1518/1518
f 1530/1530/1530 1522/1522/1522 1527/1527/1527
f 1530/1530/1530 1527/1527/1527 1516/1516/1516
f 1514/1514/1514 1531/1531/1531 1527/1527/1527
f 1527/1527/1527 1531/1531/1531 1516/1516/1516
f 1512/1512/1512 1531/1531/1531 1514/1514/1514
f 1516/1516/1516 1531/1531/1531 1512/1512/1512
f 1534/1534/1534 1533/1533/1533 1532/1532/1532
f 1535/1535/1535 1534/1534/1534 1532/1532/1532
f 1538/1538/1538 1537/1537/1537 1536/1536/1536
f 1539/1539/1539 1538/1538/1538 1536/1536/1536
f 1542/1542/1542 1541/1541/1541 1540/1540/1540
f 1541/1541/1541 1543/1543/1543 1540/1540/1540
f 1545/1545/1545 1543/1543/1543 1544/1544/1544
f 1546/1546/1546 1545/1545/1545 1544/1544/1544
f 1549/1549/1549 1548/1548/1548 1547/1547/1547
f 1550/1550/1550 1549/1549/1549 1547/1547/1547
f 1550/1550/1550 1551/1551/1551 1549/1549/1549
f 1551/1551/1551 1552/1552/1552 1549/1549/1549
f 1553/1553/1553 1552/1552/1552 1551/1551/1551
f 1554/1554/1554 1553/1553/1553 1551/1551/1551
f 1554/1554/1554 1551/1551/1551 1555/1555/1555
f 1551/1551/1551 1556/1556/1556 1555/1555/1555
f 1554/1554/1554 1557/1557/1557 1553/1553/1553
f 1554/1554/1554 1555/1555/1555 1557/1557/1557
f 1557/1557/1557 1558/1558/1558 1553/1553/1553
f 1555/1555/1555 1559/1559/1559 1557/1557/1557
f 1557/1557/1557 1559/1559/1559 1560/1560/1560
f 1560/1560/1560 1559/1559/1559 1555/1555/1555
f 1561/1561/1561 1560/1560/1560 1555/1555/1555
f 1564/1564/1564 1563/1563/1563 1562/1562/1562
f 1563/1563/1563 1565/1565/1565 1562/1562/1562
f 1566/1566/1566 1565/1565/1565 1563/1563/1563
f 1562/1562/1562 1565/1565/1565 1567/1567/1567
f 1567/1567/1567 1565/1565/1565 1566/1566/1566
f 1568/1568/1568 1566/1566/1566 1563/1563/1563
f 1568/1568/1568 1569/1569/1569 1566/1566/1566
f 1570/1570/1570 1562/1562/1562 1567/1567/1567
f 1570/1570/1570 1567/1567/1567 1571/1571/1571
f 1570/1570/1570 1572/1572/1572 1562/1562/1562
f 1570/1570/1570 1571/1571/1571 1572/1572/1572
f 1572/1572/1572 1573/1573/1573 1562/1562/1562
f 1571/1571/1571 1574/1574/1574 1572/1572/1572
f 1575/1575/1575 1574/1574/1574 1571/1571/1571
f 1576/1576/1576 1575/1575/1575 1571/1571/1571
f 1576/1576/1576 1571/1571/1571 1577/1577/1577
f 1571/1571/1571 1578/1578/1578 1577/1577/1577
f 1567/1567/1567 1578/1578/1578 1571/1571/1571
f 1577/1577/1577 1578/1578/1578 1579/1579/1579
f 1579/1579/1579 1578/1578/1578 1567/1567/1567
f 1580/1580/1580 1577/1577/1577 1579/1579/1579
f 1580/1580/1580 1579/1579/1579 1581/1581/1581
f 1582/1582/1582 1579/1579/1579 1567/1567/1567
f 1582/1582/1582 1583/1583/1583 1579/1579/1579
f 1582/1582/1582 1567/1567/1567 1566/1566/1566
f 1582/1582/1582 1566/1566/1566 1583/1583/1583
f 1579/1579/1579 1584/1584/1584 1581/1581/1581
f 1583/1583/1583 1584/1584/1584 1579/1579/1579
f 1581/1581/1581 1584/1584/1584 1585/1585/1585
f 1585/1585/1585 1584/1584/1584 1583/1583/1583
f 1586/1586/1586 1581/1581/1581 1585/1585/1585
f 1586/1586/1586 1585/1585/1585 1587/1587/1587
f 1566/1566/1566 1588/1588/1588 1583/1583/1583
f 1583/1583/1583 1588/1588/1588 1589/1589/1589
f 1569/1569/1569 1588/1588/1588 1566/1566/1566
f 1589/1589/1589 1588/1588/1588 1569/1569/1569
f 1590/1590/1590 1589/1589/1589 1569/1569/1569
f 1590/1590/1590 1591/1591/1591 1589/1589/1589
f 1592/1592/1592 1585/1585/1585 1583/1583/1583
f 1592/1592/1592 1583/1583/1583 1589/1589/1589
f 1592/1592/1592 1593/1593/1593 1585/1585/1585
f 1592/1592/1592 1589/1589/1589 1593/1593/1593
f 1585/1585/1585 1594/1594/1594 1587/1587/1587
f 1593/1593/1593 1594/1594/1594 1585/1585/1585
f 1587/1587/1587 1594/1594/1594 1595/1595/1595
f 1595/1595/1595 1594/1594/1594 1593/1593/1593
f 1596/1596/1596 1587/1587/1587 1595/1595/1595
f 1596/1596/1596 1595/1595/1595 1597/1597/1597
f 1591/1591/1591 1598/1598/1598 1589/1589/1589
f 1589/1589/1589 1598/1598/1598 1593/1593/1593
f 1599/1599/1599 1598/1598/1598 1591/1591/1591
f 1593/1593/1593 1598/1598/1598 1599/1599/1599
f 1600/1600/1600 1599/1599/1599 1591/1591/1591
f 1600/1600/1600 1601/1601/1601 1599/1599/1599
f 1602/1602/1602 1595/1595/1595 1593/1593/1593
f 1602/1602/1602 1593/1593/1593 1599/1599/1599
f 1602/1602/1602 1603/1603/1603 1595/1595/1595
f 1602/1602/1602 1599/1599/1599 1603/1603/1603
f 1595/1595/1595 1604/1604/1604 1597/1597/1597
f 1603/1603/1603 1604/1604/1604 1595/1595/1595
f 1597/1597/1597 1604/1604/1604 1605/1605/1605
f 1605/1605/1605 1604/1604/1604 1603/1603/1603
f 1606/1606/1606 1597/1597/1597 1605/1605/1605
f 1606/1606/1606 1605/1605/1605 1607/1607/1607
f 1601/1601/1601 1608/1608/1608 1599/1599/1599
f 1599/1599/1599 1608/1608/1608 1603/1603/1603
f 1609/1609/1609 1608/1608/1608 1601/1601/1601
f 1603/1603/1603 1608/1608/1608 1609/1609/1609
f 1610/1610/1610 1609/1609/1609 1601/1601/1601
f 1610/1610/1610 1611/1611/1611 1609/1609/1609
f 1612/1612/1612 1605/1605/1605 1603/1603/1603
f 1612/1612/1612 1603/1603/1603 1609/1609/1609
f 1612/1612/1612 1613/1613/1613 1605/1605/1605
f 1612/1612/1612 1609/1609/1609 1613/1613/1613
f 1605/1605/1605 1614/1614/1614 1607/1607/1607
f 1613/1613/1613 1614/1614/1614 1605/1605/1605
f 1607/1607/1607 1614/1614/1614 1615/1615/1615
f 1615/1615/1615 1614/1614/1614 1613/1613/1613
f 1616/1616/1616 1607/1607/1607 1615/1615/1615
f 1616/1616/1616 1615/1615/1615 1617/1617/1617
f 1611/1611/1611 1618/1618/1618 1609/1609/1609
f 1609/1609/1609 1618/1618/1618 1613/1613/1613
f 1619/1619/1619 1618/1618/1618 1611/1611/1611
f 1613/1613/1613 1618/1618/1618 1619/1619/1619
f 1620/1620/1620 1619/1619/1619 1611/1611/1611
f 1620/1620/1620 1621/1621/1621 1619/1619/1619
f 1622/1622/1622 1615/1615/1615 1613/1613/1613
f 1622/1622/1622 1613/1613/1613 1619/1619/1619
f 1622/1622/1622 1623/1623/1623 1615/1615/1615
f 1622/1622/1622 1619/1619/1619 1623/1623/1623
f 1615/1615/1615 1624/1624/1624 1617/1617/1617
f 1623/1623/1623 1624/1624/1624 1615/1615/1615
f 1617/1617/1617 1624/1624/1624 1625/1625/1625
f 1625/1625/1625 1624/1624/1624 1623/1623/1623
f 1626/1626/1626 1617/1617/1617 1625/1625/1625
f 1627/1627/1627 1625/1625/1625 1623/1623/1623
f 1627/1627/1627 1623/1623/1623 1628/1628/1628
f 1629/1629/1629 1628/1628/1628 1621/1621/1621
f 1621/1621/1621 1630/1630/1630 1619/1619/1619
f 1619/1619/1619 1630/1630/1630 1623/1623/1623
f 1623/1623/1623 1630/1630/1630 1628/1628/1628
f 1628/1628/1628 1630/1630/1630 1621/1621/1621
f 1633/1633/1633 1632/1632/1632 1631/1631/1631
f 1634/1634/1634 1633/1633/1633 1631/1631/1631
f 1634/1634/1634 1635/1635/1635 1633/1633/1633
f 1634/1634/1634 1631/1631/1631 1636/1636/1636
f 1634/1634/1634 1636/1636/1636 1635/1635/1635
f 1631/1631/1631 1637/1637/1637 1636/1636/1636
f 1635/1635/1635 1638/1638/1638 1633/1633/1633
f 1633/1633/1633 1638/1638/1638 1639/1639/1639
f 1639/1639/1639 1638/1638/1638 1635/1635/1635
f 1640/1640/1640 1633/1633/1633 1639/1639/1639
f 1640/1640/1640 1639/1639/1639 1641/1641/1641
f 1636/1636/1636 1642/1642/1642 1635/1635/1635
f 1635/1635/1635 1642/1642/1642 1643/1643/1643
f 1644/1644/1644 1642/1642/1642 1636/1636/1636
f 1643/1643/1643 1642/1642/1642 1644/1644/1644
f 1645/1645/1645 1644/1644/1644 1636/1636/1636
f 1646/1646/1646 1639/1639/1639 1635/1635/1635
f 1646/1646/1646 1635/1635/1635 1643/1643/1643
f 1646/1646/1646 1647/1647/1647 1639/1639/1639
f 1646/1646/1646 1643/1643/1643 1647/1647/1647
f 1639/1639/1639 1648/1648/1648 1641/1641/1641
f 1647/1647/1647 1648/1648/1648 1639/1639/1639
f 1641/1641/1641 1648/1648/1648 1649/1649/1649
f 1649/1649/1649 1648/1648/1648 1647/1647/1647
f 1650/1650/1650 1641/1641/1641 1649/1649/1649
f 1650/1650/1650 1649/1649/1649 1651/1651/1651
f 1649/1649/1649 1652/1652/1652 1651/1651/1651
f 1653/1653/1653 1652/1652/1652 1649/1649/1649
f 1654/1654/1654 1652/1652/1652 1653/1653/1653
f 1655/1655/1655 1654/1654/1654 1653/1653/1653
f 1655/1655/1655 1653/1653/1653 1656/1656/1656
f 1655/1655/1655 1656/1656/1656 1657/1657/1657
f 1658/1658/1658 1649/1649/1649 1647/1647/1647
f 1658/1658/1658 1653/1653/1653 1649/1649/1649
f 1658/1658/1658 1647/1647/1647 1659/1659/1659
f 1658/1658/1658 1659/1659/1659 1653/1653/1653
f 1653/1653/1653 1660/1660/1660 1656/1656/1656
f 1659/1659/1659 1660/1660/1660 1653/1653/1653
f 1656/1656/1656 1660/1660/1660 1661/1661/1661
f 1661/1661/1661 1660/1660/1660 1659/1659/1659
f 1647/1647/1647 1662/1662/1662 1659/1659/1659
f 1659/1659/1659 1662/1662/1662 1663/1663/1663
f 1643/1643/1643 1662/1662/1662 1647/1647/1647
f 1663/1663/1663 1662/1662/1662 1643/1643/1643
f 1664/1664/1664 1661/1661/1661 1659/1659/1659
f 1664/1664/1664 1659/1659/1659 1663/1663/1663
f 1664/1664/1664 1665/1665/1665 1661/1661/1661
f 1664/1664/1664 1663/1663/1663 1665/1665/1665
f 1666/1666/1666 1663/1663/1663 1643/1643/1643
f 1666/1666/1666 1643/1643/1643 1644/1644/1644
f 1666/1666/1666 1644/1644/1644 1667/1667/1667
f 1666/1666/1666 1667/1667/1667 1663/1663/1663
f 1644/1644/1644 1668/1668/1668 1667/1667/1667
f 1667/1667/1667 1668/1668/1668 1669/1669/1669
f 1667/1667/1667 1670/1670/1670 1663/1663/1663
f 1663/1663/1663 1670/1670/1670 1665/1665/1665
f 1671/1671/1671 1670/1670/1670 1667/1667/1667
f 1665/1665/1665 1670/1670/1670 1671/1671/1671
f 1672/1672/1672 1671/1671/1671 1667/1667/1667
f 1665/1665/1665 1673/1673/1673 1661/1661/1661
f 1674/1674/1674 1673/1673/1673 1665/1665/1665
f 1661/1661/1661 1673/1673/1673 1675/1675/1675
f 1676/1676/1676 1674/1674/1674 1665/1665/1665
f 1676/1676/1676 1665/1665/1665 1671/1671/1671
f 1676/1676/1676 1677/1677/1677 1674/1674/1674
f 1676/1676/1676 1671/1671/1671 1677/1677/1677
f 1671/1671/1671 1678/1678/1678 1677/1677/1677
f 1679/1679/1679 1661/1661/1661 1675/1675/1675
f 1679/1679/1679 1675/1675/1675 1680/1680/1680
f 1679/1679/1679 1656/1656/1656 1661/1661/1661
f 1679/1679/1679 1680/1680/1680 1656/1656/1656
f 1675/1675/1675 1681/1681/1681 1680/1680/1680
f 1680/1680/1680 1681/1681/1681 1682/1682/1682
f 1683/1683/1683 1680/1680/1680 1682/1682/1682
f 1683/1683/1683 1684/1684/1684 1680/1680/1680
f 1683/1683/1683 1685/1685/1685 1684/1684/1684
f 1680/1680/1680 1686/1686/1686 1656/1656/1656
f 1684/1684/1684 1686/1686/1686 1680/1680/1680
f 1656/1656/1656 1686/1686/1686 1657/1657/1657
f 1657/1657/1657 1686/1686/1686 1684/1684/1684
f 1687/1687/1687 1657/1657/1657 1684/1684/1684
f 1687/1687/1687 1688/1688/1688 1657/1657/1657
f 1687/1687/1687 1689/1689/1689 1688/1688/1688
f 1687/1687/1687 1684/1684/1684 1689/1689/1689
f 1685/1685/1685 1690/1690/1690 1684/1684/1684
f 1684/1684/1684 1690/1690/1690 1689/1689/1689
f 1691/1691/1691 1690/1690/1690 1685/1685/1685
f 1689/1689/1689 1690/1690/1690 1691/1691/1691
f 1692/1692/1692 1691/1691/1691 1685/1685/1685
f 1692/1692/1692 1693/1693/1693 1691/1691/1691
f 1693/1693/1693 1694/1694/1694 1691/1691/1691
f 1691/1691/1691 1694/1694/1694 1695/1695/1695
f 1695/1695/1695 1694/1694/1694 1696/1696/1696
f 1697/1697/1697 1689/1689/1689 1691/1691/1691
f 1697/1697/1697 1691/1691/1691 1695/1695/1695
f 1697/1697/1697 1698/1698/1698 1689/1689/1689
f 1697/1697/1697 1695/1695/1695 1698/1698/1698
f 1695/1695/1695 1699/1699/1699 1698/1698/1698
f 1700/1700/1700 1699/1699/1699 1695/1695/1695
f 1701/1701/1701 1699/1699/1699 1700/1700/1700
f 1702/1702/1702 1701/1701/1701 1700/1700/1700
f 1702/1702/1702 1700/1700/1700 1703/1703/1703
f 1704/1704/1704 1695/1695/1695 1696/1696/1696
f 1704/1704/1704 1700/1700/1700 1695/1695/1695
f 1704/1704/1704 1705/1705/1705 1700/1700/1700
f 1704/1704/1704 1696/1696/1696 1705/1705/1705
f 1700/1700/1700 1706/1706/1706 1703/1703/1703
f 1705/1705/1705 1706/1706/1706 1700/1700/1700
f 1703/1703/1703 1706/1706/1706 1705/1705/1705
f 1707/1707/1707 1703/1703/1703 1705/1705/1705
f 1707/1707/1707 1705/1705/1705 1708/1708/1708
f 1696/1696/1696 1709/1709/1709 1705/1705/1705
f 1705/1705/1705 1709/1709/1709 1708/1708/1708
f 1710/1710/1710 1709/1709/1709 1696/1696/1696
f 1708/1708/1708 1709/1709/1709 1710/1710/1710
f 1711/1711/1711 1710/1710/1710 1696/1696/1696
f 1712/1712/1712 1708/1708/1708 1710/1710/1710
f 1715/1715/1715 1714/1714/1714 1713/1713/1713
f 1716/1716/1716 1715/1715/1715 1713/1713/1713
f 1716/1716/1716 1713/1713/1713 1717/1717/1717
f 1716/1716/1716 1718/1718/1718 1715/1715/1715
f 1716/1716/1716 1717/1717/1717 1718/1718/1718
f 1713/1713/1713 1719/1719/1719 1717/1717/1717
f 1717/1717/1717 1719/1719/1719 1720/1720/1720
f 1721/1721/1721 1717/1717/1717 1720/1720/1720
f 1721/1721/1721 1722/1722/1722 1717/1717/1717
f 1721/1721/1721 1723/1723/1723 1722/1722/1722
f 1717/1717/1717 1724/1724/1724 1718/1718/1718
f 1722/1722/1722 1724/1724/1724 1717/1717/1717
f 1718/1718/1718 1724/1724/1724 1725/1725/1725
f 1725/1725/1725 1724/1724/1724 1722/1722/1722
f 1723/1723/1723 1726/1726/1726 1722/1722/1722
f 1727/1727/1727 1726/1726/1726 1723/1723/1723
f 1722/1722/1722 1726/1726/1726 1727/1727/1727
f 1728/1728/1728 1727/1727/1727 1723/1723/1723
f 1728/1728/1728 1729/1729/1729 1727/1727/1727
f 1729/1729/1729 1730/1730/1730 1727/1727/1727
f 1727/1727/1727 1730/1730/1730 1731/1731/1731
f 1731/1731/1731 1730/1730/1730 1732/1732/1732
f 1733/1733/1733 1722/1722/1722 1727/1727/1727
f 1733/1733/1733 1725/1725/1725 1722/1722/1722
f 1733/1733/1733 1727/1727/1727 1731/1731/1731
f 1733/1733/1733 1731/1731/1731 1725/1725/1725
f 1734/1734/1734 1731/1731/1731 1732/1732/1732
f 1734/1734/1734 1735/1735/1735 1731/1731/1731
f 1734/1734/1734 1732/1732/1732 1736/1736/1736
f 1734/1734/1734 1736/1736/1736 1735/1735/1735
f 1736/1736/1736 1737/1737/1737 1735/1735/1735
f 1735/1735/1735 1737/1737/1737 1738/1738/1738
f 1731/1731/1731 1739/1739/1739 1725/1725/1725
f 1735/1735/1735 1739/1739/1739 1731/1731/1731
f 1725/1725/1725 1739/1739/1739 1740/1740/1740
f 1740/1740/1740 1739/1739/1739 1735/1735/1735
f 1741/1741/1741 1735/1735/1735 1738/1738/1738
f 1741/1741/1741 1740/1740/1740 1735/1735/1735
f 1741/1741/1741 1738/1738/1738 1742/1742/1742
f 1741/1741/1741 1742/1742/1742 1740/1740/1740
f 1738/1738/1738 1743/1743/1743 1742/1742/1742
f 1742/1742/1742 1743/1743/1743 1744/1744/1744
f 1745/1745/1745 1725/1725/1725 1740/1740/1740
f 1745/1745/1745 1740/1740/1740 1746/1746/1746
f 1745/1745/1745 1718/1718/1718 1725/1725/1725
f 1745/1745/1745 1746/1746/1746 1718/1718/1718
f 1742/1742/1742 1747/1747/1747 1740/1740/1740
f 1740/1740/1740 1747/1747/1747 1746/1746/1746
f 1748/1748/1748 1747/1747/1747 1742/1742/1742
f 1746/1746/1746 1747/1747/1747 1748/1748/1748
f 1749/1749/1749 1742/1742/1742 1744/1744/1744
f 1749/1749/1749 1748/1748/1748 1742/1742/1742
f 1749/1749/1749 1744/1744/1744 1750/1750/1750
f 1749/1749/1749 1750/1750/1750 1748/1748/1748
f 1744/1744/1744 1751/1751/1751 1750/1750/1750
f 1750/1750/1750 1751/1751/1751 1752/1752/1752
f 1746/1746/1746 1753/1753/1753 1718/1718/1718
f 1754/1754/1754 1753/1753/1753 1746/1746/1746
f 1718/1718/1718 1753/1753/1753 1715/1715/1715
f 1715/1715/1715 1753/1753/1753 1754/1754/1754
f 1755/1755/1755 1715/1715/1715 1754/1754/1754
f 1755/1755/1755 1754/1754/1754 1756/1756/1756
f 1757/1757/1757 1746/1746/1746 1748/1748/1748
f 1757/1757/1757 1754/1754/1754 1746/1746/1746
f 1757/1757/1757 1748/1748/1748 1758/1758/1758
f 1757/1757/1757 1758/1758/1758 1754/1754/1754
f 1754/1754/1754 1759/1759/1759 1756/1756/1756
f 1758/1758/1758 1759/1759/1759 1754/1754/1754
f 1756/1756/1756 1759/1759/1759 1760/1760/1760
f 1760/1760/1760 1759/1759/1759 1758/1758/1758
f 1761/1761/1761 1756/1756/1756 1760/1760/1760
f 1761/1761/1761 1760/1760/1760 1762/1762/1762
f 1750/1750/1750 1763/1763/1763 1748/1748/1748
f 1748/1748/1748 1763/1763/1763 1758/1758/1758
f 1764/1764/1764 1763/1763/1763 1750/1750/1750
f 1758/1758/1758 1763/1763/1763 1764/1764/1764
f 1765/1765/1765 1760/1760/1760 1758/1758/1758
f 1765/1765/1765 1758/1758/1758 1764/1764/1764
f 1765/1765/1765 1766/1766/1766 1760/1760/1760
f 1765/1765/1765 1764/1764/1764 1766/1766/1766
f 1760/1760/1760 1767/1767/1767 1762/1762/1762
f 1766/1766/1766 1767/1767/1767 1760/1760/1760
f 1762/1762/1762 1767/1767/1767 1768/1768/1768
f 1768/1768/1768 1767/1767/1767 1766/1766/1766
f 1769/1769/1769 1762/1762/1762 1768/1768/1768
f 1769/1769/1769 1768/1768/1768 1770/1770/1770
f 1771/1771/1771 1764/1764/1764 1750/1750/1750
f 1771/1771/1771 1772/1772/1772 1764/1764/1764
f 1771/1771/1771 1750/1750/1750 1752/1752/1752
f 1771/1771/1771 1752/1752/1752 1772/1772/1772
f 1764/1764/1764 1773/1773/1773 1766/1766/1766
f 1772/1772/1772 1773/1773/1773 1764/1764/1764
f 1766/1766/1766 1773/1773/1773 1774/1774/1774
f 1774/1774/1774 1773/1773/1773 1772/1772/1772
f 1775/1775/1775 1768/1768/1768 1766/1766/1766
f 1775/1775/1775 1766/1766/1766 1774/1774/1774
f 1775/1775/1775 1776/1776/1776 1768/1768/1768
f 1775/1775/1775 1774/1774/1774 1776/1776/1776
f 1768/1768/1768 1777/1777/1777 1770/1770/1770
f 1776/1776/1776 1777/1777/1777 1768/1768/1768
f 1770/1770/1770 1777/1777/1777 1778/1778/1778
f 1778/1778/1778 1777/1777/1777 1776/1776/1776
f 1779/1779/1779 1770/1770/1770 1778/1778/1778
f 1779/1779/1779 1778/1778/1778 1780/1780/1780
f 1752/1752/1752 1781/1781/1781 1772/1772/1772
f 1772/1772/1772 1781/1781/1781 1782/1782/1782
f 1783/1783/1783 1781/1781/1781 1752/1752/1752
f 1782/1782/1782 1781/1781/1781 1783/1783/1783
f 1784/1784/1784 1782/1782/1782 1783/1783/1783
f 1784/1784/1784 1785/1785/1785 1782/1782/1782
f 1786/1786/1786 1774/1774/1774 1772/1772/1772
f 1786/1786/1786 1772/1772/1772 1782/1782/1782
f 1786/1786/1786 1787/1787/1787 1774/1774/1774
f 1786/1786/1786 1782/1782/1782 1787/1787/1787
f 1785/1785/1785 1788/1788/1788 1782/1782/1782
f 1782/1782/1782 1788/1788/1788 1787/1787/1787
f 1789/1789/1789 1788/1788/1788 1785/1785/1785
f 1787/1787/1787 1788/1788/1788 1789/1789/1789
f 1787/1787/1787 1790/1790/1790 1774/1774/1774
f 1791/1791/1791 1790/1790/1790 1787/1787/1787
f 1774/1774/1774 1790/1790/1790 1776/1776/1776
f 1776/1776/1776 1790/1790/1790 1791/1791/1791
f 1792/1792/1792 1787/1787/1787 1789/1789/1789
f 1792/1792/1792 1791/1791/1791 1787/1787/1787
f 1792/1792/1792 1789/1789/1789 1793/1793/1793
f 1792/1792/1792 1793/1793/1793 1791/1791/1791
f 1789/1789/1789 1794/1794/1794 1793/1793/1793
f 1793/1793/1793 1794/1794/1794 1795/1795/1795
f 1796/1796/1796 1793/1793/1793 1795/1795/1795
f 1796/1796/1796 1797/1797/1797 1793/1793/1793
f 1797/1797/1797 1798/1798/1798 1793/1793/1793
f 1793/1793/1793 1798/1798/1798 1791/1791/1791
f 1799/1799/1799 1798/1798/1798 1797/1797/1797
f 1791/1791/1791 1798/1798/1798 1799/1799/1799
f 1800/1800/1800 1799/1799/1799 1797/1797/1797
f 1800/1800/1800 1780/1780/1780 1799/1799/1799
f 1801/1801/1801 1776/1776/1776 1791/1791/1791
f 1801/1801/1801 1791/1791/1791 1799/1799/1799
f 1801/1801/1801 1778/1778/1778 1776/1776/1776
f 1801/1801/1801 1799/1799/1799 1778/1778/1778
f 1778/1778/1778 1802/1802/1802 1780/1780/1780
f 1780/1780/1780 1802/1802/1802 1799/1799/1799
f 1799/1799/1799 1802/1802/1802 1778/1778/1778
f 1805/1805/1805 1804/1804/1804 1803/1803/1803
f 1806/1806/1806 1805/1805/1805 1803/1803/1803
f 1806/1806/1806 1803/1803/1803 1807/1807/1807
f 1806/1806/1806 1807/1807/1807 1808/1808/1808
f 1807/1807/1807 1809/1809/1809 1808/1808/1808
f 1808/1808/1808 1809/1809/1809 1810/1810/1810
f 1810/1810/1810 1809/1809/1809 1807/1807/1807
f 1811/1811/1811 1808/1808/1808 1810/1810/1810
f 1803/1803/1803 1812/1812/1812 1807/1807/1807
f 1813/1813/1813 1812/1812/1812 1803/1803/1803
f 1807/1807/1807 1812/1812/1812 1814/1814/1814
f 1814/1814/1814 1812/1812/1812 1813/1813/1813
f 1815/1815/1815 1813/1813/1813 1803/1803/1803
f 1815/1815/1815 1816/1816/1816 1813/1813/1813
f 1817/1817/1817 1810/1810/1810 1807/1807/1807
f 1817/1817/1817 1807/1807/1807 1814/1814/1814
f 1817/1817/1817 1818/1818/1818 1810/1810/1810
f 1817/1817/1817 1814/1814/1814 1818/1818/1818
f 1818/1818/1818 1819/1819/1819 1810/1810/1810
f 1816/1816/1816 1820/1820/1820 1813/1813/1813
f 1813/1813/1813 1820/1820/1820 1821/1821/1821
f 1822/1822/1822 1820/1820/1820 1816/1816/1816
f 1821/1821/1821 1820/1820/1820 1822/1822/1822
f 1823/1823/1823 1822/1822/1822 1816/1816/1816
f 1824/1824/1824 1814/1814/1814 1813/1813/1813
f 1824/1824/1824 1813/1813/1813 1821/1821/1821
f 1824/1824/1824 1825/1825/1825 1814/1814/1814
f 1824/1824/1824 1821/1821/1821 1825/1825/1825
f 1814/1814/1814 1826/1826/1826 1818/1818/1818
f 1825/1825/1825 1826/1826/1826 1814/1814/1814
f 1818/1818/1818 1826/1826/1826 1827/1827/1827
f 1827/1827/1827 1826/1826/1826 1825/1825/1825
f 1828/1828/1828 1818/1818/1818 1827/1827/1827
f 1828/1828/1828 1827/1827/1827 1829/1829/1829
f 1830/1830/1830 1821/1821/1821 1822/1822/1822
f 1830/1830/1830 1822/1822/1822 1831/1831/1831
f 1830/1830/1830 1832/1832/1832 1821/1821/1821
f 1830/1830/1830 1831/1831/1831 1832/1832/1832
f 1822/1822/1822 1833/1833/1833 1831/1831/1831
f 1831/1831/1831 1833/1833/1833 1834/1834/1834
f 1821/1821/1821 1835/1835/1835 1825/1825/1825
f 1832/1832/1832 1835/1835/1835 1821/1821/1821
f 1825/1825/1825 1835/1835/1835 1836/1836/1836
f 1836/1836/1836 1835/1835/1835 1832/1832/1832
f 1837/1837/1837 1827/1827/1827 1825/1825/1825
f 1837/1837/1837 1825/1825/1825 1836/1836/1836
f 1837/1837/1837 1838/1838/1838 1827/1827/1827
f 1837/1837/1837 1836/1836/1836 1838/1838/1838
f 1827/1827/1827 1839/1839/1839 1829/1829/1829
f 1838/1838/1838 1839/1839/1839 1827/1827/1827
f 1829/1829/1829 1839/1839/1839 1840/1840/1840
f 1840/1840/1840 1839/1839/1839 1838/1838/1838
f 1841/1841/1841 1829/1829/1829 1840/1840/1840
f 1841/1841/1841 1842/1842/1842 1829/1829/1829
f 1842/1842/1842 1843/1843/1843 1829/1829/1829
f 1844/1844/1844 1840/1840/1840 1838/1838/1838
f 1844/1844/1844 1838/1838/1838 1845/1845/1845
f 1838/1838/1838 1846/1846/1846 1845/1845/1845
f 1836/1836/1836 1846/1846/1846 1838/1838/1838
f 1845/1845/1845 1846/1846/1846 1847/1847/1847
f 1847/1847/1847 1846/1846/1846 1836/1836/1836
f 1848/1848/1848 1845/1845/1845 1847/1847/1847
f 1848/1848/1848 1847/1847/1847 1849/1849/1849
f 1850/1850/1850 1847/1847/1847 1836/1836/1836
f 1850/1850/1850 1851/1851/1851 1847/1847/1847
f 1850/1850/1850 1836/1836/1836 1832/1832/1832
f 1850/1850/1850 1832/1832/1832 1851/1851/1851
f 1847/1847/1847 1852/1852/1852 1849/1849/1849
f 1851/1851/1851 1852/1852/1852 1847/1847/1847
f 1849/1849/1849 1852/1852/1852 1853/1853/1853
f 1853/1853/1853 1852/1852/1852 1851/1851/1851
f 1854/1854/1854 1849/1849/1849 1853/1853/1853
f 1854/1854/1854 1853/1853/1853 1855/1855/1855
f 1853/1853/1853 1856/1856/1856 1855/1855/1855
f 1857/1857/1857 1856/1856/1856 1853/1853/1853
f 1858/1858/1858 1856/1856/1856 1857/1857/1857
f 1832/1832/1832 1859/1859/1859 1851/1851/1851
f 1851/1851/1851 1859/1859/1859 1860/1860/1860
f 1831/1831/1831 1859/1859/1859 1832/1832/1832
f 1860/1860/1860 1859/1859/1859 1831/1831/1831
f 1861/1861/1861 1853/1853/1853 1851/1851/1851
f 1861/1861/1861 1857/1857/1857 1853/1853/1853
f 1861/1861/1861 1851/1851/1851 1860/1860/1860
f 1861/1861/1861 1860/1860/1860 1857/1857/1857
f 1862/1862/1862 1860/1860/1860 1831/1831/1831
f 1862/1862/1862 1831/1831/1831 1834/1834/1834
f 1862/1862/1862 1834/1834/1834 1863/1863/1863
f 1862/1862/1862 1863/1863/1863 1860/1860/1860
f 1834/1834/1834 1864/1864/1864 1863/1863/1863
f 1863/1863/1863 1865/1865/1865 1860/1860/1860
f 1860/1860/1860 1865/1865/1865 1857/1857/1857
f 1866/1866/1866 1865/1865/1865 1863/1863/1863
f 1857/1857/1857 1865/1865/1865 1866/1866/1866
f 1867/1867/1867 1858/1858/1858 1857/1857/1857
f 1867/1867/1867 1857/1857/1857 1866/1866/1866
f 1867/1867/1867 1868/1868/1868 1858/1858/1858
f 1867/1867/1867 1866/1866/1866 1868/1868/1868
f 1868/1868/1868 1869/1869/1869 1858/1858/1858
f 1866/1866/1866 1870/1870/1870 1868/1868/1868
f 1868/1868/1868 1870/1870/1870 1871/1871/1871
f 1871/1871/1871 1870/1870/1870 1872/1872/1872
f 1873/1873/1873 1869/1869/1869 1868/1868/1868
f 1874/1874/1874 1871/1871/1871 1872/1872/1872
f 1875/1875/1875 1873/1873/1873 1868/1868/1868
f 1875/1875/1875 1868/1868/1868 1871/1871/1871
f 1875/1875/1875 1876/1876/1876 1873/1873/1873
f 1875/1875/1875 1871/1871/1871 1876/1876/1876
f 1871/1871/1871 1877/1877/1877 1876/1876/1876
f 1878/1878/1878 1877/1877/1877 1871/1871/1871
f 1874/1874/1874 1878/1878/1878 1871/1871/1871
f 1874/1874/1874 1879/1879/1879 1878/1878/1878
f 1882/1882/1882 1881/1881/1881 1880/1880/1880
f 1882/1882/1882 1883/1883/1883 1881/1881/1881
f 1883/1883/1883 1884/1884/1884 1881/1881/1881
f 1887/1887/1887 1886/1886/1886 1885/1885/1885
f 1885/1885/1885 1886/1886/1886 1888/1888/1888
f 1888/1888/1888 1886/1886/1886 1889/1889/1889
f 1890/1890/1890 1888/1888/1888 1889/1889/1889
f 1890/1890/1890 1889/1889/1889 1891/1891/1891
f 1889/1889/1889 1892/1892/1892 1891/1891/1891
f 1893/1893/1893 1892/1892/1892 1889/1889/1889
f 1894/1894/1894 1893/1893/1893 1889/1889/1889
f 1894/1894/1894 1895/1895/1895 1893/1893/1893
f 1895/1895/1895 1896/1896/1896 1893/1893/1893
f 1893/1893/1893 1896/1896/1896 1897/1897/1897
f 1898/1898/1898 1893/1893/1893 1897/1897/1897
f 1898/1898/1898 1899/1899/1899 1893/1893/1893
f 1899/1899/1899 1892/1892/1892 1893/1893/1893
f 1891/1891/1891 1892/1892/1892 1899/1899/1899
f 1900/1900/1900 1891/1891/1891 1899/1899/1899
f 1903/1903/1903 1902/1902/1902 1901/1901/1901
f 1903/1903/1903 1904/1904/1904 1902/1902/1902
f 1904/1904/1904 1905/1905/1905 1902/1902/1902
f 1902/1902/1902 1905/1905/1905 1906/1906/1906
f 1906/1906/1906 1905/1905/1905 1907/1907/1907
f 1908/1908/1908 1906/1906/1906 1907/1907/1907
f 1908/1908/1908 1909/1909/1909 1906/1906/1906
f 1909/1909/1909 1910/1910/1910 1906/1906/1906
f 1911/1911/1911 1902/1902/1902 1906/1906/1906
f 1911/1911/1911 1912/1912/1912 1902/1902/1902
f 1912/1912/1912 1913/1913/1913 1902/1902/1902
f 1916/1916/1916 1915/1915/1915 1914/1914/1914
f 1915/1915/1915 1917/1917/1917 1914/1914/1914
f 1918/1918/1918 1917/1917/1917 1915/1915/1915
f 1919/1919/1919 1918/1918/1918 1915/1915/1915
f 1919/1919/1919 1920/1920/1920 1918/1918/1918
f 1920/1920/1920 1921/1921/1921 1918/1918/1918
f 1922/1922/1922 1921/1921/1921 1920/1920/1920
f 1923/1923/1923 1922/1922/1922 1920/1920/1920
f 1923/1923/1923 1924/1924/1924 1922/1922/1922
f 1924/1924/1924 1925/1925/1925 1922/1922/1922
f 1926/1926/1926 1925/1925/1925 1924/1924/1924
f 1927/1927/1927 1926/1926/1926 1924/1924/1924
f 1927/1927/1927 1928/1928/1928 1926/1926/1926
f 1931/1931/1931 1930/1930/1930 1929/1929/1929
f 1932/1932/1932 1931/1931/1931 1929/1929/1929
f 1932/1932/1932 1929/1929/1929 1933/1933/1933
f 1929/1929/1929 1934/1934/1934 1933/1933/1933
f 1935/1935/1935 1934/1934/1934 1929/1929/1929
f 1936/1936/1936 1935/1935/1935 1929/1929/1929
f 1937/1937/1937 1934/1934/1934 1935/1935/1935
f 1933/1933/1933 1934/1934/1934 1937/1937/1937
f 1938/1938/1938 1933/1933/1933 1937/1937/1937
f 1938/1938/1938 1937/1937/1937 1939/1939/1939
f 1937/1937/1937 1940/1940/1940 1939/1939/1939
f 1941/1941/1941 1940/1940/1940 1937/1937/1937
f 1942/1942/1942 1940/1940/1940 1941/1941/1941
f 1939/1939/1939 1940/1940/1940 1942/1942/1942
f 1943/1943/1943 1939/1939/1939 1942/1942/1942
f 1943/1943/1943 1942/1942/1942 1944/1944/1944
f 1942/1942/1942 1945/1945/1945 1944/1944/1944
f 1948/1948/1948 1947/1947/1947 1946/1946/1946
f 1949/1949/1949 1948/1948/1948 1946/1946/1946
f 1949/1949/1949 1950/1950/1950 1948/1948/1948
f 1950/1950/1950 1951/1951/1951 1948/1948/1948
f 1949/1949/1949 1952/1952/1952 1950/1950/1950
f 1952/1952/1952 1953/1953/1953 1950/1950/1950
f 1954/1954/1954 1951/1951/1951 1950/1950/1950
f 1950/1950/1950 1953/1953/1953 1955/1955/1955
f 1956/1956/1956 1950/1950/1950 1955/1955/1955
f 1956/1956/1956 1954/1954/1954 1950/1950/1950
f 1956/1956/1956 1955/1955/1955 1957/1957/1957
f 1956/1956/1956 1957/1957/1957 1954/1954/1954
f 1955/1955/1955 1958/1958/1958 1957/1957/1957
f 1957/1957/1957 1958/1958/1958 1959/1959/1959
f 1960/1960/1960 1957/1957/1957 1959/1959/1959
f 1960/1960/1960 1961/1961/1961 1957/1957/1957
f 1957/1957/1957 1962/1962/1962 1954/1954/1954
f 1961/1961/1961 1962/1962/1962 1957/1957/1957
f 1954/1954/1954 1962/1962/1962 1963/1963/1963
f 1963/1963/1963 1962/1962/1962 1961/1961/1961
f 1964/1964/1964 1963/1963/1963 1961/1961/1961
f 1967/1967/1967 1966/1966/1966 1965/1965/1965
f 1968/1968/1968 1967/1967/1967 1965/1965/1965
f 1968/1968/1968 1965/1965/1965 1969/1969/1969
f 1968/1968/1968 1970/1970/1970 1967/1967/1967
f 1968/1968/1968 1969/1969/1969 1970/1970/1970
f 1969/1969/1969 1971/1971/1971 1970/1970/1970
f 1972/1972/1972 1971/1971/1971 1969/1969/1969
f 1973/1973/1973 1971/1971/1971 1972/1972/1972
f 1965/1965/1965 1974/1974/1974 1969/1969/1969
f 1975/1975/1975 1974/1974/1974 1965/1965/1965
f 1976/1976/1976 1975/1975/1975 1965/1965/1965
f 1976/1976/1976 1977/1977/1977 1975/1975/1975
f 1969/1969/1969 1974/1974/1974 1978/1978/1978
f 1978/1978/1978 1974/1974/1974 1975/1975/1975
f 1979/1979/1979 1972/1972/1972 1969/1969/1969
f 1979/1979/1979 1969/1969/1969 1978/1978/1978
f 1979/1979/1979 1980/1980/1980 1972/1972/1972
f 1979/1979/1979 1978/1978/1978 1980/1980/1980
f 1980/1980/1980 1981/1981/1981 1972/1972/1972
f 1978/1978/1978 1982/1982/1982 1980/1980/1980
f 1983/1983/1983 1978/1978/1978 1975/1975/1975
f 1983/1983/1983 1975/1975/1975 1984/1984/1984
f 1977/1977/1977 1985/1985/1985 1975/1975/1975
f 1975/1975/1975 1985/1985/1985 1984/1984/1984
f 1986/1986/1986 1985/1985/1985 1977/1977/1977
f 1984/1984/1984 1985/1985/1985 1986/1986/1986
f 1987/1987/1987 1986/1986/1986 1977/1977/1977
f 1987/1987/1987 1977/1977/1977 1988/1988/1988
f 1987/1987/1987 1988/1988/1988 1989/1989/1989
f 1987/1987/1987 1989/1989/1989 1986/1986/1986
f 1988/1988/1988 1990/1990/1990 1989/1989/1989
f 1991/1991/1991 1984/1984/1984 1986/1986/1986
f 1991/1991/1991 1992/1992/1992 1984/1984/1984
f 1992/1992/1992 1993/1993/1993 1984/1984/1984
f 1991/1991/1991 1986/1986/1986 1994/1994/1994
f 1991/1991/1991 1994/1994/1994 1992/1992/1992
f 1989/1989/1989 1995/1995/1995 1986/1986/1986
f 1986/1986/1986 1995/1995/1995 1994/1994/1994
f 1996/1996/1996 1995/1995/1995 1989/1989/1989
f 1994/1994/1994 1995/1995/1995 1996/1996/1996
f 1997/1997/1997 1996/1996/1996 1989/1989/1989
f 1994/1994/1994 1998/1998/1998 1992/1992/1992
f 1999/1999/1999 1998/1998/1998 1994/1994/1994
f 2000/2000/2000 1999/1999/1999 1994/1994/1994
f 2001/2001/2001 1998/1998/1998 1999/1999/1999
f 1992/1992/1992 1998/1998/1998 2001/2001/2001
f 2002/2002/2002 1992/1992/1992 2001/2001/2001
f 2002/2002/2002 2001/2001/2001 2003/2003/2003
f 2001/2001/2001 2004/2004/2004 2003/2003/2003
f 2007/2007/2007 2006/2006/2006 2005/2005/2005
f 2008/2008/2008 2007/2007/2007 2005/2005/2005
f 2008/2008/2008 2005/2005/2005 2009/2009/2009
f 2008/2008/2008 2010/2010/2010 2007/2007/2007
f 2008/2008/2008 2009/2009/2009 2010/2010/2010
f 2009/2009/2009 2011/2011/2011 2010/2010/2010
f 2010/2010/2010 2011/2011/2011 2012/2012/2012
f 2013/2013/2013 2010/2010/2010 2012/2012/2012
f 2012/2012/2012 2011/2011/2011 2014/2014/2014
f 2014/2014/2014 2011/2011/2011 2009/2009/2009
f 2015/2015/2015 2014/2014/2014 2009/2009/2009
f 2015/2015/2015 2009/2009/2009 2016/2016/2016
f 2015/2015/2015 2017/2017/2017 2014/2014/2014
f 2015/2015/2015 2016/2016/2016 2017/2017/2017
f 2017/2017/2017 2018/2018/2018 2014/2014/2014
f 2016/2016/2016 2019/2019/2019 2017/2017/2017
f 2020/2020/2020 2019/2019/2019 2016/2016/2016
f 2005/2005/2005 2021/2021/2021 2009/2009/2009
f 2009/2009/2009 2021/2021/2021 2016/2016/2016
f 2022/2022/2022 2021/2021/2021 2005/2005/2005
f 2016/2016/2016 2021/2021/2021 2022/2022/2022
f 2023/2023/2023 2020/2020/2020 2016/2016/2016
f 2023/2023/2023 2016/2016/2016 2022/2022/2022
f 2023/2023/2023 2024/2024/2024 2020/2020/2020
f 2023/2023/2023 2022/2022/2022 2024/2024/2024
f 2024/2024/2024 2025/2025/2025 2020/2020/2020
f 2026/2026/2026 2025/2025/2025 2024/2024/2024
f 2027/2027/2027 2026/2026/2026 2024/2024/2024
f 2027/2027/2027 2028/2028/2028 2026/2026/2026
f 2027/2027/2027 2024/2024/2024 2029/2029/2029
f 2030/2030/2030 2022/2022/2022 2005/2005/2005
f 2030/2030/2030 2005/2005/2005 2031/2031/2031
f 2030/2030/2030 2031/2031/2031 2032/2032/2032
f 2030/2030/2030 2032/2032/2032 2022/2022/2022
f 2031/2031/2031 2033/2033/2033 2032/2032/2032
f 2022/2022/2022 2034/2034/2034 2024/2024/2024
f 2032/2032/2032 2034/2034/2034 2022/2022/2022
f 2024/2024/2024 2034/2034/2034 2029/2029/2029
f 2029/2029/2029 2034/2034/2034 2032/2032/2032
f 2035/2035/2035 2029/2029/2029 2032/2032/2032
f 2035/2035/2035 2036/2036/2036 2029/2029/2029
f 2036/2036/2036 2037/2037/2037 2029/2029/2029
f 2040/2040/2040 2039/2039/2039 2038/2038/2038
f 2041/2041/2041 2040/2040/2040 2038/2038/2038
f 2041/2041/2041 2038/2038/2038 2042/2042/2042
f 2041/2041/2041 2043/2043/2043 2040/2040/2040
f 2041/2041/2041 2042/2042/2042 2043/2043/2043
f 2038/2038/2038 2044/2044/2044 2042/2042/2042
f 2045/2045/2045 2044/2044/2044 2038/2038/2038
f 2046/2046/2046 2045/2045/2045 2038/2038/2038
f 2046/2046/2046 2047/2047/2047 2045/2045/2045
f 2047/2047/2047 2048/2048/2048 2045/2045/2045
f 2049/2049/2049 2048/2048/2048 2047/2047/2047
f 2050/2050/2050 2044/2044/2044 2045/2045/2045
f 2042/2042/2042 2044/2044/2044 2050/2050/2050
f 2051/2051/2051 2050/2050/2050 2045/2045/2045
f 2051/2051/2051 2045/2045/2045 2052/2052/2052
f 2052/2052/2052 2053/2053/2053 2051/2051/2051
f 2054/2054/2054 2053/2053/2053 2052/2052/2052
f 2055/2055/2055 2042/2042/2042 2050/2050/2050
f 2055/2055/2055 2056/2056/2056 2042/2042/2042
f 2056/2056/2056 2057/2057/2057 2042/2042/2042
f 2042/2042/2042 2057/2057/2057 2043/2043/2043
f 2058/2058/2058 2057/2057/2057 2056/2056/2056
f 2043/2043/2043 2057/2057/2057 2058/2058/2058
f 2059/2059/2059 2058/2058/2058 2056/2056/2056
f 2059/2059/2059 2060/2060/2060 2058/2058/2058
f 2058/2058/2058 2060/2060/2060 2061/2061/2061
f 2062/2062/2062 2043/2043/2043 2058/2058/2058
f 2062/2062/2062 2058/2058/2058 2061/2061/2061
f 2062/2062/2062 2063/2063/2063 2043/2043/2043
f 2062/2062/2062 2061/2061/2061 2063/2063/2063
f 2063/2063/2063 2064/2064/2064 2043/2043/2043
f 2065/2065/2065 2064/2064/2064 2063/2063/2063
f 2043/2043/2043 2064/2064/2064 2040/2040/2040
f 2040/2040/2040 2064/2064/2064 2065/2065/2065
f 2066/2066/2066 2040/2040/2040 2065/2065/2065
f 2066/2066/2066 2065/2065/2065 2067/2067/2067
f 2061/2061/2061 2068/2068/2068 2063/2063/2063
f 2063/2063/2063 2068/2068/2068 2069/2069/2069
f 2070/2070/2070 2068/2068/2068 2061/2061/2061
f 2069/2069/2069 2068/2068/2068 2070/2070/2070
f 2071/2071/2071 2070/2070/2070 2061/2061/2061
f 2071/2071/2071 2061/2061/2061 2072/2072/2072
f 2073/2073/2073 2069/2069/2069 2070/2070/2070
f 2073/2073/2073 2074/2074/2074 2069/2069/2069
f 2075/2075/2075 2065/2065/2065 2063/2063/2063
f 2075/2075/2075 2063/2063/2063 2069/2069/2069
f 2075/2075/2075 2076/2076/2076 2065/2065/2065
f 2075/2075/2075 2069/2069/2069 2076/2076/2076
f 2074/2074/2074 2077/2077/2077 2069/2069/2069
f 2069/2069/2069 2077/2077/2077 2076/2076/2076
f 2078/2078/2078 2077/2077/2077 2074/2074/2074
f 2076/2076/2076 2077/2077/2077 2078/2078/2078
f 2079/2079/2079 2078/2078/2078 2074/2074/2074
f 2079/2079/2079 2080/2080/2080 2078/2078/2078
f 2078/2078/2078 2080/2080/2080 2081/2081/2081
f 2076/2076/2076 2082/2082/2082 2065/2065/2065
f 2083/2083/2083 2082/2082/2082 2076/2076/2076
f 2065/2065/2065 2082/2082/2082 2067/2067/2067
f 2067/2067/2067 2082/2082/2082 2083/2083/2083
f 2084/2084/2084 2076/2076/2076 2078/2078/2078
f 2084/2084/2084 2078/2078/2078 2081/2081/2081
f 2084/2084/2084 2083/2083/2083 2076/2076/2076
f 2084/2084/2084 2081/2081/2081 2083/2083/2083
f 2085/2085/2085 2067/2067/2067 2083/2083/2083
f 2085/2085/2085 2083/2083/2083 2086/2086/2086
f 2085/2085/2085 2087/2087/2087 2067/2067/2067
f 2085/2085/2085 2086/2086/2086 2087/2087/2087
f 2087/2087/2087 2088/2088/2088 2067/2067/2067
f 2081/2081/2081 2089/2089/2089 2083/2083/2083
f 2083/2083/2083 2089/2089/2089 2086/2086/2086
f 2090/2090/2090 2089/2089/2089 2081/2081/2081
f 2086/2086/2086 2089/2089/2089 2090/2090/2090
f 2091/2091/2091 2090/2090/2090 2081/2081/2081
f 2091/2091/2091 2081/2081/2081 2092/2092/2092
f 2093/2093/2093 2086/2086/2086 2090/2090/2090
f 2093/2093/2093 2094/2094/2094 2086/2086/2086
f 2086/2086/2086 2095/2095/2095 2087/2087/2087
f 2094/2094/2094 2095/2095/2095 2086/2086/2086
f 2087/2087/2087 2095/2095/2095 2096/2096/2096
f 2096/2096/2096 2095/2095/2095 2094/2094/2094
f 2097/2097/2097 2087/2087/2087 2096/2096/2096
f 2098/2098/2098 2096/2096/2096 2094/2094/2094
f 2097/2097/2097 2096/2096/2096 2099/2099/2099
f 2098/2098/2098 2100/2100/2100 2096/2096/2096
f 2096/2096/2096 2100/2100/2100 2099/2099/2099
f 2103/2103/2103 2102/2102/2102 2101/2101/2101
f 2104/2104/2104 2103/2103/2103 2101/2101/2101
f 2104/2104/2104 2101/2101/2101 2105/2105/2105
f 2104/2104/2104 2106/2106/2106 2103/2103/2103
f 2104/2104/2104 2105/2105/2105 2106/2106/2106
f 2106/2106/2106 2107/2107/2107 2103/2103/2103
f 2101/2101/2101 2108/2108/2108 2105/2105/2105
f 2109/2109/2109 2108/2108/2108 2101/2101/2101
f 2110/2110/2110 2109/2109/2109 2101/2101/2101
f 2105/2105/2105 2108/2108/2108 2111/2111/2111
f 2112/2112/2112 2105/2105/2105 2111/2111/2111
f 2112/2112/2112 2113/2113/2113 2105/2105/2105
f 2113/2113/2113 2114/2114/2114 2105/2105/2105
f 2105/2105/2105 2114/2114/2114 2106/2106/2106
f 2106/2106/2106 2114/2114/2114 2115/2115/2115
f 2116/2116/2116 2106/2106/2106 2115/2115/2115
f 2116/2116/2116 2117/2117/2117 2106/2106/2106
f 2120/2120/2120 2119/2119/2119 2118/2118/2118
f 2121/2121/2121 2119/2119/2119 2120/2120/2120
f 2122/2122/2122 2121/2121/2121 2120/2120/2120
f 2122/2122/2122 2120/2120/2120 2123/2123/2123
f 2120/2120/2120 2124/2124/2124 2123/2123/2123
f 2125/2125/2125 2124/2124/2124 2120/2120/2120
f 2126/2126/2126 2125/2125/2125 2120/2120/2120
f 2123/2123/2123 2124/2124/2124 2127/2127/2127
f 2128/2128/2128 2123/2123/2123 2127/2127/2127
f 2128/2128/2128 2127/2127/2127 2129/2129/2129
f 2127/2127/2127 2130/2130/2130 2129/2129/2129
f 2129/2129/2129 2130/2130/2130 2131/2131/2131
f 2131/2131/2131 2130/2130/2130 2127/2127/2127
f 2132/2132/2132 2129/2129/2129 2131/2131/2131
f 2133/2133/2133 2131/2131/2131 2127/2127/2127
f 2132/2132/2132 2131/2131/2131 2134/2134/2134
f 2133/2133/2133 2135/2135/2135 2131/2131/2131
f 2131/2131/2131 2136/2136/2136 2134/2134/2134
f 2135/2135/2135 2136/2136/2136 2131/2131/2131
f 2139/2139/2139 2138/2138/2138 2137/2137/2137
f 2138/2138/2138 2140/2140/2140 2137/2137/2137
f 2137/2137/2137 2140/2140/2140 2141/2141/2141
f 2142/2142/2142 2140/2140/2140 2138/2138/2138
f 2141/2141/2141 2140/2140/2140 2142/2142/2142
f 2143/2143/2143 2137/2137/2137 2141/2141/2141
f 2144/2144/2144 2142/2142/2142 2138/2138/2138
f 2144/2144/2144 2145/2145/2145 2142/2142/2142
f 2145/2145/2145 2146/2146/2146 2142/2142/2142
f 2142/2142/2142 2146/2146/2146 2147/2147/2147
f 2147/2147/2147 2146/2146/2146 2148/2148/2148
f 2149/2149/2149 2147/2147/2147 2148/2148/2148
f 2149/2149/2149 2150/2150/2150 2147/2147/2147
f 2150/2150/2150 2151/2151/2151 2147/2147/2147
f 2147/2147/2147 2151/2151/2151 2152/2152/2152
f 2152/2152/2152 2151/2151/2151 2153/2153/2153
f 2154/2154/2154 2152/2152/2152 2153/2153/2153
f 2143/2143/2143 2141/2141/2141 2155/2155/2155
f 2154/2154/2154 2156/2156/2156 2152/2152/2152
f 2157/2157/2157 2155/2155/2155 2156/2156/2156
f 2158/2158/2158 2142/2142/2142 2147/2147/2147
f 2158/2158/2158 2141/2141/2141 2142/2142/2142
f 2158/2158/2158 2147/2147/2147 2152/2152/2152
f 2158/2158/2158 2152/2152/2152 2141/2141/2141
f 2156/2156/2156 2159/2159/2159 2152/2152/2152
f 2155/2155/2155 2159/2159/2159 2156/2156/2156
f 2141/2141/2141 2159/2159/2159 2155/2155/2155
f 2152/2152/2152 2159/2159/2159 2141/2141/2141
f 2162/2162/2162 2161/2161/2161 2160/2160/2160
f 2161/2161/2161 2163/2163/2163 2160/2160/2160
f 2164/2164/2164 2163/2163/2163 2161/2161/2161
f 2160/2160/2160 2163/2163/2163 2165/2165/2165
f 2165/2165/2165 2163/2163/2163 2164/2164/2164
f 2166/2166/2166 2164/2164/2164 2161/2161/2161
f 2166/2166/2166 2167/2167/2167 2164/2164/2164
f 2167/2167/2167 2168/2168/2168 2164/2164/2164
f 2164/2164/2164 2168/2168/2168 2169/2169/2169
f 2170/2170/2170 2160/2160/2160 2165/2165/2165
f 2170/2170/2170 2171/2171/2171 2160/2160/2160
f 2170/2170/2170 2165/2165/2165 2172/2172/2172
f 2165/2165/2165 2173/2173/2173 2172/2172/2172
f 2174/2174/2174 2173/2173/2173 2165/2165/2165
f 2175/2175/2175 2165/2165/2165 2164/2164/2164
f 2175/2175/2175 2164/2164/2164 2169/2169/2169
f 2175/2175/2175 2174/2174/2174 2165/2165/2165
f 2175/2175/2175 2169/2169/2169 2174/2174/2174
f 2169/2169/2169 2176/2176/2176 2174/2174/2174
f 2174/2174/2174 2176/2176/2176 2177/2177/2177
f 2180/2180/2180 2179/2179/2179 2178/2178/2178
f 2181/2181/2181 2180/2180/2180 2178/2178/2178
f 2181/2181/2181 2178/2178/2178 2182/2182/2182
f 2181/2181/2181 2183/2183/2183 2180/2180/2180
f 2181/2181/2181 2182/2182/2182 2183/2183/2183
f 2178/2178/2178 2184/2184/2184 2182/2182/2182
f 2182/2182/2182 2184/2184/2184 2185/2185/2185
f 2182/2182/2182 2186/2186/2186 2183/2183/2183
f 2183/2183/2183 2186/2186/2186 2187/2187/2187
f 2188/2188/2188 2186/2186/2186 2182/2182/2182
f 2187/2187/2187 2186/2186/2186 2188/2188/2188
f 2189/2189/2189 2183/2183/2183 2187/2187/2187
f 2190/2190/2190 2182/2182/2182 2185/2185/2185
f 2190/2190/2190 2188/2188/2188 2182/2182/2182
f 2190/2190/2190 2185/2185/2185 2191/2191/2191
f 2190/2190/2190 2191/2191/2191 2188/2188/2188
f 2185/2185/2185 2192/2192/2192 2191/2191/2191
f 2191/2191/2191 2192/2192/2192 2193/2193/2193
f 2189/2189/2189 2187/2187/2187 2194/2194/2194
f 2189/2189/2189 2194/2194/2194 2195/2195/2195
f 2194/2194/2194 2196/2196/2196 2195/2195/2195
f 2195/2195/2195 2196/2196/2196 2197/2197/2197
f 2197/2197/2197 2196/2196/2196 2194/2194/2194
f 2187/2187/2187 2198/2198/2198 2194/2194/2194
f 2199/2199/2199 2198/2198/2198 2187/2187/2187
f 2200/2200/2200 2198/2198/2198 2199/2199/2199
f 2201/2201/2201 2200/2200/2200 2199/2199/2199
f 2201/2201/2201 2199/2199/2199 2202/2202/2202
f 2203/2203/2203 2199/2199/2199 2187/2187/2187
f 2203/2203/2203 2204/2204/2204 2199/2199/2199
f 2203/2203/2203 2187/2187/2187 2188/2188/2188
f 2203/2203/2203 2188/2188/2188 2204/2204/2204
f 2199/2199/2199 2205/2205/2205 2202/2202/2202
f 2204/2204/2204 2205/2205/2205 2199/2199/2199
f 2202/2202/2202 2205/2205/2205 2206/2206/2206
f 2206/2206/2206 2205/2205/2205 2204/2204/2204
f 2188/2188/2188 2207/2207/2207 2204/2204/2204
f 2204/2204/2204 2207/2207/2207 2208/2208/2208
f 2191/2191/2191 2207/2207/2207 2188/2188/2188
f 2208/2208/2208 2207/2207/2207 2191/2191/2191
f 2209/2209/2209 2206/2206/2206 2204/2204/2204
f 2209/2209/2209 2204/2204/2204 2208/2208/2208
f 2209/2209/2209 2210/2210/2210 2206/2206/2206
f 2209/2209/2209 2208/2208/2208 2210/2210/2210
f 2210/2210/2210 2211/2211/2211 2206/2206/2206
f 2212/2212/2212 2211/2211/2211 2210/2210/2210
f 2213/2213/2213 2212/2212/2212 2210/2210/2210
f 2213/2213/2213 2210/2210/2210 2214/2214/2214
f 2210/2210/2210 2215/2215/2215 2214/2214/2214
f 2208/2208/2208 2215/2215/2215 2210/2210/2210
f 2214/2214/2214 2215/2215/2215 2216/2216/2216
f 2216/2216/2216 2215/2215/2215 2208/2208/2208
f 2217/2217/2217 2214/2214/2214 2216/2216/2216
f 2217/2217/2217 2216/2216/2216 2218/2218/2218
f 2216/2216/2216 2219/2219/2219 2218/2218/2218
f 2193/2193/2193 2219/2219/2219 2216/2216/2216
f 2220/2220/2220 2216/2216/2216 2208/2208/2208
f 2220/2220/2220 2193/2193/2193 2216/2216/2216
f 2220/2220/2220 2208/2208/2208 2191/2191/2191
f 2220/2220/2220 2191/2191/2191 2193/2193/2193
f 2223/2223/2223 2222/2222/2222 2221/2221/2221
f 2222/2222/2222 2224/2224/2224 2221/2221/2221
f 2221/2221/2221 2224/2224/2224 2225/2225/2225
f 2226/2226/2226 2221/2221/2221 2225/2225/2225
f 2225/2225/2225 2224/2224/2224 2227/2227/2227
f 2226/2226/2226 2225/2225/2225 2228/2228/2228
f 2229/2229/2229 2225/2225/2225 2227/2227/2227
f 2229/2229/2229 2227/2227/2227 2230/2230/2230
f 2229/2229/2229 2231/2231/2231 2225/2225/2225
f 2229/2229/2229 2230/2230/2230 2231/2231/2231
f 2227/2227/2227 2232/2232/2232 2230/2230/2230
f 2225/2225/2225 2233/2233/2233 2228/2228/2228
f 2231/2231/2231 2233/2233/2233 2225/2225/2225
f 2228/2228/2228 2233/2233/2233 2234/2234/2234
f 2234/2234/2234 2233/2233/2233 2231/2231/2231
f 2235/2235/2235 2228/2228/2228 2234/2234/2234
f 2235/2235/2235 2234/2234/2234 2236/2236/2236
f 2234/2234/2234 2237/2237/2237 2236/2236/2236
f 2238/2238/2238 2237/2237/2237 2234/2234/2234
f 2230/2230/2230 2232/2232/2232 2239/2239/2239
f 2239/2239/2239 2232/2232/2232 2240/2240/2240
f 2241/2241/2241 2230/2230/2230 2239/2239/2239
f 2241/2241/2241 2242/2242/2242 2230/2230/2230
f 2243/2243/2243 2238/2238/2238 2234/2234/2234
f 2243/2243/2243 2234/2234/2234 2231/2231/2231
f 2243/2243/2243 2244/2244/2244 2238/2238/2238
f 2243/2243/2243 2231/2231/2231 2244/2244/2244
f 2244/2244/2244 2245/2245/2245 2238/2238/2238
f 2246/2246/2246 2245/2245/2245 2244/2244/2244
f 2247/2247/2247 2246/2246/2246 2244/2244/2244
f 2247/2247/2247 2244/2244/2244 2242/2242/2242
f 2230/2230/2230 2248/2248/2248 2231/2231/2231
f 2242/2242/2242 2248/2248/2248 2230/2230/2230
f 2244/2244/2244 2248/2248/2248 2242/2242/2242
f 2231/2231/2231 2248/2248/2248 2244/2244/2244
f 2251/2251/2251 2250/2250/2250 2249/2249/2249
f 2251/2251/2251 2252/2252/2252 2250/2250/2250
f 2252/2252/2252 2253/2253/2253 2250/2250/2250
f 2251/2251/2251 2254/2254/2254 2252/2252/2252
f 2255/2255/2255 2253/2253/2253 2252/2252/2252
f 2254/2254/2254 2256/2256/2256 2252/2252/2252
f 2252/2252/2252 2256/2256/2256 2257/2257/2257
f 2258/2258/2258 2255/2255/2255 2252/2252/2252
f 2258/2258/2258 2252/2252/2252 2257/2257/2257
f 2259/2259/2259 2256/2256/2256 2254/2254/2254
f 2257/2257/2257 2256/2256/2256 2259/2259/2259
f 2260/2260/2260 2259/2259/2259 2254/2254/2254
f 2260/2260/2260 2254/2254/2254 2261/2261/2261
f 2254/2254/2254 2262/2262/2262 2261/2261/2261
f 2263/2263/2263 2257/2257/2257 2259/2259/2259
f 2263/2263/2263 2264/2264/2264 2257/2257/2257
f 2264/2264/2264 2265/2265/2265 2257/2257/2257
f 2257/2257/2257 2265/2265/2265 2266/2266/2266
f 2258/2258/2258 2257/2257/2257 2266/2266/2266
f 2258/2258/2258 2266/2266/2266 2255/2255/2255
f 2266/2266/2266 2267/2267/2267 2255/2255/2255
f 2255/2255/2255 2267/2267/2267 2268/2268/2268
f 2269/2269/2269 2255/2255/2255 2268/2268/2268
f 2269/2269/2269 2270/2270/2270 2255/2255/2255
f 2273/2273/2273 2272/2272/2272 2271/2271/2271
f 2272/2272/2272 2274/2274/2274 2271/2271/2271
f 2275/2275/2275 2274/2274/2274 2272/2272/2272
f 2276/2276/2276 2274/2274/2274 2275/2275/2275
f 2277/2277/2277 2276/2276/2276 2275/2275/2275
f 2277/2277/2277 2275/2275/2275 2278/2278/2278
f 2275/2275/2275 2279/2279/2279 2278/2278/2278
f 2280/2280/2280 2279/2279/2279 2275/2275/2275
f 2281/2281/2281 2279/2279/2279 2280/2280/2280
f 2282/2282/2282 2281/2281/2281 2280/2280/2280
f 2282/2282/2282 2280/2280/2280 2283/2283/2283
f 2280/2280/2280 2284/2284/2284 2283/2283/2283
f 2285/2285/2285 2284/2284/2284 2280/2280/2280
f 2286/2286/2286 2284/2284/2284 2285/2285/2285
f 2287/2287/2287 2286/2286/2286 2285/2285/2285
f 2287/2287/2287 2285/2285/2285 2288/2288/2288
f 2289/2289/2289 2280/2280/2280 2275/2275/2275
f 2289/2289/2289 2285/2285/2285 2280/2280/2280
f 2289/2289/2289 2275/2275/2275 2272/2272/2272
f 2289/2289/2289 2272/2272/2272 2285/2285/2285
f 2272/2272/2272 2290/2290/2290 2285/2285/2285
f 2285/2285/2285 2290/2290/2290 2288/2288/2288
f 2291/2291/2291 2290/2290/2290 2272/2272/2272
f 2288/2288/2288 2290/2290/2290 2291/2291/2291
f 2292/2292/2292 2288/2288/2288 2291/2291/2291
f 2292/2292/2292 2291/2291/2291 2293/2293/2293
f 2291/2291/2291 2294/2294/2294 2293/2293/2293
f 2293/2293/2293 2294/2294/2294 2295/2295/2295
f 2298/2298/2298 2297/2297/2297 2296/2296/2296
f 2298/2298/2298 2299/2299/2299 2297/2297/2297
f 2299/2299/2299 2300/2300/2300 2297/2297/2297
f 2299/2299/2299 2302/2302/2302 2301/2301/2301
f 2304/2304/2304 2303/2303/2303 2301/2301/2301
f 2304/2304/2304 2305/2305/2305 2303/2303/2303
f 2305/2305/2305 2306/2306/2306 2303/2303/2303
f 2307/2307/2307 2306/2306/2306 2305/2305/2305
f 2303/2303/2303 2306/2306/2306 2308/2308/2308
f 2308/2308/2308 2306/2306/2306 2307/2307/2307
f 2309/2309/2309 2308/2308/2308 2307/2307/2307
f 2309/2309/2309 2310/2310/2310 2308/2308/2308
f 2309/2309/2309 2311/2311/2311 2310/2310/2310
f 2309/2309/2309 2307/2307/2307 2311/2311/2311
f 2307/2307/2307 2312/2312/2312 2311/2311/2311
f 2313/2313/2313 2312/2312/2312 2307/2307/2307
f 2314/2314/2314 2307/2307/2307 2305/2305/2305
f 2314/2314/2314 2313/2313/2313 2307/2307/2307
f 2314/2314/2314 2305/2305/2305 2315/2315/2315
f 2314/2314/2314 2315/2315/2315 2313/2313/2313
f 2305/2305/2305 2316/2316/2316 2315/2315/2315
f 2315/2315/2315 2317/2317/2317 2313/2313/2313
f 2318/2318/2318 2317/2317/2317 2315/2315/2315
f 2319/2319/2319 2318/2318/2318 2315/2315/2315
f 2319/2319/2319 2320/2320/2320 2318/2318/2318
f 2313/2313/2313 2317/2317/2317 2321/2321/2321
f 2321/2321/2321 2317/2317/2317 2318/2318/2318
f 2322/2322/2322 2313/2313/2313 2321/2321/2321
f 2322/2322/2322 2321/2321/2321 2323/2323/2323
f 2324/2324/2324 2321/2321/2321 2318/2318/2318
f 2324/2324/2324 2318/2318/2318 2325/2325/2325
f 2324/2324/2324 2326/2326/2326 2321/2321/2321
f 2324/2324/2324 2325/2325/2325 2326/2326/2326
f 2325/2325/2325 2327/2327/2327 2326/2326/2326
f 2328/2328/2328 2327/2327/2327 2325/2325/2325
f 2329/2329/2329 2328/2328/2328 2325/2325/2325
f 2329/2329/2329 2325/2325/2325 2320/2320/2320
f 2318/2318/2318 2330/2330/2330 2325/2325/2325
f 2320/2320/2320 2330/2330/2330 2318/2318/2318
f 2325/2325/2325 2330/2330/2330 2320/2320/2320
f 2333/2333/2333 2332/2332/2332 2331/2331/2331
f 2332/2332/2332 2334/2334/2334 2331/2331/2331
f 2331/2331/2331 2334/2334/2334 2335/2335/2335
f 2336/2336/2336 2334/2334/2334 2332/2332/2332
f 2335/2335/2335 2334/2334/2334 2336/2336/2336
f 2337/2337/2337 2331/2331/2331 2335/2335/2335
f 2337/2337/2337 2335/2335/2335 2338/2338/2338
f 2339/2339/2339 2336/2336/2336 2332/2332/2332
f 2339/2339/2339 2332/2332/2332 2340/2340/2340
f 2332/2332/2332 2341/2341/2341 2340/2340/2340
f 2339/2339/2339 2340/2340/2340 2342/2342/2342
f 2339/2339/2339 2342/2342/2342 2336/2336/2336
f 2342/2342/2342 2343/2343/2343 2336/2336/2336
f 2336/2336/2336 2343/2343/2343 2344/2344/2344
f 2345/2345/2345 2343/2343/2343 2342/2342/2342
f 2344/2344/2344 2343/2343/2343 2345/2345/2345
f 2346/2346/2346 2335/2335/2335 2336/2336/2336
f 2346/2346/2346 2336/2336/2336 2344/2344/2344
f 2346/2346/2346 2347/2347/2347 2335/2335/2335
f 2346/2346/2346 2344/2344/2344 2347/2347/2347
f 2335/2335/2335 2348/2348/2348 2338/2338/2338
f 2347/2347/2347 2348/2348/2348 2335/2335/2335
f 2338/2338/2338 2348/2348/2348 2347/2347/2347
f 2349/2349/2349 2344/2344/2344 2345/2345/2345
f 2349/2349/2349 2350/2350/2350 2344/2344/2344
f 2349/2349/2349 2345/2345/2345 2351/2351/2351
f 2349/2349/2349 2351/2351/2351 2350/2350/2350
f 2344/2344/2344 2352/2352/2352 2347/2347/2347
f 2350/2350/2350 2352/2352/2352 2344/2344/2344
f 2347/2347/2347 2352/2352/2352 2353/2353/2353
f 2353/2353/2353 2352/2352/2352 2350/2350/2350
f 2354/2354/2354 2338/2338/2338 2347/2347/2347
f 2354/2354/2354 2347/2347/2347 2353/2353/2353
f 2354/2354/2354 2355/2355/2355 2338/2338/2338
f 2354/2354/2354 2353/2353/2353 2355/2355/2355
f 2351/2351/2351 2356/2356/2356 2350/2350/2350
f 2357/2357/2357 2356/2356/2356 2351/2351/2351
f 2350/2350/2350 2356/2356/2356 2358/2358/2358
f 2358/2358/2358 2356/2356/2356 2357/2357/2357
f 2359/2359/2359 2353/2353/2353 2350/2350/2350
f 2359/2359/2359 2350/2350/2350 2358/2358/2358
f 2359/2359/2359 2360/2360/2360 2353/2353/2353
f 2359/2359/2359 2358/2358/2358 2360/2360/2360
f 2353/2353/2353 2361/2361/2361 2355/2355/2355
f 2360/2360/2360 2361/2361/2361 2353/2353/2353
f 2362/2362/2362 2361/2361/2361 2360/2360/2360
f 2355/2355/2355 2361/2361/2361 2362/2362/2362
f 2363/2363/2363 2358/2358/2358 2357/2357/2357
f 2363/2363/2363 2364/2364/2364 2358/2358/2358
f 2363/2363/2363 2357/2357/2357 2365/2365/2365
f 2363/2363/2363 2365/2365/2365 2364/2364/2364
f 2357/2357/2357 2366/2366/2366 2365/2365/2365
f 2367/2367/2367 2366/2366/2366 2357/2357/2357
f 2365/2365/2365 2366/2366/2366 2367/2367/2367
f 2365/2365/2365 2368/2368/2368 2364/2364/2364
f 2364/2364/2364 2368/2368/2368 2369/2369/2369
f 2370/2370/2370 2364/2364/2364 2369/2369/2369
f 2370/2370/2370 2371/2371/2371 2364/2364/2364
f 2370/2370/2370 2369/2369/2369 2372/2372/2372
f 2370/2370/2370 2372/2372/2372 2371/2371/2371
f 2369/2369/2369 2373/2373/2373 2372/2372/2372
f 2372/2372/2372 2374/2374/2374 2371/2371/2371
f 2371/2371/2371 2374/2374/2374 2375/2375/2375
f 2376/2376/2376 2371/2371/2371 2375/2375/2375
f 2376/2376/2376 2360/2360/2360 2371/2371/2371
f 2376/2376/2376 2362/2362/2362 2360/2360/2360
f 2376/2376/2376 2375/2375/2375 2362/2362/2362
f 2375/2375/2375 2377/2377/2377 2362/2362/2362
f 2362/2362/2362 2377/2377/2377 2378/2378/2378
f 2379/2379/2379 2362/2362/2362 2378/2378/2378
f 2379/2379/2379 2355/2355/2355 2362/2362/2362
f 2379/2379/2379 2378/2378/2378 2380/2380/2380
f 2379/2379/2379 2380/2380/2380 2355/2355/2355
f 2378/2378/2378 2381/2381/2381 2380/2380/2380
f 2380/2380/2380 2382/2382/2382 2355/2355/2355
f 2385/2385/2385 2384/2384/2384 2383/2383/2383
f 2383/2383/2383 2384/2384/2384 2386/2386/2386
f 2386/2386/2386 2387/2387/2387 2383/2383/2383
f 2386/2386/2386 2388/2388/2388 2387/2387/2387
f 2388/2388/2388 2389/2389/2389 2387/2387/2387
f 2390/2390/2390 2389/2389/2389 2388/2388/2388
f 2391/2391/2391 2390/2390/2390 2388/2388/2388
f 2391/2391/2391 2392/2392/2392 2390/2390/2390
f 2387/2387/2387 2389/2389/2389 2393/2393/2393
f 2393/2393/2393 2389/2389/2389 2390/2390/2390
f 2394/2394/2394 2387/2387/2387 2393/2393/2393
f 2394/2394/2394 2395/2395/2395 2387/2387/2387
f 2395/2395/2395 2396/2396/2396 2387/2387/2387
f 2397/2397/2397 2396/2396/2396 2395/2395/2395
f 2392/2392/2392 2398/2398/2398 2390/2390/2390
f 2399/2399/2399 2398/2398/2398 2392/2392/2392
f 2390/2390/2390 2398/2398/2398 2400/2400/2400
f 2400/2400/2400 2398/2398/2398 2399/2399/2399
f 2401/2401/2401 2399/2399/2399 2392/2392/2392
f 2401/2401/2401 2402/2402/2402 2399/2399/2399
f 2403/2403/2403 2393/2393/2393 2390/2390/2390
f 2403/2403/2403 2390/2390/2390 2400/2400/2400
f 2403/2403/2403 2404/2404/2404 2393/2393/2393
f 2403/2403/2403 2400/2400/2400 2404/2404/2404
f 2404/2404/2404 2405/2405/2405 2393/2393/2393
f 2402/2402/2402 2406/2406/2406 2399/2399/2399
f 2407/2407/2407 2406/2406/2406 2402/2402/2402
f 2399/2399/2399 2406/2406/2406 2407/2407/2407
f 2408/2408/2408 2407/2407/2407 2402/2402/2402
f 2408/2408/2408 2409/2409/2409 2407/2407/2407
f 2410/2410/2410 2400/2400/2400 2399/2399/2399
f 2410/2410/2410 2399/2399/2399 2407/2407/2407
f 2410/2410/2410 2411/2411/2411 2400/2400/2400
f 2410/2410/2410 2407/2407/2407 2411/2411/2411
f 2400/2400/2400 2412/2412/2412 2404/2404/2404
f 2411/2411/2411 2412/2412/2412 2400/2400/2400
f 2404/2404/2404 2412/2412/2412 2413/2413/2413
f 2413/2413/2413 2412/2412/2412 2411/2411/2411
f 2414/2414/2414 2404/2404/2404 2413/2413/2413
f 2414/2414/2414 2413/2413/2413 2415/2415/2415
f 2409/2409/2409 2416/2416/2416 2407/2407/2407
f 2407/2407/2407 2416/2416/2416 2411/2411/2411
f 2417/2417/2417 2416/2416/2416 2409/2409/2409
f 2411/2411/2411 2416/2416/2416 2417/2417/2417
f 2418/2418/2418 2417/2417/2417 2409/2409/2409
f 2418/2418/2418 2419/2419/2419 2417/2417/2417
f 2420/2420/2420 2413/2413/2413 2411/2411/2411
f 2420/2420/2420 2411/2411/2411 2417/2417/2417
f 2420/2420/2420 2421/2421/2421 2413/2413/2413
f 2420/2420/2420 2417/2417/2417 2421/2421/2421
f 2419/2419/2419 2422/2422/2422 2417/2417/2417
f 2417/2417/2417 2422/2422/2422 2421/2421/2421
f 2423/2423/2423 2422/2422/2422 2419/2419/2419
f 2421/2421/2421 2422/2422/2422 2423/2423/2423
f 2424/2424/2424 2423/2423/2423 2419/2419/2419
f 2424/2424/2424 2425/2425/2425 2423/2423/2423
f 2413/2413/2413 2426/2426/2426 2415/2415/2415
f 2421/2421/2421 2426/2426/2426 2413/2413/2413
f 2427/2427/2427 2426/2426/2426 2421/2421/2421
f 2415/2415/2415 2426/2426/2426 2427/2427/2427
f 2428/2428/2428 2421/2421/2421 2423/2423/2423
f 2428/2428/2428 2427/2427/2427 2421/2421/2421
f 2428/2428/2428 2423/2423/2423 2429/2429/2429
f 2428/2428/2428 2429/2429/2429 2427/2427/2427
f 2425/2425/2425 2430/2430/2430 2423/2423/2423
f 2423/2423/2423 2430/2430/2430 2429/2429/2429
f 2429/2429/2429 2430/2430/2430 2425/2425/2425
f 2431/2431/2431 2429/2429/2429 2425/2425/2425
f 2431/2431/2431 2432/2432/2432 2429/2429/2429
f 2432/2432/2432 2433/2433/2433 2429/2429/2429
f 2429/2429/2429 2433/2433/2433 2427/2427/2427
f 2434/2434/2434 2433/2433/2433 2432/2432/2432
f 2427/2427/2427 2433/2433/2433 2434/2434/2434
f 2435/2435/2435 2434/2434/2434 2432/2432/2432
f 2435/2435/2435 2436/2436/2436 2434/2434/2434
f 2437/2437/2437 2415/2415/2415 2427/2427/2427
f 2437/2437/2437 2427/2427/2427 2434/2434/2434
f 2437/2437/2437 2438/2438/2438 2415/2415/2415
f 2437/2437/2437 2434/2434/2434 2438/2438/2438
f 2438/2438/2438 2439/2439/2439 2415/2415/2415
f 2436/2436/2436 2440/2440/2440 2434/2434/2434
f 2434/2434/2434 2440/2440/2440 2438/2438/2438
f 2441/2441/2441 2440/2440/2440 2436/2436/2436
f 2438/2438/2438 2440/2440/2440 2441/2441/2441
f 2442/2442/2442 2441/2441/2441 2436/2436/2436
f 2443/2443/2443 2438/2438/2438 2441/2441/2441
f 2442/2442/2442 2444/2444/2444 2441/2441/2441
f 2443/2443/2443 2441/2441/2441 2445/2445/2445
f 2446/2446/2446 2445/2445/2445 2444/2444/2444
f 2441/2441/2441 2447/2447/2447 2445/2445/2445
f 2444/2444/2444 2447/2447/2447 2441/2441/2441
f 2445/2445/2445 2447/2447/2447 2444/2444/2444
f 2450/2450/2450 2449/2449/2449 2448/2448/2448
f 2449/2449/2449 2451/2451/2451 2448/2448/2448
f 2448/2448/2448 2451/2451/2451 2452/2452/2452
f 2453/2453/2453 2451/2451/2451 2449/2449/2449
f 2452/2452/2452 2451/2451/2451 2453/2453/2453
f 2454/2454/2454 2448/2448/2448 2452/2452/2452
f 2455/2455/2455 2453/2453/2453 2449/2449/2449
f 2455/2455/2455 2456/2456/2456 2453/2453/2453
f 2456/2456/2456 2457/2457/2457 2453/2453/2453
f 2453/2453/2453 2457/2457/2457 2458/2458/2458
f 2458/2458/2458 2457/2457/2457 2459/2459/2459
f 2460/2460/2460 2458/2458/2458 2459/2459/2459
f 2460/2460/2460 2461/2461/2461 2458/2458/2458
f 2461/2461/2461 2462/2462/2462 2458/2458/2458
f 2458/2458/2458 2462/2462/2462 2463/2463/2463
f 2463/2463/2463 2462/2462/2462 2464/2464/2464
f 2465/2465/2465 2463/2463/2463 2464/2464/2464
f 2454/2454/2454 2452/2452/2452 2466/2466/2466
f 2465/2465/2465 2467/2467/2467 2463/2463/2463
f 2468/2468/2468 2466/2466/2466 2467/2467/2467
f 2469/2469/2469 2453/2453/2453 2458/2458/2458
f 2469/2469/2469 2452/2452/2452 2453/2453/2453
f 2469/2469/2469 2458/2458/2458 2463/2463/2463
f 2469/2469/2469 2463/2463/2463 2452/2452/2452
f 2467/2467/2467 2470/2470/2470 2463/2463/2463
f 2466/2466/2466 2470/2470/2470 2467/2467/2467
f 2452/2452/2452 2470/2470/2470 2466/2466/2466
f 2463/2463/2463 2470/2470/2470 2452/2452/2452
f 2473/2473/2473 2472/2472/2472 2471/2471/2471
f 2474/2474/2474 2472/2472/2472 2473/2473/2473
f 2477/2477/2477 2476/2476/2476 2475/2475/2475
f 2475/2475/2475 2476/2476/2476 2478/2478/2478
f 2479/2479/2479 2475/2475/2475 2478/2478/2478
f 2478/2478/2478 2476/2476/2476 2480/2480/2480
f 2479/2479/2479 2478/2478/2478 2481/2481/2481
f 2482/2482/2482 2478/2478/2478 2480/2480/2480
f 2482/2482/2482 2483/2483/2483 2478/2478/2478
f 2482/2482/2482 2480/2480/2480 2484/2484/2484
f 2482/2482/2482 2484/2484/2484 2483/2483/2483
f 2480/2480/2480 2485/2485/2485 2484/2484/2484
f 2484/2484/2484 2486/2486/2486 2483/2483/2483
f 2483/2483/2483 2486/2486/2486 2487/2487/2487
f 2478/2478/2478 2488/2488/2488 2481/2481/2481
f 2483/2483/2483 2488/2488/2488 2478/2478/2478
f 2481/2481/2481 2488/2488/2488 2489/2489/2489
f 2489/2489/2489 2488/2488/2488 2483/2483/2483
f 2490/2490/2490 2481/2481/2481 2489/2489/2489
f 2490/2490/2490 2489/2489/2489 2491/2491/2491
f 2490/2490/2490 2491/2491/2491 2492/2492/2492
f 2491/2491/2491 2493/2493/2493 2492/2492/2492
f 2494/2494/2494 2493/2493/2493 2491/2491/2491
f 2495/2495/2495 2494/2494/2494 2491/2491/2491
f 2495/2495/2495 2491/2491/2491 2496/2496/2496
f 2497/2497/2497 2483/2483/2483 2487/2487/2487
f 2497/2497/2497 2489/2489/2489 2483/2483/2483
f 2497/2497/2497 2487/2487/2487 2498/2498/2498
f 2497/2497/2497 2498/2498/2498 2489/2489/2489
f 2487/2487/2487 2499/2499/2499 2498/2498/2498
f 2498/2498/2498 2499/2499/2499 2500/2500/2500
f 2501/2501/2501 2498/2498/2498 2500/2500/2500
f 2501/2501/2501 2496/2496/2496 2498/2498/2498
f 2489/2489/2489 2502/2502/2502 2491/2491/2491
f 2498/2498/2498 2502/2502/2502 2489/2489/2489
f 2496/2496/2496 2502/2502/2502 2498/2498/2498
f 2491/2491/2491 2502/2502/2502 2496/2496/2496
f 2505/2505/2505 2504/2504/2504 2503/2503/2503
f 2506/2506/2506 2504/2504/2504 2505/2505/2505
f 2509/2509/2509 2508/2508/2508 2507/2507/2507
f 2510/2510/2510 2509/2509/2509 2507/2507/2507
f 2510/2510/2510 2507/2507/2507 2511/2511/2511
f 2510/2510/2510 2512/2512/2512 2509/2509/2509
f 2510/2510/2510 2511/2511/2511 2512/2512/2512
f 2507/2507/2507 2513/2513/2513 2511/2511/2511
f 2512/2512/2512 2514/2514/2514 2509/2509/2509
f 2511/2511/2511 2513/2513/2513 2515/2515/2515
f 2516/2516/2516 2514/2514/2514 2512/2512/2512
f 2517/2517/2517 2511/2511/2511 2515/2515/2515
f 2517/2517/2517 2518/2518/2518 2511/2511/2511
f 2517/2517/2517 2515/2515/2515 2519/2519/2519
f 2517/2517/2517 2519/2519/2519 2518/2518/2518
f 2519/2519/2519 2520/2520/2520 2518/2518/2518
f 2518/2518/2518 2520/2520/2520 2521/2521/2521
f 2522/2522/2522 2518/2518/2518 2521/2521/2521
f 2522/2522/2522 2523/2523/2523 2518/2518/2518
f 2518/2518/2518 2524/2524/2524 2511/2511/2511
f 2511/2511/2511 2524/2524/2524 2512/2512/2512
f 2523/2523/2523 2524/2524/2524 2518/2518/2518
f 2512/2512/2512 2524/2524/2524 2523/2523/2523
f 2525/2525/2525 2516/2516/2516 2512/2512/2512
f 2525/2525/2525 2512/2512/2512 2523/2523/2523
f 2525/2525/2525 2526/2526/2526 2516/2516/2516
f 2525/2525/2525 2523/2523/2523 2526/2526/2526
f 2526/2526/2526 2527/2527/2527 2516/2516/2516
f 2528/2528/2528 2527/2527/2527 2526/2526/2526
f 2523/2523/2523 2529/2529/2529 2526/2526/2526
f 2530/2530/2530 2529/2529/2529 2523/2523/2523
f 2531/2531/2531 2529/2529/2529 2530/2530/2530
f 2526/2526/2526 2529/2529/2529 2531/2531/2531
f 2532/2532/2532 2528/2528/2528 2526/2526/2526
f 2532/2532/2532 2526/2526/2526 2531/2531/2531
f 2532/2532/2532 2533/2533/2533 2528/2528/2528
f 2532/2532/2532 2531/2531/2531 2533/2533/2533
f 2533/2533/2533 2534/2534/2534 2528/2528/2528
f 2531/2531/2531 2535/2535/2535 2533/2533/2533
f 2536/2536/2536 2534/2534/2534 2533/2533/2533
f 2533/2533/2533 2535/2535/2535 2537/2537/2537
f 2538/2538/2538 2536/2536/2536 2533/2533/2533
f 2538/2538/2538 2533/2533/2533 2537/2537/2537
f 2541/2541/2541 2540/2540/2540 2539/2539/2539
f 2542/2542/2542 2541/2541/2541 2539/2539/2539
f 2542/2542/2542 2539/2539/2539 2543/2543/2543
f 2542/2542/2542 2543/2543/2543 2544/2544/2544
f 2543/2543/2543 2545/2545/2545 2544/2544/2544
f 2546/2546/2546 2545/2545/2545 2543/2543/2543
f 2544/2544/2544 2545/2545/2545 2547/2547/2547
f 2547/2547/2547 2545/2545/2545 2546/2546/2546
f 2539/2539/2539 2548/2548/2548 2543/2543/2543
f 2543/2543/2543 2548/2548/2548 2549/2549/2549
f 2550/2550/2550 2548/2548/2548 2539/2539/2539
f 2549/2549/2549 2548/2548/2548 2550/2550/2550
f 2551/2551/2551 2550/2550/2550 2539/2539/2539
f 2552/2552/2552 2546/2546/2546 2543/2543/2543
f 2552/2552/2552 2543/2543/2543 2549/2549/2549
f 2552/2552/2552 2553/2553/2553 2546/2546/2546
f 2552/2552/2552 2549/2549/2549 2553/2553/2553
f 2554/2554/2554 2547/2547/2547 2546/2546/2546
f 2554/2554/2554 2546/2546/2546 2555/2555/2555
f 2554/2554/2554 2556/2556/2556 2547/2547/2547
f 2554/2554/2554 2555/2555/2555 2556/2556/2556
f 2556/2556/2556 2557/2557/2557 2547/2547/2547
f 2555/2555/2555 2558/2558/2558 2556/2556/2556
f 2559/2559/2559 2558/2558/2558 2555/2555/2555
f 2553/2553/2553 2560/2560/2560 2546/2546/2546
f 2546/2546/2546 2560/2560/2560 2555/2555/2555
f 2555/2555/2555 2560/2560/2560 2561/2561/2561
f 2561/2561/2561 2560/2560/2560 2553/2553/2553
f 2562/2562/2562 2559/2559/2559 2555/2555/2555
f 2562/2562/2562 2555/2555/2555 2561/2561/2561
f 2562/2562/2562 2563/2563/2563 2559/2559/2559
f 2562/2562/2562 2561/2561/2561 2563/2563/2563
f 2563/2563/2563 2564/2564/2564 2559/2559/2559
f 2565/2565/2565 2564/2564/2564 2563/2563/2563
f 2561/2561/2561 2566/2566/2566 2563/2563/2563
f 2563/2563/2563 2566/2566/2566 2567/2567/2567
f 2567/2567/2567 2566/2566/2566 2561/2561/2561
f 2568/2568/2568 2561/2561/2561 2553/2553/2553
f 2568/2568/2568 2567/2567/2567 2561/2561/2561
f 2568/2568/2568 2553/2553/2553 2569/2569/2569
f 2568/2568/2568 2569/2569/2569 2567/2567/2567
f 2570/2570/2570 2565/2565/2565 2563/2563/2563
f 2570/2570/2570 2563/2563/2563 2567/2567/2567
f 2570/2570/2570 2571/2571/2571 2565/2565/2565
f 2570/2570/2570 2567/2567/2567 2571/2571/2571
f 2553/2553/2553 2572/2572/2572 2569/2569/2569
f 2569/2569/2569 2572/2572/2572 2573/2573/2573
f 2549/2549/2549 2572/2572/2572 2553/2553/2553
f 2573/2573/2573 2572/2572/2572 2549/2549/2549
f 2571/2571/2571 2574/2574/2574 2565/2565/2565
f 2575/2575/2575 2574/2574/2574 2571/2571/2571
f 2565/2565/2565 2574/2574/2574 2576/2576/2576
f 2576/2576/2576 2574/2574/2574 2575/2575/2575
f 2577/2577/2577 2576/2576/2576 2575/2575/2575
f 2577/2577/2577 2575/2575/2575 2578/2578/2578
f 2569/2569/2569 2579/2579/2579 2567/2567/2567
f 2567/2567/2567 2579/2579/2579 2571/2571/2571
f 2580/2580/2580 2579/2579/2579 2569/2569/2569
f 2571/2571/2571 2579/2579/2579 2580/2580/2580
f 2581/2581/2581 2573/2573/2573 2549/2549/2549
f 2581/2581/2581 2582/2582/2582 2573/2573/2573
f 2581/2581/2581 2549/2549/2549 2550/2550/2550
f 2581/2581/2581 2550/2550/2550 2582/2582/2582
f 2550/2550/2550 2583/2583/2583 2582/2582/2582
f 2582/2582/2582 2583/2583/2583 2584/2584/2584
f 2584/2584/2584 2583/2583/2583 2585/2585/2585
f 2586/2586/2586 2575/2575/2575 2571/2571/2571
f 2586/2586/2586 2571/2571/2571 2580/2580/2580
f 2586/2586/2586 2587/2587/2587 2575/2575/2575
f 2586/2586/2586 2580/2580/2580 2587/2587/2587
f 2588/2588/2588 2569/2569/2569 2573/2573/2573
f 2588/2588/2588 2580/2580/2580 2569/2569/2569
f 2588/2588/2588 2573/2573/2573 2589/2589/2589
f 2588/2588/2588 2589/2589/2589 2580/2580/2580
f 2582/2582/2582 2590/2590/2590 2573/2573/2573
f 2573/2573/2573 2590/2590/2590 2589/2589/2589
f 2591/2591/2591 2590/2590/2590 2582/2582/2582
f 2589/2589/2589 2590/2590/2590 2591/2591/2591
f 2592/2592/2592 2582/2582/2582 2584/2584/2584
f 2592/2592/2592 2591/2591/2591 2582/2582/2582
f 2592/2592/2592 2584/2584/2584 2593/2593/2593
f 2592/2592/2592 2593/2593/2593 2591/2591/2591
f 2587/2587/2587 2594/2594/2594 2575/2575/2575
f 2595/2595/2595 2594/2594/2594 2587/2587/2587
f 2575/2575/2575 2594/2594/2594 2578/2578/2578
f 2578/2578/2578 2594/2594/2594 2595/2595/2595
f 2596/2596/2596 2578/2578/2578 2595/2595/2595
f 2596/2596/2596 2595/2595/2595 2597/2597/2597
f 2584/2584/2584 2598/2598/2598 2593/2593/2593
f 2599/2599/2599 2598/2598/2598 2584/2584/2584
f 2600/2600/2600 2599/2599/2599 2584/2584/2584
f 2600/2600/2600 2584/2584/2584 2585/2585/2585
f 2600/2600/2600 2585/2585/2585 2601/2601/2601
f 2585/2585/2585 2602/2602/2602 2601/2601/2601
f 2603/2603/2603 2602/2602/2602 2585/2585/2585
f 2593/2593/2593 2598/2598/2598 2604/2604/2604
f 2595/2595/2595 2605/2605/2605 2597/2597/2597
f 2597/2597/2597 2605/2605/2605 2606/2606/2606
f 2607/2607/2607 2605/2605/2605 2595/2595/2595
f 2606/2606/2606 2605/2605/2605 2607/2607/2607
f 2608/2608/2608 2597/2597/2597 2606/2606/2606
f 2608/2608/2608 2606/2606/2606 2609/2609/2609
f 2610/2610/2610 2607/2607/2607 2595/2595/2595
f 2610/2610/2610 2611/2611/2611 2607/2607/2607
f 2610/2610/2610 2595/2595/2595 2587/2587/2587
f 2610/2610/2610 2587/2587/2587 2611/2611/2611
f 2587/2587/2587 2612/2612/2612 2611/2611/2611
f 2580/2580/2580 2612/2612/2612 2587/2587/2587
f 2589/2589/2589 2612/2612/2612 2580/2580/2580
f 2611/2611/2611 2612/2612/2612 2589/2589/2589
f 2613/2613/2613 2611/2611/2611 2589/2589/2589
f 2613/2613/2613 2614/2614/2614 2611/2611/2611
f 2613/2613/2613 2589/2589/2589 2591/2591/2591
f 2613/2613/2613 2591/2591/2591 2614/2614/2614
f 2611/2611/2611 2615/2615/2615 2607/2607/2607
f 2614/2614/2614 2615/2615/2615 2611/2611/2611
f 2607/2607/2607 2615/2615/2615 2616/2616/2616
f 2616/2616/2616 2615/2615/2615 2614/2614/2614
f 2617/2617/2617 2606/2606/2606 2607/2607/2607
f 2617/2617/2617 2607/2607/2607 2616/2616/2616
f 2617/2617/2617 2618/2618/2618 2606/2606/2606
f 2617/2617/2617 2616/2616/2616 2618/2618/2618
f 2591/2591/2591 2619/2619/2619 2614/2614/2614
f 2614/2614/2614 2619/2619/2619 2620/2620/2620
f 2593/2593/2593 2619/2619/2619 2591/2591/2591
f 2620/2620/2620 2619/2619/2619 2593/2593/2593
f 2618/2618/2618 2621/2621/2621 2606/2606/2606
f 2622/2622/2622 2621/2621/2621 2618/2618/2618
f 2606/2606/2606 2621/2621/2621 2609/2609/2609
f 2609/2609/2609 2621/2621/2621 2622/2622/2622
f 2623/2623/2623 2609/2609/2609 2622/2622/2622
f 2623/2623/2623 2622/2622/2622 2624/2624/2624
f 2625/2625/2625 2616/2616/2616 2614/2614/2614
f 2625/2625/2625 2614/2614/2614 2620/2620/2620
f 2625/2625/2625 2626/2626/2626 2616/2616/2616
f 2625/2625/2625 2620/2620/2620 2626/2626/2626
f 2627/2627/2627 2620/2620/2620 2593/2593/2593
f 2627/2627/2627 2628/2628/2628 2620/2620/2620
f 2627/2627/2627 2593/2593/2593 2604/2604/2604
f 2627/2627/2627 2604/2604/2604 2628/2628/2628
f 2604/2604/2604 2629/2629/2629 2628/2628/2628
f 2628/2628/2628 2629/2629/2629 2630/2630/2630
f 2630/2630/2630 2629/2629/2629 2631/2631/2631
f 2632/2632/2632 2630/2630/2630 2631/2631/2631
f 2632/2632/2632 2633/2633/2633 2630/2630/2630
f 2626/2626/2626 2634/2634/2634 2616/2616/2616
f 2635/2635/2635 2634/2634/2634 2626/2626/2626
f 2616/2616/2616 2634/2634/2634 2618/2618/2618
f 2618/2618/2618 2634/2634/2634 2635/2635/2635
f 2628/2628/2628 2636/2636/2636 2620/2620/2620
f 2620/2620/2620 2636/2636/2636 2626/2626/2626
f 2637/2637/2637 2636/2636/2636 2628/2628/2628
f 2626/2626/2626 2636/2636/2636 2637/2637/2637
f 2638/2638/2638 2628/2628/2628 2630/2630/2630
f 2638/2638/2638 2637/2637/2637 2628/2628/2628
f 2638/2638/2638 2630/2630/2630 2639/2639/2639
f 2638/2638/2638 2639/2639/2639 2637/2637/2637
f 2633/2633/2633 2640/2640/2640 2630/2630/2630
f 2630/2630/2630 2640/2640/2640 2639/2639/2639
f 2641/2641/2641 2640/2640/2640 2633/2633/2633
f 2639/2639/2639 2640/2640/2640 2641/2641/2641
f 2642/2642/2642 2641/2641/2641 2633/2633/2633
f 2643/2643/2643 2618/2618/2618 2635/2635/2635
f 2643/2643/2643 2635/2635/2635 2644/2644/2644
f 2643/2643/2643 2622/2622/2622 2618/2618/2618
f 2643/2643/2643 2644/2644/2644 2622/2622/2622
f 2645/2645/2645 2626/2626/2626 2637/2637/2637
f 2645/2645/2645 2635/2635/2635 2626/2626/2626
f 2645/2645/2645 2637/2637/2637 2646/2646/2646
f 2645/2645/2645 2646/2646/2646 2635/2635/2635
f 2639/2639/2639 2647/2647/2647 2637/2637/2637
f 2637/2637/2637 2647/2647/2647 2646/2646/2646
f 2648/2648/2648 2647/2647/2647 2639/2639/2639
f 2646/2646/2646 2647/2647/2647 2648/2648/2648
f 2649/2649/2649 2639/2639/2639 2641/2641/2641
f 2649/2649/2649 2648/2648/2648 2639/2639/2639
f 2649/2649/2649 2641/2641/2641 2650/2650/2650
f 2649/2649/2649 2650/2650/2650 2648/2648/2648
f 2644/2644/2644 2651/2651/2651 2622/2622/2622
f 2652/2652/2652 2651/2651/2651 2644/2644/2644
f 2622/2622/2622 2651/2651/2651 2624/2624/2624
f 2624/2624/2624 2651/2651/2651 2652/2652/2652
f 2653/2653/2653 2624/2624/2624 2652/2652/2652
f 2653/2653/2653 2652/2652/2652 2654/2654/2654
f 2652/2652/2652 2655/2655/2655 2654/2654/2654
f 2654/2654/2654 2655/2655/2655 2656/2656/2656
f 2657/2657/2657 2655/2655/2655 2652/2652/2652
f 2656/2656/2656 2655/2655/2655 2657/2657/2657
f 2658/2658/2658 2654/2654/2654 2656/2656/2656
f 2658/2658/2658 2656/2656/2656 2659/2659/2659
f 2660/2660/2660 2652/2652/2652 2644/2644/2644
f 2660/2660/2660 2657/2657/2657 2652/2652/2652
f 2660/2660/2660 2644/2644/2644 2661/2661/2661
f 2660/2660/2660 2661/2661/2661 2657/2657/2657
f 2644/2644/2644 2662/2662/2662 2661/2661/2661
f 2635/2635/2635 2662/2662/2662 2644/2644/2644
f 2646/2646/2646 2662/2662/2662 2635/2635/2635
f 2661/2661/2661 2662/2662/2662 2646/2646/2646
f 2663/2663/2663 2661/2661/2661 2646/2646/2646
f 2663/2663/2663 2664/2664/2664 2661/2661/2661
f 2663/2663/2663 2646/2646/2646 2648/2648/2648
f 2663/2663/2663 2648/2648/2648 2664/2664/2664
f 2661/2661/2661 2665/2665/2665 2657/2657/2657
f 2664/2664/2664 2665/2665/2665 2661/2661/2661
f 2657/2657/2657 2665/2665/2665 2666/2666/2666
f 2666/2666/2666 2665/2665/2665 2664/2664/2664
f 2667/2667/2667 2656/2656/2656 2657/2657/2657
f 2667/2667/2667 2657/2657/2657 2666/2666/2666
f 2667/2667/2667 2668/2668/2668 2656/2656/2656
f 2667/2667/2667 2666/2666/2666 2668/2668/2668
f 2648/2648/2648 2669/2669/2669 2664/2664/2664
f 2664/2664/2664 2669/2669/2669 2670/2670/2670
f 2650/2650/2650 2669/2669/2669 2648/2648/2648
f 2670/2670/2670 2669/2669/2669 2650/2650/2650
f 2668/2668/2668 2671/2671/2671 2656/2656/2656
f 2672/2672/2672 2671/2671/2671 2668/2668/2668
f 2656/2656/2656 2671/2671/2671 2659/2659/2659
f 2659/2659/2659 2671/2671/2671 2672/2672/2672
f 2673/2673/2673 2659/2659/2659 2672/2672/2672
f 2673/2673/2673 2674/2674/2674 2659/2659/2659
f 2673/2673/2673 2672/2672/2672 2675/2675/2675
f 2676/2676/2676 2666/2666/2666 2664/2664/2664
f 2676/2676/2676 2664/2664/2664 2670/2670/2670
f 2676/2676/2676 2677/2677/2677 2666/2666/2666
f 2676/2676/2676 2670/2670/2670 2677/2677/2677
f 2666/2666/2666 2678/2678/2678 2668/2668/2668
f 2677/2677/2677 2678/2678/2678 2666/2666/2666
f 2668/2668/2668 2678/2678/2678 2679/2679/2679
f 2679/2679/2679 2678/2678/2678 2677/2677/2677
f 2672/2672/2672 2680/2680/2680 2675/2675/2675
f 2675/2675/2675 2680/2680/2680 2681/2681/2681
f 2681/2681/2681 2680/2680/2680 2682/2682/2682
f 2682/2682/2682 2680/2680/2680 2672/2672/2672
f 2683/2683/2683 2672/2672/2672 2668/2668/2668
f 2683/2683/2683 2668/2668/2668 2679/2679/2679
f 2683/2683/2683 2682/2682/2682 2672/2672/2672
f 2683/2683/2683 2679/2679/2679 2682/2682/2682
f 2679/2679/2679 2684/2684/2684 2682/2682/2682
f 2682/2682/2682 2684/2684/2684 2685/2685/2685
f 2685/2685/2685 2684/2684/2684 2679/2679/2679
f 2686/2686/2686 2682/2682/2682 2685/2685/2685
f 2687/2687/2687 2679/2679/2679 2677/2677/2677
f 2687/2687/2687 2685/2685/2685 2679/2679/2679
f 2687/2687/2687 2677/2677/2677 2688/2688/2688
f 2687/2687/2687 2688/2688/2688 2685/2685/2685
f 2677/2677/2677 2689/2689/2689 2688/2688/2688
f 2670/2670/2670 2689/2689/2689 2677/2677/2677
f 2690/2690/2690 2689/2689/2689 2670/2670/2670
f 2688/2688/2688 2689/2689/2689 2690/2690/2690
f 2691/2691/2691 2690/2690/2690 2670/2670/2670
f 2691/2691/2691 2670/2670/2670 2650/2650/2650
f 2691/2691/2691 2650/2650/2650 2692/2692/2692
f 2650/2650/2650 2693/2693/2693 2692/2692/2692
f 2694/2694/2694 2688/2688/2688 2690/2690/2690
f 2694/2694/2694 2695/2695/2695 2688/2688/2688
f 2688/2688/2688 2696/2696/2696 2685/2685/2685
f 2695/2695/2695 2696/2696/2696 2688/2688/2688
f 2685/2685/2685 2696/2696/2696 2697/2697/2697
f 2697/2697/2697 2696/2696/2696 2695/2695/2695
f 2698/2698/2698 2697/2697/2697 2695/2695/2695
f 2701/2701/2701 2700/2700/2700 2699/2699/2699
f 2700/2700/2700 2702/2702/2702 2699/2699/2699
f 2699/2699/2699 2702/2702/2702 2703/2703/2703
f 2704/2704/2704 2702/2702/2702 2700/2700/2700
f 2703/2703/2703 2702/2702/2702 2704/2704/2704
f 2705/2705/2705 2704/2704/2704 2700/2700/2700
f 2705/2705/2705 2700/2700/2700 2706/2706/2706
f 2705/2705/2705 2706/2706/2706 2707/2707/2707
f 2705/2705/2705 2707/2707/2707 2704/2704/2704
f 2706/2706/2706 2708/2708/2708 2707/2707/2707
f 2707/2707/2707 2709/2709/2709 2704/2704/2704
f 2710/2710/2710 2703/2703/2703 2704/2704/2704
f 2710/2710/2710 2711/2711/2711 2703/2703/2703
f 2711/2711/2711 2712/2712/2712 2703/2703/2703
f 2713/2713/2713 2712/2712/2712 2711/2711/2711
f 2703/2703/2703 2712/2712/2712 2713/2713/2713
f 2714/2714/2714 2713/2713/2713 2711/2711/2711
f 2714/2714/2714 2715/2715/2715 2713/2713/2713
f 2716/2716/2716 2699/2699/2699 2703/2703/2703
f 2716/2716/2716 2703/2703/2703 2713/2713/2713
f 2716/2716/2716 2717/2717/2717 2699/2699/2699
f 2716/2716/2716 2713/2713/2713 2717/2717/2717
f 2717/2717/2717 2718/2718/2718 2699/2699/2699
f 2715/2715/2715 2719/2719/2719 2713/2713/2713
f 2713/2713/2713 2719/2719/2719 2717/2717/2717
f 2720/2720/2720 2719/2719/2719 2715/2715/2715
f 2717/2717/2717 2719/2719/2719 2720/2720/2720
f 2721/2721/2721 2720/2720/2720 2715/2715/2715
f 2721/2721/2721 2722/2722/2722 2720/2720/2720
f 2723/2723/2723 2718/2718/2718 2717/2717/2717
f 2724/2724/2724 2718/2718/2718 2723/2723/2723
f 2725/2725/2725 2724/2724/2724 2723/2723/2723
f 2725/2725/2725 2723/2723/2723 2726/2726/2726
f 2725/2725/2725 2726/2726/2726 2727/2727/2727
f 2726/2726/2726 2728/2728/2728 2727/2727/2727
f 2729/2729/2729 2723/2723/2723 2717/2717/2717
f 2729/2729/2729 2717/2717/2717 2720/2720/2720
f 2729/2729/2729 2730/2730/2730 2723/2723/2723
f 2729/2729/2729 2720/2720/2720 2730/2730/2730
f 2730/2730/2730 2731/2731/2731 2723/2723/2723
f 2732/2732/2732 2731/2731/2731 2730/2730/2730
f 2733/2733/2733 2732/2732/2732 2730/2730/2730
f 2733/2733/2733 2730/2730/2730 2734/2734/2734
f 2720/2720/2720 2735/2735/2735 2730/2730/2730
f 2730/2730/2730 2735/2735/2735 2734/2734/2734
f 2722/2722/2722 2735/2735/2735 2720/2720/2720
f 2734/2734/2734 2735/2735/2735 2722/2722/2722
f 2736/2736/2736 2734/2734/2734 2722/2722/2722
f 2736/2736/2736 2722/2722/2722 2737/2737/2737
f 2722/2722/2722 2738/2738/2738 2737/2737/2737
f 2741/2741/2741 2740/2740/2740 2739/2739/2739
f 2742/2742/2742 2741/2741/2741 2739/2739/2739
f 2742/2742/2742 2739/2739/2739 2743/2743/2743
f 2742/2742/2742 2744/2744/2744 2741/2741/2741
f 2742/2742/2742 2743/2743/2743 2744/2744/2744
f 2744/2744/2744 2745/2745/2745 2741/2741/2741
f 2739/2739/2739 2746/2746/2746 2743/2743/2743
f 2743/2743/2743 2746/2746/2746 2747/2747/2747
f 2748/2748/2748 2746/2746/2746 2739/2739/2739
f 2747/2747/2747 2746/2746/2746 2748/2748/2748
f 2749/2749/2749 2748/2748/2748 2739/2739/2739
f 2750/2750/2750 2747/2747/2747 2748/2748/2748
f 2750/2750/2750 2751/2751/2751 2747/2747/2747
f 2743/2743/2743 2752/2752/2752 2744/2744/2744
f 2753/2753/2753 2752/2752/2752 2743/2743/2743
f 2744/2744/2744 2752/2752/2752 2754/2754/2754
f 2754/2754/2754 2752/2752/2752 2753/2753/2753
f 2755/2755/2755 2744/2744/2744 2754/2754/2754
f 2756/2756/2756 2754/2754/2754 2753/2753/2753
f 2756/2756/2756 2753/2753/2753 2757/2757/2757
f 2756/2756/2756 2757/2757/2757 2758/2758/2758
f 2757/2757/2757 2759/2759/2759 2758/2758/2758
f 2760/2760/2760 2759/2759/2759 2757/2757/2757
f 2761/2761/2761 2759/2759/2759 2760/2760/2760
f 2762/2762/2762 2761/2761/2761 2760/2760/2760
f 2762/2762/2762 2760/2760/2760 2763/2763/2763
f 2760/2760/2760 2764/2764/2764 2763/2763/2763
f 2765/2765/2765 2764/2764/2764 2760/2760/2760
f 2766/2766/2766 2765/2765/2765 2760/2760/2760
f 2766/2766/2766 2760/2760/2760 2757/2757/2757
f 2766/2766/2766 2767/2767/2767 2765/2765/2765
f 2766/2766/2766 2757/2757/2757 2767/2767/2767
f 2767/2767/2767 2768/2768/2768 2765/2765/2765
f 2769/2769/2769 2768/2768/2768 2767/2767/2767
f 2753/2753/2753 2770/2770/2770 2757/2757/2757
f 2757/2757/2757 2770/2770/2770 2767/2767/2767
f 2771/2771/2771 2770/2770/2770 2753/2753/2753
f 2767/2767/2767 2770/2770/2770 2771/2771/2771
f 2772/2772/2772 2769/2769/2769 2767/2767/2767
f 2772/2772/2772 2767/2767/2767 2771/2771/2771
f 2772/2772/2772 2773/2773/2773 2769/2769/2769
f 2772/2772/2772 2771/2771/2771 2773/2773/2773
f 2773/2773/2773 2774/2774/2774 2769/2769/2769
f 2769/2769/2769 2774/2774/2774 2775/2775/2775
f 2776/2776/2776 2774/2774/2774 2773/2773/2773
f 2777/2777/2777 2776/2776/2776 2773/2773/2773
f 2777/2777/2777 2773/2773/2773 2751/2751/2751
f 2773/2773/2773 2778/2778/2778 2751/2751/2751
f 2771/2771/2771 2778/2778/2778 2773/2773/2773
f 2751/2751/2751 2778/2778/2778 2747/2747/2747
f 2747/2747/2747 2778/2778/2778 2771/2771/2771
f 2779/2779/2779 2771/2771/2771 2753/2753/2753
f 2779/2779/2779 2747/2747/2747 2771/2771/2771
f 2779/2779/2779 2753/2753/2753 2743/2743/2743
f 2779/2779/2779 2743/2743/2743 2747/2747/2747
f 2782/2782/2782 2781/2781/2781 2780/2780/2780
f 2782/2782/2782 2783/2783/2783 2781/2781/2781
f 2782/2782/2782 2784/2784/2784 2783/2783/2783
f 2783/2783/2783 2785/2785/2785 2781/2781/2781
f 2786/2786/2786 2785/2785/2785 2783/2783/2783
f 2787/2787/2787 2786/2786/2786 2783/2783/2783
f 2787/2787/2787 2788/2788/2788 2786/2786/2786
f 2787/2787/2787 2789/2789/2789 2788/2788/2788
f 2789/2789/2789 2790/2790/2790 2788/2788/2788
f 2788/2788/2788 2790/2790/2790 2791/2791/2791
f 2792/2792/2792 2790/2790/2790 2789/2789/2789
f 2791/2791/2791 2790/2790/2790 2792/2792/2792
f 2793/2793/2793 2788/2788/2788 2791/2791/2791
f 2794/2794/2794 2792/2792/2792 2789/2789/2789
f 2793/2793/2793 2791/2791/2791 2795/2795/2795
f 2794/2794/2794 2796/2796/2796 2792/2792/2792
f 2796/2796/2796 2797/2797/2797 2792/2792/2792
f 2792/2792/2792 2797/2797/2797 2798/2798/2798
f 2799/2799/2799 2797/2797/2797 2796/2796/2796
f 2798/2798/2798 2797/2797/2797 2799/2799/2799
f 2800/2800/2800 2799/2799/2799 2796/2796/2796
f 2801/2801/2801 2791/2791/2791 2792/2792/2792
f 2801/2801/2801 2792/2792/2792 2798/2798/2798
f 2801/2801/2801 2802/2802/2802 2791/2791/2791
f 2801/2801/2801 2798/2798/2798 2802/2802/2802
f 2791/2791/2791 2803/2803/2803 2795/2795/2795
f 2802/2802/2802 2803/2803/2803 2791/2791/2791
f 2795/2795/2795 2803/2803/2803 2804/2804/2804
f 2804/2804/2804 2803/2803/2803 2802/2802/2802
f 2805/2805/2805 2795/2795/2795 2804/2804/2804
f 2805/2805/2805 2804/2804/2804 2806/2806/2806
f 2805/2805/2805 2807/2807/2807 2795/2795/2795
f 2805/2805/2805 2806/2806/2806 2807/2807/2807
f 2806/2806/2806 2808/2808/2808 2807/2807/2807
f 2809/2809/2809 2808/2808/2808 2806/2806/2806
f 2810/2810/2810 2798/2798/2798 2799/2799/2799
f 2810/2810/2810 2799/2799/2799 2811/2811/2811
f 2810/2810/2810 2812/2812/2812 2798/2798/2798
f 2810/2810/2810 2811/2811/2811 2812/2812/2812
f 2799/2799/2799 2813/2813/2813 2811/2811/2811
f 2811/2811/2811 2813/2813/2813 2814/2814/2814
f 2814/2814/2814 2813/2813/2813 2815/2815/2815
f 2816/2816/2816 2811/2811/2811 2814/2814/2814
f 2816/2816/2816 2817/2817/2817 2811/2811/2811
f 2816/2816/2816 2818/2818/2818 2817/2817/2817
f 2812/2812/2812 2819/2819/2819 2798/2798/2798
f 2820/2820/2820 2819/2819/2819 2812/2812/2812
f 2798/2798/2798 2819/2819/2819 2802/2802/2802
f 2802/2802/2802 2819/2819/2819 2820/2820/2820
f 2817/2817/2817 2821/2821/2821 2811/2811/2811
f 2811/2811/2811 2821/2821/2821 2812/2812/2812
f 2812/2812/2812 2821/2821/2821 2822/2822/2822
f 2822/2822/2822 2821/2821/2821 2817/2817/2817
f 2823/2823/2823 2820/2820/2820 2812/2812/2812
f 2823/2823/2823 2812/2812/2812 2822/2822/2822
f 2823/2823/2823 2824/2824/2824 2820/2820/2820
f 2823/2823/2823 2822/2822/2822 2824/2824/2824
f 2825/2825/2825 2802/2802/2802 2820/2820/2820
f 2825/2825/2825 2820/2820/2820 2826/2826/2826
f 2825/2825/2825 2804/2804/2804 2802/2802/2802
f 2825/2825/2825 2826/2826/2826 2804/2804/2804
f 2826/2826/2826 2827/2827/2827 2804/2804/2804
f 2804/2804/2804 2827/2827/2827 2806/2806/2806
f 2806/2806/2806 2827/2827/2827 2826/2826/2826
f 2824/2824/2824 2828/2828/2828 2820/2820/2820
f 2820/2820/2820 2828/2828/2828 2826/2826/2826
f 2826/2826/2826 2828/2828/2828 2829/2829/2829
f 2829/2829/2829 2828/2828/2828 2824/2824/2824
f 2830/2830/2830 2806/2806/2806 2826/2826/2826
f 2830/2830/2830 2826/2826/2826 2829/2829/2829
f 2830/2830/2830 2809/2809/2809 2806/2806/2806
f 2830/2830/2830 2829/2829/2829 2809/2809/2809
f 2829/2829/2829 2831/2831/2831 2809/2809/2809
f 2832/2832/2832 2831/2831/2831 2829/2829/2829
f 2833/2833/2833 2832/2832/2832 2829/2829/2829
f 2833/2833/2833 2829/2829/2829 2824/2824/2824
f 2833/2833/2833 2834/2834/2834 2832/2832/2832
f 2833/2833/2833 2824/2824/2824 2834/2834/2834
f 2824/2824/2824 2835/2835/2835 2834/2834/2834
f 2834/2834/2834 2835/2835/2835 2836/2836/2836
f 2822/2822/2822 2835/2835/2835 2824/2824/2824
f 2836/2836/2836 2835/2835/2835 2822/2822/2822
f 2837/2837/2837 2834/2834/2834 2836/2836/2836
f 2838/2838/2838 2836/2836/2836 2822/2822/2822
f 2838/2838/2838 2839/2839/2839 2836/2836/2836
f 2838/2838/2838 2822/2822/2822 2817/2817/2817
f 2838/2838/2838 2817/2817/2817 2839/2839/2839
f 2837/2837/2837 2836/2836/2836 2840/2840/2840
f 2837/2837/2837 2840/2840/2840 2841/2841/2841
f 2840/2840/2840 2842/2842/2842 2841/2841/2841
f 2836/2836/2836 2843/2843/2843 2840/2840/2840
f 2839/2839/2839 2843/2843/2843 2836/2836/2836
f 2840/2840/2840 2843/2843/2843 2844/2844/2844
f 2844/2844/2844 2843/2843/2843 2839/2839/2839
f 2845/2845/2845 2840/2840/2840 2844/2844/2844
f 2846/2846/2846 2844/2844/2844 2839/2839/2839
f 2846/2846/2846 2839/2839/2839 2847/2847/2847
f 2817/2817/2817 2848/2848/2848 2839/2839/2839
f 2839/2839/2839 2848/2848/2848 2847/2847/2847
f 2818/2818/2818 2848/2848/2848 2817/2817/2817
f 2847/2847/2847 2848/2848/2848 2818/2818/2818
f 2849/2849/2849 2847/2847/2847 2818/2818/2818
f 2852/2852/2852 2851/2851/2851 2850/2850/2850
f 2851/2851/2851 2853/2853/2853 2850/2850/2850
f 2854/2854/2854 2853/2853/2853 2851/2851/2851
f 2850/2850/2850 2853/2853/2853 2855/2855/2855
f 2855/2855/2855 2853/2853/2853 2854/2854/2854
f 2856/2856/2856 2854/2854/2854 2851/2851/2851
f 2856/2856/2856 2857/2857/2857 2854/2854/2854
f 2858/2858/2858 2855/2855/2855 2854/2854/2854
f 2858/2858/2858 2859/2859/2859 2855/2855/2855
f 2858/2858/2858 2854/2854/2854 2860/2860/2860
f 2858/2858/2858 2860/2860/2860 2859/2859/2859
f 2859/2859/2859 2861/2861/2861 2855/2855/2855
f 2862/2862/2862 2861/2861/2861 2859/2859/2859
f 2857/2857/2857 2863/2863/2863 2854/2854/2854
f 2854/2854/2854 2863/2863/2863 2860/2860/2860
f 2864/2864/2864 2863/2863/2863 2857/2857/2857
f 2860/2860/2860 2863/2863/2863 2864/2864/2864
f 2865/2865/2865 2864/2864/2864 2857/2857/2857
f 2865/2865/2865 2866/2866/2866 2864/2864/2864
f 2867/2867/2867 2862/2862/2862 2859/2859/2859
f 2867/2867/2867 2859/2859/2859 2868/2868/2868
f 2867/2867/2867 2869/2869/2869 2862/2862/2862
f 2867/2867/2867 2868/2868/2868 2869/2869/2869
f 2869/2869/2869 2870/2870/2870 2862/2862/2862
f 2860/2860/2860 2871/2871/2871 2859/2859/2859
f 2859/2859/2859 2871/2871/2871 2868/2868/2868
f 2872/2872/2872 2871/2871/2871 2860/2860/2860
f 2868/2868/2868 2871/2871/2871 2872/2872/2872
f 2873/2873/2873 2860/2860/2860 2864/2864/2864
f 2873/2873/2873 2872/2872/2872 2860/2860/2860
f 2873/2873/2873 2864/2864/2864 2874/2874/2874
f 2873/2873/2873 2874/2874/2874 2872/2872/2872
f 2866/2866/2866 2875/2875/2875 2864/2864/2864
f 2864/2864/2864 2875/2875/2875 2874/2874/2874
f 2876/2876/2876 2875/2875/2875 2866/2866/2866
f 2874/2874/2874 2875/2875/2875 2876/2876/2876
f 2877/2877/2877 2876/2876/2876 2866/2866/2866
f 2877/2877/2877 2878/2878/2878 2876/2876/2876
f 2877/2877/2877 2879/2879/2879 2878/2878/2878
f 2879/2879/2879 2880/2880/2880 2878/2878/2878
f 2878/2878/2878 2880/2880/2880 2881/2881/2881
f 2881/2881/2881 2880/2880/2880 2882/2882/2882
f 2883/2883/2883 2881/2881/2881 2882/2882/2882
f 2883/2883/2883 2882/2882/2882 2884/2884/2884
f 2883/2883/2883 2885/2885/2885 2881/2881/2881
f 2883/2883/2883 2884/2884/2884 2885/2885/2885
f 2882/2882/2882 2886/2886/2886 2884/2884/2884
f 2884/2884/2884 2886/2886/2886 2887/2887/2887
f 2887/2887/2887 2886/2886/2886 2888/2888/2888
f 2889/2889/2889 2887/2887/2887 2888/2888/2888
f 2889/2889/2889 2890/2890/2890 2887/2887/2887
f 2889/2889/2889 2891/2891/2891 2890/2890/2890
f 2891/2891/2891 2892/2892/2892 2890/2890/2890
f 2890/2890/2890 2892/2892/2892 2893/2893/2893
f 2894/2894/2894 2892/2892/2892 2891/2891/2891
f 2893/2893/2893 2892/2892/2892 2894/2894/2894
f 2895/2895/2895 2894/2894/2894 2891/2891/2891
f 2896/2896/2896 2893/2893/2893 2894/2894/2894
f 2896/2896/2896 2897/2897/2897 2893/2893/2893
f 2896/2896/2896 2894/2894/2894 2898/2898/2898
f 2896/2896/2896 2898/2898/2898 2897/2897/2897
f 2894/2894/2894 2899/2899/2899 2898/2898/2898
f 2898/2898/2898 2900/2900/2900 2897/2897/2897
f 2901/2901/2901 2900/2900/2900 2898/2898/2898
f 2897/2897/2897 2900/2900/2900 2902/2902/2902
f 2902/2902/2902 2900/2900/2900 2901/2901/2901
f 2903/2903/2903 2901/2901/2901 2898/2898/2898
f 2903/2903/2903 2904/2904/2904 2901/2901/2901
f 2904/2904/2904 2905/2905/2905 2901/2901/2901
f 2901/2901/2901 2905/2905/2905 2906/2906/2906
f 2906/2906/2906 2905/2905/2905 2907/2907/2907
f 2908/2908/2908 2906/2906/2906 2907/2907/2907
f 2908/2908/2908 2909/2909/2909 2906/2906/2906
f 2910/2910/2910 2902/2902/2902 2901/2901/2901
f 2910/2910/2910 2901/2901/2901 2906/2906/2906
f 2910/2910/2910 2906/2906/2906 2911/2911/2911
f 2910/2910/2910 2911/2911/2911 2902/2902/2902
f 2909/2909/2909 2912/2912/2912 2906/2906/2906
f 2906/2906/2906 2912/2912/2912 2911/2911/2911
f 2913/2913/2913 2912/2912/2912 2909/2909/2909
f 2911/2911/2911 2912/2912/2912 2913/2913/2913
f 2914/2914/2914 2913/2913/2913 2909/2909/2909
f 2914/2914/2914 2915/2915/2915 2913/2913/2913
f 2915/2915/2915 2916/2916/2916 2913/2913/2913
f 2917/2917/2917 2916/2916/2916 2915/2915/2915
f 2913/2913/2913 2916/2916/2916 2918/2918/2918
f 2918/2918/2918 2916/2916/2916 2917/2917/2917
f 2919/2919/2919 2917/2917/2917 2915/2915/2915
f 2919/2919/2919 2920/2920/2920 2917/2917/2917
f 2920/2920/2920 2921/2921/2921 2917/2917/2917
f 2917/2917/2917 2921/2921/2921 2922/2922/2922
f 2922/2922/2922 2921/2921/2921 2923/2923/2923
f 2924/2924/2924 2911/2911/2911 2913/2913/2913
f 2924/2924/2924 2913/2913/2913 2918/2918/2918
f 2924/2924/2924 2925/2925/2925 2911/2911/2911
f 2924/2924/2924 2918/2918/2918 2925/2925/2925
f 2926/2926/2926 2917/2917/2917 2922/2922/2922
f 2926/2926/2926 2918/2918/2918 2917/2917/2917
f 2926/2926/2926 2927/2927/2927 2918/2918/2918
f 2926/2926/2926 2922/2922/2922 2927/2927/2927
f 2918/2918/2918 2928/2928/2928 2925/2925/2925
f 2927/2927/2927 2928/2928/2928 2918/2918/2918
f 2925/2925/2925 2928/2928/2928 2927/2927/2927
f 2925/2925/2925 2929/2929/2929 2911/2911/2911
f 2930/2930/2930 2929/2929/2929 2925/2925/2925
f 2911/2911/2911 2929/2929/2929 2902/2902/2902
f 2902/2902/2902 2929/2929/2929 2930/2930/2930
f 2931/2931/2931 2925/2925/2925 2927/2927/2927
f 2931/2931/2931 2930/2930/2930 2925/2925/2925
f 2931/2931/2931 2927/2927/2927 2932/2932/2932
f 2931/2931/2931 2932/2932/2932 2930/2930/2930
f 2922/2922/2922 2933/2933/2933 2927/2927/2927
f 2927/2927/2927 2933/2933/2933 2932/2932/2932
f 2934/2934/2934 2933/2933/2933 2922/2922/2922
f 2932/2932/2932 2933/2933/2933 2934/2934/2934
f 2935/2935/2935 2902/2902/2902 2930/2930/2930
f 2935/2935/2935 2930/2930/2930 2936/2936/2936
f 2935/2935/2935 2897/2897/2897 2902/2902/2902
f 2935/2935/2935 2936/2936/2936 2897/2897/2897
f 2937/2937/2937 2934/2934/2934 2922/2922/2922
f 2937/2937/2937 2938/2938/2938 2934/2934/2934
f 2937/2937/2937 2922/2922/2922 2923/2923/2923
f 2937/2937/2937 2923/2923/2923 2938/2938/2938
f 2923/2923/2923 2939/2939/2939 2938/2938/2938
f 2938/2938/2938 2939/2939/2939 2940/2940/2940
f 2932/2932/2932 2941/2941/2941 2930/2930/2930
f 2930/2930/2930 2941/2941/2941 2936/2936/2936
f 2942/2942/2942 2941/2941/2941 2932/2932/2932
f 2936/2936/2936 2941/2941/2941 2942/2942/2942
f 2936/2936/2936 2943/2943/2943 2897/2897/2897
f 2944/2944/2944 2943/2943/2943 2936/2936/2936
f 2897/2897/2897 2943/2943/2943 2893/2893/2893
f 2893/2893/2893 2943/2943/2943 2944/2944/2944
f 2945/2945/2945 2932/2932/2932 2934/2934/2934
f 2945/2945/2945 2942/2942/2942 2932/2932/2932
f 2945/2945/2945 2934/2934/2934 2946/2946/2946
f 2945/2945/2945 2946/2946/2946 2942/2942/2942
f 2938/2938/2938 2947/2947/2947 2934/2934/2934
f 2934/2934/2934 2947/2947/2947 2946/2946/2946
f 2948/2948/2948 2947/2947/2947 2938/2938/2938
f 2946/2946/2946 2947/2947/2947 2948/2948/2948
f 2949/2949/2949 2936/2936/2936 2942/2942/2942
f 2949/2949/2949 2944/2944/2944 2936/2936/2936
f 2949/2949/2949 2942/2942/2942 2950/2950/2950
f 2949/2949/2949 2950/2950/2950 2944/2944/2944
f 2951/2951/2951 2893/2893/2893 2944/2944/2944
f 2951/2951/2951 2944/2944/2944 2952/2952/2952
f 2951/2951/2951 2890/2890/2890 2893/2893/2893
f 2951/2951/2951 2952/2952/2952 2890/2890/2890
f 2953/2953/2953 2948/2948/2948 2938/2938/2938
f 2953/2953/2953 2954/2954/2954 2948/2948/2948
f 2953/2953/2953 2938/2938/2938 2940/2940/2940
f 2953/2953/2953 2940/2940/2940 2954/2954/2954
f 2940/2940/2940 2955/2955/2955 2954/2954/2954
f 2954/2954/2954 2955/2955/2955 2956/2956/2956
f 2942/2942/2942 2957/2957/2957 2950/2950/2950
f 2950/2950/2950 2957/2957/2957 2958/2958/2958
f 2946/2946/2946 2957/2957/2957 2942/2942/2942
f 2958/2958/2958 2957/2957/2957 2946/2946/2946
f 2952/2952/2952 2959/2959/2959 2890/2890/2890
f 2960/2960/2960 2959/2959/2959 2952/2952/2952
f 2890/2890/2890 2959/2959/2959 2887/2887/2887
f 2887/2887/2887 2959/2959/2959 2960/2960/2960
f 2961/2961/2961 2958/2958/2958 2946/2946/2946
f 2961/2961/2961 2962/2962/2962 2958/2958/2958
f 2961/2961/2961 2946/2946/2946 2948/2948/2948
f 2961/2961/2961 2948/2948/2948 2962/2962/2962
f 2954/2954/2954 2963/2963/2963 2948/2948/2948
f 2948/2948/2948 2963/2963/2963 2962/2962/2962
f 2964/2964/2964 2963/2963/2963 2954/2954/2954
f 2962/2962/2962 2963/2963/2963 2964/2964/2964
f 2965/2965/2965 2887/2887/2887 2960/2960/2960
f 2965/2965/2965 2960/2960/2960 2966/2966/2966
f 2965/2965/2965 2884/2884/2884 2887/2887/2887
f 2965/2965/2965 2966/2966/2966 2884/2884/2884
f 2967/2967/2967 2964/2964/2964 2954/2954/2954
f 2967/2967/2967 2968/2968/2968 2964/2964/2964
f 2967/2967/2967 2954/2954/2954 2956/2956/2956
f 2967/2967/2967 2956/2956/2956 2968/2968/2968
f 2956/2956/2956 2969/2969/2969 2968/2968/2968
f 2968/2968/2968 2969/2969/2969 2970/2970/2970
f 2966/2966/2966 2971/2971/2971 2884/2884/2884
f 2972/2972/2972 2971/2971/2971 2966/2966/2966
f 2884/2884/2884 2971/2971/2971 2885/2885/2885
f 2885/2885/2885 2971/2971/2971 2972/2972/2972
f 2973/2973/2973 2968/2968/2968 2970/2970/2970
f 2973/2973/2973 2974/2974/2974 2968/2968/2968
f 2973/2973/2973 2970/2970/2970 2975/2975/2975
f 2973/2973/2973 2975/2975/2975 2974/2974/2974
f 2968/2968/2968 2976/2976/2976 2964/2964/2964
f 2974/2974/2974 2976/2976/2976 2968/2968/2968
f 2964/2964/2964 2976/2976/2976 2974/2974/2974
f 2977/2977/2977 2964/2964/2964 2974/2974/2974
f 2977/2977/2977 2974/2974/2974 2978/2978/2978
f 2977/2977/2977 2962/2962/2962 2964/2964/2964
f 2977/2977/2977 2978/2978/2978 2962/2962/2962
f 2975/2975/2975 2979/2979/2979 2974/2974/2974
f 2974/2974/2974 2979/2979/2979 2978/2978/2978
f 2980/2980/2980 2979/2979/2979 2975/2975/2975
f 2978/2978/2978 2979/2979/2979 2980/2980/2980
f 2981/2981/2981 2980/2980/2980 2975/2975/2975
f 2981/2981/2981 2982/2982/2982 2980/2980/2980
f 2978/2978/2978 2983/2983/2983 2962/2962/2962
f 2984/2984/2984 2983/2983/2983 2978/2978/2978
f 2962/2962/2962 2983/2983/2983 2958/2958/2958
f 2958/2958/2958 2983/2983/2983 2984/2984/2984
f 2985/2985/2985 2978/2978/2978 2980/2980/2980
f 2985/2985/2985 2984/2984/2984 2978/2978/2978
f 2985/2985/2985 2980/2980/2980 2986/2986/2986
f 2985/2985/2985 2986/2986/2986 2984/2984/2984
f 2982/2982/2982 2987/2987/2987 2980/2980/2980
f 2980/2980/2980 2987/2987/2987 2986/2986/2986
f 2988/2988/2988 2987/2987/2987 2982/2982/2982
f 2986/2986/2986 2987/2987/2987 2988/2988/2988
f 2989/2989/2989 2988/2988/2988 2982/2982/2982
f 2989/2989/2989 2990/2990/2990 2988/2988/2988
f 2991/2991/2991 2958/2958/2958 2984/2984/2984
f 2991/2991/2991 2984/2984/2984 2992/2992/2992
f 2991/2991/2991 2950/2950/2950 2958/2958/2958
f 2991/2991/2991 2992/2992/2992 2950/2950/2950
f 2986/2986/2986 2993/2993/2993 2984/2984/2984
f 2984/2984/2984 2993/2993/2993 2992/2992/2992
f 2994/2994/2994 2993/2993/2993 2986/2986/2986
f 2992/2992/2992 2993/2993/2993 2994/2994/2994
f 2995/2995/2995 2986/2986/2986 2988/2988/2988
f 2995/2995/2995 2994/2994/2994 2986/2986/2986
f 2995/2995/2995 2988/2988/2988 2996/2996/2996
f 2995/2995/2995 2996/2996/2996 2994/2994/2994
f 2990/2990/2990 2997/2997/2997 2988/2988/2988
f 2988/2988/2988 2997/2997/2997 2996/2996/2996
f 2998/2998/2998 2997/2997/2997 2990/2990/2990
f 2996/2996/2996 2997/2997/2997 2998/2998/2998
f 2999/2999/2999 2998/2998/2998 2990/2990/2990
f 2999/2999/2999 3000/3000/3000 2998/2998/2998
f 2992/2992/2992 3001/3001/3001 2950/2950/2950
f 2950/2950/2950 3001/3001/3001 2944/2944/2944
f 2944/2944/2944 3001/3001/3001 2952/2952/2952
f 2952/2952/2952 3001/3001/3001 2992/2992/2992
f 3002/3002/3002 2952/2952/2952 2992/2992/2992
f 3002/3002/3002 2992/2992/2992 2994/2994/2994
f 3002/3002/3002 2960/2960/2960 2952/2952/2952
f 3002/3002/3002 2994/2994/2994 2960/2960/2960
f 2994/2994/2994 3003/3003/3003 2960/2960/2960
f 2996/2996/2996 3003/3003/3003 2994/2994/2994
f 2960/2960/2960 3003/3003/3003 2966/2966/2966
f 2966/2966/2966 3003/3003/3003 2996/2996/2996
f 3004/3004/3004 2966/2966/2966 2996/2996/2996
f 3004/3004/3004 2996/2996/2996 2998/2998/2998
f 3004/3004/3004 2972/2972/2972 2966/2966/2966
f 3004/3004/3004 2998/2998/2998 2972/2972/2972
f 3000/3000/3000 3005/3005/3005 2998/2998/2998
f 2998/2998/2998 3005/3005/3005 2972/2972/2972
f 3006/3006/3006 3005/3005/3005 3000/3000/3000
f 2972/2972/2972 3005/3005/3005 3006/3006/3006
f 3007/3007/3007 3006/3006/3006 3000/3000/3000
f 3007/3007/3007 3008/3008/3008 3006/3006/3006
f 3009/3009/3009 2972/2972/2972 3006/3006/3006
f 3009/3009/3009 3006/3006/3006 3010/3010/3010
f 3009/3009/3009 2885/2885/2885 2972/2972/2972
f 3009/3009/3009 3010/3010/3010 2885/2885/2885
f 3008/3008/3008 3011/3011/3011 3006/3006/3006
f 3006/3006/3006 3011/3011/3011 3010/3010/3010
f 3012/3012/3012 3011/3011/3011 3008/3008/3008
f 3010/3010/3010 3011/3011/3011 3012/3012/3012
f 3013/3013/3013 3012/3012/3012 3008/3008/3008
f 3013/3013/3013 3014/3014/3014 3012/3012/3012
f 3010/3010/3010 3015/3015/3015 2885/2885/2885
f 3016/3016/3016 3015/3015/3015 3010/3010/3010
f 2885/2885/2885 3015/3015/3015 2881/2881/2881
f 2881/2881/2881 3015/3015/3015 3016/3016/3016
f 3017/3017/3017 3010/3010/3010 3012/3012/3012
f 3017/3017/3017 3016/3016/3016 3010/3010/3010
f 3017/3017/3017 3012/3012/3012 3018/3018/3018
f 3017/3017/3017 3018/3018/3018 3016/3016/3016
f 3014/3014/3014 3019/3019/3019 3012/3012/3012
f 3012/3012/3012 3019/3019/3019 3018/3018/3018
f 3020/3020/3020 3019/3019/3019 3014/3014/3014
f 3018/3018/3018 3019/3019/3019 3020/3020/3020
f 3021/3021/3021 3020/3020/3020 3014/3014/3014
f 3021/3021/3021 3022/3022/3022 3020/3020/3020
f 3023/3023/3023 2881/2881/2881 3016/3016/3016
f 3023/3023/3023 3016/3016/3016 3024/3024/3024
f 3023/3023/3023 2878/2878/2878 2881/2881/2881
f 3023/3023/3023 3024/3024/3024 2878/2878/2878
f 3018/3018/3018 3025/3025/3025 3016/3016/3016
f 3016/3016/3016 3025/3025/3025 3024/3024/3024
f 3026/3026/3026 3025/3025/3025 3018/3018/3018
f 3024/3024/3024 3025/3025/3025 3026/3026/3026
f 3027/3027/3027 3018/3018/3018 3020/3020/3020
f 3027/3027/3027 3026/3026/3026 3018/3018/3018
f 3027/3027/3027 3020/3020/3020 3028/3028/3028
f 3027/3027/3027 3028/3028/3028 3026/3026/3026
f 3022/3022/3022 3029/3029/3029 3020/3020/3020
f 3020/3020/3020 3029/3029/3029 3028/3028/3028
f 3030/3030/3030 3029/3029/3029 3022/3022/3022
f 3028/3028/3028 3029/3029/3029 3030/3030/3030
f 3024/3024/3024 3031/3031/3031 2878/2878/2878
f 3032/3032/3032 3031/3031/3031 3024/3024/3024
f 2878/2878/2878 3031/3031/3031 2876/2876/2876
f 2876/2876/2876 3031/3031/3031 3032/3032/3032
f 3033/3033/3033 3024/3024/3024 3026/3026/3026
f 3033/3033/3033 3032/3032/3032 3024/3024/3024
f 3033/3033/3033 3026/3026/3026 3034/3034/3034
f 3033/3033/3033 3034/3034/3034 3032/3032/3032
f 3028/3028/3028 3035/3035/3035 3026/3026/3026
f 3026/3026/3026 3035/3035/3035 3034/3034/3034
f 3036/3036/3036 3035/3035/3035 3028/3028/3028
f 3034/3034/3034 3035/3035/3035 3036/3036/3036
f 3037/3037/3037 3028/3028/3028 3030/3030/3030
f 3037/3037/3037 3036/3036/3036 3028/3028/3028
f 3037/3037/3037 3030/3030/3030 3038/3038/3038
f 3037/3037/3037 3038/3038/3038 3036/3036/3036
f 3039/3039/3039 2876/2876/2876 3032/3032/3032
f 3039/3039/3039 3032/3032/3032 3040/3040/3040
f 3039/3039/3039 2874/2874/2874 2876/2876/2876
f 3039/3039/3039 3040/3040/3040 2874/2874/2874
f 3034/3034/3034 3041/3041/3041 3032/3032/3032
f 3032/3032/3032 3041/3041/3041 3040/3040/3040
f 3042/3042/3042 3041/3041/3041 3034/3034/3034
f 3040/3040/3040 3041/3041/3041 3042/3042/3042
f 3043/3043/3043 3034/3034/3034 3036/3036/3036
f 3043/3043/3043 3042/3042/3042 3034/3034/3034
f 3043/3043/3043 3036/3036/3036 3044/3044/3044
f 3043/3043/3043 3044/3044/3044 3042/3042/3042
f 3038/3038/3038 3045/3045/3045 3036/3036/3036
f 3036/3036/3036 3045/3045/3045 3044/3044/3044
f 3046/3046/3046 3045/3045/3045 3038/3038/3038
f 3044/3044/3044 3045/3045/3045 3046/3046/3046
f 3040/3040/3040 3047/3047/3047 2874/2874/2874
f 3048/3048/3048 3047/3047/3047 3040/3040/3040
f 2874/2874/2874 3047/3047/3047 2872/2872/2872
f 2872/2872/2872 3047/3047/3047 3048/3048/3048
f 3049/3049/3049 3040/3040/3040 3042/3042/3042
f 3049/3049/3049 3048/3048/3048 3040/3040/3040
f 3049/3049/3049 3042/3042/3042 3050/3050/3050
f 3049/3049/3049 3050/3050/3050 3048/3048/3048
f 3044/3044/3044 3051/3051/3051 3042/3042/3042
f 3042/3042/3042 3051/3051/3051 3050/3050/3050
f 3052/3052/3052 3051/3051/3051 3044/3044/3044
f 3050/3050/3050 3051/3051/3051 3052/3052/3052
f 3053/3053/3053 3052/3052/3052 3044/3044/3044
f 3053/3053/3053 3044/3044/3044 3046/3046/3046
f 3053/3053/3053 3054/3054/3054 3052/3052/3052
f 3053/3053/3053 3046/3046/3046 3054/3054/3054
f 3055/3055/3055 3050/3050/3050 3052/3052/3052
f 3046/3046/3046 3056/3056/3056 3054/3054/3054
f 3057/3057/3057 3056/3056/3056 3046/3046/3046
f 3055/3055/3055 3058/3058/3058 3050/3050/3050
f 3059/3059/3059 3057/3057/3057 3046/3046/3046
f 3059/3059/3059 3046/3046/3046 3038/3038/3038
f 3059/3059/3059 3060/3060/3060 3057/3057/3057
f 3059/3059/3059 3038/3038/3038 3060/3060/3060
f 3038/3038/3038 3061/3061/3061 3060/3060/3060
f 3030/3030/3030 3061/3061/3061 3038/3038/3038
f 3060/3060/3060 3061/3061/3061 3030/3030/3030
f 3062/3062/3062 3060/3060/3060 3030/3030/3030
f 3058/3058/3058 3063/3063/3063 3050/3050/3050
f 3064/3064/3064 3063/3063/3063 3058/3058/3058
f 3050/3050/3050 3063/3063/3063 3048/3048/3048
f 3048/3048/3048 3063/3063/3063 3064/3064/3064
f 3065/3065/3065 3064/3064/3064 3058/3058/3058
f 3065/3065/3065 2869/2869/2869 3064/3064/3064
f 2869/2869/2869 3066/3066/3066 3064/3064/3064
f 2868/2868/2868 3066/3066/3066 2869/2869/2869
f 3064/3064/3064 3066/3066/3066 2868/2868/2868
f 3067/3067/3067 3048/3048/3048 3064/3064/3064
f 3067/3067/3067 3064/3064/3064 2868/2868/2868
f 3067/3067/3067 2872/2872/2872 3048/3048/3048
f 3067/3067/3067 2868/2868/2868 2872/2872/2872
f 3070/3070/3070 3069/3069/3069 3068/3068/3068
f 3071/3071/3071 3070/3070/3070 3068/3068/3068
f 3073/3073/3073 3072/3072/3072 3068/3068/3068
f 3074/3074/3074 3073/3073/3073 3068/3068/3068
f 3074/3074/3074 3075/3075/3075 3073/3073/3073
f 3075/3075/3075 3076/3076/3076 3073/3073/3073
f 3079/3079/3079 3078/3078/3078 3077/3077/3077
f 3080/3080/3080 3079/3079/3079 3077/3077/3077
f 3080/3080/3080 3081/3081/3081 3079/3079/3079
f 3081/3081/3081 3082/3082/3082 3079/3079/3079
f 3083/3083/3083 3082/3082/3082 3081/3081/3081
f 3079/3079/3079 3082/3082/3082 3084/3084/3084
f 3084/3084/3084 3082/3082/3082 3083/3083/3083
f 3085/3085/3085 3083/3083/3083 3081/3081/3081
f 3086/3086/3086 3084/3084/3084 3083/3083/3083
f 3085/3085/3085 3087/3087/3087 3083/3083/3083
f 3086/3086/3086 3083/3083/3083 3088/3088/3088
f 3087/3087/3087 3089/3089/3089 3083/3083/3083
f 3083/3083/3083 3089/3089/3089 3088/3088/3088
f 3090/3090/3090 3089/3089/3089 3087/3087/3087
f 3088/3088/3088 3089/3089/3089 3090/3090/3090
f 3093/3093/3093 3092/3092/3092 3091/3091/3091
f 3092/3092/3092 3094/3094/3094 3091/3091/3091
f 3091/3091/3091 3094/3094/3094 3095/3095/3095
f 3096/3096/3096 3094/3094/3094 3092/3092/3092
f 3095/3095/3095 3094/3094/3094 3096/3096/3096
f 3097/3097/3097 3091/3091/3091 3095/3095/3095
f 3098/3098/3098 3096/3096/3096 3092/3092/3092
f 3098/3098/3098 3099/3099/3099 3096/3096/3096
f 3099/3099/3099 3100/3100/3100 3096/3096/3096
f 3096/3096/3096 3100/3100/3100 3101/3101/3101
f 3101/3101/3101 3100/3100/3100 3102/3102/3102
f 3103/3103/3103 3101/3101/3101 3102/3102/3102
f 3097/3097/3097 3095/3095/3095 3104/3104/3104
f 3103/3103/3103 3105/3105/3105 3101/3101/3101
f 3106/3106/3106 3095/3095/3095 3096/3096/3096
f 3106/3106/3106 3096/3096/3096 3101/3101/3101
f 3106/3106/3106 3107/3107/3107 3095/3095/3095
f 3106/3106/3106 3101/3101/3101 3107/3107/3107
f 3095/3095/3095 3108/3108/3108 3104/3104/3104
f 3107/3107/3107 3108/3108/3108 3095/3095/3095
f 3104/3104/3104 3108/3108/3108 3109/3109/3109
f 3109/3109/3109 3108/3108/3108 3107/3107/3107
f 3110/3110/3110 3104/3104/3104 3109/3109/3109
f 3105/3105/3105 3111/3111/3111 3101/3101/3101
f 3101/3101/3101 3111/3111/3111 3107/3107/3107
f 3112/3112/3112 3111/3111/3111 3105/3105/3105
f 3107/3107/3107 3111/3111/3111 3112/3112/3112
f 3113/3113/3113 3112/3112/3112 3105/3105/3105
f 3113/3113/3113 3114/3114/3114 3112/3112/3112
f 3114/3114/3114 3115/3115/3115 3112/3112/3112
f 3112/3112/3112 3115/3115/3115 3116/3116/3116
f 3117/3117/3117 3107/3107/3107 3112/3112/3112
f 3117/3117/3117 3112/3112/3112 3116/3116/3116
f 3117/3117/3117 3109/3109/3109 3107/3107/3107
f 3117/3117/3117 3116/3116/3116 3109/3109/3109
f 3116/3116/3116 3118/3118/3118 3109/3109/3109
f 3109/3109/3109 3118/3118/3118 3119/3119/3119
f 3110/3110/3110 3109/3109/3109 3119/3119/3119
f 3110/3110/3110 3119/3119/3119 3120/3120/3120
f 3123/3123/3123 3122/3122/3122 3121/3121/3121
f 3122/3122/3122 3124/3124/3124 3121/3121/3121
f 3125/3125/3125 3124/3124/3124 3122/3122/3122
f 3126/3126/3126 3125/3125/3125 3122/3122/3122
f 3123/3123/3123 3127/3127/3127 3122/3122/3122
f 3126/3126/3126 3122/3122/3122 3128/3128/3128
f 3127/3127/3127 3129/3129/3129 3122/3122/3122
f 3122/3122/3122 3129/3129/3129 3128/3128/3128
f 3130/3130/3130 3129/3129/3129 3127/3127/3127
f 3128/3128/3128 3129/3129/3129 3130/3130/3130
f 3131/3131/3131 3130/3130/3130 3127/3127/3127
f 3132/3132/3132 3128/3128/3128 3130/3130/3130
f 3131/3131/3131 3133/3133/3133 3130/3130/3130
f 3132/3132/3132 3130/3130/3130 3134/3134/3134
f 3134/3134/3134 3135/3135/3135 3133/3133/3133
f 3130/3130/3130 3135/3135/3135 3134/3134/3134
f 3133/3133/3133 3135/3135/3135 3130/3130/3130
f 3138/3138/3138 3137/3137/3137 3136/3136/3136
f 3138/3138/3138 3139/3139/3139 3137/3137/3137
f 3139/3139/3139 3140/3140/3140 3137/3137/3137
f 3137/3137/3137 3140/3140/3140 3141/3141/3141
f 3142/3142/3142 3137/3137/3137 3141/3141/3141
f 3142/3142/3142 3143/3143/3143 3137/3137/3137
f 3142/3142/3142 3141/3141/3141 3144/3144/3144
f 3142/3142/3142 3144/3144/3144 3143/3143/3143
f 3144/3144/3144 3145/3145/3145 3143/3143/3143
f 3143/3143/3143 3145/3145/3145 3146/3146/3146
f 3137/3137/3137 3147/3147/3147 3136/3136/3136
f 3143/3143/3143 3147/3147/3147 3137/3137/3137
f 3136/3136/3136 3147/3147/3147 3148/3148/3148
f 3148/3148/3148 3147/3147/3147 3143/3143/3143
f 3149/3149/3149 3136/3136/3136 3148/3148/3148
f 3149/3149/3149 3148/3148/3148 3150/3150/3150
f 3148/3148/3148 3151/3151/3151 3150/3150/3150
f 3152/3152/3152 3151/3151/3151 3148/3148/3148
f 3153/3153/3153 3146/3146/3146 3152/3152/3152
f 3153/3153/3153 3143/3143/3143 3146/3146/3146
f 3153/3153/3153 3152/3152/3152 3148/3148/3148
f 3153/3153/3153 3148/3148/3148 3143/3143/3143
g Fox_1
f 3154/3154/3154 1104/1104/1104 1102/1102/1102
f 1102/1102/1102 1101/1101/1101 3155/3155/3155
f 3156/3156/3156 1102/1102/1102 3155/3155/3155
f 3157/3157/3157 535/535/535 536/536/536
f 3158/3158/3158 536/536/536 539/539/539
f 3159/3159/3159 3158/3158/3158 539/539/539
f 3159/3159/3159 539/539/539 542/542/542
f 3159/3159/3159 3160/3160/3160 3158/3158/3158
f 3161/3161/3161 3160/3160/3160 3159/3159/3159
f 3160/3160/3160 3162/3162/3162 3158/3158/3158
f 3163/3163/3163 3159/3159/3159 542/542/542
f 3163/3163/3163 3161/3161/3161 3159/3159/3159
f 3164/3164/3164 3163/3163/3163 542/542/542
f 3161/3161/3161 3163/3163/3163 3164/3164/3164
f 543/543/543 3164/3164/3164 542/542/542
f 3162/3162/3162 3160/3160/3160 3165/3165/3165
f 3165/3165/3165 3160/3160/3160 3161/3161/3161
f 3166/3166/3166 3164/3164/3164 543/543/543
f 549/549/549 3166/3166/3166 543/543/543
f 3167/3167/3167 3162/3162/3162 3165/3165/3165
f 3168/3168/3168 3162/3162/3162 3167/3167/3167
f 3167/3167/3167 3165/3165/3165 3169/3169/3169
f 3170/3170/3170 3167/3167/3167 3169/3169/3169
f 3170/3170/3170 3169/3169/3169 3171/3171/3171
f 3169/3169/3169 3172/3172/3172 3171/3171/3171
f 3169/3169/3169 3165/3165/3165 3173/3173/3173
f 3173/3173/3173 3165/3165/3165 3161/3161/3161
f 3174/3174/3174 3161/3161/3161 3164/3164/3164
f 3174/3174/3174 3164/3164/3164 3166/3166/3166
f 3175/3175/3175 3166/3166/3166 549/549/549
f 550/550/550 3175/3175/3175 549/549/549
f 3169/3169/3169 3176/3176/3176 3172/3172/3172
f 3176/3176/3176 3169/3169/3169 3173/3173/3173
f 3177/3177/3177 3173/3173/3173 3161/3161/3161
f 3174/3174/3174 3177/3177/3177 3161/3161/3161
f 3178/3178/3178 3176/3176/3176 3173/3173/3173
f 3179/3179/3179 3174/3174/3174 3166/3166/3166
f 3174/3174/3174 3179/3179/3179 3177/3177/3177
f 3179/3179/3179 3166/3166/3166 3175/3175/3175
f 3179/3179/3179 3180/3180/3180 3177/3177/3177
f 3179/3179/3179 3181/3181/3181 3180/3180/3180
f 3181/3181/3181 3179/3179/3179 3175/3175/3175
f 3181/3181/3181 3182/3182/3182 3180/3180/3180
f 3182/3182/3182 3181/3181/3181 3183/3183/3183
f 3181/3181/3181 3175/3175/3175 3183/3183/3183
f 3183/3183/3183 3175/3175/3175 550/550/550
f 3184/3184/3184 3183/3183/3183 550/550/550
f 3176/3176/3176 3178/3178/3178 3185/3185/3185
f 3185/3185/3185 3178/3178/3178 3186/3186/3186
f 3178/3178/3178 3187/3187/3187 3186/3186/3186
f 3186/3186/3186 3187/3187/3187 3188/3188/3188
f 3189/3189/3189 3176/3176/3176 3185/3185/3185
f 3176/3176/3176 3189/3189/3189 3172/3172/3172
f 3189/3189/3189 3190/3190/3190 3172/3172/3172
f 3190/3190/3190 3189/3189/3189 3185/3185/3185
f 3191/3191/3191 3190/3190/3190 3185/3185/3185
f 3193/3193/3193 3192/3192/3192 957/957/957
f 957/957/957 3192/3192/3192 960/960/960
f 3192/3192/3192 3194/3194/3194 960/960/960
f 960/960/960 3194/3194/3194 967/967/967
f 3194/3194/3194 3195/3195/3195 967/967/967
f 3194/3194/3194 3196/3196/3196 3195/3195/3195
f 967/967/967 3195/3195/3195 970/970/970
f 3196/3196/3196 3197/3197/3197 3195/3195/3195
f 3195/3195/3195 3198/3198/3198 970/970/970
f 3195/3195/3195 3197/3197/3197 3198/3198/3198
f 975/975/975 970/970/970 3198/3198/3198
f 3197/3197/3197 3199/3199/3199 3198/3198/3198
f 3202/3202/3202 3201/3201/3201 3200/3200/3200
f 3203/3203/3203 3201/3201/3201 3202/3202/3202
f 3201/3201/3201 3203/3203/3203 3204/3204/3204
f 3204/3204/3204 3203/3203/3203 3205/3205/3205
f 3206/3206/3206 3204/3204/3204 3205/3205/3205
f 3207/3207/3207 3201/3201/3201 3204/3204/3204
f 3201/3201/3201 3207/3207/3207 3208/3208/3208
f 3209/3209/3209 3204/3204/3204 3206/3206/3206
f 3210/3210/3210 3209/3209/3209 3206/3206/3206
f 3209/3209/3209 3210/3210/3210 3211/3211/3211
f 3209/3209/3209 3212/3212/3212 3204/3204/3204
f 3212/3212/3212 3207/3207/3207 3204/3204/3204
f 3207/3207/3207 3213/3213/3213 3208/3208/3208
f 3208/3208/3208 3213/3213/3213 3214/3214/3214
f 3213/3213/3213 3215/3215/3215 3214/3214/3214
f 3216/3216/3216 3209/3209/3209 3211/3211/3211
f 3212/3212/3212 3209/3209/3209 3216/3216/3216
f 3207/3207/3207 3212/3212/3212 3217/3217/3217
f 3213/3213/3213 3207/3207/3207 3217/3217/3217
f 3215/3215/3215 3213/3213/3213 3218/3218/3218
f 3213/3213/3213 3217/3217/3217 3218/3218/3218
f 3215/3215/3215 3218/3218/3218 3219/3219/3219
f 3216/3216/3216 3211/3211/3211 3220/3220/3220
f 3211/3211/3211 3221/3221/3221 3220/3220/3220
f 3222/3222/3222 3212/3212/3212 3216/3216/3216
f 3212/3212/3212 3222/3222/3222 3217/3217/3217
f 3216/3216/3216 3220/3220/3220 3222/3222/3222
f 3218/3218/3218 3223/3223/3223 3219/3219/3219
f 3219/3219/3219 3223/3223/3223 3224/3224/3224
f 3217/3217/3217 3225/3225/3225 3218/3218/3218
f 3222/3222/3222 3225/3225/3225 3217/3217/3217
f 3218/3218/3218 3226/3226/3226 3223/3223/3223
f 3225/3225/3225 3226/3226/3226 3218/3218/3218
f 3227/3227/3227 3226/3226/3226 3225/3225/3225
f 3228/3228/3228 3225/3225/3225 3222/3222/3222
f 3228/3228/3228 3227/3227/3227 3225/3225/3225
f 3220/3220/3220 3229/3229/3229 3222/3222/3222
f 3229/3229/3229 3228/3228/3228 3222/3222/3222
f 3229/3229/3229 3220/3220/3220 3230/3230/3230
f 3228/3228/3228 3229/3229/3229 3230/3230/3230
f 3220/3220/3220 3231/3231/3231 3230/3230/3230
f 3232/3232/3232 3228/3228/3228 3230/3230/3230
f 3227/3227/3227 3228/3228/3228 3232/3232/3232
f 3233/3233/3233 3227/3227/3227 3232/3232/3232
f 3227/3227/3227 3233/3233/3233 3234/3234/3234
f 3235/3235/3235 3227/3227/3227 3234/3234/3234
f 3236/3236/3236 3226/3226/3226 3227/3227/3227
f 3226/3226/3226 3236/3236/3236 3223/3223/3223
f 3235/3235/3235 3236/3236/3236 3227/3227/3227
f 3223/3223/3223 3236/3236/3236 3237/3237/3237
f 3223/3223/3223 3237/3237/3237 3224/3224/3224
f 3238/3238/3238 3236/3236/3236 3235/3235/3235
f 3236/3236/3236 3238/3238/3238 3237/3237/3237
f 3239/3239/3239 3238/3238/3238 3235/3235/3235
f 3239/3239/3239 3235/3235/3235 3240/3240/3240
f 3241/3241/3241 3238/3238/3238 3239/3239/3239
f 3237/3237/3237 3238/3238/3238 3241/3241/3241
f 3242/3242/3242 3241/3241/3241 3239/3239/3239
f 3224/3224/3224 3237/3237/3237 3243/3243/3243
f 3244/3244/3244 3237/3237/3237 3241/3241/3241
f 3237/3237/3237 3244/3244/3244 3243/3243/3243
f 3244/3244/3244 3241/3241/3241 6/6/6
f 6/6/6 3241/3241/3241 3242/3242/3242
f 9/9/9 3244/3244/3244 6/6/6
f 3243/3243/3243 3244/3244/3244 9/9/9
f 5/5/5 6/6/6 3242/3242/3242
f 5/5/5 3242/3242/3242 3/3/3
f 3242/3242/3242 2/2/2 3/3/3
f 11/11/11 3243/3243/3243 9/9/9
f 3243/3243/3243 11/11/11 13/13/13
f 3224/3224/3224 3243/3243/3243 3245/3245/3245
f 3245/3245/3245 3243/3243/3243 13/13/13
f 3246/3246/3246 3224/3224/3224 3245/3245/3245
f 3245/3245/3245 13/13/13 14/14/14
f 3245/3245/3245 3247/3247/3247 3246/3246/3246
f 3247/3247/3247 3245/3245/3245 14/14/14
f 953/953/953 3248/3248/3248 954/954/954
f 3248/3248/3248 953/953/953 951/951/951
f 953/953/953 952/952/952 951/951/951
f 3249/3249/3249 1113/1113/1113 1112/1112/1112
f 3250/3250/3250 3249/3249/3249 1112/1112/1112
f 3253/3253/3253 3252/3252/3252 3251/3251/3251
f 3254/3254/3254 3252/3252/3252 3253/3253/3253
f 3255/3255/3255 3254/3254/3254 3253/3253/3253
f 3255/3255/3255 3253/3253/3253 3256/3256/3256
f 3257/3257/3257 3255/3255/3255 3256/3256/3256
f 3257/3257/3257 3256/3256/3256 3258/3258/3258
f 3254/3254/3254 3259/3259/3259 3252/3252/3252
f 3259/3259/3259 3260/3260/3260 3252/3252/3252
f 3254/3254/3254 3255/3255/3255 3261/3261/3261
f 3261/3261/3261 3255/3255/3255 3257/3257/3257
f 3260/3260/3260 3259/3259/3259 3262/3262/3262
f 3263/3263/3263 3260/3260/3260 3262/3262/3262
f 3259/3259/3259 3254/3254/3254 3264/3264/3264
f 3264/3264/3264 3254/3254/3254 3261/3261/3261
f 3259/3259/3259 3265/3265/3265 3262/3262/3262
f 3265/3265/3265 3259/3259/3259 3264/3264/3264
f 3263/3263/3263 3262/3262/3262 3266/3266/3266
f 3265/3265/3265 3267/3267/3267 3262/3262/3262
f 3268/3268/3268 3263/3263/3263 3266/3266/3266
f 3269/3269/3269 3268/3268/3268 3266/3266/3266
f 3263/3263/3263 3268/3268/3268 3270/3270/3270
f 3271/3271/3271 3265/3265/3265 3264/3264/3264
f 3272/3272/3272 3264/3264/3264 3261/3261/3261
f 3272/3272/3272 3271/3271/3271 3264/3264/3264
f 3267/3267/3267 3265/3265/3265 3273/3273/3273
f 3265/3265/3265 3271/3271/3271 3273/3273/3273
f 3267/3267/3267 3273/3273/3273 3274/3274/3274
f 3275/3275/3275 3267/3267/3267 3274/3274/3274
f 3267/3267/3267 3275/3275/3275 3276/3276/3276
f 3274/3274/3274 3273/3273/3273 3277/3277/3277
f 3277/3277/3277 3273/3273/3273 3271/3271/3271
f 3278/3278/3278 3274/3274/3274 3277/3277/3277
f 3278/3278/3278 3277/3277/3277 3279/3279/3279
f 3280/3280/3280 3278/3278/3278 3279/3279/3279
f 3279/3279/3279 3277/3277/3277 3281/3281/3281
f 3282/3282/3282 3277/3277/3277 3271/3271/3271
f 3277/3277/3277 3282/3282/3282 3281/3281/3281
f 3283/3283/3283 3282/3282/3282 3271/3271/3271
f 3282/3282/3282 3283/3283/3283 3281/3281/3281
f 3272/3272/3272 3283/3283/3283 3271/3271/3271
f 3284/3284/3284 3283/3283/3283 3272/3272/3272
f 3283/3283/3283 3285/3285/3285 3281/3281/3281
f 3283/3283/3283 3284/3284/3284 3285/3285/3285
f 3284/3284/3284 3286/3286/3286 3285/3285/3285
f 3286/3286/3286 3284/3284/3284 3287/3287/3287
f 3288/3288/3288 3284/3284/3284 3272/3272/3272
f 3288/3288/3288 3272/3272/3272 3261/3261/3261
f 3284/3284/3284 3289/3289/3289 3287/3287/3287
f 3287/3287/3287 3289/3289/3289 3290/3290/3290
f 3288/3288/3288 3261/3261/3261 3291/3291/3291
f 3291/3291/3291 3261/3261/3261 3257/3257/3257
f 3288/3288/3288 3292/3292/3292 3284/3284/3284
f 3292/3292/3292 3289/3289/3289 3284/3284/3284
f 3292/3292/3292 3288/3288/3288 3291/3291/3291
f 3291/3291/3291 3257/3257/3257 3293/3293/3293
f 3293/3293/3293 3257/3257/3257 3258/3258/3258
f 3292/3292/3292 3291/3291/3291 3294/3294/3294
f 3294/3294/3294 3291/3291/3291 3293/3293/3293
f 3292/3292/3292 3295/3295/3295 3289/3289/3289
f 3295/3295/3295 3292/3292/3292 3294/3294/3294
f 3289/3289/3289 3296/3296/3296 3290/3290/3290
f 3295/3295/3295 3296/3296/3296 3289/3289/3289
f 3293/3293/3293 3258/3258/3258 3297/3297/3297
f 3298/3298/3298 3297/3297/3297 3258/3258/3258
f 3299/3299/3299 3293/3293/3293 3297/3297/3297
f 3294/3294/3294 3293/3293/3293 3299/3299/3299
f 3299/3299/3299 3297/3297/3297 3300/3300/3300
f 3301/3301/3301 3299/3299/3299 3300/3300/3300
f 3299/3299/3299 3301/3301/3301 3302/3302/3302
f 3303/3303/3303 3299/3299/3299 3302/3302/3302
f 3303/3303/3303 3294/3294/3294 3299/3299/3299
f 3303/3303/3303 3302/3302/3302 3304/3304/3304
f 3295/3295/3295 3294/3294/3294 3305/3305/3305
f 3294/3294/3294 3303/3303/3303 3305/3305/3305
f 3295/3295/3295 3305/3305/3305 3296/3296/3296
f 3305/3305/3305 3303/3303/3303 3304/3304/3304
f 3290/3290/3290 3296/3296/3296 3306/3306/3306
f 3305/3305/3305 3306/3306/3306 3296/3296/3296
f 3305/3305/3305 3304/3304/3304 3306/3306/3306
f 3307/3307/3307 3290/3290/3290 3306/3306/3306
f 3304/3304/3304 3308/3308/3308 3306/3306/3306
f 3307/3307/3307 3306/3306/3306 3309/3309/3309
f 3306/3306/3306 3308/3308/3308 3309/3309/3309
f 3312/3312/3312 3311/3311/3311 3310/3310/3310
f 3312/3312/3312 3310/3310/3310 3313/3313/3313
f 3314/3314/3314 3312/3312/3312 3313/3313/3313
f 3314/3314/3314 3313/3313/3313 3315/3315/3315
f 3317/3317/3317 3315/3315/3315 3316/3316/3316
f 3318/3318/3318 3317/3317/3317 3316/3316/3316
f 3318/3318/3318 3316/3316/3316 3319/3319/3319
f 3320/3320/3320 3318/3318/3318 3319/3319/3319
f 3319/3319/3319 3321/3321/3321 3320/3320/3320
f 3323/3323/3323 3321/3321/3321 3322/3322/3322
f 3324/3324/3324 3323/3323/3323 3322/3322/3322
f 3327/3327/3327 3326/3326/3326 3325/3325/3325
f 3327/3327/3327 3328/3328/3328 3326/3326/3326
f 3331/3331/3331 3330/3330/3330 3329/3329/3329
f 3331/3331/3331 3332/3332/3332 3330/3330/3330
f 3332/3332/3332 3333/3333/3333 3330/3330/3330
f 3330/3330/3330 3333/3333/3333 3334/3334/3334
f 3330/3330/3330 3334/3334/3334 3335/3335/3335
f 3334/3334/3334 637/637/637 3335/3335/3335
f 636/636/636 637/637/637 3334/3334/3334
f 3333/3333/3333 3336/3336/3336 3334/3334/3334
f 3336/3336/3336 3333/3333/3333 3337/3337/3337
f 3336/3336/3336 3337/3337/3337 3338/3338/3338
f 3334/3334/3334 3336/3336/3336 3339/3339/3339
f 3339/3339/3339 3336/3336/3336 3338/3338/3338
f 3340/3340/3340 636/636/636 3334/3334/3334
f 3340/3340/3340 3334/3334/3334 3339/3339/3339
f 3340/3340/3340 3341/3341/3341 636/636/636
f 3340/3340/3340 3339/3339/3339 3341/3341/3341
f 3341/3341/3341 3342/3342/3342 636/636/636
f 3339/3339/3339 3338/3338/3338 3343/3343/3343
f 3339/3339/3339 3343/3343/3343 3341/3341/3341
f 3338/3338/3338 3344/3344/3344 3343/3343/3343
f 3341/3341/3341 3345/3345/3345 3342/3342/3342
f 3345/3345/3345 3346/3346/3346 3342/3342/3342
f 3343/3343/3343 3347/3347/3347 3341/3341/3341
f 3347/3347/3347 3343/3343/3343 3344/3344/3344
f 3347/3347/3347 3345/3345/3345 3341/3341/3341
f 3345/3345/3345 3348/3348/3348 3346/3346/3346
f 3348/3348/3348 3349/3349/3349 3346/3346/3346
f 3350/3350/3350 3347/3347/3347 3344/3344/3344
f 3350/3350/3350 3344/3344/3344 3351/3351/3351
f 3347/3347/3347 3352/3352/3352 3345/3345/3345
f 3352/3352/3352 3348/3348/3348 3345/3345/3345
f 3348/3348/3348 3353/3353/3353 3349/3349/3349
f 3353/3353/3353 3354/3354/3354 3349/3349/3349
f 3355/3355/3355 3350/3350/3350 3351/3351/3351
f 3356/3356/3356 3355/3355/3355 3351/3351/3351
f 3350/3350/3350 3357/3357/3357 3347/3347/3347
f 3357/3357/3357 3352/3352/3352 3347/3347/3347
f 3357/3357/3357 3350/3350/3350 3355/3355/3355
f 3352/3352/3352 3358/3358/3358 3348/3348/3348
f 3358/3358/3358 3353/3353/3353 3348/3348/3348
f 3353/3353/3353 3359/3359/3359 3354/3354/3354
f 3359/3359/3359 3360/3360/3360 3354/3354/3354
f 3356/3356/3356 3361/3361/3361 3355/3355/3355
f 3361/3361/3361 3356/3356/3356 3362/3362/3362
f 3357/3357/3357 3363/3363/3363 3352/3352/3352
f 3363/3363/3363 3358/3358/3358 3352/3352/3352
f 3358/3358/3358 3364/3364/3364 3353/3353/3353
f 3364/3364/3364 3359/3359/3359 3353/3353/3353
f 3363/3363/3363 3365/3365/3365 3358/3358/3358
f 3365/3365/3365 3363/3363/3363 3357/3357/3357
f 3365/3365/3365 3364/3364/3364 3358/3358/3358
f 3365/3365/3365 3366/3366/3366 3364/3364/3364
f 3367/3367/3367 3357/3357/3357 3355/3355/3355
f 3367/3367/3367 3365/3365/3365 3357/3357/3357
f 3361/3361/3361 3367/3367/3367 3355/3355/3355
f 3366/3366/3366 3365/3365/3365 3367/3367/3367
f 3361/3361/3361 3366/3366/3366 3367/3367/3367
f 3359/3359/3359 3368/3368/3368 3360/3360/3360
f 3368/3368/3368 3369/3369/3369 3360/3360/3360
f 3369/3369/3369 3368/3368/3368 3370/3370/3370
f 3364/3364/3364 3371/3371/3371 3359/3359/3359
f 3371/3371/3371 3368/3368/3368 3359/3359/3359
f 3366/3366/3366 3371/3371/3371 3364/3364/3364
f 3368/3368/3368 3372/3372/3372 3370/3370/3370
f 3368/3368/3368 3371/3371/3371 3372/3372/3372
f 3370/3370/3370 3372/3372/3372 3373/3373/3373
f 3371/3371/3371 3374/3374/3374 3372/3372/3372
f 3371/3371/3371 3366/3366/3366 3374/3374/3374
f 3372/3372/3372 3375/3375/3375 3373/3373/3373
f 3372/3372/3372 3374/3374/3374 3375/3375/3375
f 3373/3373/3373 3375/3375/3375 3376/3376/3376
f 3366/3366/3366 3361/3361/3361 3377/3377/3377
f 3377/3377/3377 3361/3361/3361 3362/3362/3362
f 3366/3366/3366 3378/3378/3378 3374/3374/3374
f 3378/3378/3378 3366/3366/3366 3377/3377/3377
f 3375/3375/3375 3379/3379/3379 3376/3376/3376
f 3376/3376/3376 3379/3379/3379 3380/3380/3380
f 3374/3374/3374 3381/3381/3381 3375/3375/3375
f 3374/3374/3374 3378/3378/3378 3381/3381/3381
f 3375/3375/3375 3381/3381/3381 3379/3379/3379
f 3382/3382/3382 3377/3377/3377 3362/3362/3362
f 3378/3378/3378 3377/3377/3377 3382/3382/3382
f 3379/3379/3379 3383/3383/3383 3380/3380/3380
f 3380/3380/3380 3383/3383/3383 592/592/592
f 3378/3378/3378 3384/3384/3384 3381/3381/3381
f 3384/3384/3384 3378/3378/3378 3382/3382/3382
f 3381/3381/3381 3385/3385/3385 3379/3379/3379
f 3381/3381/3381 3384/3384/3384 3385/3385/3385
f 3379/3379/3379 3385/3385/3385 3383/3383/3383
f 3384/3384/3384 3382/3382/3382 3385/3385/3385
f 3386/3386/3386 3382/3382/3382 3362/3362/3362
f 3386/3386/3386 3362/3362/3362 3387/3387/3387
f 3388/3388/3388 3386/3386/3386 3387/3387/3387
f 3385/3385/3385 3382/3382/3382 3389/3389/3389
f 3382/3382/3382 3386/3386/3386 3389/3389/3389
f 3389/3389/3389 3386/3386/3386 3388/3388/3388
f 3385/3385/3385 3389/3389/3389 3383/3383/3383
f 3390/3390/3390 3389/3389/3389 3388/3388/3388
f 3383/3383/3383 3391/3391/3391 592/592/592
f 3383/3383/3383 3389/3389/3389 3391/3391/3391
f 3389/3389/3389 3390/3390/3390 3391/3391/3391
f 592/592/592 3391/3391/3391 3392/3392/3392
f 3390/3390/3390 3393/3393/3393 3391/3391/3391
f 3394/3394/3394 3393/3393/3393 3390/3390/3390
f 3391/3391/3391 3395/3395/3395 3392/3392/3392
f 3393/3393/3393 3395/3395/3395 3391/3391/3391
f 3392/3392/3392 3395/3395/3395 3396/3396/3396
f 3396/3396/3396 3395/3395/3395 3393/3393/3393
f 589/589/589 3392/3392/3392 3396/3396/3396
f 3397/3397/3397 3396/3396/3396 3393/3393/3393
f 3397/3397/3397 3393/3393/3393 3394/3394/3394
f 3398/3398/3398 3397/3397/3397 3394/3394/3394
f 3398/3398/3398 3394/3394/3394 3399/3399/3399
f 3400/3400/3400 3398/3398/3398 3399/3399/3399
f 3400/3400/3400 3399/3399/3399 3401/3401/3401
g Fox_2
f 3404/3404/3404 3403/3403/3403 3402/3402/3402
f 3405/3405/3405 3404/3404/3404 3402/3402/3402
f 3405/3405/3405 3402/3402/3402 3406/3406/3406
f 3407/3407/3407 3404/3404/3404 3405/3405/3405
f 3408/3408/3408 3405/3405/3405 3406/3406/3406
f 3409/3409/3409 3407/3407/3407 3405/3405/3405
f 3409/3409/3409 3405/3405/3405 3408/3408/3408
f 3410/3410/3410 3407/3407/3407 3409/3409/3409
f 3411/3411/3411 3409/3409/3409 3408/3408/3408
f 3412/3412/3412 3410/3410/3410 3409/3409/3409
f 3412/3412/3412 3409/3409/3409 3411/3411/3411
f 3413/3413/3413 3410/3410/3410 3412/3412/3412
f 3414/3414/3414 3412/3412/3412 3411/3411/3411
f 3415/3415/3415 3413/3413/3413 3412/3412/3412
f 3415/3415/3415 3412/3412/3412 3414/3414/3414
f 3416/3416/3416 3413/3413/3413 3415/3415/3415
f 3417/3417/3417 3415/3415/3415 3414/3414/3414
f 3418/3418/3418 3416/3416/3416 3415/3415/3415
f 3418/3418/3418 3415/3415/3415 3417/3417/3417
f 3419/3419/3419 3416/3416/3416 3418/3418/3418
f 3420/3420/3420 3418/3418/3418 3417/3417/3417
f 3421/3421/3421 3419/3419/3419 3418/3418/3418
f 3421/3421/3421 3418/3418/3418 3420/3420/3420
f 3422/3422/3422 3421/3421/3421 3420/3420/3420
f 3425/3425/3425 3424/3424/3424 3423/3423/3423
f 3424/3424/3424 3426/3426/3426 3423/3423/3423
f 3423/3423/3423 3426/3426/3426 3427/3427/3427
f 3424/3424/3424 3428/3428/3428 3426/3426/3426
f 3426/3426/3426 3429/3429/3429 3427/3427/3427
f 3428/3428/3428 3430/3430/3430 3426/3426/3426
f 3426/3426/3426 3430/3430/3430 3429/3429/3429
f 3428/3428/3428 3431/3431/3431 3430/3430/3430
f 3430/3430/3430 3432/3432/3432 3429/3429/3429
f 3431/3431/3431 3433/3433/3433 3430/3430/3430
f 3430/3430/3430 3433/3433/3433 3432/3432/3432
f 3431/3431/3431 3434/3434/3434 3433/3433/3433
f 3433/3433/3433 3435/3435/3435 3432/3432/3432
f 3434/3434/3434 3436/3436/3436 3433/3433/3433
f 3433/3433/3433 3436/3436/3436 3435/3435/3435
f 3434/3434/3434 3437/3437/3437 3436/3436/3436
f 3436/3436/3436 3438/3438/3438 3435/3435/3435
f 3437/3437/3437 3439/3439/3439 3436/3436/3436
f 3436/3436/3436 3439/3439/3439 3438/3438/3438
f 3437/3437/3437 3440/3440/3440 3439/3439/3439
f 3439/3439/3439 3441/3441/3441 3438/3438/3438
f 3440/3440/3440 3442/3442/3442 3439/3439/3439
f 3439/3439/3439 3442/3442/3442 3441/3441/3441
f 3442/3442/3442 3443/3443/3443 3441/3441/3441
f 3446/3446/3446 3445/3445/3445 3444/3444/3444
f 3447/3447/3447 3446/3446/3446 3444/3444/3444
f 3444/3444/3444 3448/3448/3448 3447/3447/3447
f 3448/3448/3448 3449/3449/3449 3447/3447/3447
f 3447/3447/3447 3449/3449/3449 3450/3450/3450
f 3446/3446/3446 3447/3447/3447 3451/3451/3451
f 3452/3452/3452 3447/3447/3447 3450/3450/3450
f 3447/3447/3447 3452/3452/3452 3451/3451/3451
f 3450/3450/3450 3453/3453/3453 3452/3452/3452
f 3451/3451/3451 3452/3452/3452 3454/3454/3454
f 3453/3453/3453 3454/3454/3454 3452/3452/3452
f 3455/3455/3455 3451/3451/3451 3454/3454/3454
f 3455/3455/3455 3454/3454/3454 3456/3456/3456
f 3457/3457/3457 3454/3454/3454 3453/3453/3453
f 3454/3454/3454 3457/3457/3457 3456/3456/3456
f 3458/3458/3458 3457/3457/3457 3453/3453/3453
f 3456/3456/3456 3457/3457/3457 3459/3459/3459
f 3457/3457/3457 3458/3458/3458 3459/3459/3459
f 3462/3462/3462 3461/3461/3461 3460/3460/3460
f 3461/3461/3461 3463/3463/3463 3460/3460/3460
f 3464/3464/3464 3460/3460/3460 3463/3463/3463
f 3465/3465/3465 3464/3464/3464 3463/3463/3463
f 3466/3466/3466 3464/3464/3464 3465/3465/3465
f 3467/3467/3467 3466/3466/3466 3465/3465/3465
f 3470/3470/3470 3469/3469/3469 3468/3468/3468
f 3469/3469/3469 3470/3470/3470 3471/3471/3471
f 3470/3470/3470 3472/3472/3472 3471/3471/3471
f 3472/3472/3472 3473/3473/3473 3471/3471/3471
f 3471/3471/3471 3474/3474/3474 3469/3469/3469
f 3473/3473/3473 3474/3474/3474 3471/3471/3471
f 3474/3474/3474 3475/3475/3475 3469/3469/3469
f 3473/3473/3473 3476/3476/3476 3474/3474/3474
f 3477/3477/3477 3475/3475/3475 3474/3474/3474
f 3477/3477/3477 3478/3478/3478 3475/3475/3475
f 3476/3476/3476 3479/3479/3479 3474/3474/3474
f 3479/3479/3479 3477/3477/3477 3474/3474/3474
f 3478/3478/3478 3477/3477/3477 3480/3480/3480
f 3477/3477/3477 3479/3479/3479 3480/3480/3480
f 3481/3481/3481 3478/3478/3478 3480/3480/3480
f 3482/3482/3482 3479/3479/3479 3476/3476/3476
f 3479/3479/3479 3482/3482/3482 3480/3480/3480
f 3483/3483/3483 3482/3482/3482 3476/3476/3476
f 3483/3483/3483 3484/3484/3484 3482/3482/3482
f 3481/3481/3481 3480/3480/3480 3485/3485/3485
f 3486/3486/3486 3481/3481/3481 3485/3485/3485
f 3484/3484/3484 3487/3487/3487 3485/3485/3485
f 3480/3480/3480 3482/3482/3482 3488/3488/3488
f 3485/3485/3485 3480/3480/3480 3488/3488/3488
f 3488/3488/3488 3484/3484/3484 3485/3485/3485
f 3484/3484/3484 3488/3488/3488 3482/3482/3482
f 3491/3491/3491 3490/3490/3490 3489/3489/3489
f 3491/3491/3491 3489/3489/3489 3492/3492/3492
f 3489/3489/3489 3493/3493/3493 3492/3492/3492
f 3494/3494/3494 3492/3492/3492 3493/3493/3493
f 3495/3495/3495 3494/3494/3494 3493/3493/3493
f 3496/3496/3496 3494/3494/3494 3495/3495/3495
f 3489/3489/3489 3497/3497/3497 3493/3493/3493
f 3497/3497/3497 3495/3495/3495 3493/3493/3493
f 3498/3498/3498 3496/3496/3496 3495/3495/3495
f 3498/3498/3498 3495/3495/3495 3497/3497/3497
f 3497/3497/3497 3489/3489/3489 3499/3499/3499
f 3489/3489/3489 3500/3500/3500 3499/3499/3499
f 3501/3501/3501 3497/3497/3497 3499/3499/3499
f 3501/3501/3501 3498/3498/3498 3497/3497/3497
f 3498/3498/3498 3501/3501/3501 3502/3502/3502
f 3498/3498/3498 3503/3503/3503 3496/3496/3496
f 3503/3503/3503 3498/3498/3498 3502/3502/3502
f 3503/3503/3503 3504/3504/3504 3496/3496/3496
f 3503/3503/3503 3502/3502/3502 3505/3505/3505
f 3504/3504/3504 3503/3503/3503 3505/3505/3505
f 3502/3502/3502 3506/3506/3506 3505/3505/3505
f 3507/3507/3507 3504/3504/3504 3505/3505/3505
f 3510/3510/3510 3509/3509/3509 3508/3508/3508
f 3511/3511/3511 3510/3510/3510 3508/3508/3508
f 3510/3510/3510 3511/3511/3511 3512/3512/3512
f 3508/3508/3508 3513/3513/3513 3511/3511/3511
f 3511/3511/3511 3514/3514/3514 3512/3512/3512
f 3512/3512/3512 3514/3514/3514 3515/3515/3515
f 3514/3514/3514 3516/3516/3516 3515/3515/3515
f 3517/3517/3517 3516/3516/3516 3514/3514/3514
f 3513/3513/3513 3518/3518/3518 3511/3511/3511
f 3511/3511/3511 3518/3518/3518 3514/3514/3514
f 3519/3519/3519 3517/3517/3517 3514/3514/3514
f 3518/3518/3518 3519/3519/3519 3514/3514/3514
f 3519/3519/3519 3520/3520/3520 3517/3517/3517
f 3519/3519/3519 3518/3518/3518 3520/3520/3520
f 3520/3520/3520 3521/3521/3521 3517/3517/3517
f 3522/3522/3522 3518/3518/3518 3513/3513/3513
f 3518/3518/3518 3522/3522/3522 3520/3520/3520
f 3523/3523/3523 3522/3522/3522 3513/3513/3513
f 3522/3522/3522 3523/3523/3523 3524/3524/3524
f 3525/3525/3525 3522/3522/3522 3524/3524/3524
f 3522/3522/3522 3525/3525/3525 3526/3526/3526
f 3520/3520/3520 3522/3522/3522 3526/3526/3526
f 3520/3520/3520 3526/3526/3526 3521/3521/3521
f 3526/3526/3526 3527/3527/3527 3521/3521/3521
f 3530/3530/3530 3529/3529/3529 3528/3528/3528
f 3531/3531/3531 3530/3530/3530 3528/3528/3528
f 3532/3532/3532 3531/3531/3531 3528/3528/3528
f 3533/3533/3533 3532/3532/3532 3528/3528/3528
f 3530/3530/3530 3531/3531/3531 3534/3534/3534
f 3531/3531/3531 3532/3532/3532 3534/3534/3534
f 3535/3535/3535 3530/3530/3530 3534/3534/3534
f 3532/3532/3532 3536/3536/3536 3534/3534/3534
f 3539/3539/3539 3538/3538/3538 3537/3537/3537
f 3537/3537/3537 3538/3538/3538 3540/3540/3540
f 3538/3538/3538 3541/3541/3541 3540/3540/3540
f 3540/3540/3540 3541/3541/3541 3542/3542/3542
f 3541/3541/3541 3543/3543/3543 3542/3542/3542
f 3542/3542/3542 3543/3543/3543 3544/3544/3544
f 3543/3543/3543 3545/3545/3545 3544/3544/3544
f 3548/3548/3548 3547/3547/3547 3546/3546/3546
f 3549/3549/3549 3547/3547/3547 3548/3548/3548
f 3550/3550/3550 3549/3549/3549 3548/3548/3548
f 3551/3551/3551 3549/3549/3549 3550/3550/3550
f 3552/3552/3552 3551/3551/3551 3550/3550/3550
f 3553/3553/3553 3551/3551/3551 3552/3552/3552
f 3554/3554/3554 3553/3553/3553 3552/3552/3552
f 3553/3553/3553 3555/3555/3555 3551/3551/3551
f 3556/3556/3556 3555/3555/3555 3553/3553/3553
f 3551/3551/3551 3557/3557/3557 3549/3549/3549
f 3555/3555/3555 3557/3557/3557 3551/3551/3551
f 3549/3549/3549 3558/3558/3558 3547/3547/3547
f 3557/3557/3557 3558/3558/3558 3549/3549/3549
f 3556/3556/3556 3559/3559/3559 3555/3555/3555
f 3560/3560/3560 3559/3559/3559 3556/3556/3556
f 3560/3560/3560 3561/3561/3561 3559/3559/3559
f 3559/3559/3559 3562/3562/3562 3555/3555/3555
f 3555/3555/3555 3562/3562/3562 3557/3557/3557
f 3559/3559/3559 3561/3561/3561 3562/3562/3562
f 3562/3562/3562 3563/3563/3563 3557/3557/3557
f 3557/3557/3557 3563/3563/3563 3558/3558/3558
f 3562/3562/3562 3561/3561/3561 3563/3563/3563
f 3558/3558/3558 3564/3564/3564 3547/3547/3547
f 3547/3547/3547 3564/3564/3564 3565/3565/3565
f 3563/3563/3563 3566/3566/3566 3558/3558/3558
f 3563/3563/3563 3561/3561/3561 3566/3566/3566
f 3558/3558/3558 3566/3566/3566 3564/3564/3564
f 3564/3564/3564 3567/3567/3567 3565/3565/3565
f 3565/3565/3565 3567/3567/3567 3568/3568/3568
f 3567/3567/3567 3569/3569/3569 3568/3568/3568
f 3566/3566/3566 3570/3570/3570 3564/3564/3564
f 3566/3566/3566 3561/3561/3561 3570/3570/3570
f 3564/3564/3564 3570/3570/3570 3567/3567/3567
f 3567/3567/3567 3571/3571/3571 3569/3569/3569
f 3570/3570/3570 3571/3571/3571 3567/3567/3567
f 3570/3570/3570 3561/3561/3561 3571/3571/3571
f 3571/3571/3571 3572/3572/3572 3569/3569/3569
f 3571/3571/3571 3561/3561/3561 3572/3572/3572
f 3575/3575/3575 3574/3574/3574 3573/3573/3573
f 3574/3574/3574 3576/3576/3576 3573/3573/3573
f 3574/3574/3574 3577/3577/3577 3576/3576/3576
f 3573/3573/3573 3576/3576/3576 3578/3578/3578
f 3577/3577/3577 3579/3579/3579 3576/3576/3576
f 3577/3577/3577 3580/3580/3580 3579/3579/3579
f 3576/3576/3576 3579/3579/3579 3581/3581/3581
f 3576/3576/3576 3581/3581/3581 3578/3578/3578
f 3579/3579/3579 3580/3580/3580 3582/3582/3582
f 3579/3579/3579 3582/3582/3582 3581/3581/3581
f 3578/3578/3578 3581/3581/3581 3583/3583/3583
f 3581/3581/3581 3582/3582/3582 3584/3584/3584
f 3581/3581/3581 3584/3584/3584 3583/3583/3583
f 3578/3578/3578 3583/3583/3583 3585/3585/3585
f 3586/3586/3586 3578/3578/3578 3585/3585/3585
f 3585/3585/3585 3583/3583/3583 3587/3587/3587
f 3583/3583/3583 3588/3588/3588 3587/3587/3587
f 3583/3583/3583 3584/3584/3584 3588/3588/3588
f 3587/3587/3587 3588/3588/3588 3589/3589/3589
f 3582/3582/3582 3590/3590/3590 3584/3584/3584
f 3582/3582/3582 3580/3580/3580 3590/3590/3590
f 3588/3588/3588 3591/3591/3591 3589/3589/3589
f 3589/3589/3589 3591/3591/3591 3592/3592/3592
f 3584/3584/3584 3593/3593/3593 3588/3588/3588
f 3584/3584/3584 3590/3590/3590 3593/3593/3593
f 3588/3588/3588 3593/3593/3593 3591/3591/3591
f 3591/3591/3591 3594/3594/3594 3592/3592/3592
f 3592/3592/3592 3594/3594/3594 3595/3595/3595
f 3594/3594/3594 3596/3596/3596 3595/3595/3595
f 3590/3590/3590 3597/3597/3597 3593/3593/3593
f 3590/3590/3590 3580/3580/3580 3597/3597/3597
f 3593/3593/3593 3598/3598/3598 3591/3591/3591
f 3591/3591/3591 3598/3598/3598 3594/3594/3594
f 3593/3593/3593 3597/3597/3597 3598/3598/3598
f 3594/3594/3594 3599/3599/3599 3596/3596/3596
f 3598/3598/3598 3599/3599/3599 3594/3594/3594
f 3599/3599/3599 3600/3600/3600 3596/3596/3596
f 3597/3597/3597 3601/3601/3601 3598/3598/3598
f 3598/3598/3598 3601/3601/3601 3599/3599/3599
f 3597/3597/3597 3580/3580/3580 3601/3601/3601
f 3601/3601/3601 3602/3602/3602 3599/3599/3599
f 3599/3599/3599 3602/3602/3602 3600/3600/3600
f 3601/3601/3601 3580/3580/3580 3602/3602/3602
f 3602/3602/3602 3603/3603/3603 3600/3600/3600
f 3602/3602/3602 3580/3580/3580 3603/3603/3603
f 3600/3600/3600 3603/3603/3603 3604/3604/3604
f 3603/3603/3603 3580/3580/3580 3605/3605/3605
f 3603/3603/3603 3605/3605/3605 3604/3604/3604
f 3604/3604/3604 3605/3605/3605 3606/3606/3606
f 3609/3609/3609 3608/3608/3608 3607/3607/3607
f 3608/3608/3608 3610/3610/3610 3607/3607/3607
f 3608/3608/3608 3611/3611/3611 3610/3610/3610
f 3607/3607/3607 3610/3610/3610 3612/3612/3612
f 3611/3611/3611 3613/3613/3613 3610/3610/3610
f 3610/3610/3610 3614/3614/3614 3612/3612/3612
f 3610/3610/3610 3613/3613/3613 3614/3614/3614
f 3612/3612/3612 3614/3614/3614 3615/3615/3615
f 3613/3613/3613 3616/3616/3616 3614/3614/3614
f 3614/3614/3614 3617/3617/3617 3615/3615/3615
f 3614/3614/3614 3616/3616/3616 3617/3617/3617
f 3615/3615/3615 3617/3617/3617 3618/3618/3618
f 3617/3617/3617 3619/3619/3619 3618/3618/3618
f 3618/3618/3618 3619/3619/3619 3620/3620/3620
f 3616/3616/3616 3621/3621/3621 3617/3617/3617
f 3617/3617/3617 3621/3621/3621 3619/3619/3619
f 3619/3619/3619 3622/3622/3622 3620/3620/3620
f 3620/3620/3620 3622/3622/3622 3623/3623/3623
f 3622/3622/3622 3624/3624/3624 3623/3623/3623
f 3622/3622/3622 3625/3625/3625 3624/3624/3624
f 3619/3619/3619 3626/3626/3626 3622/3622/3622
f 3626/3626/3626 3625/3625/3625 3622/3622/3622
f 3621/3621/3621 3626/3626/3626 3619/3619/3619
f 3626/3626/3626 3627/3627/3627 3625/3625/3625
f 3628/3628/3628 3627/3627/3627 3626/3626/3626
f 3621/3621/3621 3628/3628/3628 3626/3626/3626
f 3628/3628/3628 3629/3629/3629 3627/3627/3627
f 3616/3616/3616 3630/3630/3630 3621/3621/3621
f 3630/3630/3630 3628/3628/3628 3621/3621/3621
f 3630/3630/3630 3629/3629/3629 3628/3628/3628
f 3631/3631/3631 3630/3630/3630 3616/3616/3616
f 3631/3631/3631 3629/3629/3629 3630/3630/3630
f 3634/3634/3634 3633/3633/3633 3632/3632/3632
f 3632/3632/3632 3635/3635/3635 3634/3634/3634
f 3635/3635/3635 3636/3636/3636 3634/3634/3634
f 3635/3635/3635 3637/3637/3637 3636/3636/3636
f 3637/3637/3637 3638/3638/3638 3636/3636/3636
f 3637/3637/3637 3639/3639/3639 3638/3638/3638
f 3639/3639/3639 3640/3640/3640 3638/3638/3638
f 3639/3639/3639 3641/3641/3641 3640/3640/3640
f 3641/3641/3641 3642/3642/3642 3640/3640/3640
f 3641/3641/3641 3643/3643/3643 3642/3642/3642
f 3643/3643/3643 3644/3644/3644 3642/3642/3642
f 3643/3643/3643 3645/3645/3645 3644/3644/3644
f 3645/3645/3645 3646/3646/3646 3644/3644/3644
f 3645/3645/3645 3647/3647/3647 3646/3646/3646
f 3647/3647/3647 3648/3648/3648 3646/3646/3646
f 3647/3647/3647 3649/3649/3649 3648/3648/3648
f 3652/3652/3652 3651/3651/3651 3650/3650/3650
f 3652/3652/3652 3653/3653/3653 3651/3651/3651
f 3653/3653/3653 3654/3654/3654 3651/3651/3651
f 3653/3653/3653 3655/3655/3655 3654/3654/3654
f 3655/3655/3655 3656/3656/3656 3654/3654/3654
f 3655/3655/3655 3657/3657/3657 3656/3656/3656
f 3657/3657/3657 3658/3658/3658 3656/3656/3656
f 3656/3656/3656 3658/3658/3658 3659/3659/3659
f 3657/3657/3657 3660/3660/3660 3658/3658/3658
f 3658/3658/3658 3661/3661/3661 3659/3659/3659
f 3660/3660/3660 3662/3662/3662 3658/3658/3658
f 3658/3658/3658 3662/3662/3662 3661/3661/3661
f 3662/3662/3662 3663/3663/3663 3661/3661/3661
f 3660/3660/3660 3664/3664/3664 3662/3662/3662
f 3664/3664/3664 3665/3665/3665 3662/3662/3662
f 3668/3668/3668 3667/3667/3667 3666/3666/3666
f 3666/3666/3666 3667/3667/3667 3669/3669/3669
f 3666/3666/3666 3669/3669/3669 3670/3670/3670
f 3671/3671/3671 3666/3666/3666 3670/3670/3670
f 3671/3671/3671 3670/3670/3670 3672/3672/3672
f 3673/3673/3673 3671/3671/3671 3672/3672/3672
f 3673/3673/3673 3672/3672/3672 3674/3674/3674
f 3674/3674/3674 3672/3672/3672 3675/3675/3675
f 3672/3672/3672 3676/3676/3676 3675/3675/3675
f 3672/3672/3672 3670/3670/3670 3676/3676/3676
f 3670/3670/3670 3677/3677/3677 3676/3676/3676
f 3670/3670/3670 3669/3669/3669 3677/3677/3677
f 3669/3669/3669 3678/3678/3678 3677/3677/3677
f 3669/3669/3669 3679/3679/3679 3678/3678/3678
f 3679/3679/3679 3680/3680/3680 3678/3678/3678
f 3679/3679/3679 3681/3681/3681 3680/3680/3680
f 3681/3681/3681 3682/3682/3682 3680/3680/3680
f 3681/3681/3681 3683/3683/3683 3682/3682/3682
f 3683/3683/3683 3684/3684/3684 3682/3682/3682
f 3687/3687/3687 3686/3686/3686 3685/3685/3685
f 3688/3688/3688 3687/3687/3687 3685/3685/3685
f 3688/3688/3688 3685/3685/3685 3689/3689/3689
f 3690/3690/3690 3688/3688/3688 3689/3689/3689
f 3690/3690/3690 3689/3689/3689 3691/3691/3691
f 3692/3692/3692 3690/3690/3690 3691/3691/3691
f 3692/3692/3692 3691/3691/3691 3693/3693/3693
f 3694/3694/3694 3692/3692/3692 3693/3693/3693
f 3694/3694/3694 3693/3693/3693 3695/3695/3695
f 3696/3696/3696 3694/3694/3694 3695/3695/3695
f 3697/3697/3697 3694/3694/3694 3696/3696/3696
f 3697/3697/3697 3698/3698/3698 3694/3694/3694
f 3698/3698/3698 3692/3692/3692 3694/3694/3694
f 3698/3698/3698 3699/3699/3699 3692/3692/3692
f 3700/3700/3700 3699/3699/3699 3698/3698/3698
f 3703/3703/3703 3702/3702/3702 3701/3701/3701
f 3703/3703/3703 3704/3704/3704 3702/3702/3702
f 3704/3704/3704 3705/3705/3705 3702/3702/3702
f 3706/3706/3706 3704/3704/3704 3703/3703/3703
f 3707/3707/3707 3706/3706/3706 3703/3703/3703
f 3708/3708/3708 3706/3706/3706 3707/3707/3707
f 3708/3708/3708 3707/3707/3707 3709/3709/3709
f 3708/3708/3708 3710/3710/3710 3706/3706/3706
f 3706/3706/3706 3710/3710/3710 3704/3704/3704
f 3709/3709/3709 3707/3707/3707 3711/3711/3711
f 3709/3709/3709 3711/3711/3711 3712/3712/3712
f 3704/3704/3704 3713/3713/3713 3705/3705/3705
f 3710/3710/3710 3713/3713/3713 3704/3704/3704
f 3713/3713/3713 3714/3714/3714 3705/3705/3705
f 3713/3713/3713 3715/3715/3715 3714/3714/3714
f 3710/3710/3710 3716/3716/3716 3713/3713/3713
f 3716/3716/3716 3715/3715/3715 3713/3713/3713
f 3708/3708/3708 3716/3716/3716 3710/3710/3710
f 3716/3716/3716 3717/3717/3717 3715/3715/3715
f 3708/3708/3708 3717/3717/3717 3716/3716/3716
f 3717/3717/3717 3718/3718/3718 3715/3715/3715
f 3717/3717/3717 3719/3719/3719 3718/3718/3718
f 3708/3708/3708 3719/3719/3719 3717/3717/3717
f 3719/3719/3719 3720/3720/3720 3718/3718/3718
f 3719/3719/3719 3721/3721/3721 3720/3720/3720
f 3708/3708/3708 3721/3721/3721 3719/3719/3719
f 3722/3722/3722 3709/3709/3709 3712/3712/3712
f 3708/3708/3708 3709/3709/3709 3722/3722/3722
f 3708/3708/3708 3723/3723/3723 3721/3721/3721
f 3721/3721/3721 3723/3723/3723 3724/3724/3724
f 3723/3723/3723 3725/3725/3725 3724/3724/3724
f 3708/3708/3708 3726/3726/3726 3723/3723/3723
f 3723/3723/3723 3726/3726/3726 3725/3725/3725
f 3708/3708/3708 3722/3722/3722 3727/3727/3727
f 3726/3726/3726 3728/3728/3728 3725/3725/3725
f 3722/3722/3722 3712/3712/3712 3729/3729/3729
f 3727/3727/3727 3722/3722/3722 3729/3729/3729
f 3729/3729/3729 3712/3712/3712 3730/3730/3730
f 3729/3729/3729 3730/3730/3730 3731/3731/3731
f 3726/3726/3726 3732/3732/3732 3728/3728/3728
f 3708/3708/3708 3732/3732/3732 3726/3726/3726
f 3732/3732/3732 3733/3733/3733 3728/3728/3728
f 3734/3734/3734 3729/3729/3729 3731/3731/3731
f 3727/3727/3727 3729/3729/3729 3734/3734/3734
f 3734/3734/3734 3731/3731/3731 3735/3735/3735
f 3732/3732/3732 3736/3736/3736 3733/3733/3733
f 3708/3708/3708 3736/3736/3736 3732/3732/3732
f 3736/3736/3736 3737/3737/3737 3733/3733/3733
f 3736/3736/3736 3738/3738/3738 3737/3737/3737
f 3708/3708/3708 3738/3738/3738 3736/3736/3736
f 3738/3738/3738 3739/3739/3739 3737/3737/3737
f 3740/3740/3740 3727/3727/3727 3734/3734/3734
f 3708/3708/3708 3727/3727/3727 3740/3740/3740
f 3741/3741/3741 3734/3734/3734 3735/3735/3735
f 3740/3740/3740 3734/3734/3734 3741/3741/3741
f 3741/3741/3741 3735/3735/3735 3742/3742/3742
f 3738/3738/3738 3743/3743/3743 3739/3739/3739
f 3708/3708/3708 3743/3743/3743 3738/3738/3738
f 3708/3708/3708 3740/3740/3740 3744/3744/3744
f 3744/3744/3744 3740/3740/3740 3741/3741/3741
f 3708/3708/3708 3744/3744/3744 3743/3743/3743
f 3745/3745/3745 3741/3741/3741 3742/3742/3742
f 3744/3744/3744 3741/3741/3741 3745/3745/3745
f 3743/3743/3743 3744/3744/3744 3745/3745/3745
f 3743/3743/3743 3745/3745/3745 3739/3739/3739
f 3745/3745/3745 3742/3742/3742 3746/3746/3746
f 3739/3739/3739 3745/3745/3745 3746/3746/3746
f 3749/3749/3749 3748/3748/3748 3747/3747/3747
f 3750/3750/3750 3749/3749/3749 3747/3747/3747
f 3750/3750/3750 3747/3747/3747 3751/3751/3751
f 3752/3752/3752 3750/3750/3750 3751/3751/3751
f 3752/3752/3752 3751/3751/3751 3753/3753/3753
f 3754/3754/3754 3752/3752/3752 3753/3753/3753
f 3754/3754/3754 3753/3753/3753 3755/3755/3755
f 3756/3756/3756 3754/3754/3754 3755/3755/3755
f 3756/3756/3756 3755/3755/3755 3757/3757/3757
f 3758/3758/3758 3756/3756/3756 3757/3757/3757
f 3761/3761/3761 3760/3760/3760 3759/3759/3759
f 3759/3759/3759 3762/3762/3762 3761/3761/3761
f 3759/3759/3759 3763/3763/3763 3762/3762/3762
f 3763/3763/3763 3764/3764/3764 3762/3762/3762
f 3763/3763/3763 3765/3765/3765 3764/3764/3764
f 3765/3765/3765 3766/3766/3766 3764/3764/3764
f 3765/3765/3765 3767/3767/3767 3766/3766/3766
f 3767/3767/3767 3768/3768/3768 3766/3766/3766
f 3767/3767/3767 3769/3769/3769 3768/3768/3768
f 3769/3769/3769 3770/3770/3770 3768/3768/3768
f 3769/3769/3769 3771/3771/3771 3770/3770/3770
f 3771/3771/3771 3772/3772/3772 3770/3770/3770
f 3771/3771/3771 3773/3773/3773 3772/3772/3772
f 3773/3773/3773 3774/3774/3774 3772/3772/3772
f 3773/3773/3773 3775/3775/3775 3774/3774/3774
f 3775/3775/3775 3776/3776/3776 3774/3774/3774
g Fox_3
f 3779/3779/3779 3778/3778/3778 3777/3777/3777
f 3778/3778/3778 3780/3780/3780 3777/3777/3777
f 3777/3777/3777 3780/3780/3780 3781/3781/3781
f 3778/3778/3778 3782/3782/3782 3780/3780/3780
f 3780/3780/3780 3783/3783/3783 3781/3781/3781
f 3781/3781/3781 3783/3783/3783 3784/3784/3784
f 3782/3782/3782 3785/3785/3785 3780/3780/3780
f 3780/3780/3780 3785/3785/3785 3783/3783/3783
f 3783/3783/3783 3786/3786/3786 3784/3784/3784
f 3784/3784/3784 3786/3786/3786 3787/3787/3787
f 3786/3786/3786 3788/3788/3788 3787/3787/3787
f 3783/3783/3783 3789/3789/3789 3786/3786/3786
f 3785/3785/3785 3789/3789/3789 3783/3783/3783
f 3786/3786/3786 3790/3790/3790 3788/3788/3788
f 3789/3789/3789 3790/3790/3790 3786/3786/3786
f 3790/3790/3790 3791/3791/3791 3788/3788/3788
f 3791/3791/3791 3790/3790/3790 3792/3792/3792
f 3790/3790/3790 3793/3793/3793 3792/3792/3792
f 3790/3790/3790 3789/3789/3789 3793/3793/3793
f 3792/3792/3792 3793/3793/3793 3794/3794/3794
f 3793/3793/3793 3795/3795/3795 3794/3794/3794
f 3789/3789/3789 3796/3796/3796 3793/3793/3793
f 3793/3793/3793 3796/3796/3796 3795/3795/3795
f 3796/3796/3796 3789/3789/3789 3785/3785/3785
f 3796/3796/3796 3797/3797/3797 3795/3795/3795
f 3798/3798/3798 3796/3796/3796 3785/3785/3785
f 3797/3797/3797 3796/3796/3796 3798/3798/3798
f 3798/3798/3798 3785/3785/3785 3782/3782/3782
f 3799/3799/3799 3797/3797/3797 3798/3798/3798
f 3800/3800/3800 3798/3798/3798 3782/3782/3782
f 3799/3799/3799 3798/3798/3798 3800/3800/3800
f 3801/3801/3801 3799/3799/3799 3800/3800/3800
f 3804/3804/3804 3803/3803/3803 3802/3802/3802
f 3805/3805/3805 3804/3804/3804 3802/3802/3802
f 3805/3805/3805 3802/3802/3802 3806/3806/3806
f 3807/3807/3807 3804/3804/3804 3805/3805/3805
f 3808/3808/3808 3805/3805/3805 3806/3806/3806
f 3808/3808/3808 3806/3806/3806 3809/3809/3809
f 3810/3810/3810 3807/3807/3807 3805/3805/3805
f 3810/3810/3810 3805/3805/3805 3808/3808/3808
f 3811/3811/3811 3808/3808/3808 3809/3809/3809
f 3811/3811/3811 3809/3809/3809 3812/3812/3812
f 3813/3813/3813 3811/3811/3811 3812/3812/3812
f 3814/3814/3814 3808/3808/3808 3811/3811/3811
f 3814/3814/3814 3810/3810/3810 3808/3808/3808
f 3815/3815/3815 3811/3811/3811 3813/3813/3813
f 3815/3815/3815 3814/3814/3814 3811/3811/3811
f 3816/3816/3816 3815/3815/3815 3813/3813/3813
f 3815/3815/3815 3816/3816/3816 3817/3817/3817
f 3818/3818/3818 3815/3815/3815 3817/3817/3817
f 3814/3814/3814 3815/3815/3815 3818/3818/3818
f 3818/3818/3818 3817/3817/3817 3819/3819/3819
f 3820/3820/3820 3818/3818/3818 3819/3819/3819
f 3821/3821/3821 3814/3814/3814 3818/3818/3818
f 3821/3821/3821 3818/3818/3818 3820/3820/3820
f 3814/3814/3814 3821/3821/3821 3810/3810/3810
f 3822/3822/3822 3821/3821/3821 3820/3820/3820
f 3821/3821/3821 3823/3823/3823 3810/3810/3810
f 3821/3821/3821 3822/3822/3822 3823/3823/3823
f 3810/3810/3810 3823/3823/3823 3807/3807/3807
f 3822/3822/3822 3824/3824/3824 3823/3823/3823
f 3823/3823/3823 3825/3825/3825 3807/3807/3807
f 3823/3823/3823 3824/3824/3824 3825/3825/3825
f 3824/3824/3824 3826/3826/3826 3825/3825/3825
g Fox_4
f 3829/3829/3829 3828/3828/3828 3827/3827/3827
f 3832/3832/3832 3831/3831/3831 3830/3830/3830
f 3835/3835/3835 3834/3834/3834 3833/3833/3833
f 3838/3838/3838 3837/3837/3837 3836/3836/3836
f 3841/3841/3841 3840/3840/3840 3839/3839/3839
f 3844/3844/3844 3843/3843/3843 3842/3842/3842
f 3847/3847/3847 3846/3846/3846 3845/3845/3845
f 3847/3847/3847 3848/3848/3848 3846/3846/3846
f 3848/3848/3848 3849/3849/3849 3846/3846/3846
f 3850/3850/3850 3849/3849/3849 3848/3848/3848
f 3851/3851/3851 3850/3850/3850 3848/3848/3848
f 3851/3851/3851 3852/3852/3852 3850/3850/3850
f 3852/3852/3852 3853/3853/3853 3850/3850/3850
f 3854/3854/3854 3853/3853/3853 3852/3852/3852
f 3855/3855/3855 3854/3854/3854 3852/3852/3852
f 3855/3855/3855 3856/3856/3856 3854/3854/3854
f 3856/3856/3856 3857/3857/3857 3854/3854/3854
f 3854/3854/3854 3857/3857/3857 3858/3858/3858
f 3859/3859/3859 3854/3854/3854 3858/3858/3858
f 3860/3860/3860 3857/3857/3857 3856/3856/3856
f 3861/3861/3861 3860/3860/3860 3856/3856/3856
f 3861/3861/3861 3856/3856/3856 3862/3862/3862
f 3856/3856/3856 3863/3863/3863 3862/3862/3862
f 3861/3861/3861 3862/3862/3862 3864/3864/3864
f 3862/3862/3862 3865/3865/3865 3864/3864/3864
f 3867/3867/3867 3865/3865/3865 3866/3866/3866
f 3869/3869/3869 3866/3866/3866 3868/3868/3868
f 3866/3866/3866 3870/3870/3870 3868/3868/3868
f 3872/3872/3872 3870/3870/3870 3871/3871/3871
f 3873/3873/3873 3872/3872/3872 3871/3871/3871
f 3873/3873/3873 3871/3871/3871 3874/3874/3874
f 3871/3871/3871 3875/3875/3875 3874/3874/3874
f 3873/3873/3873 3876/3876/3876 3872/3872/3872
f 3873/3873/3873 3874/3874/3874 3876/3876/3876
f 3876/3876/3876 3877/3877/3877 3872/3872/3872
f 3874/3874/3874 3878/3878/3878 3876/3876/3876
f 3876/3876/3876 3878/3878/3878 3879/3879/3879
f 3880/3880/3880 3878/3878/3878 3874/3874/3874
f 3879/3879/3879 3878/3878/3878 3880/3880/3880
f 3881/3881/3881 3876/3876/3876 3879/3879/3879
f 3882/3882/3882 3880/3880/3880 3874/3874/3874
f 3881/3881/3881 3879/3879/3879 3883/3883/3883
f 3882/3882/3882 3884/3884/3884 3880/3880/3880
f 3884/3884/3884 3885/3885/3885 3880/3880/3880
f 3886/3886/3886 3885/3885/3885 3884/3884/3884
f 3880/3880/3880 3885/3885/3885 3886/3886/3886
f 3887/3887/3887 3886/3886/3886 3884/3884/3884
f 3887/3887/3887 3888/3888/3888 3886/3886/3886
f 3889/3889/3889 3879/3879/3879 3880/3880/3880
f 3889/3889/3889 3880/3880/3880 3886/3886/3886
f 3889/3889/3889 3890/3890/3890 3879/3879/3879
f 3889/3889/3889 3886/3886/3886 3890/3890/3890
f 3879/3879/3879 3891/3891/3891 3883/3883/3883
f 3890/3890/3890 3891/3891/3891 3879/3879/3879
f 3883/3883/3883 3891/3891/3891 3892/3892/3892
f 3892/3892/3892 3891/3891/3891 3890/3890/3890
f 3893/3893/3893 3883/3883/3883 3892/3892/3892
f 3893/3893/3893 3892/3892/3892 3894/3894/3894
f 3888/3888/3888 3895/3895/3895 3886/3886/3886
f 3886/3886/3886 3895/3895/3895 3890/3890/3890
f 3896/3896/3896 3895/3895/3895 3888/3888/3888
f 3890/3890/3890 3895/3895/3895 3896/3896/3896
f 3897/3897/3897 3896/3896/3896 3888/3888/3888
f 3897/3897/3897 3898/3898/3898 3896/3896/3896
f 3899/3899/3899 3892/3892/3892 3890/3890/3890
f 3899/3899/3899 3890/3890/3890 3896/3896/3896
f 3899/3899/3899 3900/3900/3900 3892/3892/3892
f 3899/3899/3899 3896/3896/3896 3900/3900/3900
f 3892/3892/3892 3901/3901/3901 3894/3894/3894
f 3900/3900/3900 3901/3901/3901 3892/3892/3892
f 3894/3894/3894 3901/3901/3901 3902/3902/3902
f 3902/3902/3902 3901/3901/3901 3900/3900/3900
f 3903/3903/3903 3894/3894/3894 3902/3902/3902
f 3903/3903/3903 3902/3902/3902 3904/3904/3904
f 3898/3898/3898 3905/3905/3905 3896/3896/3896
f 3896/3896/3896 3905/3905/3905 3900/3900/3900
f 3906/3906/3906 3905/3905/3905 3898/3898/3898
f 3900/3900/3900 3905/3905/3905 3906/3906/3906
f 3907/3907/3907 3906/3906/3906 3898/3898/3898
f 3907/3907/3907 3908/3908/3908 3906/3906/3906
f 3909/3909/3909 3902/3902/3902 3900/3900/3900
f 3909/3909/3909 3900/3900/3900 3906/3906/3906
f 3909/3909/3909 3910/3910/3910 3902/3902/3902
f 3909/3909/3909 3906/3906/3906 3910/3910/3910
f 3902/3902/3902 3911/3911/3911 3904/3904/3904
f 3910/3910/3910 3911/3911/3911 3902/3902/3902
f 3904/3904/3904 3911/3911/3911 3912/3912/3912
f 3912/3912/3912 3911/3911/3911 3910/3910/3910
f 3913/3913/3913 3904/3904/3904 3912/3912/3912
f 3908/3908/3908 3914/3914/3914 3906/3906/3906
f 3906/3906/3906 3914/3914/3914 3910/3910/3910
f 3915/3915/3915 3914/3914/3914 3908/3908/3908
f 3910/3910/3910 3914/3914/3914 3915/3915/3915
f 3916/3916/3916 3915/3915/3915 3908/3908/3908
f 3916/3916/3916 3917/3917/3917 3915/3915/3915
f 3918/3918/3918 3912/3912/3912 3910/3910/3910
f 3918/3918/3918 3910/3910/3910 3915/3915/3915
f 3918/3918/3918 3919/3919/3919 3912/3912/3912
f 3918/3918/3918 3915/3915/3915 3919/3919/3919
f 3919/3919/3919 3920/3920/3920 3912/3912/3912
f 3921/3921/3921 3920/3920/3920 3919/3919/3919
f 3922/3922/3922 3921/3921/3921 3919/3919/3919
f 3922/3922/3922 3919/3919/3919 3923/3923/3923
f 3922/3922/3922 3923/3923/3923 3924/3924/3924
f 3923/3923/3923 3925/3925/3925 3924/3924/3924
f 3926/3926/3926 3925/3925/3925 3923/3923/3923
f 3927/3927/3927 3926/3926/3926 3923/3923/3923
f 3927/3927/3927 3923/3923/3923 3917/3917/3917
f 3917/3917/3917 3928/3928/3928 3915/3915/3915
f 3915/3915/3915 3928/3928/3928 3919/3919/3919
f 3923/3923/3923 3928/3928/3928 3917/3917/3917
f 3919/3919/3919 3928/3928/3928 3923/3923/3923
f 3931/3931/3931 3930/3930/3930 3929/3929/3929
f 3932/3932/3932 3931/3931/3931 3929/3929/3929
f 3932/3932/3932 3933/3933/3933 3931/3931/3931
f 3933/3933/3933 3934/3934/3934 3931/3931/3931
f 3932/3932/3932 3935/3935/3935 3933/3933/3933
f 3936/3936/3936 3934/3934/3934 3933/3933/3933
f 3935/3935/3935 3937/3937/3937 3933/3933/3933
f 3933/3933/3933 3937/3937/3937 3938/3938/3938
f 3939/3939/3939 3937/3937/3937 3935/3935/3935
f 3938/3938/3938 3937/3937/3937 3939/3939/3939
f 3940/3940/3940 3936/3936/3936 3933/3933/3933
f 3940/3940/3940 3933/3933/3933 3938/3938/3938
f 3940/3940/3940 3941/3941/3941 3936/3936/3936
f 3940/3940/3940 3938/3938/3938 3941/3941/3941
f 3941/3941/3941 3942/3942/3942 3936/3936/3936
f 3943/3943/3943 3942/3942/3942 3941/3941/3941
f 3936/3936/3936 3942/3942/3942 3944/3944/3944
f 3944/3944/3944 3942/3942/3942 3943/3943/3943
f 3945/3945/3945 3944/3944/3944 3943/3943/3943
f 3945/3945/3945 3943/3943/3943 3946/3946/3946
f 3943/3943/3943 3947/3947/3947 3946/3946/3946
f 3948/3948/3948 3947/3947/3947 3943/3943/3943
f 3946/3946/3946 3947/3947/3947 3949/3949/3949
f 3949/3949/3949 3947/3947/3947 3948/3948/3948
f 3950/3950/3950 3949/3949/3949 3948/3948/3948
f 3950/3950/3950 3948/3948/3948 3951/3951/3951
f 3950/3950/3950 3951/3951/3951 3952/3952/3952
f 3953/3953/3953 3943/3943/3943 3941/3941/3941
f 3953/3953/3953 3948/3948/3948 3943/3943/3943
f 3953/3953/3953 3941/3941/3941 3954/3954/3954
f 3953/3953/3953 3954/3954/3954 3948/3948/3948
f 3948/3948/3948 3955/3955/3955 3951/3951/3951
f 3954/3954/3954 3955/3955/3955 3948/3948/3948
f 3951/3951/3951 3955/3955/3955 3956/3956/3956
f 3956/3956/3956 3955/3955/3955 3954/3954/3954
f 3941/3941/3941 3957/3957/3957 3954/3954/3954
f 3954/3954/3954 3957/3957/3957 3958/3958/3958
f 3938/3938/3938 3957/3957/3957 3941/3941/3941
f 3958/3958/3958 3957/3957/3957 3938/3938/3938
f 3959/3959/3959 3956/3956/3956 3954/3954/3954
f 3959/3959/3959 3954/3954/3954 3958/3958/3958
f 3959/3959/3959 3960/3960/3960 3956/3956/3956
f 3959/3959/3959 3958/3958/3958 3960/3960/3960
f 3961/3961/3961 3958/3958/3958 3938/3938/3938
f 3961/3961/3961 3962/3962/3962 3958/3958/3958
f 3961/3961/3961 3938/3938/3938 3939/3939/3939
f 3961/3961/3961 3939/3939/3939 3962/3962/3962
f 3958/3958/3958 3963/3963/3963 3960/3960/3960
f 3962/3962/3962 3963/3963/3963 3958/3958/3958
f 3960/3960/3960 3963/3963/3963 3964/3964/3964
f 3964/3964/3964 3963/3963/3963 3962/3962/3962
f 3965/3965/3965 3951/3951/3951 3956/3956/3956
f 3965/3965/3965 3956/3956/3956 3966/3966/3966
f 3965/3965/3965 3967/3967/3967 3951/3951/3951
f 3967/3967/3967 3968/3968/3968 3951/3951/3951
f 3951/3951/3951 3968/3968/3968 3952/3952/3952
f 3969/3969/3969 3968/3968/3968 3967/3967/3967
f 3952/3952/3952 3968/3968/3968 3969/3969/3969
f 3970/3970/3970 3969/3969/3969 3967/3967/3967
f 3971/3971/3971 3952/3952/3952 3969/3969/3969
f 3960/3960/3960 3972/3972/3972 3956/3956/3956
f 3956/3956/3956 3972/3972/3972 3966/3966/3966
f 3973/3973/3973 3972/3972/3972 3960/3960/3960
f 3966/3966/3966 3972/3972/3972 3973/3973/3973
f 3974/3974/3974 3960/3960/3960 3964/3964/3964
f 3974/3974/3974 3973/3973/3973 3960/3960/3960
f 3974/3974/3974 3964/3964/3964 3975/3975/3975
f 3974/3974/3974 3975/3975/3975 3973/3973/3973
f 3975/3975/3975 3976/3976/3976 3973/3973/3973
f 3977/3977/3977 3966/3966/3966 3973/3973/3973
f 3977/3977/3977 3978/3978/3978 3966/3966/3966
f 3973/3973/3973 3976/3976/3976 3979/3979/3979
f 3977/3977/3977 3973/3973/3973 3979/3979/3979
f 3977/3977/3977 3979/3979/3979 3978/3978/3978
f 3979/3979/3979 3976/3976/3976 3980/3980/3980
f 3979/3979/3979 3981/3981/3981 3978/3978/3978
f 3983/3983/3983 3982/3982/3982 3964/3964/3964
f 3983/3983/3983 3964/3964/3964 3962/3962/3962
f 3983/3983/3983 3984/3984/3984 3982/3982/3982
f 3983/3983/3983 3962/3962/3962 3984/3984/3984
f 3962/3962/3962 3985/3985/3985 3984/3984/3984
f 3984/3984/3984 3985/3985/3985 3986/3986/3986
f 3939/3939/3939 3985/3985/3985 3962/3962/3962
f 3986/3986/3986 3985/3985/3985 3939/3939/3939
f 3987/3987/3987 3984/3984/3984 3986/3986/3986
f 3987/3987/3987 3986/3986/3986 3988/3988/3988
f 3989/3989/3989 3986/3986/3986 3939/3939/3939
f 3989/3989/3989 3939/3939/3939 3935/3935/3935
f 3989/3989/3989 3935/3935/3935 3990/3990/3990
f 3989/3989/3989 3990/3990/3990 3986/3986/3986
f 3935/3935/3935 3991/3991/3991 3990/3990/3990
f 3986/3986/3986 3992/3992/3992 3988/3988/3988
f 3990/3990/3990 3992/3992/3992 3986/3986/3986
f 3988/3988/3988 3992/3992/3992 3993/3993/3993
f 3993/3993/3993 3992/3992/3992 3990/3990/3990
f 3994/3994/3994 3993/3993/3993 3990/3990/3990
f 3995/3995/3995 3988/3988/3988 3993/3993/3993
f 3995/3995/3995 3993/3993/3993 3996/3996/3996
f 3993/3993/3993 3997/3997/3997 3996/3996/3996
f 4000/4000/4000 3999/3999/3999 3998/3998/3998
f 4001/4001/4001 4000/4000/4000 3998/3998/3998
f 4001/4001/4001 3998/3998/3998 4002/4002/4002
f 3998/3998/3998 4003/4003/4003 4002/4002/4002
f 4002/4002/4002 4003/4003/4003 4004/4004/4004
f 4004/4004/4004 4003/4003/4003 4005/4005/4005
f 4006/4006/4006 4004/4004/4004 4005/4005/4005
f 4006/4006/4006 4007/4007/4007 4004/4004/4004
f 4007/4007/4007 4008/4008/4008 4004/4004/4004
f 4004/4004/4004 4008/4008/4008 4009/4009/4009
f 4001/4001/4001 4010/4010/4010 4000/4000/4000
f 4001/4001/4001 4002/4002/4002 4010/4010/4010
f 4010/4010/4010 4011/4011/4011 4000/4000/4000
f 4002/4002/4002 4012/4012/4012 4010/4010/4010
f 4013/4013/4013 4012/4012/4012 4002/4002/4002
f 4014/4014/4014 4012/4012/4012 4013/4013/4013
f 4015/4015/4015 4014/4014/4014 4013/4013/4013
f 4015/4015/4015 4013/4013/4013 4016/4016/4016
f 4017/4017/4017 4002/4002/4002 4004/4004/4004
f 4017/4017/4017 4004/4004/4004 4009/4009/4009
f 4017/4017/4017 4013/4013/4013 4002/4002/4002
f 4017/4017/4017 4009/4009/4009 4013/4013/4013
f 4013/4013/4013 4018/4018/4018 4016/4016/4016
f 4009/4009/4009 4018/4018/4018 4013/4013/4013
f 4016/4016/4016 4018/4018/4018 4019/4019/4019
f 4019/4019/4019 4018/4018/4018 4009/4009/4009
f 4020/4020/4020 4016/4016/4016 4019/4019/4019
f 4021/4021/4021 4019/4019/4019 4009/4009/4009
f 4024/4024/4024 4023/4023/4023 4022/4022/4022
f 4023/4023/4023 4025/4025/4025 4022/4022/4022
f 4022/4022/4022 4025/4025/4025 4026/4026/4026
f 4026/4026/4026 4025/4025/4025 4027/4027/4027
f 4027/4027/4027 4025/4025/4025 4023/4023/4023
f 4028/4028/4028 4026/4026/4026 4027/4027/4027
f 4029/4029/4029 4027/4027/4027 4023/4023/4023
f 4029/4029/4029 4023/4023/4023 4030/4030/4030
f 4023/4023/4023 4031/4031/4031 4030/4030/4030
f 4030/4030/4030 4031/4031/4031 4032/4032/4032
f 4029/4029/4029 4030/4030/4030 4033/4033/4033
f 4032/4032/4032 4031/4031/4031 4034/4034/4034
f 4030/4030/4030 4035/4035/4035 4033/4033/4033
f 4033/4033/4033 4035/4035/4035 4036/4036/4036
f 4037/4037/4037 4033/4033/4033 4036/4036/4036
f 4038/4038/4038 4035/4035/4035 4030/4030/4030
f 4036/4036/4036 4035/4035/4035 4038/4038/4038
f 4039/4039/4039 4030/4030/4030 4032/4032/4032
f 4039/4039/4039 4038/4038/4038 4030/4030/4030
f 4040/4040/4040 4036/4036/4036 4038/4038/4038
f 4040/4040/4040 4041/4041/4041 4036/4036/4036
f 4039/4039/4039 4042/4042/4042 4038/4038/4038
f 4039/4039/4039 4032/4032/4032 4042/4042/4042
f 4042/4042/4042 4043/4043/4043 4038/4038/4038
f 4032/4032/4032 4044/4044/4044 4042/4042/4042
f 4045/4045/4045 4044/4044/4044 4032/4032/4032
f 4046/4046/4046 4044/4044/4044 4045/4045/4045
f 4037/4037/4037 4036/4036/4036 4047/4047/4047
f 4037/4037/4037 4047/4047/4047 4048/4048/4048
f 4049/4049/4049 4047/4047/4047 4041/4041/4041
f 4041/4041/4041 4050/4050/4050 4036/4036/4036
f 4047/4047/4047 4050/4050/4050 4041/4041/4041
f 4036/4036/4036 4050/4050/4050 4047/4047/4047
f 4051/4051/4051 4045/4045/4045 4032/4032/4032
f 4051/4051/4051 4052/4052/4052 4045/4045/4045
f 4051/4051/4051 4032/4032/4032 4034/4034/4034
f 4051/4051/4051 4034/4034/4034 4052/4052/4052
f 4034/4034/4034 4053/4053/4053 4052/4052/4052
f 4052/4052/4052 4053/4053/4053 4054/4054/4054
f 4055/4055/4055 4053/4053/4053 4034/4034/4034
f 4054/4054/4054 4053/4053/4053 4055/4055/4055
f 4056/4056/4056 4054/4054/4054 4055/4055/4055
f 4056/4056/4056 4057/4057/4057 4054/4054/4054
f 4057/4057/4057 4058/4058/4058 4054/4054/4054
f 4059/4059/4059 4058/4058/4058 4057/4057/4057
f 4054/4054/4054 4058/4058/4058 4059/4059/4059
f 4060/4060/4060 4052/4052/4052 4054/4054/4054
f 4060/4060/4060 4054/4054/4054 4059/4059/4059
f 4060/4060/4060 4061/4061/4061 4052/4052/4052
f 4060/4060/4060 4059/4059/4059 4061/4061/4061
f 4052/4052/4052 4062/4062/4062 4045/4045/4045
f 4061/4061/4061 4062/4062/4062 4052/4052/4052
f 4045/4045/4045 4062/4062/4062 4063/4063/4063
f 4063/4063/4063 4062/4062/4062 4061/4061/4061
f 4059/4059/4059 4064/4064/4064 4061/4061/4061
f 4061/4061/4061 4064/4064/4064 4065/4065/4065
f 4066/4066/4066 4064/4064/4064 4059/4059/4059
f 4065/4065/4065 4064/4064/4064 4066/4066/4066
f 4067/4067/4067 4045/4045/4045 4063/4063/4063
f 4067/4067/4067 4063/4063/4063 4068/4068/4068
f 4067/4067/4067 4046/4046/4046 4045/4045/4045
f 4067/4067/4067 4068/4068/4068 4046/4046/4046
f 4068/4068/4068 4069/4069/4069 4046/4046/4046
f 4070/4070/4070 4069/4069/4069 4068/4068/4068
f 4071/4071/4071 4069/4069/4069 4070/4070/4070
f 4072/4072/4072 4061/4061/4061 4065/4065/4065
f 4072/4072/4072 4063/4063/4063 4061/4061/4061
f 4072/4072/4072 4073/4073/4073 4063/4063/4063
f 4072/4072/4072 4065/4065/4065 4073/4073/4073
f 4074/4074/4074 4065/4065/4065 4066/4066/4066
f 4074/4074/4074 4075/4075/4075 4065/4065/4065
f 4074/4074/4074 4066/4066/4066 4076/4076/4076
f 4074/4074/4074 4076/4076/4076 4075/4075/4075
f 4076/4076/4076 4077/4077/4077 4075/4075/4075
f 4075/4075/4075 4077/4077/4077 4078/4078/4078
f 4078/4078/4078 4077/4077/4077 4079/4079/4079
f 4080/4080/4080 4078/4078/4078 4079/4079/4079
f 4073/4073/4073 4081/4081/4081 4063/4063/4063
f 4082/4082/4082 4081/4081/4081 4073/4073/4073
f 4063/4063/4063 4081/4081/4081 4068/4068/4068
f 4068/4068/4068 4081/4081/4081 4082/4082/4082
f 4075/4075/4075 4083/4083/4083 4065/4065/4065
f 4065/4065/4065 4083/4083/4083 4073/4073/4073
f 4084/4084/4084 4083/4083/4083 4075/4075/4075
f 4073/4073/4073 4083/4083/4083 4084/4084/4084
f 4080/4080/4080 4085/4085/4085 4078/4078/4078
f 4080/4080/4080 4086/4086/4086 4085/4085/4085
f 4086/4086/4086 4087/4087/4087 4085/4085/4085
f 4088/4088/4088 4068/4068/4068 4082/4082/4082
f 4088/4088/4088 4082/4082/4082 4089/4089/4089
f 4088/4088/4088 4070/4070/4070 4068/4068/4068
f 4088/4088/4088 4089/4089/4089 4070/4070/4070
f 4090/4090/4090 4075/4075/4075 4078/4078/4078
f 4090/4090/4090 4084/4084/4084 4075/4075/4075
f 4090/4090/4090 4078/4078/4078 4091/4091/4091
f 4090/4090/4090 4091/4091/4091 4084/4084/4084
f 4085/4085/4085 4092/4092/4092 4078/4078/4078
f 4078/4078/4078 4092/4092/4092 4091/4091/4091
f 4093/4093/4093 4092/4092/4092 4085/4085/4085
f 4091/4091/4091 4092/4092/4092 4093/4093/4093
f 4094/4094/4094 4093/4093/4093 4085/4085/4085
f 4095/4095/4095 4091/4091/4091 4093/4093/4093
f 4095/4095/4095 4096/4096/4096 4091/4091/4091
f 4095/4095/4095 4097/4097/4097 4096/4096/4096
f 4098/4098/4098 4089/4089/4089 4097/4097/4097
f 4098/4098/4098 4099/4099/4099 4089/4089/4089
f 4091/4091/4091 4100/4100/4100 4084/4084/4084
f 4096/4096/4096 4100/4100/4100 4091/4091/4091
f 4084/4084/4084 4100/4100/4100 4096/4096/4096
f 4097/4097/4097 4101/4101/4101 4096/4096/4096
f 4089/4089/4089 4101/4101/4101 4097/4097/4097
f 4102/4102/4102 4084/4084/4084 4096/4096/4096
f 4102/4102/4102 4073/4073/4073 4084/4084/4084
f 4102/4102/4102 4082/4082/4082 4073/4073/4073
f 4102/4102/4102 4096/4096/4096 4082/4082/4082
f 4096/4096/4096 4101/4101/4101 4082/4082/4082
f 4082/4082/4082 4101/4101/4101 4089/4089/4089
f 4099/4099/4099 4103/4103/4103 4089/4089/4089
f 4104/4104/4104 4103/4103/4103 4099/4099/4099
f 4089/4089/4089 4103/4103/4103 4070/4070/4070
f 4070/4070/4070 4103/4103/4103 4104/4104/4104
f 4105/4105/4105 4104/4104/4104 4099/4099/4099
f 4105/4105/4105 4106/4106/4106 4104/4104/4104
f 4107/4107/4107 4070/4070/4070 4104/4104/4104
f 4107/4107/4107 4071/4071/4071 4070/4070/4070
f 4107/4107/4107 4108/4108/4108 4071/4071/4071
f 4107/4107/4107 4104/4104/4104 4108/4108/4108
f 4108/4108/4108 4109/4109/4109 4071/4071/4071
f 4106/4106/4106 4110/4110/4110 4104/4104/4104
f 4104/4104/4104 4110/4110/4110 4108/4108/4108
f 4111/4111/4111 4110/4110/4110 4106/4106/4106
f 4108/4108/4108 4110/4110/4110 4111/4111/4111
f 4112/4112/4112 4111/4111/4111 4106/4106/4106
f 4113/4113/4113 4108/4108/4108 4111/4111/4111
f 4113/4113/4113 4111/4111/4111 4114/4114/4114
f 4111/4111/4111 4115/4115/4115 4114/4114/4114
f 4118/4118/4118 4117/4117/4117 4116/4116/4116
f 4119/4119/4119 4118/4118/4118 4116/4116/4116
f 4119/4119/4119 4120/4120/4120 4118/4118/4118
f 4119/4119/4119 4121/4121/4121 4120/4120/4120
f 4121/4121/4121 4122/4122/4122 4120/4120/4120
f 4120/4120/4120 4122/4122/4122 4123/4123/4123
f 4124/4124/4124 4120/4120/4120 4123/4123/4123
f 4123/4123/4123 4122/4122/4122 4125/4125/4125
f 4124/4124/4124 4123/4123/4123 4126/4126/4126
f 4127/4127/4127 4123/4123/4123 4125/4125/4125
f 4127/4127/4127 4128/4128/4128 4123/4123/4123
f 4127/4127/4127 4125/4125/4125 4129/4129/4129
f 4127/4127/4127 4129/4129/4129 4128/4128/4128
f 4123/4123/4123 4130/4130/4130 4126/4126/4126
f 4128/4128/4128 4130/4130/4130 4123/4123/4123
f 4126/4126/4126 4130/4130/4130 4131/4131/4131
f 4131/4131/4131 4130/4130/4130 4128/4128/4128
f 4132/4132/4132 4126/4126/4126 4131/4131/4131
f 4132/4132/4132 4133/4133/4133 4126/4126/4126
f 4132/4132/4132 4134/4134/4134 4133/4133/4133
f 4132/4132/4132 4131/4131/4131 4134/4134/4134
f 4131/4131/4131 4135/4135/4135 4134/4134/4134
f 4136/4136/4136 4135/4135/4135 4131/4131/4131
f 4134/4134/4134 4135/4135/4135 4137/4137/4137
f 4137/4137/4137 4135/4135/4135 4136/4136/4136
f 4138/4138/4138 4131/4131/4131 4128/4128/4128
f 4138/4138/4138 4136/4136/4136 4131/4131/4131
f 4138/4138/4138 4128/4128/4128 4139/4139/4139
f 4138/4138/4138 4139/4139/4139 4136/4136/4136
f 4129/4129/4129 4140/4140/4140 4128/4128/4128
f 4128/4128/4128 4140/4140/4140 4139/4139/4139
f 4141/4141/4141 4140/4140/4140 4129/4129/4129
f 4139/4139/4139 4140/4140/4140 4141/4141/4141
f 4142/4142/4142 4137/4137/4137 4136/4136/4136
f 4142/4142/4142 4143/4143/4143 4137/4137/4137
f 4143/4143/4143 4144/4144/4144 4137/4137/4137
f 4142/4142/4142 4136/4136/4136 4145/4145/4145
f 4136/4136/4136 4146/4146/4146 4145/4145/4145
f 4139/4139/4139 4146/4146/4146 4136/4136/4136
f 4147/4147/4147 4146/4146/4146 4139/4139/4139
f 4148/4148/4148 4139/4139/4139 4141/4141/4141
f 4148/4148/4148 4147/4147/4147 4139/4139/4139
f 4148/4148/4148 4149/4149/4149 4147/4147/4147
f 4148/4148/4148 4141/4141/4141 4149/4149/4149
f 4149/4149/4149 4150/4150/4150 4147/4147/4147
f 4147/4147/4147 4150/4150/4150 4151/4151/4151
f 4151/4151/4151 4150/4150/4150 4152/4152/4152
f 4152/4152/4152 4150/4150/4150 4149/4149/4149
f 4153/4153/4153 4151/4151/4151 4152/4152/4152
f 4154/4154/4154 4152/4152/4152 4149/4149/4149
f 4154/4154/4154 4149/4149/4149 4155/4155/4155
f 4154/4154/4154 4156/4156/4156 4152/4152/4152
f 4154/4154/4154 4155/4155/4155 4156/4156/4156
f 4141/4141/4141 4157/4157/4157 4149/4149/4149
f 4149/4149/4149 4157/4157/4157 4155/4155/4155
f 4158/4158/4158 4157/4157/4157 4141/4141/4141
f 4155/4155/4155 4157/4157/4157 4158/4158/4158
f 4159/4159/4159 4158/4158/4158 4141/4141/4141
f 4159/4159/4159 4141/4141/4141 4129/4129/4129
f 4159/4159/4159 4129/4129/4129 4160/4160/4160
f 4159/4159/4159 4160/4160/4160 4158/4158/4158
f 4129/4129/4129 4161/4161/4161 4160/4160/4160
f 4160/4160/4160 4162/4162/4162 4158/4158/4158
f 4163/4163/4163 4162/4162/4162 4160/4160/4160
f 4164/4164/4164 4162/4162/4162 4163/4163/4163
f 4158/4158/4158 4162/4162/4162 4164/4164/4164
f 4165/4165/4165 4155/4155/4155 4158/4158/4158
f 4165/4165/4165 4158/4158/4158 4164/4164/4164
f 4165/4165/4165 4166/4166/4166 4155/4155/4155
f 4165/4165/4165 4164/4164/4164 4166/4166/4166
f 4155/4155/4155 4167/4167/4167 4156/4156/4156
f 4166/4166/4166 4167/4167/4167 4155/4155/4155
f 4156/4156/4156 4167/4167/4167 4168/4168/4168
f 4168/4168/4168 4167/4167/4167 4166/4166/4166
f 4164/4164/4164 4169/4169/4169 4166/4166/4166
f 4166/4166/4166 4169/4169/4169 4170/4170/4170
f 4171/4171/4171 4169/4169/4169 4164/4164/4164
f 4170/4170/4170 4169/4169/4169 4171/4171/4171
f 4172/4172/4172 4170/4170/4170 4171/4171/4171
f 4172/4172/4172 4173/4173/4173 4170/4170/4170
f 4174/4174/4174 4168/4168/4168 4166/4166/4166
f 4174/4174/4174 4166/4166/4166 4170/4170/4170
f 4174/4174/4174 4170/4170/4170 4175/4175/4175
f 4174/4174/4174 4175/4175/4175 4168/4168/4168
f 4173/4173/4173 4176/4176/4176 4170/4170/4170
f 4170/4170/4170 4176/4176/4176 4175/4175/4175
f 4177/4177/4177 4176/4176/4176 4173/4173/4173
f 4175/4175/4175 4176/4176/4176 4177/4177/4177
f 4178/4178/4178 4177/4177/4177 4173/4173/4173
f 4178/4178/4178 4179/4179/4179 4177/4177/4177
f 4180/4180/4180 4156/4156/4156 4168/4168/4168
f 4180/4180/4180 4168/4168/4168 4181/4181/4181
f 4180/4180/4180 4182/4182/4182 4156/4156/4156
f 4180/4180/4180 4181/4181/4181 4182/4182/4182
f 4182/4182/4182 4183/4183/4183 4156/4156/4156
f 4175/4175/4175 4184/4184/4184 4168/4168/4168
f 4168/4168/4168 4184/4184/4184 4181/4181/4181
f 4181/4181/4181 4184/4184/4184 4175/4175/4175
f 4185/4185/4185 4175/4175/4175 4177/4177/4177
f 4185/4185/4185 4181/4181/4181 4175/4175/4175
f 4185/4185/4185 4177/4177/4177 4186/4186/4186
f 4185/4185/4185 4186/4186/4186 4181/4181/4181
f 4179/4179/4179 4187/4187/4187 4177/4177/4177
f 4177/4177/4177 4187/4187/4187 4186/4186/4186
f 4188/4188/4188 4187/4187/4187 4179/4179/4179
f 4186/4186/4186 4187/4187/4187 4188/4188/4188
f 4189/4189/4189 4188/4188/4188 4179/4179/4179
f 4189/4189/4189 4179/4179/4179 4190/4190/4190
f 4189/4189/4189 4191/4191/4191 4188/4188/4188
f 4181/4181/4181 4192/4192/4192 4182/4182/4182
f 4186/4186/4186 4192/4192/4192 4181/4181/4181
f 4193/4193/4193 4186/4186/4186 4188/4188/4188
f 4193/4193/4193 4188/4188/4188 4194/4194/4194
f 4193/4193/4193 4194/4194/4194 4195/4195/4195
f 4193/4193/4193 4195/4195/4195 4186/4186/4186
f 4195/4195/4195 4192/4192/4192 4186/4186/4186
f 4182/4182/4182 4192/4192/4192 4195/4195/4195
f 4196/4196/4196 4182/4182/4182 4195/4195/4195
f 4196/4196/4196 4195/4195/4195 4197/4197/4197
f 4196/4196/4196 4198/4198/4198 4182/4182/4182
f 4196/4196/4196 4197/4197/4197 4198/4198/4198
f 4197/4197/4197 4199/4199/4199 4198/4198/4198
f 4202/4202/4202 4201/4201/4201 4200/4200/4200
f 4203/4203/4203 4202/4202/4202 4200/4200/4200
f 4203/4203/4203 4200/4200/4200 4204/4204/4204
f 4203/4203/4203 4205/4205/4205 4202/4202/4202
f 4203/4203/4203 4204/4204/4204 4205/4205/4205
f 4200/4200/4200 4206/4206/4206 4204/4204/4204
f 4204/4204/4204 4206/4206/4206 4207/4207/4207
f 4207/4207/4207 4206/4206/4206 4208/4208/4208
f 4209/4209/4209 4207/4207/4207 4208/4208/4208
f 4209/4209/4209 4210/4210/4210 4207/4207/4207
f 4205/4205/4205 4211/4211/4211 4202/4202/4202
f 4202/4202/4202 4211/4211/4211 4212/4212/4212
f 4212/4212/4212 4211/4211/4211 4213/4213/4213
f 4213/4213/4213 4211/4211/4211 4205/4205/4205
f 4210/4210/4210 4214/4214/4214 4207/4207/4207
f 4215/4215/4215 4214/4214/4214 4210/4210/4210
f 4207/4207/4207 4214/4214/4214 4216/4216/4216
f 4216/4216/4216 4214/4214/4214 4215/4215/4215
f 4217/4217/4217 4215/4215/4215 4210/4210/4210
f 4217/4217/4217 4218/4218/4218 4215/4215/4215
f 4219/4219/4219 4204/4204/4204 4207/4207/4207
f 4219/4219/4219 4207/4207/4207 4216/4216/4216
f 4219/4219/4219 4220/4220/4220 4204/4204/4204
f 4219/4219/4219 4216/4216/4216 4220/4220/4220
f 4204/4204/4204 4221/4221/4221 4205/4205/4205
f 4220/4220/4220 4221/4221/4221 4204/4204/4204
f 4205/4205/4205 4221/4221/4221 4222/4222/4222
f 4222/4222/4222 4221/4221/4221 4220/4220/4220
f 4223/4223/4223 4213/4213/4213 4205/4205/4205
f 4223/4223/4223 4205/4205/4205 4222/4222/4222
f 4223/4223/4223 4224/4224/4224 4213/4213/4213
f 4223/4223/4223 4222/4222/4222 4224/4224/4224
f 4224/4224/4224 4225/4225/4225 4213/4213/4213
f 4213/4213/4213 4225/4225/4225 4226/4226/4226
f 4226/4226/4226 4225/4225/4225 4227/4227/4227
f 4227/4227/4227 4225/4225/4225 4224/4224/4224
f 4222/4222/4222 4228/4228/4228 4224/4224/4224
f 4224/4224/4224 4228/4228/4228 4229/4229/4229
f 4229/4229/4229 4228/4228/4228 4222/4222/4222
f 4230/4230/4230 4227/4227/4227 4224/4224/4224
f 4230/4230/4230 4224/4224/4224 4229/4229/4229
f 4230/4230/4230 4231/4231/4231 4227/4227/4227
f 4230/4230/4230 4229/4229/4229 4231/4231/4231
f 4231/4231/4231 4232/4232/4232 4227/4227/4227
f 4233/4233/4233 4232/4232/4232 4231/4231/4231
f 4234/4234/4234 4232/4232/4232 4233/4233/4233
f 4235/4235/4235 4229/4229/4229 4222/4222/4222
f 4235/4235/4235 4236/4236/4236 4229/4229/4229
f 4235/4235/4235 4222/4222/4222 4220/4220/4220
f 4235/4235/4235 4220/4220/4220 4236/4236/4236
f 4229/4229/4229 4237/4237/4237 4231/4231/4231
f 4236/4236/4236 4237/4237/4237 4229/4229/4229
f 4231/4231/4231 4237/4237/4237 4238/4238/4238
f 4238/4238/4238 4237/4237/4237 4236/4236/4236
f 4239/4239/4239 4233/4233/4233 4231/4231/4231
f 4239/4239/4239 4231/4231/4231 4238/4238/4238
f 4239/4239/4239 4240/4240/4240 4233/4233/4233
f 4239/4239/4239 4238/4238/4238 4240/4240/4240
f 4220/4220/4220 4241/4241/4241 4236/4236/4236
f 4236/4236/4236 4241/4241/4241 4242/4242/4242
f 4216/4216/4216 4241/4241/4241 4220/4220/4220
f 4242/4242/4242 4241/4241/4241 4216/4216/4216
f 4243/4243/4243 4238/4238/4238 4236/4236/4236
f 4243/4243/4243 4236/4236/4236 4242/4242/4242
f 4243/4243/4243 4244/4244/4244 4238/4238/4238
f 4243/4243/4243 4242/4242/4242 4244/4244/4244
f 4238/4238/4238 4245/4245/4245 4240/4240/4240
f 4244/4244/4244 4245/4245/4245 4238/4238/4238
f 4240/4240/4240 4245/4245/4245 4246/4246/4246
f 4246/4246/4246 4245/4245/4245 4244/4244/4244
f 4247/4247/4247 4242/4242/4242 4216/4216/4216
f 4247/4247/4247 4248/4248/4248 4242/4242/4242
f 4247/4247/4247 4216/4216/4216 4215/4215/4215
f 4247/4247/4247 4215/4215/4215 4248/4248/4248
f 4242/4242/4242 4249/4249/4249 4244/4244/4244
f 4248/4248/4248 4249/4249/4249 4242/4242/4242
f 4244/4244/4244 4249/4249/4249 4250/4250/4250
f 4250/4250/4250 4249/4249/4249 4248/4248/4248
f 4251/4251/4251 4246/4246/4246 4244/4244/4244
f 4251/4251/4251 4244/4244/4244 4250/4250/4250
f 4251/4251/4251 4252/4252/4252 4246/4246/4246
f 4251/4251/4251 4250/4250/4250 4252/4252/4252
f 4215/4215/4215 4253/4253/4253 4248/4248/4248
f 4248/4248/4248 4253/4253/4253 4254/4254/4254
f 4218/4218/4218 4253/4253/4253 4215/4215/4215
f 4254/4254/4254 4253/4253/4253 4218/4218/4218
f 4255/4255/4255 4254/4254/4254 4218/4218/4218
f 4255/4255/4255 4256/4256/4256 4254/4254/4254
f 4257/4257/4257 4250/4250/4250 4248/4248/4248
f 4257/4257/4257 4248/4248/4248 4254/4254/4254
f 4257/4257/4257 4258/4258/4258 4250/4250/4250
f 4257/4257/4257 4254/4254/4254 4258/4258/4258
f 4256/4256/4256 4259/4259/4259 4254/4254/4254
f 4254/4254/4254 4259/4259/4259 4258/4258/4258
f 4260/4260/4260 4259/4259/4259 4256/4256/4256
f 4258/4258/4258 4259/4259/4259 4260/4260/4260
f 4261/4261/4261 4260/4260/4260 4256/4256/4256
f 4261/4261/4261 4262/4262/4262 4260/4260/4260
f 4261/4261/4261 4263/4263/4263 4262/4262/4262
f 4263/4263/4263 4264/4264/4264 4262/4262/4262
f 4262/4262/4262 4264/4264/4264 4265/4265/4265
f 4266/4266/4266 4262/4262/4262 4265/4265/4265
f 4266/4266/4266 4267/4267/4267 4262/4262/4262
f 4267/4267/4267 4268/4268/4268 4262/4262/4262
f 4262/4262/4262 4268/4268/4268 4260/4260/4260
f 4269/4269/4269 4268/4268/4268 4267/4267/4267
f 4260/4260/4260 4268/4268/4268 4269/4269/4269
f 4270/4270/4270 4269/4269/4269 4267/4267/4267
f 4270/4270/4270 4271/4271/4271 4269/4269/4269
f 4272/4272/4272 4258/4258/4258 4260/4260/4260
f 4272/4272/4272 4260/4260/4260 4269/4269/4269
f 4272/4272/4272 4273/4273/4273 4258/4258/4258
f 4272/4272/4272 4269/4269/4269 4273/4273/4273
f 4271/4271/4271 4274/4274/4274 4269/4269/4269
f 4269/4269/4269 4274/4274/4274 4273/4273/4273
f 4275/4275/4275 4274/4274/4274 4271/4271/4271
f 4273/4273/4273 4274/4274/4274 4275/4275/4275
f 4276/4276/4276 4275/4275/4275 4271/4271/4271
f 4277/4277/4277 4273/4273/4273 4275/4275/4275
f 4273/4273/4273 4278/4278/4278 4258/4258/4258
f 4258/4258/4258 4278/4278/4278 4250/4250/4250
f 4250/4250/4250 4278/4278/4278 4252/4252/4252
f 4252/4252/4252 4278/4278/4278 4273/4273/4273
f 4277/4277/4277 4252/4252/4252 4273/4273/4273
f 4277/4277/4277 4279/4279/4279 4252/4252/4252
f 4279/4279/4279 4280/4280/4280 4252/4252/4252
f 4252/4252/4252 4280/4280/4280 4246/4246/4246
f 4246/4246/4246 4280/4280/4280 4281/4281/4281
f 4282/4282/4282 4246/4246/4246 4281/4281/4281
f 4282/4282/4282 4281/4281/4281 4283/4283/4283
f 4282/4282/4282 4240/4240/4240 4246/4246/4246
f 4282/4282/4282 4283/4283/4283 4240/4240/4240
f 4283/4283/4283 4284/4284/4284 4240/4240/4240
f 4240/4240/4240 4284/4284/4284 4233/4233/4233
f 4233/4233/4233 4284/4284/4284 4285/4285/4285
f 4285/4285/4285 4284/4284/4284 4283/4283/4283
f 4286/4286/4286 4233/4233/4233 4285/4285/4285
f 4286/4286/4286 4234/4234/4234 4233/4233/4233
f 4286/4286/4286 4287/4287/4287 4234/4234/4234
f 4287/4287/4287 4288/4288/4288 4234/4234/4234
f 4234/4234/4234 4288/4288/4288 4289/4289/4289
f 4290/4290/4290 4288/4288/4288 4287/4287/4287
f 4291/4291/4291 4285/4285/4285 4283/4283/4283
f 4291/4291/4291 4292/4292/4292 4285/4285/4285
f 4291/4291/4291 4293/4293/4293 4292/4292/4292
f 4291/4291/4291 4283/4283/4283 4293/4293/4293
f 4293/4293/4293 4294/4294/4294 4292/4292/4292
f 4283/4283/4283 4295/4295/4295 4293/4293/4293
f 4281/4281/4281 4295/4295/4295 4283/4283/4283
f 4293/4293/4293 4295/4295/4295 4296/4296/4296
f 4296/4296/4296 4295/4295/4295 4281/4281/4281
f 4297/4297/4297 4293/4293/4293 4296/4296/4296
f 4298/4298/4298 4296/4296/4296 4281/4281/4281
f 4301/4301/4301 4300/4300/4300 4299/4299/4299
f 4300/4300/4300 4302/4302/4302 4299/4299/4299
f 4299/4299/4299 4302/4302/4302 4303/4303/4303
f 4304/4304/4304 4299/4299/4299 4303/4303/4303
f 4304/4304/4304 4303/4303/4303 4305/4305/4305
f 4306/4306/4306 4302/4302/4302 4300/4300/4300
f 4303/4303/4303 4302/4302/4302 4306/4306/4306
f 4307/4307/4307 4306/4306/4306 4300/4300/4300
f 4308/4308/4308 4303/4303/4303 4306/4306/4306
f 4308/4308/4308 4309/4309/4309 4303/4303/4303
f 4309/4309/4309 4310/4310/4310 4303/4303/4303
f 4303/4303/4303 4310/4310/4310 4305/4305/4305
f 4311/4311/4311 4310/4310/4310 4309/4309/4309
f 4305/4305/4305 4310/4310/4310 4311/4311/4311
f 4312/4312/4312 4311/4311/4311 4309/4309/4309
f 4313/4313/4313 4305/4305/4305 4311/4311/4311
f 4313/4313/4313 4314/4314/4314 4305/4305/4305
f 4313/4313/4313 4315/4315/4315 4314/4314/4314
f 4315/4315/4315 4316/4316/4316 4314/4314/4314
f 4314/4314/4314 4316/4316/4316 4317/4317/4317
f 4318/4318/4318 4314/4314/4314 4317/4317/4317
f 4321/4321/4321 4320/4320/4320 4319/4319/4319
f 4320/4320/4320 4322/4322/4322 4319/4319/4319
f 4319/4319/4319 4322/4322/4322 4323/4323/4323
f 4324/4324/4324 4322/4322/4322 4320/4320/4320
f 4323/4323/4323 4322/4322/4322 4324/4324/4324
f 4325/4325/4325 4323/4323/4323 4324/4324/4324
f 4326/4326/4326 4324/4324/4324 4320/4320/4320
f 4326/4326/4326 4327/4327/4327 4324/4324/4324
f 4330/4330/4330 4329/4329/4329 4328/4328/4328
f 4331/4331/4331 4330/4330/4330 4328/4328/4328
f 4331/4331/4331 4328/4328/4328 4332/4332/4332
f 4328/4328/4328 4333/4333/4333 4332/4332/4332
f 4332/4332/4332 4333/4333/4333 4334/4334/4334
f 4334/4334/4334 4333/4333/4333 4335/4335/4335
f 4336/4336/4336 4334/4334/4334 4335/4335/4335
f 4336/4336/4336 4337/4337/4337 4334/4334/4334
f 4331/4331/4331 4338/4338/4338 4330/4330/4330
f 4331/4331/4331 4332/4332/4332 4338/4338/4338
f 4338/4338/4338 4339/4339/4339 4330/4330/4330
f 4332/4332/4332 4340/4340/4340 4338/4338/4338
f 4341/4341/4341 4340/4340/4340 4332/4332/4332
f 4342/4342/4342 4340/4340/4340 4341/4341/4341
f 4343/4343/4343 4342/4342/4342 4341/4341/4341
f 4343/4343/4343 4341/4341/4341 4344/4344/4344
f 4345/4345/4345 4332/4332/4332 4334/4334/4334
f 4345/4345/4345 4341/4341/4341 4332/4332/4332
f 4345/4345/4345 4334/4334/4334 4346/4346/4346
f 4345/4345/4345 4346/4346/4346 4341/4341/4341
f 4337/4337/4337 4347/4347/4347 4334/4334/4334
f 4334/4334/4334 4347/4347/4347 4346/4346/4346
f 4348/4348/4348 4347/4347/4347 4337/4337/4337
f 4346/4346/4346 4347/4347/4347 4348/4348/4348
f 4349/4349/4349 4348/4348/4348 4337/4337/4337
f 4349/4349/4349 4350/4350/4350 4348/4348/4348
f 4341/4341/4341 4351/4351/4351 4344/4344/4344
f 4346/4346/4346 4351/4351/4351 4341/4341/4341
f 4344/4344/4344 4351/4351/4351 4352/4352/4352
f 4352/4352/4352 4351/4351/4351 4346/4346/4346
f 4353/4353/4353 4344/4344/4344 4352/4352/4352
f 4353/4353/4353 4352/4352/4352 4354/4354/4354
f 4355/4355/4355 4346/4346/4346 4348/4348/4348
f 4355/4355/4355 4352/4352/4352 4346/4346/4346
f 4355/4355/4355 4348/4348/4348 4356/4356/4356
f 4355/4355/4355 4356/4356/4356 4352/4352/4352
f 4350/4350/4350 4357/4357/4357 4348/4348/4348
f 4348/4348/4348 4357/4357/4357 4356/4356/4356
f 4358/4358/4358 4357/4357/4357 4350/4350/4350
f 4356/4356/4356 4357/4357/4357 4358/4358/4358
f 4359/4359/4359 4358/4358/4358 4350/4350/4350
f 4359/4359/4359 4360/4360/4360 4358/4358/4358
f 4360/4360/4360 4361/4361/4361 4358/4358/4358
f 4358/4358/4358 4361/4361/4361 4362/4362/4362
f 4362/4362/4362 4361/4361/4361 4363/4363/4363
f 4364/4364/4364 4362/4362/4362 4363/4363/4363
f 4364/4364/4364 4365/4365/4365 4362/4362/4362
f 4364/4364/4364 4366/4366/4366 4365/4365/4365
f 4356/4356/4356 4367/4367/4367 4352/4352/4352
f 4368/4368/4368 4367/4367/4367 4356/4356/4356
f 4352/4352/4352 4367/4367/4367 4354/4354/4354
f 4354/4354/4354 4367/4367/4367 4368/4368/4368
f 4369/4369/4369 4354/4354/4354 4368/4368/4368
f 4369/4369/4369 4368/4368/4368 4370/4370/4370
f 4371/4371/4371 4356/4356/4356 4358/4358/4358
f 4371/4371/4371 4358/4358/4358 4362/4362/4362
f 4371/4371/4371 4368/4368/4368 4356/4356/4356
f 4371/4371/4371 4362/4362/4362 4368/4368/4368
f 4362/4362/4362 4372/4372/4372 4368/4368/4368
f 4368/4368/4368 4372/4372/4372 4370/4370/4370
f 4365/4365/4365 4372/4372/4372 4362/4362/4362
f 4370/4370/4370 4372/4372/4372 4365/4365/4365
f 4373/4373/4373 4370/4370/4370 4365/4365/4365
f 4373/4373/4373 4365/4365/4365 4374/4374/4374
f 4366/4366/4366 4375/4375/4375 4365/4365/4365
f 4365/4365/4365 4375/4375/4375 4374/4374/4374
f 4376/4376/4376 4375/4375/4375 4366/4366/4366
f 4374/4374/4374 4375/4375/4375 4376/4376/4376
f 4377/4377/4377 4376/4376/4376 4366/4366/4366
f 4378/4378/4378 4374/4374/4374 4376/4376/4376
f 4377/4377/4377 4379/4379/4379 4376/4376/4376
f 4378/4378/4378 4376/4376/4376 4380/4380/4380
f 4379/4379/4379 4381/4381/4381 4376/4376/4376
f 4376/4376/4376 4381/4381/4381 4380/4380/4380
f 4382/4382/4382 4381/4381/4381 4379/4379/4379
f 4380/4380/4380 4381/4381/4381 4382/4382/4382
f 4383/4383/4383 4380/4380/4380 4382/4382/4382
f 4386/4386/4386 4385/4385/4385 4384/4384/4384
f 4387/4387/4387 4386/4386/4386 4384/4384/4384
f 4390/4390/4390 4389/4389/4389 4388/4388/4388
f 4391/4391/4391 4390/4390/4390 4388/4388/4388
f 4391/4391/4391 4388/4388/4388 4392/4392/4392
f 4388/4388/4388 4393/4393/4393 4392/4392/4392
f 4394/4394/4394 4393/4393/4393 4388/4388/4388
f 4395/4395/4395 4394/4394/4394 4388/4388/4388
f 4395/4395/4395 4396/4396/4396 4394/4394/4394
f 4392/4392/4392 4393/4393/4393 4397/4397/4397
f 4397/4397/4397 4393/4393/4393 4394/4394/4394
f 4398/4398/4398 4392/4392/4392 4397/4397/4397
f 4399/4399/4399 4397/4397/4397 4394/4394/4394
f 4399/4399/4399 4394/4394/4394 4400/4400/4400
f 4396/4396/4396 4401/4401/4401 4394/4394/4394
f 4394/4394/4394 4401/4401/4401 4400/4400/4400
f 4402/4402/4402 4401/4401/4401 4396/4396/4396
f 4400/4400/4400 4401/4401/4401 4402/4402/4402
f 4403/4403/4403 4402/4402/4402 4396/4396/4396
f 4404/4404/4404 4400/4400/4400 4402/4402/4402
f 4403/4403/4403 4405/4405/4405 4402/4402/4402
f 4404/4404/4404 4402/4402/4402 4406/4406/4406
f 4405/4405/4405 4407/4407/4407 4402/4402/4402
f 4402/4402/4402 4407/4407/4407 4406/4406/4406
f 4408/4408/4408 4407/4407/4407 4405/4405/4405
f 4406/4406/4406 4407/4407/4407 4408/4408/4408
f 4409/4409/4409 4406/4406/4406 4408/4408/4408
f 4410/4410/4410 4408/4408/4408 4405/4405/4405
f 4410/4410/4410 4411/4411/4411 4408/4408/4408
f 4410/4410/4410 4412/4412/4412 4411/4411/4411
f 4409/4409/4409 4408/4408/4408 4413/4413/4413
f 4412/4412/4412 4414/4414/4414 4411/4411/4411
f 4408/4408/4408 4415/4415/4415 4413/4413/4413
f 4411/4411/4411 4415/4415/4415 4408/4408/4408
f 4413/4413/4413 4415/4415/4415 4416/4416/4416
f 4416/4416/4416 4415/4415/4415 4411/4411/4411
f 4417/4417/4417 4413/4413/4413 4416/4416/4416
f 4417/4417/4417 4416/4416/4416 4418/4418/4418
f 4411/4411/4411 4414/4414/4414 4419/4419/4419
f 4419/4419/4419 4414/4414/4414 4420/4420/4420
f 4421/4421/4421 4411/4411/4411 4419/4419/4419
f 4421/4421/4421 4416/4416/4416 4411/4411/4411
f 4421/4421/4421 4419/4419/4419 4422/4422/4422
f 4421/4421/4421 4422/4422/4422 4416/4416/4416
f 4419/4419/4419 4423/4423/4423 4422/4422/4422
f 4416/4416/4416 4424/4424/4424 4418/4418/4418
f 4422/4422/4422 4424/4424/4424 4416/4416/4416
f 4418/4418/4418 4424/4424/4424 4425/4425/4425
f 4425/4425/4425 4424/4424/4424 4422/4422/4422
f 4426/4426/4426 4418/4418/4418 4425/4425/4425
f 4425/4425/4425 4427/4427/4427 4426/4426/4426
f 4428/4428/4428 4425/4425/4425 4422/4422/4422
f 4422/4422/4422 4423/4423/4423 4429/4429/4429
f 4428/4428/4428 4422/4422/4422 4429/4429/4429
f 4429/4429/4429 4423/4423/4423 4430/4430/4430
f 4431/4431/4431 4429/4429/4429 4430/4430/4430
f 4429/4429/4429 4432/4432/4432 4428/4428/4428
f 4433/4433/4433 4432/4432/4432 4429/4429/4429
f 4436/4436/4436 4435/4435/4435 4434/4434/4434
f 4435/4435/4435 4437/4437/4437 4434/4434/4434
f 4438/4438/4438 4437/4437/4437 4435/4435/4435
f 4439/4439/4439 4437/4437/4437 4438/4438/4438
f 4440/4440/4440 4438/4438/4438 4435/4435/4435
f 4440/4440/4440 4435/4435/4435 4441/4441/4441
f 4440/4440/4440 4442/4442/4442 4438/4438/4438
f 4440/4440/4440 4441/4441/4441 4442/4442/4442
f 4435/4435/4435 4443/4443/4443 4441/4441/4441
f 4441/4441/4441 4443/4443/4443 4444/4444/4444
f 4445/4445/4445 4439/4439/4439 4438/4438/4438
f 4445/4445/4445 4446/4446/4446 4439/4439/4439
f 4445/4445/4445 4438/4438/4438 4447/4447/4447
f 4445/4445/4445 4447/4447/4447 4446/4446/4446
f 4446/4446/4446 4448/4448/4448 4439/4439/4439
f 4449/4449/4449 4448/4448/4448 4446/4446/4446
f 4450/4450/4450 4449/4449/4449 4446/4446/4446
f 4450/4450/4450 4446/4446/4446 4451/4451/4451
f 4446/4446/4446 4452/4452/4452 4451/4451/4451
f 4447/4447/4447 4452/4452/4452 4446/4446/4446
f 4451/4451/4451 4452/4452/4452 4453/4453/4453
f 4453/4453/4453 4452/4452/4452 4447/4447/4447
f 4454/4454/4454 4451/4451/4451 4453/4453/4453
f 4438/4438/4438 4455/4455/4455 4447/4447/4447
f 4442/4442/4442 4455/4455/4455 4438/4438/4438
f 4447/4447/4447 4455/4455/4455 4456/4456/4456
f 4456/4456/4456 4455/4455/4455 4442/4442/4442
f 4457/4457/4457 4447/4447/4447 4456/4456/4456
f 4457/4457/4457 4453/4453/4453 4447/4447/4447
f 4457/4457/4457 4458/4458/4458 4453/4453/4453
f 4458/4458/4458 4459/4459/4459 4453/4453/4453
f 4460/4460/4460 4456/4456/4456 4442/4442/4442
f 4460/4460/4460 4442/4442/4442 4461/4461/4461
f 4460/4460/4460 4461/4461/4461 4462/4462/4462
f 4461/4461/4461 4463/4463/4463 4462/4462/4462
f 4462/4462/4462 4463/4463/4463 4464/4464/4464
f 4465/4465/4465 4463/4463/4463 4461/4461/4461
f 4442/4442/4442 4466/4466/4466 4461/4461/4461
f 4461/4461/4461 4466/4466/4466 4467/4467/4467
f 4441/4441/4441 4466/4466/4466 4442/4442/4442
f 4467/4467/4467 4466/4466/4466 4441/4441/4441
f 4468/4468/4468 4465/4465/4465 4461/4461/4461
f 4468/4468/4468 4461/4461/4461 4467/4467/4467
f 4468/4468/4468 4469/4469/4469 4465/4465/4465
f 4468/4468/4468 4467/4467/4467 4469/4469/4469
f 4470/4470/4470 4467/4467/4467 4441/4441/4441
f 4470/4470/4470 4441/4441/4441 4444/4444/4444
f 4470/4470/4470 4444/4444/4444 4471/4471/4471
f 4470/4470/4470 4471/4471/4471 4467/4467/4467
f 4444/4444/4444 4472/4472/4472 4471/4471/4471
f 4471/4471/4471 4473/4473/4473 4467/4467/4467
f 4467/4467/4467 4473/4473/4473 4469/4469/4469
f 4474/4474/4474 4473/4473/4473 4471/4471/4471
f 4469/4469/4469 4473/4473/4473 4474/4474/4474
f 4469/4469/4469 4475/4475/4475 4465/4465/4465
f 4465/4465/4465 4475/4475/4475 4476/4476/4476
f 4477/4477/4477 4465/4465/4465 4476/4476/4476
f 4476/4476/4476 4475/4475/4475 4478/4478/4478
f 4478/4478/4478 4475/4475/4475 4469/4469/4469
f 4479/4479/4479 4469/4469/4469 4474/4474/4474
f 4479/4479/4479 4478/4478/4478 4469/4469/4469
f 4479/4479/4479 4480/4480/4480 4478/4478/4478
f 4479/4479/4479 4474/4474/4474 4480/4480/4480
f 4480/4480/4480 4481/4481/4481 4478/4478/4478
f 4478/4478/4478 4481/4481/4481 4482/4482/4482
f 4482/4482/4482 4481/4481/4481 4483/4483/4483
f 4483/4483/4483 4481/4481/4481 4480/4480/4480
f 4484/4484/4484 4482/4482/4482 4483/4483/4483
f 4484/4484/4484 4483/4483/4483 4485/4485/4485
f 4486/4486/4486 4483/4483/4483 4480/4480/4480
f 4486/4486/4486 4480/4480/4480 4487/4487/4487
f 4474/4474/4474 4488/4488/4488 4480/4480/4480
f 4480/4480/4480 4488/4488/4488 4487/4487/4487
f 4489/4489/4489 4488/4488/4488 4474/4474/4474
f 4487/4487/4487 4488/4488/4488 4489/4489/4489
f 4490/4490/4490 4489/4489/4489 4474/4474/4474
f 4491/4491/4491 4487/4487/4487 4489/4489/4489
f 4491/4491/4491 4489/4489/4489 4492/4492/4492
f 4489/4489/4489 4493/4493/4493 4492/4492/4492
f 4496/4496/4496 4495/4495/4495 4494/4494/4494
f 4497/4497/4497 4496/4496/4496 4494/4494/4494
f 4497/4497/4497 4498/4498/4498 4496/4496/4496
f 4498/4498/4498 4499/4499/4499 4496/4496/4496
f 4500/4500/4500 4499/4499/4499 4498/4498/4498
f 4501/4501/4501 4500/4500/4500 4498/4498/4498
f 4502/4502/4502 4499/4499/4499 4500/4500/4500
f 4503/4503/4503 4502/4502/4502 4500/4500/4500
f 4501/4501/4501 4504/4504/4504 4500/4500/4500
f 4503/4503/4503 4500/4500/4500 4505/4505/4505
f 4504/4504/4504 4506/4506/4506 4500/4500/4500
f 4500/4500/4500 4506/4506/4506 4505/4505/4505
f 4507/4507/4507 4506/4506/4506 4504/4504/4504
f 4505/4505/4505 4506/4506/4506 4507/4507/4507
f 4508/4508/4508 4507/4507/4507 4504/4504/4504
f 4509/4509/4509 4505/4505/4505 4507/4507/4507
f 4508/4508/4508 4510/4510/4510 4507/4507/4507
f 4509/4509/4509 4507/4507/4507 4511/4511/4511
f 4510/4510/4510 4512/4512/4512 4507/4507/4507
f 4507/4507/4507 4512/4512/4512 4511/4511/4511
f 4513/4513/4513 4512/4512/4512 4510/4510/4510
f 4511/4511/4511 4512/4512/4512 4513/4513/4513
f 4514/4514/4514 4513/4513/4513 4510/4510/4510
f 4514/4514/4514 4515/4515/4515 4513/4513/4513
f 4516/4516/4516 4511/4511/4511 4513/4513/4513
f 4516/4516/4516 4517/4517/4517 4511/4511/4511
f 4516/4516/4516 4518/4518/4518 4517/4517/4517
f 4516/4516/4516 4513/4513/4513 4518/4518/4518
f 4518/4518/4518 4519/4519/4519 4517/4517/4517
f 4515/4515/4515 4520/4520/4520 4513/4513/4513
f 4513/4513/4513 4520/4520/4520 4518/4518/4518
f 4521/4521/4521 4520/4520/4520 4515/4515/4515
f 4518/4518/4518 4520/4520/4520 4521/4521/4521
f 4522/4522/4522 4518/4518/4518 4521/4521/4521
f 4523/4523/4523 4521/4521/4521 4515/4515/4515
f 4523/4523/4523 4524/4524/4524 4521/4521/4521
f 4524/4524/4524 4525/4525/4525 4521/4521/4521
f 4528/4528/4528 4527/4527/4527 4526/4526/4526
f 4527/4527/4527 4529/4529/4529 4526/4526/4526
f 4530/4530/4530 4529/4529/4529 4527/4527/4527
f 4531/4531/4531 4529/4529/4529 4530/4530/4530
f 4532/4532/4532 4530/4530/4530 4527/4527/4527
f 4532/4532/4532 4527/4527/4527 4533/4533/4533
f 4527/4527/4527 4534/4534/4534 4533/4533/4533
f 4533/4533/4533 4534/4534/4534 4535/4535/4535
f 4535/4535/4535 4534/4534/4534 4536/4536/4536
f 4532/4532/4532 4533/4533/4533 4537/4537/4537
f 4532/4532/4532 4537/4537/4537 4530/4530/4530
f 4533/4533/4533 4538/4538/4538 4537/4537/4537
f 4537/4537/4537 4539/4539/4539 4530/4530/4530
f 4540/4540/4540 4539/4539/4539 4537/4537/4537
f 4541/4541/4541 4540/4540/4540 4537/4537/4537
f 4542/4542/4542 4539/4539/4539 4540/4540/4540
f 4530/4530/4530 4539/4539/4539 4542/4542/4542
f 4543/4543/4543 4542/4542/4542 4540/4540/4540
f 4544/4544/4544 4530/4530/4530 4542/4542/4542
f 4544/4544/4544 4531/4531/4531 4530/4530/4530
f 4544/4544/4544 4542/4542/4542 4545/4545/4545
f 4544/4544/4544 4545/4545/4545 4531/4531/4531
f 4545/4545/4545 4546/4546/4546 4531/4531/4531
f 4547/4547/4547 4546/4546/4546 4545/4545/4545
f 4531/4531/4531 4546/4546/4546 4548/4548/4548
f 4548/4548/4548 4546/4546/4546 4547/4547/4547
f 4549/4549/4549 4548/4548/4548 4547/4547/4547
f 4549/4549/4549 4547/4547/4547 4550/4550/4550
f 4551/4551/4551 4547/4547/4547 4545/4545/4545
f 4551/4551/4551 4545/4545/4545 4552/4552/4552
f 4545/4545/4545 4553/4553/4553 4552/4552/4552
f 4551/4551/4551 4554/4554/4554 4547/4547/4547
f 4547/4547/4547 4555/4555/4555 4550/4550/4550
f 4554/4554/4554 4555/4555/4555 4547/4547/4547
f 4550/4550/4550 4555/4555/4555 4556/4556/4556
f 4556/4556/4556 4555/4555/4555 4554/4554/4554
f 4557/4557/4557 4550/4550/4550 4556/4556/4556
f 4557/4557/4557 4556/4556/4556 4558/4558/4558
f 4559/4559/4559 4556/4556/4556 4554/4554/4554
f 4559/4559/4559 4554/4554/4554 4560/4560/4560
f 4559/4559/4559 4560/4560/4560 4561/4561/4561
f 4559/4559/4559 4561/4561/4561 4556/4556/4556
f 4561/4561/4561 4562/4562/4562 4556/4556/4556
f 4556/4556/4556 4562/4562/4562 4558/4558/4558
f 4563/4563/4563 4562/4562/4562 4561/4561/4561
f 4558/4558/4558 4562/4562/4562 4563/4563/4563
f 4564/4564/4564 4563/4563/4563 4561/4561/4561
f 4564/4564/4564 4565/4565/4565 4563/4563/4563
f 4566/4566/4566 4558/4558/4558 4563/4563/4563
f 4566/4566/4566 4567/4567/4567 4558/4558/4558
f 4567/4567/4567 4568/4568/4568 4558/4558/4558
f 4570/4570/4570 4569/4569/4569 4567/4567/4567
f 4571/4571/4571 4569/4569/4569 4570/4570/4570
f 4571/4571/4571 4570/4570/4570 4572/4572/4572
f 4570/4570/4570 4573/4573/4573 4572/4572/4572
f 4572/4572/4572 4573/4573/4573 4574/4574/4574
f 4577/4577/4577 4576/4576/4576 4575/4575/4575
f 4578/4578/4578 4577/4577/4577 4575/4575/4575
f 4578/4578/4578 4579/4579/4579 4577/4577/4577
f 4579/4579/4579 4580/4580/4580 4577/4577/4577
f 4577/4577/4577 4580/4580/4580 4581/4581/4581
f 4581/4581/4581 4580/4580/4580 4582/4582/4582
f 4583/4583/4583 4581/4581/4581 4582/4582/4582
f 4584/4584/4584 4577/4577/4577 4581/4581/4581
f 4584/4584/4584 4585/4585/4585 4577/4577/4577
f 4587/4587/4587 4586/4586/4586 4585/4585/4585
f 4587/4587/4587 4588/4588/4588 4586/4586/4586
f 4588/4588/4588 4589/4589/4589 4586/4586/4586
f 4590/4590/4590 4589/4589/4589 4588/4588/4588
f 4591/4591/4591 4590/4590/4590 4588/4588/4588
f 4594/4594/4594 4593/4593/4593 4592/4592/4592
f 4593/4593/4593 4595/4595/4595 4592/4592/4592
f 4596/4596/4596 4595/4595/4595 4593/4593/4593
f 4597/4597/4597 4596/4596/4596 4593/4593/4593
f 4597/4597/4597 4598/4598/4598 4596/4596/4596
f 4592/4592/4592 4595/4595/4595 4599/4599/4599
f 4599/4599/4599 4595/4595/4595 4596/4596/4596
f 4600/4600/4600 4592/4592/4592 4599/4599/4599
f 4600/4600/4600 4601/4601/4601 4592/4592/4592
f 4601/4601/4601 4602/4602/4602 4592/4592/4592
f 4603/4603/4603 4599/4599/4599 4596/4596/4596
f 4603/4603/4603 4596/4596/4596 4604/4604/4604
f 4598/4598/4598 4605/4605/4605 4596/4596/4596
f 4596/4596/4596 4605/4605/4605 4604/4604/4604
f 4606/4606/4606 4605/4605/4605 4598/4598/4598
f 4604/4604/4604 4605/4605/4605 4606/4606/4606
f 4607/4607/4607 4606/4606/4606 4598/4598/4598
f 4608/4608/4608 4604/4604/4604 4606/4606/4606
f 4607/4607/4607 4609/4609/4609 4606/4606/4606
f 4608/4608/4608 4606/4606/4606 4610/4610/4610
f 4609/4609/4609 4611/4611/4611 4606/4606/4606
f 4606/4606/4606 4611/4611/4611 4610/4610/4610
f 4613/4613/4613 4612/4612/4612 4601/4601/4601
f 4613/4613/4613 4614/4614/4614 4612/4612/4612
f 4614/4614/4614 4615/4615/4615 4612/4612/4612
f 4618/4618/4618 4617/4617/4617 4616/4616/4616
f 4618/4618/4618 4619/4619/4619 4617/4617/4617
f 4617/4617/4617 4619/4619/4619 4620/4620/4620
f 4623/4623/4623 4622/4622/4622 4621/4621/4621
f 4622/4622/4622 4624/4624/4624 4621/4621/4621
f 4625/4625/4625 4624/4624/4624 4622/4622/4622
f 4626/4626/4626 4624/4624/4624 4625/4625/4625
f 4627/4627/4627 4626/4626/4626 4625/4625/4625
f 4630/4630/4630 4629/4629/4629 4628/4628/4628
f 4630/4630/4630 4631/4631/4631 4629/4629/4629
f 4631/4631/4631 4632/4632/4632 4629/4629/4629
f 4629/4629/4629 4632/4632/4632 4633/4633/4633
f 4634/4634/4634 4629/4629/4629 4633/4633/4633
f 4633/4633/4633 4632/4632/4632 4635/4635/4635
f 4634/4634/4634 4633/4633/4633 4636/4636/4636
f 4633/4633/4633 4637/4637/4637 4636/4636/4636
f 4634/4634/4634 4636/4636/4636 4638/4638/4638
f 4636/4636/4636 4639/4639/4639 4638/4638/4638
f 4638/4638/4638 4639/4639/4639 4640/4640/4640
f 4641/4641/4641 4633/4633/4633 4635/4635/4635
f 4641/4641/4641 4635/4635/4635 4642/4642/4642
f 4641/4641/4641 4642/4642/4642 4643/4643/4643
f 4642/4642/4642 4644/4644/4644 4643/4643/4643
f 4645/4645/4645 4644/4644/4644 4642/4642/4642
f 4635/4635/4635 4646/4646/4646 4642/4642/4642
f 4642/4642/4642 4646/4646/4646 4647/4647/4647
f 4648/4648/4648 4646/4646/4646 4635/4635/4635
f 4647/4647/4647 4646/4646/4646 4648/4648/4648
f 4649/4649/4649 4647/4647/4647 4648/4648/4648
f 4649/4649/4649 4650/4650/4650 4647/4647/4647
f 4651/4651/4651 4645/4645/4645 4642/4642/4642
f 4651/4651/4651 4642/4642/4642 4647/4647/4647
f 4651/4651/4651 4652/4652/4652 4645/4645/4645
f 4651/4651/4651 4647/4647/4647 4652/4652/4652
f 4652/4652/4652 4653/4653/4653 4645/4645/4645
f 4654/4654/4654 4653/4653/4653 4652/4652/4652
f 4655/4655/4655 4653/4653/4653 4654/4654/4654
f 4650/4650/4650 4656/4656/4656 4647/4647/4647
f 4647/4647/4647 4656/4656/4656 4652/4652/4652
f 4657/4657/4657 4656/4656/4656 4650/4650/4650
f 4652/4652/4652 4656/4656/4656 4657/4657/4657
f 4658/4658/4658 4657/4657/4657 4650/4650/4650
f 4658/4658/4658 4659/4659/4659 4657/4657/4657
f 4660/4660/4660 4655/4655/4655 4654/4654/4654
f 4660/4660/4660 4661/4661/4661 4655/4655/4655
f 4660/4660/4660 4654/4654/4654 4662/4662/4662
f 4654/4654/4654 4663/4663/4663 4662/4662/4662
f 4664/4664/4664 4663/4663/4663 4654/4654/4654
f 4665/4665/4665 4663/4663/4663 4664/4664/4664
f 4666/4666/4666 4665/4665/4665 4664/4664/4664
f 4666/4666/4666 4664/4664/4664 4667/4667/4667
f 4668/4668/4668 4654/4654/4654 4652/4652/4652
f 4668/4668/4668 4652/4652/4652 4657/4657/4657
f 4668/4668/4668 4664/4664/4664 4654/4654/4654
f 4668/4668/4668 4657/4657/4657 4664/4664/4664
f 4659/4659/4659 4669/4669/4669 4657/4657/4657
f 4667/4667/4667 4669/4669/4669 4659/4659/4659
f 4664/4664/4664 4669/4669/4669 4667/4667/4667
f 4657/4657/4657 4669/4669/4669 4664/4664/4664
f 4672/4672/4672 4671/4671/4671 4670/4670/4670
f 4673/4673/4673 4672/4672/4672 4670/4670/4670
f 4673/4673/4673 4674/4674/4674 4672/4672/4672
f 4677/4677/4677 4676/4676/4676 4675/4675/4675
f 4677/4677/4677 4678/4678/4678 4676/4676/4676
f 4678/4678/4678 4679/4679/4679 4676/4676/4676
f 4682/4682/4682 4681/4681/4681 4680/4680/4680
f 4683/4683/4683 4682/4682/4682 4680/4680/4680
f 4683/4683/4683 4680/4680/4680 4684/4684/4684
f 4683/4683/4683 4684/4684/4684 4685/4685/4685
f 4680/4680/4680 4686/4686/4686 4684/4684/4684
f 4687/4687/4687 4686/4686/4686 4680/4680/4680
f 4684/4684/4684 4686/4686/4686 4687/4687/4687
f 4688/4688/4688 4684/4684/4684 4687/4687/4687
f 4688/4688/4688 4689/4689/4689 4684/4684/4684
f 4688/4688/4688 4687/4687/4687 4690/4690/4690
f 4688/4688/4688 4691/4691/4691 4689/4689/4689
f 4688/4688/4688 4690/4690/4690 4692/4692/4692
f 4688/4688/4688 4693/4693/4693 4691/4691/4691
f 4688/4688/4688 4692/4692/4692 4694/4694/4694
f 4688/4688/4688 4694/4694/4694 4693/4693/4693
f 4695/4695/4695 4687/4687/4687 4680/4680/4680
f 4695/4695/4695 4696/4696/4696 4687/4687/4687
f 4684/4684/4684 4697/4697/4697 4685/4685/4685
f 4689/4689/4689 4697/4697/4697 4684/4684/4684
f 4685/4685/4685 4697/4697/4697 4689/4689/4689
f 4698/4698/4698 4685/4685/4685 4689/4689/4689
f 4698/4698/4698 4689/4689/4689 4699/4699/4699
f 4696/4696/4696 4700/4700/4700 4687/4687/4687
f 4687/4687/4687 4700/4700/4700 4690/4690/4690
f 4690/4690/4690 4700/4700/4700 4696/4696/4696
f 4701/4701/4701 4690/4690/4690 4696/4696/4696
f 4701/4701/4701 4702/4702/4702 4690/4690/4690
f 4689/4689/4689 4703/4703/4703 4699/4699/4699
f 4691/4691/4691 4703/4703/4703 4689/4689/4689
f 4699/4699/4699 4703/4703/4703 4691/4691/4691
f 4704/4704/4704 4699/4699/4699 4691/4691/4691
f 4704/4704/4704 4691/4691/4691 4705/4705/4705
f 4702/4702/4702 4706/4706/4706 4690/4690/4690
f 4690/4690/4690 4706/4706/4706 4692/4692/4692
f 4692/4692/4692 4706/4706/4706 4702/4702/4702
f 4707/4707/4707 4692/4692/4692 4702/4702/4702
f 4707/4707/4707 4708/4708/4708 4692/4692/4692
f 4691/4691/4691 4709/4709/4709 4705/4705/4705
f 4693/4693/4693 4709/4709/4709 4691/4691/4691
f 4705/4705/4705 4709/4709/4709 4693/4693/4693
f 4710/4710/4710 4705/4705/4705 4693/4693/4693
f 4710/4710/4710 4693/4693/4693 4711/4711/4711
f 4708/4708/4708 4712/4712/4712 4692/4692/4692
f 4692/4692/4692 4712/4712/4712 4694/4694/4694
f 4694/4694/4694 4712/4712/4712 4708/4708/4708
f 4713/4713/4713 4694/4694/4694 4708/4708/4708
f 4713/4713/4713 4711/4711/4711 4694/4694/4694
f 4694/4694/4694 4714/4714/4714 4693/4693/4693
f 4711/4711/4711 4714/4714/4714 4694/4694/4694
f 4693/4693/4693 4714/4714/4714 4711/4711/4711
f 4717/4717/4717 4716/4716/4716 4715/4715/4715
f 4718/4718/4718 4716/4716/4716 4717/4717/4717
f 4719/4719/4719 4716/4716/4716 4718/4718/4718
f 4719/4719/4719 4721/4721/4721 4720/4720/4720
f 4719/4719/4719 4722/4722/4722 4721/4721/4721
f 4721/4721/4721 4723/4723/4723 4720/4720/4720
f 4720/4720/4720 4723/4723/4723 4724/4724/4724
f 4724/4724/4724 4723/4723/4723 4721/4721/4721
f 4725/4725/4725 4724/4724/4724 4721/4721/4721
f 4725/4725/4725 4721/4721/4721 4726/4726/4726
f 4725/4725/4725 4727/4727/4727 4724/4724/4724
f 4725/4725/4725 4726/4726/4726 4728/4728/4728
f 4725/4725/4725 4729/4729/4729 4727/4727/4727
f 4725/4725/4725 4728/4728/4728 4730/4730/4730
f 4725/4725/4725 4731/4731/4731 4729/4729/4729
f 4725/4725/4725 4730/4730/4730 4731/4731/4731
f 4732/4732/4732 4720/4720/4720 4724/4724/4724
f 4732/4732/4732 4724/4724/4724 4733/4733/4733
f 4722/4722/4722 4734/4734/4734 4721/4721/4721
f 4721/4721/4721 4734/4734/4734 4726/4726/4726
f 4726/4726/4726 4734/4734/4734 4722/4722/4722
f 4735/4735/4735 4726/4726/4726 4722/4722/4722
f 4735/4735/4735 4736/4736/4736 4726/4726/4726
f 4735/4735/4735 4737/4737/4737 4736/4736/4736
f 4737/4737/4737 4738/4738/4738 4736/4736/4736
f 4736/4736/4736 4738/4738/4738 4739/4739/4739
f 4724/4724/4724 4740/4740/4740 4733/4733/4733
f 4727/4727/4727 4740/4740/4740 4724/4724/4724
f 4733/4733/4733 4740/4740/4740 4727/4727/4727
f 4741/4741/4741 4733/4733/4733 4727/4727/4727
f 4741/4741/4741 4727/4727/4727 4742/4742/4742
f 4727/4727/4727 4743/4743/4743 4742/4742/4742
f 4729/4729/4729 4743/4743/4743 4727/4727/4727
f 4742/4742/4742 4743/4743/4743 4729/4729/4729
f 4744/4744/4744 4742/4742/4742 4729/4729/4729
f 4744/4744/4744 4729/4729/4729 4745/4745/4745
f 4729/4729/4729 4746/4746/4746 4745/4745/4745
f 4731/4731/4731 4746/4746/4746 4729/4729/4729
f 4745/4745/4745 4746/4746/4746 4731/4731/4731
f 4747/4747/4747 4745/4745/4745 4731/4731/4731
f 4747/4747/4747 4731/4731/4731 4748/4748/4748
f 4731/4731/4731 4749/4749/4749 4748/4748/4748
f 4730/4730/4730 4749/4749/4749 4731/4731/4731
f 4748/4748/4748 4749/4749/4749 4730/4730/4730
f 4750/4750/4750 4748/4748/4748 4730/4730/4730
f 4750/4750/4750 4730/4730/4730 4751/4751/4751
f 4730/4730/4730 4752/4752/4752 4751/4751/4751
f 4728/4728/4728 4752/4752/4752 4730/4730/4730
f 4751/4751/4751 4752/4752/4752 4728/4728/4728
f 4753/4753/4753 4751/4751/4751 4728/4728/4728
f 4753/4753/4753 4739/4739/4739 4751/4751/4751
f 4739/4739/4739 4754/4754/4754 4751/4751/4751
f 4753/4753/4753 4736/4736/4736 4739/4739/4739
f 4753/4753/4753 4728/4728/4728 4736/4736/4736
f 4728/4728/4728 4755/4755/4755 4736/4736/4736
f 4736/4736/4736 4755/4755/4755 4726/4726/4726
f 4726/4726/4726 4755/4755/4755 4728/4728/4728
f 4758/4758/4758 4757/4757/4757 4756/4756/4756
f 4757/4757/4757 4759/4759/4759 4756/4756/4756
f 4760/4760/4760 4759/4759/4759 4757/4757/4757
f 4761/4761/4761 4760/4760/4760 4757/4757/4757
f 4761/4761/4761 4762/4762/4762 4760/4760/4760
f 4756/4756/4756 4759/4759/4759 4763/4763/4763
f 4763/4763/4763 4759/4759/4759 4760/4760/4760
f 4764/4764/4764 4756/4756/4756 4763/4763/4763
f 4765/4765/4765 4763/4763/4763 4760/4760/4760
f 4765/4765/4765 4760/4760/4760 4766/4766/4766
f 4762/4762/4762 4767/4767/4767 4760/4760/4760
f 4760/4760/4760 4767/4767/4767 4766/4766/4766
f 4768/4768/4768 4767/4767/4767 4762/4762/4762
f 4766/4766/4766 4767/4767/4767 4768/4768/4768
f 4769/4769/4769 4768/4768/4768 4762/4762/4762
f 4770/4770/4770 4766/4766/4766 4768/4768/4768
f 4769/4769/4769 4771/4771/4771 4768/4768/4768
f 4770/4770/4770 4768/4768/4768 4772/4772/4772
f 4771/4771/4771 4773/4773/4773 4768/4768/4768
f 4768/4768/4768 4773/4773/4773 4772/4772/4772
f 4774/4774/4774 4773/4773/4773 4771/4771/4771
f 4772/4772/4772 4773/4773/4773 4774/4774/4774
f 4775/4775/4775 4774/4774/4774 4771/4771/4771
f 4776/4776/4776 4772/4772/4772 4774/4774/4774
f 4776/4776/4776 4774/4774/4774 4777/4777/4777
f 4774/4774/4774 4778/4778/4778 4777/4777/4777
f 4777/4777/4777 4778/4778/4778 4779/4779/4779
f 4780/4780/4780 4777/4777/4777 4779/4779/4779
f 4780/4780/4780 4779/4779/4779 4781/4781/4781
f 4779/4779/4779 4782/4782/4782 4781/4781/4781
f 4783/4783/4783 4782/4782/4782 4779/4779/4779
f 4784/4784/4784 4782/4782/4782 4783/4783/4783
f 4785/4785/4785 4784/4784/4784 4783/4783/4783
f 4788/4788/4788 4787/4787/4787 4786/4786/4786
f 4787/4787/4787 4789/4789/4789 4786/4786/4786
f 4786/4786/4786 4789/4789/4789 4790/4790/4790
f 4791/4791/4791 4789/4789/4789 4787/4787/4787
f 4790/4790/4790 4789/4789/4789 4791/4791/4791
f 4792/4792/4792 4786/4786/4786 4790/4790/4790
f 4793/4793/4793 4791/4791/4791 4787/4787/4787
f 4793/4793/4793 4794/4794/4794 4791/4791/4791
f 4794/4794/4794 4795/4795/4795 4791/4791/4791
f 4791/4791/4791 4795/4795/4795 4796/4796/4796
f 4792/4792/4792 4790/4790/4790 4797/4797/4797
f 4798/4798/4798 4791/4791/4791 4796/4796/4796
f 4798/4798/4798 4790/4790/4790 4791/4791/4791
f 4798/4798/4798 4796/4796/4796 4799/4799/4799
f 4798/4798/4798 4799/4799/4799 4790/4790/4790
f 4796/4796/4796 4800/4800/4800 4799/4799/4799
f 4799/4799/4799 4800/4800/4800 4801/4801/4801
f 4790/4790/4790 4802/4802/4802 4797/4797/4797
f 4799/4799/4799 4802/4802/4802 4790/4790/4790
f 4797/4797/4797 4802/4802/4802 4803/4803/4803
f 4803/4803/4803 4802/4802/4802 4799/4799/4799
f 4804/4804/4804 4797/4797/4797 4803/4803/4803
f 4804/4804/4804 4803/4803/4803 4805/4805/4805
f 4806/4806/4806 4799/4799/4799 4801/4801/4801
f 4806/4806/4806 4803/4803/4803 4799/4799/4799
f 4806/4806/4806 4801/4801/4801 4807/4807/4807
f 4806/4806/4806 4807/4807/4807 4803/4803/4803
f 4801/4801/4801 4808/4808/4808 4807/4807/4807
f 4807/4807/4807 4808/4808/4808 4809/4809/4809
f 4803/4803/4803 4810/4810/4810 4805/4805/4805
f 4807/4807/4807 4810/4810/4810 4803/4803/4803
f 4805/4805/4805 4810/4810/4810 4811/4811/4811
f 4811/4811/4811 4810/4810/4810 4807/4807/4807
f 4812/4812/4812 4805/4805/4805 4811/4811/4811
f 4812/4812/4812 4811/4811/4811 4813/4813/4813
f 4812/4812/4812 4813/4813/4813 4814/4814/4814
f 4813/4813/4813 4815/4815/4815 4814/4814/4814
f 4816/4816/4816 4815/4815/4815 4813/4813/4813
f 4817/4817/4817 4807/4807/4807 4809/4809/4809
f 4817/4817/4817 4811/4811/4811 4807/4807/4807
f 4817/4817/4817 4809/4809/4809 4818/4818/4818
f 4817/4817/4817 4818/4818/4818 4811/4811/4811
f 4809/4809/4809 4819/4819/4819 4818/4818/4818
f 4820/4820/4820 4816/4816/4816 4813/4813/4813
f 4820/4820/4820 4821/4821/4821 4816/4816/4816
f 4811/4811/4811 4822/4822/4822 4813/4813/4813
f 4818/4818/4818 4822/4822/4822 4811/4811/4811
f 4820/4820/4820 4813/4813/4813 4823/4823/4823
f 4813/4813/4813 4822/4822/4822 4823/4823/4823
f 4820/4820/4820 4823/4823/4823 4821/4821/4821
f 4823/4823/4823 4822/4822/4822 4818/4818/4818
f 4823/4823/4823 4824/4824/4824 4821/4821/4821
f 4821/4821/4821 4824/4824/4824 4825/4825/4825
f 4826/4826/4826 4821/4821/4821 4825/4825/4825
f 4827/4827/4827 4823/4823/4823 4818/4818/4818
f 4818/4818/4818 4819/4819/4819 4828/4828/4828
f 4827/4827/4827 4818/4818/4818 4828/4828/4828
f 4828/4828/4828 4819/4819/4819 4829/4829/4829
f 4827/4827/4827 4828/4828/4828 4830/4830/4830
f 4833/4833/4833 4832/4832/4832 4831/4831/4831
f 4834/4834/4834 4832/4832/4832 4833/4833/4833
f 4835/4835/4835 4832/4832/4832 4834/4834/4834
f 4838/4838/4838 4837/4837/4837 4836/4836/4836
f 4839/4839/4839 4838/4838/4838 4836/4836/4836
f 4839/4839/4839 4836/4836/4836 4840/4840/4840
f 4839/4839/4839 4840/4840/4840 4841/4841/4841
f 4840/4840/4840 4842/4842/4842 4841/4841/4841
f 4843/4843/4843 4842/4842/4842 4840/4840/4840
f 4844/4844/4844 4843/4843/4843 4840/4840/4840
f 4844/4844/4844 4840/4840/4840 4845/4845/4845
f 4844/4844/4844 4846/4846/4846 4843/4843/4843
f 4844/4844/4844 4845/4845/4845 4847/4847/4847
f 4844/4844/4844 4848/4848/4848 4846/4846/4846
f 4844/4844/4844 4847/4847/4847 4849/4849/4849
f 4844/4844/4844 4850/4850/4850 4848/4848/4848
f 4844/4844/4844 4849/4849/4849 4850/4850/4850
f 4836/4836/4836 4851/4851/4851 4840/4840/4840
f 4840/4840/4840 4851/4851/4851 4845/4845/4845
f 4845/4845/4845 4851/4851/4851 4836/4836/4836
f 4852/4852/4852 4845/4845/4845 4836/4836/4836
f 4852/4852/4852 4853/4853/4853 4845/4845/4845
f 4845/4845/4845 4854/4854/4854 4847/4847/4847
f 4853/4853/4853 4854/4854/4854 4845/4845/4845
f 4847/4847/4847 4854/4854/4854 4853/4853/4853
f 4846/4846/4846 4855/4855/4855 4843/4843/4843
f 4843/4843/4843 4855/4855/4855 4856/4856/4856
f 4856/4856/4856 4855/4855/4855 4846/4846/4846
f 4857/4857/4857 4843/4843/4843 4856/4856/4856
f 4858/4858/4858 4856/4856/4856 4846/4846/4846
f 4858/4858/4858 4846/4846/4846 4859/4859/4859
f 4858/4858/4858 4859/4859/4859 4860/4860/4860
f 4846/4846/4846 4861/4861/4861 4859/4859/4859
f 4848/4848/4848 4861/4861/4861 4846/4846/4846
f 4859/4859/4859 4861/4861/4861 4848/4848/4848
f 4862/4862/4862 4847/4847/4847 4853/4853/4853
f 4862/4862/4862 4863/4863/4863 4847/4847/4847
f 4862/4862/4862 4853/4853/4853 4864/4864/4864
f 4862/4862/4862 4864/4864/4864 4863/4863/4863
f 4853/4853/4853 4865/4865/4865 4864/4864/4864
f 4864/4864/4864 4865/4865/4865 4866/4866/4866
f 4867/4867/4867 4864/4864/4864 4866/4866/4866
f 4863/4863/4863 4868/4868/4868 4847/4847/4847
f 4847/4847/4847 4868/4868/4868 4849/4849/4849
f 4849/4849/4849 4868/4868/4868 4863/4863/4863
f 4864/4864/4864 4869/4869/4869 4863/4863/4863
f 4870/4870/4870 4869/4869/4869 4864/4864/4864
f 4871/4871/4871 4869/4869/4869 4870/4870/4870
f 4863/4863/4863 4869/4869/4869 4871/4871/4871
f 4872/4872/4872 4871/4871/4871 4870/4870/4870
f 4873/4873/4873 4863/4863/4863 4871/4871/4871
f 4873/4873/4873 4849/4849/4849 4863/4863/4863
f 4873/4873/4873 4871/4871/4871 4874/4874/4874
f 4873/4873/4873 4874/4874/4874 4849/4849/4849
f 4871/4871/4871 4875/4875/4875 4874/4874/4874
f 4874/4874/4874 4876/4876/4876 4849/4849/4849
f 4849/4849/4849 4876/4876/4876 4850/4850/4850
f 4850/4850/4850 4876/4876/4876 4874/4874/4874
f 4877/4877/4877 4850/4850/4850 4874/4874/4874
f 4877/4877/4877 4878/4878/4878 4850/4850/4850
f 4877/4877/4877 4879/4879/4879 4878/4878/4878
f 4879/4879/4879 4880/4880/4880 4878/4878/4878
f 4878/4878/4878 4880/4880/4880 4881/4881/4881
f 4881/4881/4881 4880/4880/4880 4882/4882/4882
f 4883/4883/4883 4881/4881/4881 4882/4882/4882
f 4883/4883/4883 4884/4884/4884 4881/4881/4881
f 4878/4878/4878 4885/4885/4885 4850/4850/4850
f 4850/4850/4850 4885/4885/4885 4848/4848/4848
f 4848/4848/4848 4885/4885/4885 4878/4878/4878
f 4886/4886/4886 4848/4848/4848 4878/4878/4878
f 4886/4886/4886 4878/4878/4878 4881/4881/4881
f 4886/4886/4886 4859/4859/4859 4848/4848/4848
f 4886/4886/4886 4881/4881/4881 4859/4859/4859
f 4881/4881/4881 4887/4887/4887 4859/4859/4859
f 4884/4884/4884 4887/4887/4887 4881/4881/4881
f 4859/4859/4859 4887/4887/4887 4860/4860/4860
f 4860/4860/4860 4887/4887/4887 4884/4884/4884
f 4888/4888/4888 4860/4860/4860 4884/4884/4884
f 4888/4888/4888 4884/4884/4884 4889/4889/4889
f 4892/4892/4892 4891/4891/4891 4890/4890/4890
f 4891/4891/4891 4893/4893/4893 4890/4890/4890
f 4894/4894/4894 4893/4893/4893 4891/4891/4891
f 4895/4895/4895 4893/4893/4893 4894/4894/4894
f 4896/4896/4896 4895/4895/4895 4894/4894/4894
f 4896/4896/4896 4894/4894/4894 4897/4897/4897
f 4896/4896/4896 4897/4897/4897 4898/4898/4898
f 4897/4897/4897 4899/4899/4899 4898/4898/4898
f 4898/4898/4898 4899/4899/4899 4900/4900/4900
f 4901/4901/4901 4898/4898/4898 4900/4900/4900
f 4902/4902/4902 4894/4894/4894 4891/4891/4891
f 4902/4902/4902 4891/4891/4891 4903/4903/4903
f 4891/4891/4891 4904/4904/4904 4903/4903/4903
f 4902/4902/4902 4905/4905/4905 4894/4894/4894
f 4905/4905/4905 4906/4906/4906 4894/4894/4894
f 4894/4894/4894 4906/4906/4906 4897/4897/4897
f 4907/4907/4907 4906/4906/4906 4905/4905/4905
f 4897/4897/4897 4906/4906/4906 4907/4907/4907
f 4908/4908/4908 4907/4907/4907 4905/4905/4905
f 4909/4909/4909 4897/4897/4897 4907/4907/4907
f 4909/4909/4909 4910/4910/4910 4897/4897/4897
f 4913/4913/4913 4912/4912/4912 4911/4911/4911
f 4912/4912/4912 4914/4914/4914 4911/4911/4911
f 4915/4915/4915 4914/4914/4914 4912/4912/4912
f 4911/4911/4911 4914/4914/4914 4916/4916/4916
f 4916/4916/4916 4914/4914/4914 4915/4915/4915
f 4917/4917/4917 4915/4915/4915 4912/4912/4912
f 4918/4918/4918 4916/4916/4916 4915/4915/4915
f 4917/4917/4917 4919/4919/4919 4915/4915/4915
f 4918/4918/4918 4915/4915/4915 4920/4920/4920
f 4915/4915/4915 4921/4921/4921 4920/4920/4920
f 4919/4919/4919 4921/4921/4921 4915/4915/4915
f 4920/4920/4920 4921/4921/4921 4922/4922/4922
f 4922/4922/4922 4921/4921/4921 4919/4919/4919
f 4923/4923/4923 4920/4920/4920 4922/4922/4922
f 4923/4923/4923 4922/4922/4922 4924/4924/4924
f 4925/4925/4925 4922/4922/4922 4919/4919/4919
f 4925/4925/4925 4919/4919/4919 4926/4926/4926
f 4925/4925/4925 4926/4926/4926 4927/4927/4927
f 4925/4925/4925 4927/4927/4927 4922/4922/4922
f 4926/4926/4926 4928/4928/4928 4927/4927/4927
f 4922/4922/4922 4929/4929/4929 4924/4924/4924
f 4927/4927/4927 4929/4929/4929 4922/4922/4922
f 4924/4924/4924 4929/4929/4929 4930/4930/4930
f 4930/4930/4930 4929/4929/4929 4927/4927/4927
f 4931/4931/4931 4924/4924/4924 4930/4930/4930
f 4932/4932/4932 4930/4930/4930 4927/4927/4927
f 4931/4931/4931 4930/4930/4930 4933/4933/4933
f 4932/4932/4932 4934/4934/4934 4930/4930/4930
f 4930/4930/4930 4935/4935/4935 4933/4933/4933
f 4934/4934/4934 4935/4935/4935 4930/4930/4930
f 4933/4933/4933 4935/4935/4935 4936/4936/4936
f 4936/4936/4936 4935/4935/4935 4934/4934/4934
f 4937/4937/4937 4933/4933/4933 4936/4936/4936
f 4938/4938/4938 4936/4936/4936 4934/4934/4934
f 4941/4941/4941 4940/4940/4940 4939/4939/4939
f 4940/4940/4940 4942/4942/4942 4939/4939/4939
f 4939/4939/4939 4942/4942/4942 4943/4943/4943
f 4944/4944/4944 4942/4942/4942 4940/4940/4940
f 4943/4943/4943 4942/4942/4942 4944/4944/4944
f 4945/4945/4945 4939/4939/4939 4943/4943/4943
f 4945/4945/4945 4943/4943/4943 4946/4946/4946
f 4943/4943/4943 4947/4947/4947 4946/4946/4946
f 4948/4948/4948 4947/4947/4947 4943/4943/4943
f 4946/4946/4946 4947/4947/4947 4949/4949/4949
f 4949/4949/4949 4947/4947/4947 4948/4948/4948
f 4950/4950/4950 4943/4943/4943 4944/4944/4944
f 4950/4950/4950 4948/4948/4948 4943/4943/4943
f 4950/4950/4950 4944/4944/4944 4951/4951/4951
f 4950/4950/4950 4951/4951/4951 4948/4948/4948
f 4952/4952/4952 4944/4944/4944 4940/4940/4940
f 4952/4952/4952 4953/4953/4953 4944/4944/4944
f 4952/4952/4952 4940/4940/4940 4954/4954/4954
f 4952/4952/4952 4954/4954/4954 4953/4953/4953
f 4940/4940/4940 4955/4955/4955 4954/4954/4954
f 4944/4944/4944 4956/4956/4956 4951/4951/4951
f 4953/4953/4953 4956/4956/4956 4944/4944/4944
f 4951/4951/4951 4956/4956/4956 4957/4957/4957
f 4957/4957/4957 4956/4956/4956 4953/4953/4953
f 4954/4954/4954 4958/4958/4958 4953/4953/4953
f 4959/4959/4959 4958/4958/4958 4954/4954/4954
f 4960/4960/4960 4959/4959/4959 4954/4954/4954
f 4953/4953/4953 4958/4958/4958 4961/4961/4961
f 4962/4962/4962 4953/4953/4953 4961/4961/4961
f 4962/4962/4962 4957/4957/4957 4953/4953/4953
f 4962/4962/4962 4963/4963/4963 4957/4957/4957
f 4964/4964/4964 4951/4951/4951 4957/4957/4957
f 4964/4964/4964 4965/4965/4965 4951/4951/4951
f 4964/4964/4964 4957/4957/4957 4966/4966/4966
f 4964/4964/4964 4966/4966/4966 4965/4965/4965
f 4957/4957/4957 4967/4967/4967 4966/4966/4966
f 4966/4966/4966 4968/4968/4968 4965/4965/4965
f 4965/4965/4965 4968/4968/4968 4969/4969/4969
f 4965/4965/4965 4970/4970/4970 4951/4951/4951
f 4971/4971/4971 4970/4970/4970 4965/4965/4965
f 4951/4951/4951 4970/4970/4970 4948/4948/4948
f 4948/4948/4948 4970/4970/4970 4971/4971/4971
f 4972/4972/4972 4965/4965/4965 4969/4969/4969
f 4972/4972/4972 4971/4971/4971 4965/4965/4965
f 4972/4972/4972 4969/4969/4969 4973/4973/4973
f 4972/4972/4972 4973/4973/4973 4971/4971/4971
f 4969/4969/4969 4974/4974/4974 4973/4973/4973
f 4973/4973/4973 4974/4974/4974 4975/4975/4975
f 4976/4976/4976 4948/4948/4948 4971/4971/4971
f 4976/4976/4976 4971/4971/4971 4977/4977/4977
f 4976/4976/4976 4949/4949/4949 4948/4948/4948
f 4976/4976/4976 4977/4977/4977 4949/4949/4949
f 4977/4977/4977 4978/4978/4978 4949/4949/4949
f 4979/4979/4979 4978/4978/4978 4977/4977/4977
f 4980/4980/4980 4978/4978/4978 4979/4979/4979
f 4981/4981/4981 4980/4980/4980 4979/4979/4979
f 4981/4981/4981 4979/4979/4979 4982/4982/4982
f 4979/4979/4979 4983/4983/4983 4982/4982/4982
f 4984/4984/4984 4983/4983/4983 4979/4979/4979
f 4985/4985/4985 4984/4984/4984 4979/4979/4979
f 4985/4985/4985 4979/4979/4979 4977/4977/4977
f 4985/4985/4985 4986/4986/4986 4984/4984/4984
f 4985/4985/4985 4977/4977/4977 4986/4986/4986
f 4986/4986/4986 4987/4987/4987 4984/4984/4984
f 4971/4971/4971 4988/4988/4988 4977/4977/4977
f 4977/4977/4977 4988/4988/4988 4986/4986/4986
f 4973/4973/4973 4988/4988/4988 4971/4971/4971
f 4986/4986/4986 4988/4988/4988 4973/4973/4973
f 4989/4989/4989 4986/4986/4986 4973/4973/4973
f 4989/4989/4989 4973/4973/4973 4975/4975/4975
f 4989/4989/4989 4975/4975/4975 4990/4990/4990
f 4975/4975/4975 4991/4991/4991 4990/4990/4990
f 4990/4990/4990 4991/4991/4991 4992/4992/4992
f 4995/4995/4995 4994/4994/4994 4993/4993/4993
f 4993/4993/4993 4994/4994/4994 4996/4996/4996
f 4996/4996/4996 4994/4994/4994 4997/4997/4997
f 4998/4998/4998 4996/4996/4996 4997/4997/4997
f 4998/4998/4998 4997/4997/4997 4999/4999/4999
f 5002/5002/5002 5001/5001/5001 5000/5000/5000
f 5003/5003/5003 5002/5002/5002 5000/5000/5000
f 5003/5003/5003 5000/5000/5000 5004/5004/5004
f 5003/5003/5003 5005/5005/5005 5002/5002/5002
f 5003/5003/5003 5004/5004/5004 5006/5006/5006
f 5003/5003/5003 5007/5007/5007 5005/5005/5005
f 5003/5003/5003 5006/5006/5006 5008/5008/5008
f 5003/5003/5003 5009/5009/5009 5007/5007/5007
f 5003/5003/5003 5008/5008/5008 5009/5009/5009
f 5000/5000/5000 5010/5010/5010 5004/5004/5004
f 5011/5011/5011 5010/5010/5010 5000/5000/5000
f 5004/5004/5004 5010/5010/5010 5011/5011/5011
f 5012/5012/5012 5011/5011/5011 5000/5000/5000
f 5012/5012/5012 5013/5013/5013 5011/5011/5011
f 5014/5014/5014 5004/5004/5004 5011/5011/5011
f 5014/5014/5014 5015/5015/5015 5004/5004/5004
f 5015/5015/5015 5016/5016/5016 5004/5004/5004
f 5004/5004/5004 5016/5016/5016 5006/5006/5006
f 5006/5006/5006 5016/5016/5016 5015/5015/5015
f 5017/5017/5017 5006/5006/5006 5015/5015/5015
f 5017/5017/5017 5018/5018/5018 5006/5006/5006
f 5018/5018/5018 5019/5019/5019 5006/5006/5006
f 5006/5006/5006 5019/5019/5019 5008/5008/5008
f 5008/5008/5008 5019/5019/5019 5018/5018/5018
f 5020/5020/5020 5008/5008/5008 5018/5018/5018
f 5020/5020/5020 5021/5021/5021 5008/5008/5008
f 5021/5021/5021 5022/5022/5022 5008/5008/5008
f 5008/5008/5008 5022/5022/5022 5009/5009/5009
f 5009/5009/5009 5022/5022/5022 5021/5021/5021
f 5023/5023/5023 5009/5009/5009 5021/5021/5021
f 5023/5023/5023 5024/5024/5024 5009/5009/5009
f 5024/5024/5024 5025/5025/5025 5009/5009/5009
f 5009/5009/5009 5025/5025/5025 5007/5007/5007
f 5007/5007/5007 5025/5025/5025 5024/5024/5024
f 5026/5026/5026 5007/5007/5007 5024/5024/5024
f 5026/5026/5026 5027/5027/5027 5007/5007/5007
f 5027/5027/5027 5028/5028/5028 5007/5007/5007
f 5007/5007/5007 5028/5028/5028 5005/5005/5005
f 5005/5005/5005 5028/5028/5028 5027/5027/5027
f 5029/5029/5029 5005/5005/5005 5027/5027/5027
f 5029/5029/5029 5030/5030/5030 5005/5005/5005
f 5030/5030/5030 5031/5031/5031 5005/5005/5005
f 5005/5005/5005 5031/5031/5031 5002/5002/5002
f 5002/5002/5002 5031/5031/5031 5030/5030/5030
f 5032/5032/5032 5002/5002/5002 5030/5030/5030
f 5035/5035/5035 5034/5034/5034 5033/5033/5033
f 5034/5034/5034 5036/5036/5036 5033/5033/5033
f 5037/5037/5037 5036/5036/5036 5034/5034/5034
f 5038/5038/5038 5037/5037/5037 5034/5034/5034
f 5038/5038/5038 5039/5039/5039 5037/5037/5037
f 5033/5033/5033 5036/5036/5036 5040/5040/5040
f 5040/5040/5040 5036/5036/5036 5037/5037/5037
f 5041/5041/5041 5033/5033/5033 5040/5040/5040
f 5041/5041/5041 5042/5042/5042 5033/5033/5033
f 5042/5042/5042 5043/5043/5043 5033/5033/5033
f 5044/5044/5044 5040/5040/5040 5037/5037/5037
f 5044/5044/5044 5037/5037/5037 5045/5045/5045
f 5039/5039/5039 5046/5046/5046 5037/5037/5037
f 5037/5037/5037 5046/5046/5046 5045/5045/5045
f 5047/5047/5047 5046/5046/5046 5039/5039/5039
f 5045/5045/5045 5046/5046/5046 5047/5047/5047
f 5048/5048/5048 5047/5047/5047 5039/5039/5039
f 5049/5049/5049 5045/5045/5045 5047/5047/5047
f 5049/5049/5049 5047/5047/5047 5050/5050/5050
f 5047/5047/5047 5051/5051/5051 5050/5050/5050
f 5053/5053/5053 5050/5050/5050 5052/5052/5052
f 5053/5053/5053 5052/5052/5052 5054/5054/5054
f 5052/5052/5052 5055/5055/5055 5054/5054/5054
f 5054/5054/5054 5055/5055/5055 5056/5056/5056
f 5057/5057/5057 5054/5054/5054 5056/5056/5056
f 5060/5060/5060 5059/5059/5059 5058/5058/5058
f 5061/5061/5061 5059/5059/5059 5060/5060/5060
f 5062/5062/5062 5061/5061/5061 5060/5060/5060
f 5062/5062/5062 5063/5063/5063 5061/5061/5061
f 5063/5063/5063 5064/5064/5064 5061/5061/5061
f 5065/5065/5065 5064/5064/5064 5063/5063/5063
f 5066/5066/5066 5065/5065/5065 5063/5063/5063
f 5066/5066/5066 5067/5067/5067 5065/5065/5065
f 5061/5061/5061 5064/5064/5064 5068/5068/5068
f 5068/5068/5068 5064/5064/5064 5065/5065/5065
f 5069/5069/5069 5061/5061/5061 5068/5068/5068
f 5070/5070/5070 5068/5068/5068 5065/5065/5065
f 5070/5070/5070 5065/5065/5065 5071/5071/5071
f 5070/5070/5070 5071/5071/5071 5072/5072/5072
f 5071/5071/5071 5073/5073/5073 5072/5072/5072
f 5067/5067/5067 5074/5074/5074 5065/5065/5065
f 5065/5065/5065 5074/5074/5074 5071/5071/5071
f 5075/5075/5075 5074/5074/5074 5067/5067/5067
f 5071/5071/5071 5074/5074/5074 5075/5075/5075
f 5076/5076/5076 5075/5075/5075 5067/5067/5067
f 5076/5076/5076 5077/5077/5077 5075/5075/5075
f 5078/5078/5078 5073/5073/5073 5071/5071/5071
f 5079/5079/5079 5073/5073/5073 5078/5078/5078
f 5080/5080/5080 5078/5078/5078 5071/5071/5071
f 5080/5080/5080 5071/5071/5071 5075/5075/5075
f 5080/5080/5080 5081/5081/5081 5078/5078/5078
f 5080/5080/5080 5075/5075/5075 5081/5081/5081
f 5081/5081/5081 5082/5082/5082 5078/5078/5078
f 5083/5083/5083 5082/5082/5082 5081/5081/5081
f 5084/5084/5084 5083/5083/5083 5081/5081/5081
f 5084/5084/5084 5081/5081/5081 5085/5085/5085
f 5086/5086/5086 5085/5085/5085 5077/5077/5077
f 5077/5077/5077 5087/5087/5087 5075/5075/5075
f 5075/5075/5075 5087/5087/5087 5081/5081/5081
f 5081/5081/5081 5087/5087/5087 5085/5085/5085
f 5085/5085/5085 5087/5087/5087 5077/5077/5077
f 5090/5090/5090 5089/5089/5089 5088/5088/5088
f 5091/5091/5091 5089/5089/5089 5090/5090/5090
f 5094/5094/5094 5093/5093/5093 5092/5092/5092
f 5094/5094/5094 5095/5095/5095 5093/5093/5093
f 5095/5095/5095 5096/5096/5096 5093/5093/5093
f 5097/5097/5097 5096/5096/5096 5095/5095/5095
f 5093/5093/5093 5096/5096/5096 5098/5098/5098
f 5099/5099/5099 5093/5093/5093 5098/5098/5098
f 5101/5101/5101 5100/5100/5100 5097/5097/5097
f 5102/5102/5102 5100/5100/5100 5101/5101/5101
f 5103/5103/5103 5102/5102/5102 5101/5101/5101
f 5103/5103/5103 5101/5101/5101 5104/5104/5104
f 5103/5103/5103 5104/5104/5104 5105/5105/5105
f 5101/5101/5101 5106/5106/5106 5104/5104/5104
f 5107/5107/5107 5106/5106/5106 5101/5101/5101
f 5108/5108/5108 5107/5107/5107 5101/5101/5101
f 5108/5108/5108 5109/5109/5109 5107/5107/5107
f 5107/5107/5107 5109/5109/5109 5110/5110/5110
f 5110/5110/5110 5109/5109/5109 5111/5111/5111
f 5112/5112/5112 5110/5110/5110 5111/5111/5111
f 5112/5112/5112 5111/5111/5111 5113/5113/5113
f 5111/5111/5111 5114/5114/5114 5113/5113/5113
f 5113/5113/5113 5114/5114/5114 5115/5115/5115
f 5116/5116/5116 5113/5113/5113 5115/5115/5115
f 5116/5116/5116 5115/5115/5115 5117/5117/5117
f 5119/5119/5119 5117/5117/5117 5118/5118/5118
f 5119/5119/5119 5118/5118/5118 5120/5120/5120
f 5119/5119/5119 5120/5120/5120 5121/5121/5121
f 5120/5120/5120 5122/5122/5122 5121/5121/5121
f 5123/5123/5123 5122/5122/5122 5120/5120/5120
f 5124/5124/5124 5123/5123/5123 5120/5120/5120
f 5127/5127/5127 5126/5126/5126 5125/5125/5125
f 5127/5127/5127 5128/5128/5128 5126/5126/5126
