g Frog
v 0.766820908 -0.16196692 -0.343034804
v 0.782955706 2.98023206E-08 -0.342974246
v 0.766820848 0.161966994 -0.343044043
v 0.722319841 -0.320743531 -0.342933744
v 0.722319782 0.320743501 -0.342958421
v 0.654549778 -0.462369561 -0.342756838
v 0.654549837 0.462369263 -0.342796266
v 0.574519932 0.574520171 -0.344186068
v 0.574519932 -0.574520171 -0.344186068
v 0.462369233 -0.654549956 -0.342796266
v 0.462369263 0.654550076 -0.342756838
v 0.320743263 0.72232008 -0.342933744
v 0.320743501 -0.722319961 -0.342958421
v 0.161966696 -0.766821146 -0.343044043
v 0.161966637 0.766821206 -0.343034804
v -2.71946163E-07 -0.782956004 -0.342974246
v -3.24100228E-07 0.782956004 -0.342973948
v -0.161967218 -0.766821206 -0.343034804
v -0.161967292 0.766821146 -0.343044043
v -0.320743859 -0.72232008 -0.342933744
v -0.320744097 0.722319961 -0.342958421
v -0.462369859 -0.654550076 -0.342756838
v -0.462369829 0.654549956 -0.342796266
v -0.574520469 0.574520171 -0.344186068
v -0.574520469 -0.574520171 -0.344186246
v -0.654550433 -0.462369263 -0.342796266
v -0.654550374 0.462369561 -0.342756838
v -0.722320378 0.320743531 -0.342933744
v -0.722320318 -0.320743501 -0.342958421
v -0.766821444 -0.161966994 -0.343044043
v -0.766821504 0.16196692 -0.343034804
v -0.782956302 -2.60770303E-08 -0.342974246
v -2.99536595E-07 0.889922857 -0.314577222
v -3.24100228E-07 0.782956004 -0.342973948
v 0.161966637 0.766821206 -0.343034804
v 0.181171864 0.871893167 -0.314604312
v -2.26893448E-07 0.968846202 -0.236919239
v 0.320743263 0.72232008 -0.342933744
v 0.194180474 0.949570358 -0.23692216
v -1.25656243E-07 0.998578429 -0.130808353
v 0.357166439 0.822207451 -0.314506859
v 0.462369263 0.654550076 -0.342756838
v 0.515258014 0.745755851 -0.314350724
v 0.574519932 0.574520171 -0.344186068
v 0.381661981 0.895684958 -0.236826897
v 0.19750677 0.979039073 -0.130803227
v 0.648984253 0.648984492 -0.315010071
v 0.654549837 0.462369263 -0.342796266
v 0.195090294 0.980785131 0
v -0 0.99999994 0
v 0.194656059 0.961362541 0.194656059
v -0 0.980785131 0.195090294
v -0 0.923879504 0.382683396
v 0.551475525 0.811431468 -0.236720547
v 0.387666374 0.923064113 -0.130708277
v 0.745755494 0.515258074 -0.314370424
v 0.722319782 0.320743501 -0.342958421
v 0.382683396 0.923879504 0
v 0.700254083 0.700254202 -0.2369477
v 0.561317205 0.833979189 -0.130667195
v 0.822207153 0.357166767 -0.314519137
v 0.766820848 0.161966994 -0.343044043
v 0.81143117 0.551475644 -0.236725792
v 0.714591503 0.714591622 -0.130915597
v 0.871892869 0.181172192 -0.314608932
v 0.782955706 2.98023206E-08 -0.342974246
v 0.895684659 0.38166222 -0.236830205
v 0.889922559 2.77068448E-08 -0.314577341
v 0.766820908 -0.16196692 -0.343034804
v 0.555570126 0.831469536 0
v 0.550655365 0.816580713 0.173131496
v 0.83397907 0.561317384 -0.13066718
v 0.94957 0.194180727 -0.236923411
v 0.871892929 -0.181172162 -0.314604312
v 0.722319841 -0.320743531 -0.342933744
v 0.707106709 0.707106709 0
v 0.831469536 0.555570126 0
v 0.816580713 0.550655365 0.173131496
v 0.923063993 0.387666523 -0.130708277
v 0.968845963 2.09547562E-08 -0.236919239
v 0.822207153 -0.357166678 -0.314506859
v 0.654549778 -0.462369561 -0.342756838
v 0.923879504 0.382683396 0
v 0.979038954 0.19750692 -0.130803242
v 0.949570119 -0.194180667 -0.23692219
v 0.745755553 -0.515258312 -0.314350724
v 0.574519932 -0.574520171 -0.344186068
v 0.99857831 1.17027303E-08 -0.130808339
v 0.8956846 -0.38166219 -0.236826897
v 0.648984253 -0.648984492 -0.315010071
v 0.462369233 -0.654549956 -0.342796266
v 0.980785131 0.195090294 0
v 0.961362541 0.194656059 0.194656059
v 0.979038954 -0.19750689 -0.130803242
v 0.811431229 -0.551475704 -0.236720517
v 0.515257955 -0.745755732 -0.314370424
v 0.320743501 -0.722319961 -0.342958421
v 0.99999994 0 0
v 0.980785131 -0.195090294 0
v 0.961362541 -0.194656059 0.194656059
v 0.923063993 -0.387666494 -0.130708262
v 0.70493573 -0.692990601 -0.236947671
v 0.357166588 -0.822207391 -0.314519137
v 0.161966696 -0.766821146 -0.343044043
v 0.923879504 -0.382683396 0
v 0.83397907 -0.561317384 -0.13066718
v 0.980785131 0 0.195090294
v 0.923879504 0 0.382683396
v 0.551475465 -0.811431408 -0.236725822
v 0.665010393 -0.734165072 -0.201457947
v 0.723868608 -0.690013289 -0.132721797
v 0.381662041 -0.895684838 -0.236830205
v 0.831469536 -0.555570126 0
v 0.816580713 -0.550655365 0.173131496
v 0.738337457 -0.665465355 -0.00821454264
v 0.723397017 -0.660974562 0.150502264
v 0.685507774 -0.654515862 0.305670947
v 0.181171924 -0.871893048 -0.314608902
v -2.71946163E-07 -0.782956004 -0.342974246
v 0.194180489 -0.949570239 -0.236923382
v -2.48546684E-07 -0.889922857 -0.314577341
v -1.86730162E-07 -0.968846202 -0.236919239
v 0.905271709 -0.381565124 0.186791629
v 0.854763448 -0.367000967 0.367000967
v 0.777157545 -0.529181898 0.340576708
v 0.715161562 -0.494238734 0.494238734
v 0.624060988 -0.646701992 0.445389837
v 0.905271709 -0.186791629 0.381565124
v 0.816580713 -0.173131496 0.550655365
v 0.777157545 -0.340576708 0.529181898
v 0.649458706 -0.543794096 0.521394491
v 0.605151415 -0.581719875 0.535435796
v 0.681854606 -0.500999689 0.525403678
v 0.555454791 -0.608726084 0.564987063
v 0.694634557 -0.458224028 0.544641554
v 0.549793899 -0.629614413 0.55249536
v 0.687605023 -0.422406703 0.577365339
v 0.503567159 -0.616439044 0.601030052
v 0.497591883 -0.631356478 0.592796981
v 0.445389926 -0.633098543 0.633098543
v 0.461260527 -0.607764184 0.64249599
v 0.299936086 -0.659730315 0.682154834
v 0.664861441 -0.400947213 0.621065795
v 0.435055226 -0.58080399 0.677683651
v 0.673887253 -0.30290544 0.673887253
v 0.624832153 -0.394557953 0.665200472
v 0.315428495 -0.536580861 0.769723475
v 0.168219909 -0.543215871 0.809946477
v 0.156901911 -0.679334998 0.710186958
v -0 -0.684938192 0.7201159
v 3.06137227E-10 -0.546232104 0.828446329
v 0.427069277 -0.543393791 0.711148083
v -0 -0.382683396 0.923879504
v 0.367000967 -0.367000967 0.854763448
v 0.443735093 -0.505723476 0.735537648
v 0.476420999 -0.465545237 0.740496576
v 0.521890283 -0.429404467 0.730086863
v 0.186791629 -0.381565124 0.905271709
v 0.194656059 -0.194656059 0.961362541
v -0 -0.195090294 0.980785131
v -0 0 0.99999994
v 0.529181898 -0.340576708 0.777157545
v 0.550655365 -0.173131496 0.816580713
v 0.572816312 -0.403321594 0.701455414
v 0.381565124 -0.186791629 0.905271709
v 0.382683396 0 0.923879504
v 0.195090294 0 0.980785131
v 0.194656059 0.194656059 0.961362541
v -0 0.195090294 0.980785131
v -0 0.382683396 0.923879504
v 0.698752463 -0.153263465 0.698752463
v 0.707106709 0 0.707106709
v 0.555570126 0 0.831469536
v 0.550655365 0.173131496 0.816580713
v 0.381565124 0.186791629 0.905271709
v 0.367000967 0.367000967 0.854763448
v 0.186791629 0.381565124 0.905271709
v 0.173131496 0.550655365 0.816580713
v -0 0.555570126 0.831469536
v -0 0.707106709 0.707106709
v 0.831469536 0 0.555570126
v 0.816580713 0.173131496 0.550655365
v 0.698752463 0.153263465 0.698752463
v 0.673887253 0.30290544 0.673887253
v 0.529181898 0.340576708 0.777157545
v 0.494238734 0.494238734 0.715161562
v 0.340576708 0.529181898 0.777157545
v 0.30290544 0.673887253 0.673887253
v 0.153263465 0.698752463 0.698752463
v 0.173131496 0.816580713 0.550655365
v -0 0.831469536 0.555570126
v 0.186791629 0.905271709 0.381565124
v 0.367000967 0.854763448 0.367000967
v 0.340576708 0.777157545 0.529181898
v 0.494238734 0.715161562 0.494238734
v 0.445389926 0.633098543 0.633098543
v 0.577350259 0.577350259 0.577350259
v 0.381565124 0.905271709 0.186791629
v 0.633098543 0.445389926 0.633098543
v 0.715161562 0.494238734 0.494238734
v 0.633098543 0.633098543 0.445389926
v 0.673887253 0.673887253 0.30290544
v 0.529181898 0.777157545 0.340576708
v 0.777157545 0.340576708 0.529181898
v 0.854763448 0.367000967 0.367000967
v 0.777157545 0.529181898 0.340576708
v 0.698752463 0.698752463 0.153263465
v 0.905271709 0.186791629 0.381565124
v 0.905271709 0.381565124 0.186791629
v -2.48546684E-07 -0.889922857 -0.314577341
v -2.71946163E-07 -0.782956004 -0.342974246
v -0.161967218 -0.766821206 -0.343034804
v -0.181172416 -0.871893167 -0.314604312
v -1.86730162E-07 -0.968846202 -0.236919239
v -0.320743859 -0.72232008 -0.342933744
v -0.194180861 -0.949570358 -0.23692219
v -0.357166976 -0.82220751 -0.314506859
v -0.462369859 -0.654550076 -0.342756838
v -0.381662428 -0.895684958 -0.236826897
v -0.51525861 -0.745755851 -0.314350724
v -0.574520469 -0.574520171 -0.344186246
v -0.551475883 -0.811431468 -0.236720517
v -0.64898479 -0.648984492 -0.31501013
v -0.654550433 -0.462369263 -0.342796266
v -0.70493573 -0.692990601 -0.236947671
v -0.658015311 -0.740558267 -0.204210639
v -0.723868608 -0.690013289 -0.132721797
v -0.745756149 -0.515258133 -0.314370424
v -0.722320318 -0.320743501 -0.342958421
v -0.811431646 -0.551475704 -0.236725792
v -0.822207749 -0.357166737 -0.314519137
v -0.766821444 -0.161966994 -0.343044043
v -0.871893406 -0.181172207 -0.314608902
v -0.782956302 -2.60770303E-08 -0.342974246
v -0.895685077 -0.38166222 -0.236830205
v -0.833979309 -0.561317384 -0.13066718
v -0.889923155 -2.50292924E-08 -0.314577341
v -0.766821504 0.16196692 -0.343034804
v -0.831469536 -0.555570126 0
v -0.738337457 -0.665465355 -0.00821454264
v -0.816580713 -0.550655365 0.173131496
v -0.723397017 -0.660974562 0.150502264
v -0.685507774 -0.654515862 0.305670947
v -0.923064232 -0.387666523 -0.130708262
v -0.949570477 -0.194180727 -0.236923411
v -0.871893346 0.181172118 -0.314604282
v -0.722320378 0.320743531 -0.342933744
v -0.923879504 -0.382683396 0
v -0.968846381 -1.9441357E-08 -0.236919239
v -0.979039192 -0.19750692 -0.130803227
v -0.822207808 0.357166737 -0.314506859
v -0.654550374 0.462369561 -0.342756838
v -0.949570477 0.194180652 -0.23692213
v -0.998578489 -1.09402931E-08 -0.130808339
v -0.74575609 0.515258312 -0.314350724
v -0.574520469 0.574520171 -0.344186068
v -0.895685136 0.38166222 -0.236826897
v -0.64898479 0.648984492 -0.315010071
v -0.462369829 0.654549956 -0.342796266
v -0.980785131 -0.195090294 0
v -0.961362541 -0.194656059 0.194656059
v -0.979039192 0.19750689 -0.130803213
v -0.811431646 0.551475704 -0.236720547
v -0.515258551 0.745755792 -0.314370424
v -0.320744097 0.722319961 -0.342958421
v -0.99999994 0 0
v -0.980785131 0.195090294 0
v -0.961362541 0.194656059 0.194656059
v -0.923064232 0.387666494 -0.130708277
v -0.70025444 0.700254202 -0.2369477
v -0.357167125 0.822207391 -0.314519137
v -0.161967292 0.766821146 -0.343044043
v -0.923879504 0.382683396 0
v -0.833979309 0.561317384 -0.130667195
v -0.551475823 0.811431408 -0.236725792
v -0.18117246 0.871893167 -0.314608932
v -3.24100228E-07 0.782956004 -0.342973948
v -2.99536595E-07 0.889922857 -0.314577222
v -0.714591742 0.714591622 -0.130915642
v -0.381662488 0.895684838 -0.236830205
v -0.194180891 0.949570239 -0.236923411
v -2.26893448E-07 0.968846202 -0.236919239
v -0.561317503 0.833979189 -0.13066718
v -0.197507009 0.979039073 -0.130803242
v -1.25656243E-07 0.998578429 -0.130808353
v -0.387666643 0.923064113 -0.130708277
v -0.195090294 0.980785131 0
v -0 0.99999994 0
v -0.194656059 0.961362541 0.194656059
v -0 0.980785131 0.195090294
v -0 0.923879504 0.382683396
v -0.382683396 0.923879504 0
v -0.555570126 0.831469536 0
v -0.550655365 0.816580713 0.173131496
v -0.707106709 0.707106709 0
v -0.381565124 0.905271709 0.186791629
v -0.367000967 0.854763448 0.367000967
v -0.186791629 0.905271709 0.381565124
v -0.173131496 0.816580713 0.550655365
v -0 0.831469536 0.555570126
v -0 0.707106709 0.707106709
v -0.831469536 0.555570126 0
v -0.816580713 0.550655365 0.173131496
v -0.698752463 0.698752463 0.153263465
v -0.673887253 0.673887253 0.30290544
v -0.529181898 0.777157545 0.340576708
v -0.494238734 0.715161562 0.494238734
v -0.340576708 0.777157545 0.529181898
v -0.30290544 0.673887253 0.673887253
v -0.905271709 0.381565124 0.186791629
v -0.854763448 0.367000967 0.367000967
v -0.777157545 0.529181898 0.340576708
v -0.715161562 0.494238734 0.494238734
v -0.153263465 0.698752463 0.698752463
v -0.173131496 0.550655365 0.816580713
v -0 0.555570126 0.831469536
v -0 0.382683396 0.923879504
v -0.633098543 0.633098543 0.445389926
v -0.577350259 0.577350259 0.577350259
v -0.445389926 0.633098543 0.633098543
v -0.494238734 0.494238734 0.715161562
v -0.340576708 0.529181898 0.777157545
v -0.367000967 0.367000967 0.854763448
v -0.186791629 0.381565124 0.905271709
v -0.194656059 0.194656059 0.961362541
v -0 0.195090294 0.980785131
v -0 0 0.99999994
v -0.633098543 0.445389926 0.633098543
v -0.673887253 0.30290544 0.673887253
v -0.529181898 0.340576708 0.777157545
v -0.550655365 0.173131496 0.816580713
v -0.381565124 0.186791629 0.905271709
v -0.382683396 0 0.923879504
v -0.195090294 0 0.980785131
v -0.194656059 -0.194656059 0.961362541
v -0 -0.195090294 0.980785131
v -0 -0.382683396 0.923879504
v -0.777157545 0.340576708 0.529181898
v -0.816580713 0.173131496 0.550655365
v -0.698752463 0.153263465 0.698752463
v -0.707106709 0 0.707106709
v -0.555570126 0 0.831469536
v -0.550655365 -0.173131496 0.816580713
v -0.381565124 -0.186791629 0.905271709
v -0.367000967 -0.367000967 0.854763448
v -0.186791629 -0.381565124 0.905271709
v -0.168219909 -0.543215871 0.809946477
v 3.06137227E-10 -0.546232104 0.828446329
v -0 -0.684938192 0.7201159
v -0.156901911 -0.679334998 0.710186958
v -0.299936086 -0.659730315 0.682154834
v -0.315428495 -0.536580861 0.769723475
v -0.427069277 -0.543393731 0.711148083
v -0.435055226 -0.580803871 0.677683651
v -0.443735033 -0.505723417 0.735537648
v -0.445389926 -0.633098543 0.633098543
v -0.461260557 -0.607764125 0.64249593
v -0.497591883 -0.631356478 0.592796981
v -0.503567159 -0.616438985 0.601030052
v -0.476420879 -0.465545177 0.740496576
v -0.549793899 -0.629614413 0.55249536
v -0.555454791 -0.608726025 0.564987063
v -0.605151415 -0.581719816 0.535435796
v -0.624060988 -0.646701992 0.445389837
v -0.521890223 -0.429404408 0.730086803
v -0.649458706 -0.543794036 0.521394491
v -0.715161562 -0.494238734 0.494238734
v -0.681854427 -0.500999629 0.525403678
v -0.694634438 -0.458223969 0.544641554
v -0.529181898 -0.340576708 0.777157545
v -0.572816372 -0.403321534 0.701455414
v -0.624832034 -0.394557893 0.665200412
v -0.673887253 -0.30290544 0.673887253
v -0.664861441 -0.400947124 0.621065795
v -0.777157545 -0.529181898 0.340576708
v -0.854763448 -0.367000967 0.367000967
v -0.777157545 -0.340576708 0.529181898
v -0.816580713 -0.173131496 0.550655365
v -0.687605023 -0.422406614 0.577365339
v -0.698752463 -0.153263465 0.698752463
v -0.905271709 -0.381565124 0.186791629
v -0.831469536 0 0.555570126
v -0.923879504 0 0.382683396
v -0.905271709 -0.186791629 0.381565124
v -0.905271709 0.186791629 0.381565124
v -0.980785131 0 0.195090294
v 1.11993515 0.0668952912 -0.3448672
v 1.12325776 0.167240545 -0.3448672
v 1.09281349 0.269366115 -0.3448672
v 1.08335114 -0.0163931008 -0.3448672
v 1.03323734 0.35772422 -0.3448672
v 1.01907599 -0.0699447244 -0.3448672
v 0.953599274 0.418863118 -0.3448672
v 0.936894417 -0.0856067762 -0.3448672
v 0.866023064 0.443475008 -0.3448672
v 0.849318266 -0.0609948896 -0.3448672
v 0.78384161 0.427812934 -0.3448672
v 0.769680023 0.000144008503 -0.3448672
v 0.719566345 0.374261349 -0.3448672
v 0.710103869 0.0885021091 -0.3448672
v 0.682982504 0.290972918 -0.3448672
v 0.679659724 0.190627694 -0.3448672
v -0.71010381 0.0885021165 -0.344867229
v -0.679659605 0.190627605 -0.344867229
v -0.682982326 0.290972888 -0.344867229
v -0.719566286 0.37426132 -0.344867229
v -0.769679964 0.000143948404 -0.344867229
v -0.783841431 0.427812964 -0.344867229
v -0.849318087 -0.0609949231 -0.344867229
v -0.866022885 0.443475038 -0.344867229
v -0.936894357 -0.085606873 -0.344867229
v -0.953599155 0.418863118 -0.344867229
v -1.01907587 -0.0699447989 -0.344867229
v -1.03323734 0.357724279 -0.344867229
v -1.08335114 -0.0163931232 -0.344867229
v -1.09281349 0.269366026 -0.344867229
v -1.11993504 0.066895254 -0.344867229
v -1.12325764 0.16724056 -0.344867229
v 0.531691611 -0.874319136 -0.28015101
v 0.49821943 -0.881567776 -0.2282556
v 0.518102288 -0.910829723 -0.218537033
v 0.484418124 -0.868175149 -0.162341833
v 0.552970946 -0.907909274 -0.265511811
v 0.583056271 -0.847588122 -0.310493857
v 0.508156061 -0.901787639 -0.155629814
v 0.491552442 -0.83736372 -0.0977629721
v 0.608392894 -0.88872689 -0.291678727
v 0.649805009 -0.804808199 -0.318126589
v 0.539512515 -0.928793192 -0.206649065
v 0.570429623 -0.932387829 -0.234047264
v 0.676792085 -0.854180515 -0.29654628
v 0.720313668 -0.753591895 -0.306081533
v 0.624553382 -0.919514954 -0.253469974
v 0.747053266 -0.809568226 -0.28185147
v 0.792550325 -0.692501485 -0.272881508
v 0.688719332 -0.891943693 -0.253649443
v 0.630741 -0.932652533 -0.200627089
v 0.581658781 -0.938832581 -0.18238768
v 0.539845109 -0.9280774 -0.160575315
v 0.817936778 -0.751619697 -0.246685788
v 0.861327589 -0.627325356 -0.221829683
v 0.754298687 -0.853347778 -0.235936925
v 0.684688091 -0.912708402 -0.196790114
v 0.6308465 -0.931135237 -0.155382574
v 0.883197248 -0.688256264 -0.192794845
v 0.908123612 -0.569833934 -0.149541661
v 0.820519686 -0.799859345 -0.200578913
v 0.596941531 -0.928503871 -0.128753334
v 0.741518855 -0.879955053 -0.176141679
v 0.665205777 -0.916524768 -0.13867633
v 0.927282572 -0.629828453 -0.119530201
v 0.933846474 -0.523849487 -0.06733042
v 0.880724609 -0.740781486 -0.146850303
v 0.800422668 -0.832536042 -0.141337574
v 0.711455107 -0.887338281 -0.113245323
v 0.62887764 -0.906605721 -0.0907623097
v 0.555482447 -0.910986066 -0.102142595
v 0.950068295 -0.581861258 -0.0379223302
v 0.940192997 -0.491875559 0.0178176928
v 0.922170043 -0.684746683 -0.0758583248
v 0.854744256 -0.778726697 -0.0909302309
v 0.762588024 -0.844584823 -0.0795522854
v 0.519340754 -0.877642572 -0.091465719
v 0.957084715 -0.545411289 0.0440922827
v 0.930839598 -0.478522837 0.101155125
v 0.943879306 -0.638284087 0.0022919639
v 0.894591272 -0.72753334 -0.0254555084
v 0.586656392 -0.881720901 -0.0565284677
v 0.549797893 -0.843855321 -0.0427890979
v 0.522597015 -0.800008118 -0.0502447151
v 0.669800341 -0.875228047 -0.0596283302
v 0.811239421 -0.795894265 -0.0342597067
v 0.591189563 -0.806950331 -0.0106368754
v 0.565241456 -0.76194042 -0.0186761431
v 0.627119601 -0.846821189 -0.0241119489
v 0.71559453 -0.83400321 -0.0281924829
v 0.633720458 -0.768343031 0.0152104367
v 0.607655585 -0.724380076 0.00681882631
v 0.670438349 -0.806459606 0.00410904502
v 0.759725034 -0.788642704 0.0112904292
v 0.850288868 -0.750397682 0.0236105267
v 0.673054099 -0.727932334 0.0469528735
v 0.644837499 -0.684721351 0.0392160267
v 0.712020814 -0.763849556 0.0384078845
v 0.705766261 -0.689706981 0.0918468982
v 0.67542994 -0.645143449 0.0855430737
v 0.797889829 -0.74775362 0.0619582869
v 0.74779892 -0.725187957 0.0844772682
v 0.918213308 -0.684978604 0.0457441024
v 0.733331144 -0.653082132 0.15037325
v 0.702524543 -0.607393205 0.145909622
v 0.776783764 -0.69007206 0.140961528
v 0.826736867 -0.712433755 0.119460732
v 0.877058506 -0.712274849 0.0865871906
v 0.952701926 -0.601103961 0.077331841
v 0.762785017 -0.615463316 0.210096404
v 0.734103322 -0.570367217 0.204313129
v 0.803463399 -0.653129101 0.198766991
v 0.848712981 -0.67570442 0.17276755
v 0.928639352 -0.648447871 0.10999234
v 0.891934454 -0.676162302 0.140351117
v 0.947214603 -0.524358571 0.12252374
v 0.800550461 -0.576379895 0.250065863
v 0.77460283 -0.534945965 0.243241936
v 0.835639298 -0.613467276 0.238971531
v 0.872195899 -0.637932062 0.209556296
v 0.898235619 -0.647526443 0.176515087
v 0.924360573 -0.619176805 0.167716831
v 0.945613682 -0.574275017 0.147356138
v 0.922769964 -0.515585661 0.188024431
v 0.90737021 -0.477613121 0.17189002
v 0.923958242 -0.557539582 0.204061151
v 0.902648509 -0.599112511 0.216535896
v 0.872368753 -0.575653374 0.248909235
v 0.898359001 -0.54888016 0.236699
v 0.887743413 -0.519392133 0.234229371
v 0.870920897 -0.486420393 0.223251075
v 0.824066103 -0.505819917 0.249042809
v 0.845682561 -0.541867197 0.257384181
v -0.531691611 -0.874319077 -0.280151069
v -0.518102288 -0.910829544 -0.218537077
v -0.49821949 -0.881567657 -0.228255659
v -0.484418064 -0.86817503 -0.162341878
v -0.552970827 -0.907909155 -0.26551187
v -0.583056271 -0.847588062 -0.310493857
v -0.508155942 -0.901787519 -0.155629888
v -0.491552323 -0.83736366 -0.0977630317
v -0.608392835 -0.88872683 -0.291678876
v -0.64980495 -0.80480814 -0.318126649
v -0.539512575 -0.928793132 -0.206649125
v -0.570429623 -0.93238771 -0.234047338
v -0.676792085 -0.854180455 -0.29654628
v -0.720313549 -0.753591835 -0.306081653
v -0.624553263 -0.919514894 -0.253470004
v -0.747053266 -0.809568226 -0.28185153
v -0.792550325 -0.692501426 -0.272881538
v -0.688719273 -0.891943574 -0.253649473
v -0.630740941 -0.932652414 -0.200627163
v -0.58165884 -0.938832462 -0.182387754
v -0.539845049 -0.92807734 -0.160575375
v -0.817936897 -0.751619577 -0.246685833
v -0.861327648 -0.627325237 -0.221829742
v -0.754298627 -0.853347659 -0.235936984
v -0.684688032 -0.912708282 -0.196790159
v -0.630846381 -0.931135178 -0.155382603
v -0.883197129 -0.688256145 -0.192794934
v -0.908123434 -0.569833875 -0.149541751
v -0.820519567 -0.799859285 -0.200578973
v -0.596941531 -0.928503811 -0.128753379
v -0.741518795 -0.879954994 -0.176141754
v -0.665205717 -0.916524708 -0.138676405
v -0.927282572 -0.629828334 -0.119530238
v -0.933846474 -0.523849428 -0.0673304573
v -0.880724728 -0.740781426 -0.146850348
v -0.800422609 -0.832535982 -0.141337633
v -0.711454928 -0.887338161 -0.113245375
v -0.628877521 -0.906605661 -0.0907623693
v -0.950068295 -0.581861198 -0.0379223488
v -0.940192938 -0.491875499 0.0178176332
v -0.922169924 -0.684746623 -0.0758583993
v -0.854744077 -0.778726578 -0.090930298
v -0.762587905 -0.844584823 -0.0795523152
v -0.957084596 -0.545411229 0.0440922678
v -0.930839479 -0.478522778 0.101155102
v -0.943879306 -0.638283968 0.00229193433
v -0.894591212 -0.727533281 -0.0254555456
v -0.669800341 -0.875227928 -0.0596283674
v -0.811239481 -0.795894206 -0.0342597365
v -0.715594471 -0.83400315 -0.0281925313
v -0.947214603 -0.524358511 0.12252371
v -0.952701926 -0.601103902 0.0773318186
v -0.918213308 -0.684978545 0.0457440838
v -0.850288987 -0.750397623 0.0236104969
v -0.759724855 -0.788642645 0.0112904143
v -0.922769964 -0.515585542 0.188024402
v -0.90737021 -0.477613121 0.171889961
v -0.887743294 -0.519392014 0.234229371
v -0.870920777 -0.486420274 0.223251075
v -0.824066103 -0.505819857 0.249042809
v -0.845682383 -0.541867077 0.257384121
v -0.774602771 -0.534945846 0.243241906
v -0.898358941 -0.548880041 0.236699
v -0.923958242 -0.557539523 0.204061151
v -0.800550461 -0.576379776 0.250065863
v -0.734103203 -0.570367157 0.204313144
v -0.872368753 -0.575653255 0.248909205
v -0.762785077 -0.615463257 0.210096434
v -0.702524424 -0.607393146 0.145909578
v -0.945613682 -0.574274957 0.147356108
v -0.902648509 -0.599112451 0.216535866
v -0.835639358 -0.613467157 0.238971531
v -0.733331144 -0.653082073 0.15037322
v -0.67542994 -0.64514333 0.0855430961
v -0.928639352 -0.648447752 0.109992325
v -0.924360573 -0.619176686 0.167716786
v -0.872195899 -0.637932003 0.209556267
v -0.80346334 -0.653129041 0.198766991
v -0.705766201 -0.689706922 0.0918468684
v -0.644837439 -0.684721231 0.0392159969
v -0.877058387 -0.712274671 0.0865871385
v -0.8982355 -0.647526383 0.176515073
v -0.891934514 -0.676162243 0.140351102
v -0.848712862 -0.67570436 0.172767505
v -0.776783824 -0.69007194 0.140961498
v -0.826736808 -0.712433696 0.119460702
v -0.797889888 -0.747753501 0.0619582459
v -0.7477988 -0.725187898 0.0844772682
v -0.712020755 -0.763849437 0.0384078622
v -0.673054099 -0.727932215 0.0469528437
v -0.607655585 -0.724379957 0.00681878906
v -0.633720398 -0.768342912 0.0152103836
v -0.565241516 -0.76194042 -0.0186761729
v -0.67043829 -0.806459486 0.00410902221
v -0.591189444 -0.806950212 -0.0106368754
v -0.522597015 -0.800008059 -0.0502447709
v -0.62711966 -0.84682107 -0.0241119657
v -0.549797952 -0.843855202 -0.0427890942
v -0.586656272 -0.881720901 -0.0565285273
v -0.519340634 -0.877642453 -0.0914657488
v -0.555482566 -0.910985947 -0.102142639
v 0.90737021 -0.477613121 0.17189002
v 0.870920897 -0.486420393 0.223251075
v 0.85345459 -0.456637114 0.208498806
v 0.824066103 -0.505819917 0.249042809
v 0.883553028 -0.445885658 0.15958482
v 0.930839598 -0.478522837 0.101155125
v 0.810226381 -0.47145927 0.229368955
v 0.77460283 -0.534945965 0.243241936
v 0.900532186 -0.442140549 0.0897095725
v 0.940192997 -0.491875559 0.0178176928
v 0.838980138 -0.437692732 0.19165802
v 0.904590428 -0.450170964 0.00760881649
v 0.933846474 -0.523849487 -0.06733042
v 0.852821648 -0.426399082 0.151305616
v 0.895513117 -0.475733072 -0.0766734183
v 0.908123612 -0.569833934 -0.149541661
v 0.862181723 -0.420381755 0.0871164873
v 0.860511005 -0.425809354 0.0111306459
v 0.867633522 -0.51733464 -0.15684472
v 0.861327589 -0.627325356 -0.221829683
v 0.821950376 -0.416579336 0.0910243243
v 0.815057099 -0.425296634 0.148796022
v 0.84741348 -0.4459185 -0.0678937137
v 0.819679439 -0.571102262 -0.225054726
v 0.792550325 -0.692501485 -0.272881508
v 0.815227926 -0.421253175 0.0261407625
v 0.818423271 -0.483130991 -0.143403634
v 0.750894785 -0.634630799 -0.272119015
v 0.720313668 -0.753591895 -0.306081533
v 0.806330323 -0.443729073 0.196549743
v 0.791429639 -0.423534781 0.0950159058
v 0.798077881 -0.438628763 -0.043826174
v 0.770833194 -0.53269428 -0.205730349
v 0.680382192 -0.696739793 -0.30223313
v 0.649805009 -0.804808199 -0.318126589
v 0.778125465 -0.436655074 0.135006234
v 0.776341021 -0.432534307 0.052202858
v 0.76847589 -0.471939087 -0.112235524
v 0.704990864 -0.591906965 -0.249023452
v 0.612018287 -0.753294408 -0.3140513
v 0.583056271 -0.847588122 -0.310493857
v 0.754118502 -0.452157557 -0.00728069246
v 0.748366475 -0.454789251 0.0945528001
v 0.722514629 -0.517316341 -0.168809488
v 0.638746142 -0.651644766 -0.276494503
v 0.723852098 -0.483002275 -0.0687798932
v 0.66233933 -0.571175337 -0.209534422
v 0.76536411 -0.4606888 0.181891054
v 0.720188558 -0.480343014 0.0382108502
v 0.6806795 -0.525606036 -0.12044502
v 0.763032794 -0.494583458 0.219902158
v 0.729685366 -0.486029863 0.141197935
v 0.723643005 -0.52524209 0.180167452
v 0.734103322 -0.570367217 0.204313129
v 0.689379156 -0.511894166 -0.019899888
v 0.698587477 -0.517116964 0.0846375674
v 0.691634595 -0.560093105 0.122804895
v 0.702524543 -0.607393205 0.145909622
v 0.668310702 -0.551635683 0.0261705779
v 0.662938535 -0.597155273 0.0629408136
v 0.67542994 -0.645143449 0.0855430737
v 0.650141239 -0.553996861 -0.0685696006
v 0.6315341 -0.638205111 0.0154297901
v 0.644837499 -0.684721351 0.0392160267
v 0.633485854 -0.593367517 -0.0215812363
v 0.627872288 -0.574834526 -0.158811957
v 0.594742358 -0.678959668 -0.0190836564
v 0.607655585 -0.724380076 0.00681882631
v 0.604969561 -0.599461436 -0.105363257
v 0.593952835 -0.636155486 -0.0574313775
v 0.602700412 -0.625104189 -0.235765487
v 0.551877856 -0.71737653 -0.0460910536
v 0.565241456 -0.76194042 -0.0186761431
v 0.575135767 -0.622284293 -0.185499415
v 0.557448387 -0.642774463 -0.133315042
v 0.549415052 -0.676624835 -0.0857188776
v 0.57452929 -0.708478868 -0.289636582
v 0.506781995 -0.756714165 -0.0767562985
v 0.522597015 -0.800008118 -0.0502447151
v 0.546861589 -0.677898407 -0.25075677
v 0.52746886 -0.668646574 -0.205103606
v 0.511018455 -0.685462236 -0.159044251
v 0.502435505 -0.717159986 -0.114855379
v 0.54994756 -0.8032794 -0.309238732
v 0.47244212 -0.796682119 -0.120070018
v 0.491552442 -0.83736372 -0.0977629721
v 0.518229365 -0.759743512 -0.288713157
v 0.500496864 -0.725375652 -0.251804024
v 0.498181522 -0.705489695 -0.216556609
v 0.46588549 -0.757705331 -0.152671099
v 0.477766365 -0.726076722 -0.189377084
v 0.463306993 -0.83203423 -0.177591026
v 0.484418124 -0.868175149 -0.162341833
v 0.454013795 -0.79395175 -0.200461105
v 0.46790871 -0.761088371 -0.230990395
v 0.479447097 -0.79699558 -0.267715961
v 0.464425772 -0.815925658 -0.237588227
v 0.476189554 -0.848734677 -0.235822469
v 0.49821943 -0.881567776 -0.2282556
v 0.531691611 -0.874319136 -0.28015101
v 0.504486561 -0.837185144 -0.282571644
v -0.90737021 -0.477613121 0.171889961
v -0.853454649 -0.456637025 0.208498806
v -0.870920777 -0.486420274 0.223251075
v -0.824066103 -0.505819857 0.249042809
v -0.883552909 -0.445885539 0.159584805
v -0.930839479 -0.478522778 0.101155102
v -0.810226321 -0.47145918 0.229368955
v -0.774602771 -0.534945846 0.243241906
v -0.900532067 -0.44214049 0.0897095576
v -0.940192938 -0.491875499 0.0178176332
v -0.838980138 -0.437692672 0.19165799
v -0.904590309 -0.450170904 0.00760876387
v -0.933846474 -0.523849428 -0.0673304573
v -0.852821529 -0.426399052 0.151305571
v -0.895513058 -0.475733012 -0.0766734928
v -0.908123434 -0.569833875 -0.149541751
v -0.862181723 -0.420381695 0.0871164277
v -0.860510945 -0.425809234 0.0111305937
v -0.867633522 -0.517334521 -0.156844765
v -0.861327648 -0.627325237 -0.221829742
v -0.821950376 -0.416579247 0.0910243094
v -0.815057158 -0.425296515 0.148795992
v -0.847413361 -0.445918441 -0.0678937286
v -0.819679379 -0.571102202 -0.225054771
v -0.792550325 -0.692501426 -0.272881538
v -0.815227926 -0.421253145 0.0261407159
v -0.818423271 -0.483130872 -0.143403739
v -0.750894725 -0.63463074 -0.272119015
v -0.720313549 -0.753591835 -0.306081653
v -0.806330323 -0.443729013 0.196549743
v -0.791429579 -0.423534721 0.095015876
v -0.798077762 -0.438628703 -0.0438262075
v -0.770833313 -0.532694221 -0.205730364
v -0.680382192 -0.696739793 -0.302233189
v -0.64980495 -0.80480814 -0.318126649
v -0.778125346 -0.436654955 0.135006204
v -0.776340961 -0.432534188 0.0522028171
v -0.768475652 -0.471938998 -0.112235568
v -0.704990745 -0.591906905 -0.249023452
v -0.612018168 -0.75329423 -0.3140513
v -0.583056271 -0.847588062 -0.310493857
v -0.754118502 -0.452157497 -0.00728075951
v -0.748366535 -0.454789132 0.094552815
v -0.72251457 -0.517316282 -0.168809518
v -0.638746142 -0.651644707 -0.276494563
v -0.723852098 -0.483002186 -0.0687799528
v -0.662339389 -0.571175158 -0.209534496
v -0.76536417 -0.46068871 0.181891024
v -0.720188439 -0.480342925 0.0382108092
v -0.6806795 -0.525605917 -0.120445065
v -0.763032734 -0.494583338 0.219902098
v -0.729685307 -0.486029804 0.14119789
v -0.723642945 -0.525241971 0.180167437
v -0.734103203 -0.570367157 0.204313144
v -0.689379036 -0.511894107 -0.0198999196
v -0.698587418 -0.517116845 0.0846375227
v -0.691634417 -0.560093045 0.12280485
v -0.702524424 -0.607393146 0.145909578
v -0.668310702 -0.551635563 0.0261705704
v -0.662938535 -0.597155213 0.0629407465
v -0.67542994 -0.64514333 0.0855430961
v -0.650141299 -0.553996742 -0.068569608
v -0.63153398 -0.638205051 0.0154297678
v -0.644837439 -0.684721231 0.0392159969
v -0.633485854 -0.593367457 -0.0215812828
v -0.627872229 -0.574834406 -0.158812016
v -0.594742358 -0.678959608 -0.0190836862
v -0.607655585 -0.724379957 0.00681878906
v -0.604969442 -0.599461436 -0.105363309
v -0.593952715 -0.636155427 -0.0574313998
v -0.602700412 -0.625104129 -0.235765561
v -0.551877916 -0.717376411 -0.0460910685
v -0.565241516 -0.76194042 -0.0186761729
v -0.575135648 -0.622284234 -0.185499474
v -0.557448089 -0.642774343 -0.133315086
v -0.549414992 -0.676624775 -0.0857189223
v -0.574529171 -0.708478749 -0.289636642
v -0.506781995 -0.756714046 -0.0767562985
v -0.522597015 -0.800008059 -0.0502447709
v -0.546861589 -0.677898347 -0.2507568
v -0.527468622 -0.668646455 -0.205103666
v -0.511018455 -0.685462177 -0.15904431
v -0.502435565 -0.717159927 -0.114855401
v -0.549947619 -0.803279281 -0.309238762
v -0.47244212 -0.796682 -0.120070115
v -0.491552323 -0.83736366 -0.0977630317
v -0.518229365 -0.759743452 -0.288713187
v -0.500496805 -0.725375533 -0.251804054
v -0.498181403 -0.705489576 -0.216556638
v -0.46588549 -0.757705271 -0.152671129
v -0.477766305 -0.726076603 -0.189377159
v -0.463306934 -0.832034171 -0.177591085
v -0.484418064 -0.86817503 -0.162341878
v -0.454013765 -0.793951631 -0.200461164
v -0.467908651 -0.761088192 -0.23099044
v -0.479447097 -0.796995521 -0.267715991
v -0.464425743 -0.815925539 -0.237588271
v -0.476189345 -0.848734617 -0.235822529
v -0.49821949 -0.881567657 -0.228255659
v -0.531691611 -0.874319077 -0.280151069
v -0.504486382 -0.837185025 -0.282571673
v 0.307315052 -0.21205841 0.659117579
v 0.409823626 -0.221828178 0.622600615
v 0.401822954 -0.250139475 0.596622825
v 0.285190076 -0.238753393 0.638019621
v 0.218346357 -0.19215627 0.731838226
v 0.523729861 -0.250139475 0.596622825
v 0.515729189 -0.221828178 0.622600734
v 0.186307728 -0.216303483 0.718632877
v 0.156996682 -0.163332 0.834938169
v 0.640362263 -0.238753334 0.638019621
v 0.618237495 -0.212058336 0.659117579
v 0.119429365 -0.184655979 0.830830157
v 0.1350649 -0.129098579 0.955330729
v 0.739244461 -0.216303378 0.718632877
v 0.707205951 -0.192156121 0.731838107
v 0.0957538635 -0.147641093 0.960645676
v 0.156997383 -0.0943886563 1.07558656
v 0.806123078 -0.184656039 0.830830157
v 0.768555701 -0.16333206 0.834938049
v 0.11942929 -0.110289432 1.09036446
v 0.218346477 -0.0642509609 1.17830968
v 0.829798341 -0.147641361 0.960645437
v 0.790487409 -0.129098877 0.95533061
v 0.186306417 -0.077717796 1.20229721
v 0.307314724 -0.0426350012 1.25053895
v 0.806123555 -0.11028979 1.09036458
v 0.768555462 -0.0943891034 1.07558668
v 0.285188198 -0.0540735163 1.28256941
v 0.409823567 -0.0315930657 1.28669155
v 0.739245951 -0.0777180046 1.20229733
v 0.707205832 -0.0642512292 1.17830968
v 0.40182212 -0.0418123305 1.32371688
v 0.515729308 -0.0315930769 1.28669155
v 0.640364051 -0.0540735535 1.28256941
v 0.618237615 -0.0426349975 1.25053895
v 0.523730755 -0.0418123454 1.323717
v 0.852243245 -0.111780263 1.10354745
v 0.778245926 -0.0761810243 1.22673893
v 0.666950583 -0.0500783697 1.31646574
v 0.53323561 -0.0363905355 1.36320758
v 0.392317384 -0.0363905169 1.36320758
v 0.258601874 -0.0500783138 1.31646562
v 0.878196299 -0.152445868 0.962022185
v 0.147306338 -0.0761808604 1.22673881
v 0.852244258 -0.192915261 0.82044065
v 0.0733096153 -0.111779988 1.10354733
v 0.778247714 -0.227970168 0.697092175
v 0.0473560914 -0.152445599 0.962022424
v 0.666952252 -0.253353477 0.607157767
v 0.0733080059 -0.192915142 0.82044065
v 0.533236265 -0.26649943 0.560259461
v 0.14730449 -0.227970183 0.697092295
v 0.39231658 -0.2664994 0.560259461
v 0.258600026 -0.253353447 0.607157886
v 0.813499868 -0.223964512 0.673096538
v 0.691187084 -0.252143562 0.574390173
v 0.541970849 -0.267032057 0.522149682
v 0.383582026 -0.267031997 0.522149682
v 0.234365404 -0.252143532 0.574390173
v 0.112052515 -0.223964468 0.673096538
v 0.893730402 -0.185749054 0.806722045
v 0.0318217799 -0.185748905 0.806722045
v 0.92166847 -0.142115444 0.959060729
v 0.00388389593 -0.142115176 0.959061086
v 0.893730164 -0.0984253362 1.11138356
v 0.0318225548 -0.0984251574 1.11138368
v 0.813499331 -0.0600531623 1.24496388
v 0.112052985 -0.0600530356 1.24496388
v 0.691186547 -0.03166667 1.34361029
v 0.23436588 -0.0316665992 1.34361029
v 0.541970611 -0.0166216753 1.39580607
v 0.383582264 -0.0166216455 1.39580607
v 0.831133246 -0.0237762686 1.24667549
v 0.703203917 0.00579640409 1.34986639
v 0.546275735 0.0215308573 1.40477324
v 0.379276872 0.0215308797 1.40477324
v 0.22234863 0.00579651399 1.34986639
v 0.0944190174 -0.0237761084 1.24667573
v 0.914633691 -0.06362243 1.10764718
v 0.0109189721 -0.0636222884 1.1076473
v 0.943633139 -0.108937427 0.949550629
v -0.0180807095 -0.108937211 0.949550748
v 0.914633572 -0.154255956 0.79145509
v 0.0109187337 -0.154255778 0.79145509
v 0.831133127 -0.194111407 0.65242964
v 0.0944191366 -0.194111317 0.65242964
v 0.703203797 -0.223695233 0.5492419
v 0.22234875 -0.223695114 0.5492419
v 0.546275735 -0.239437193 0.494337618
v 0.379276901 -0.239437163 0.494337618
v 0.924000621 -0.0824097991 0.767314374
v 0.838769794 -0.123086438 0.625404954
v 0.708188891 -0.153277799 0.520075798
v 0.548006892 -0.169342265 0.464031518
v 0.377545387 -0.169342235 0.464031518
v 0.217364132 -0.15327771 0.520075798
v 0.953600943 -0.0361538827 0.928688169
v 0.0867825896 -0.123086266 0.625405192
v 0.924000621 0.0101018641 1.09006155
v 0.00155174558 -0.0824096128 0.767314613
v 0.838769794 0.0507786423 1.23197114
v -0.0280486029 -0.0361537449 0.928688169
v 0.708188891 0.0809699744 1.33730042
v 0.00155174558 0.01010211 1.09006178
v 0.548006892 0.0970345959 1.39334476
v 0.0867825896 0.0507788099 1.2319715
v 0.377545387 0.0970345661 1.39334488
v 0.217364132 0.0809700936 1.3373003
v 0.699826479 0.199096411 1.28837395
v 0.545103133 0.214613512 1.34250867
v 0.380449921 0.214613542 1.34250867
v 0.225725949 0.199096501 1.28837383
v 0.0995942503 0.169933826 1.18663347
v 0.0172674004 0.130643159 1.04955959
v 0.825958133 0.169933736 1.18663359
v -0.0113242567 0.0859634727 0.893684924
v 0.908285081 0.13064304 1.04955959
v 0.0172674004 0.0412836671 0.737809837
v 0.936876714 0.0859632269 0.893684566
v 0.0995942503 0.0019930827 0.600735784
v 0.908285081 0.0412835963 0.737809837
v 0.225725949 -0.0271696094 0.498995483
v 0.825958133 0.0019929288 0.600735784
v 0.380449921 -0.0426867045 0.444860935
v 0.699826479 -0.0271696914 0.498995483
v 0.545103133 -0.0426867269 0.444860935
v 0.887842953 0.199758455 0.861066639
v 0.862208664 0.159699753 0.721312881
v 0.78839618 0.124472655 0.598415732
v 0.675309956 0.0983261615 0.507197917
v 0.536588013 0.0844139531 0.458662122
v 0.388964325 0.0844139531 0.458662122
v 0.862208664 0.239817202 1.00082028
v 0.250243127 0.0983262137 0.507197917
v 0.78839618 0.275044352 1.12371755
v 0.137156323 0.124472767 0.598415732
v 0.675309956 0.301190764 1.21493506
v 0.0633438453 0.159699842 0.721312881
v 0.536588013 0.315103173 1.26347125
v 0.0377094373 0.199758559 0.861066639
v 0.388964325 0.315103114 1.26347125
v 0.0633443147 0.239817291 1.00082028
v 0.250243127 0.301190913 1.2149353
v 0.137156323 0.275044411 1.12371755
v 0.523043692 0.391655147 1.16161871
v 0.402509242 0.391655147 1.16161871
v 0.289243728 0.380295902 1.12198937
v 0.196908653 0.358947456 1.04751039
v 0.136641741 0.330184728 0.947165072
v 0.115710691 0.297476888 0.833056986
v 0.636309326 0.380295873 1.12198937
v 0.13664116 0.264769018 0.718948603
v 0.728643775 0.358947396 1.04751039
v 0.196908653 0.236006185 0.618603408
v 0.788911283 0.330184519 0.947165191
v 0.289243728 0.21465756 0.544124365
v 0.809841752 0.297476709 0.833056688
v 0.402509242 0.20329836 0.504495025
v 0.788911283 0.264768869 0.718948483
v 0.523043692 0.203298301 0.504495025
v 0.728643775 0.236006066 0.61860317
v 0.636309326 0.214657664 0.544124484
v 0.6933887 0.395586193 0.892251194
v 0.708188891 0.372458339 0.811564028
v 0.6933887 0.349330366 0.730877399
v 0.650772929 0.328991979 0.65992254
v 0.585482538 0.313896328 0.607257962
v 0.505391955 0.305864036 0.579235733
v 0.650772929 0.415924668 0.963205874
v 0.420161098 0.305864036 0.579235733
v 0.585482538 0.43102026 1.01587033
v 0.34006986 0.313896388 0.607257962
v 0.505391955 0.439052492 1.04389262
v 0.27477935 0.328992039 0.65992254
v 0.420161217 0.439052492 1.04389262
v 0.232163668 0.349330455 0.730877399
v 0.34006986 0.43102029 1.01587033
v 0.217363536 0.372458428 0.811564505
v 0.27477935 0.415924698 0.963205874
v 0.232163668 0.395586252 0.892251194
v 0.440716952 0.454065531 0.918315172
v 0.39925912 0.449907899 0.903810024
v 0.462776273 0.435670912 0.793444991
v 0.484835505 0.454065531 0.918315172
v 0.365461856 0.44209367 0.876548707
v 0.343402535 0.431565732 0.839819849
v 0.526293457 0.449907899 0.903810024
v 0.335741341 0.419593871 0.798053443
v 0.56009078 0.44209367 0.876548707
v 0.343402535 0.407622069 0.756286919
v 0.582150102 0.431565791 0.839819849
v 0.365461856 0.39709419 0.719558179
v 0.589811146 0.419593871 0.798053443
v 0.39925912 0.389279962 0.692296624
v 0.582150102 0.407622039 0.756286919
v 0.440716952 0.38512218 0.677791417
v 0.56009078 0.397094071 0.719557941
v 0.484835505 0.38512218 0.677791417
v 0.526293457 0.389279962 0.692296624
v 0.790487409 -0.129098877 0.95533061
v 0.768555701 -0.16333206 0.834938049
v 0.757025778 -0.126027912 0.827022076
v 0.778464913 -0.0925611258 0.944857299
v 0.768555462 -0.0943891034 1.07558668
v 0.697292089 -0.154030547 0.726476133
v 0.707205951 -0.192156121 0.731838107
v 0.757025421 -0.0585599244 1.06253898
v 0.707205832 -0.0642512292 1.17830968
v 0.611339331 -0.17315203 0.656063557
v 0.618237495 -0.212058336 0.659117579
v 0.697291672 -0.029081814 1.16266179
v 0.618237615 -0.0426349975 1.25053895
v 0.513225734 -0.182411224 0.62100786
v 0.515729189 -0.221828178 0.622600734
v 0.611338973 -0.00802930817 1.23252058
v 0.515729308 -0.0315930769 1.28669155
v 0.412326872 -0.182411224 0.62100786
v 0.409823626 -0.221828178 0.622600615
v 0.513225496 0.00266964524 1.26716352
v 0.409823567 -0.0315930657 1.28669155
v 0.314213246 -0.173152119 0.656063557
v 0.307315052 -0.21205841 0.659117579
v 0.412327141 0.00266967085 1.26716352
v 0.307314724 -0.0426350012 1.25053895
v 0.228260219 -0.154030725 0.726476371
v 0.218346357 -0.19215627 0.731838226
v 0.314213514 -0.00802928768 1.23252046
v 0.218346477 -0.0642509609 1.17830968
v 0.16852659 -0.126027852 0.827022195
v 0.156996682 -0.163332 0.834938169
v 0.228260636 -0.0290815029 1.16266191
v 0.156997383 -0.0943886563 1.07558656
v 0.14708735 -0.092560865 0.944857419
v 0.1350649 -0.129098579 0.955330729
v 0.168527126 -0.058559414 1.06253922
v 0.309938222 -0.120618932 0.633817613
v 0.221815169 -0.100036569 0.70568049
v 0.160684422 -0.0706378371 0.808311999
v 0.138759017 -0.0361537263 0.928688169
v 0.160684422 -0.0016696034 1.04906428
v 0.221815109 0.0277290959 1.15169621
v 0.410817802 -0.130871743 0.598014832
v 0.309938282 0.0483112782 1.22355831
v 0.514734745 -0.130871758 0.598014832
v 0.410817891 0.0585641004 1.25936162
v 0.615614533 -0.120618977 0.633817613
v 0.514734626 0.0585641265 1.25936162
v 0.703737319 -0.100036696 0.705680311
v 0.615614414 0.0483112261 1.22355843
v 0.764867902 -0.0706379414 0.808311939
v 0.703737199 0.027728973 1.15169597
v 0.786793411 -0.0361538529 0.928688169
v 0.764867902 -0.00166990655 1.04906404
v 0.694891334 -0.0100198127 0.688422322
v 0.75350523 0.0196777247 0.787115037
v 0.774511397 0.0534028113 0.903002977
v 0.753513992 0.0861566663 1.0191716
v 0.694906235 0.113220491 1.11862576
v 0.610223472 0.131488428 1.18871009
v 0.610208809 -0.0316239521 0.619303346
v 0.512960494 0.140262783 1.22388625
v 0.512954235 -0.0427990369 0.584822655
v 0.412592441 0.140262857 1.22388613
v 0.41259864 -0.0427990258 0.584822655
v 0.315328926 0.131488472 1.18870997
v 0.315343618 -0.0316238552 0.619303346
v 0.230646074 0.113220446 1.11862576
v 0.230660975 -0.0100196274 0.688422322
v 0.172038376 0.0861565992 1.0191716
v 0.172047317 0.0196777731 0.787115037
v 0.151041046 0.0534029044 0.903003216
v 0.417826086 0.0459712632 0.594856918
v 0.331117719 0.0569574125 0.626130044
v 0.256309092 0.0776091069 0.688221157
v 0.204880714 0.105138399 0.776272476
v 0.186502397 0.135555655 0.879440427
v 0.204866707 0.164385065 0.983067214
v 0.507726431 0.0459712818 0.594856918
v 0.256285161 0.187660262 1.07234812
v 0.594435155 0.056957446 0.626130044
v 0.331094354 0.20302251 1.13596892
v 0.669243217 0.0776091143 0.688221037
v 0.417816252 0.210264161 1.16832626
v 0.720671773 0.105138354 0.776272476
v 0.507736146 0.210264236 1.16832626
v 0.73905009 0.13555564 0.879440546
v 0.594458401 0.203022435 1.13596869
v 0.720686078 0.164385051 0.983067214
v 0.669267237 0.187660307 1.072348
v 0.669865727 0.179174811 0.77640599
v 0.684305191 0.203948364 0.85982281
v 0.669880509 0.227112129 0.943704903
v 0.629272521 0.245672181 1.01649451
v 0.569547176 0.257941037 1.06903088
v 0.499387383 0.263780355 1.09614003
v 0.62924844 0.156372085 0.704842031
v 0.426165611 0.263780355 1.09614003
v 0.569524407 0.138959661 0.653792799
v 0.356005698 0.257940978 1.06903088
v 0.499377877 0.129558653 0.627714097
v 0.296280086 0.245672271 1.01649451
v 0.426175028 0.129558653 0.627714097
v 0.255672663 0.227112368 0.943704784
v 0.356028527 0.138959602 0.653792739
v 0.241247281 0.203948513 0.859822929
v 0.296303928 0.15637219 0.70484221
v 0.2556867 0.17917493 0.776406109
v 0.488456279 0.202150211 0.681481004
v 0.437096685 0.202150255 0.681481004
v 0.388178676 0.208746687 0.700313032
v 0.347072631 0.220940158 0.736691773
v 0.319448203 0.236871779 0.787076056
v 0.309690893 0.254165947 0.845416963
v 0.537373722 0.208746597 0.700313032
v 0.319438368 0.270398319 0.904064357
v 0.578479826 0.220940068 0.736691773
v 0.347056717 0.283573598 0.95524478
v 0.606104195 0.236871734 0.787076056
v 0.388163775 0.292501956 0.992566943
v 0.615861535 0.254165828 0.845416784
v 0.437090605 0.296883553 1.01203942
v 0.606114149 0.270398259 0.904064357
v 0.488462359 0.296883523 1.01203954
v 0.5784958 0.283573568 0.955244899
v 0.537388623 0.292501926 0.992567062
v 0.539628088 0.284140527 0.836816311
v 0.534764886 0.292534173 0.866727054
v 0.462776273 0.293637782 0.834091425
v 0.53476119 0.275415748 0.807001412
v 0.520960808 0.299548864 0.892820358
v 0.50034368 0.304461449 0.911866665
v 0.520954967 0.267543733 0.781155884
v 0.47572124 0.306944519 0.921815395
v 0.500338137 0.261621863 0.762401819
v 0.449831367 0.306944549 0.921815395
v 0.475718856 0.258458197 0.752650023
v 0.425208837 0.30446142 0.911866665
v 0.449833542 0.258458227 0.752650023
v 0.404591769 0.299548864 0.892820358
v 0.425214261 0.261621833 0.762401819
v 0.390787631 0.292534143 0.866727054
v 0.404597491 0.267543763 0.781156123
v 0.385924459 0.284140497 0.836816311
v 0.390791267 0.275415778 0.807001412
v -0.307314932 -0.212058365 0.659117639
v -0.401822954 -0.250139415 0.596622825
v -0.409823626 -0.221828118 0.622600734
v -0.285190016 -0.238753334 0.638019621
v -0.218346238 -0.192156225 0.731838226
v -0.523729742 -0.250139445 0.596622825
v -0.51572907 -0.221828148 0.622600734
v -0.186307669 -0.216303468 0.718632877
v -0.156996652 -0.163331941 0.834938169
v -0.640362263 -0.238753274 0.638019621
v -0.618237376 -0.212058261 0.659117579
v -0.11942929 -0.184655935 0.830830157
v -0.135064811 -0.129098549 0.955330729
v -0.739244461 -0.216303334 0.718632877
v -0.707205951 -0.192156062 0.731838226
v -0.0957538038 -0.147641048 0.960645676
v -0.156997323 -0.0943886042 1.07558668
v -0.806122959 -0.184656009 0.830830157
v -0.768555582 -0.163332 0.834938049
v -0.11942926 -0.110289387 1.09036446
v -0.218346387 -0.0642509162 1.17830968
v -0.829798341 -0.147641316 0.960645437
v -0.790487409 -0.129098833 0.95533061
v -0.186306328 -0.0777177513 1.20229721
v -0.307314694 -0.0426349491 1.25053895
v -0.806123555 -0.11028976 1.09036458
v -0.768555343 -0.0943890586 1.07558668
v -0.285188138 -0.0540734716 1.28256941
v -0.409823507 -0.031593021 1.28669155
v -0.739245832 -0.0777179599 1.20229733
v -0.707205772 -0.0642511845 1.17830968
v -0.401822001 -0.0418122895 1.323717
v -0.515729189 -0.0315930359 1.28669167
v -0.640364051 -0.0540735051 1.28256941
v -0.618237495 -0.0426349603 1.25053895
v -0.523730755 -0.0418123044 1.323717
v -0.852243125 -0.111780226 1.10354745
v -0.778245926 -0.0761809871 1.22673893
v -0.666950345 -0.050078325 1.31646574
v -0.53323549 -0.0363904871 1.3632077
v -0.392317325 -0.0363904648 1.3632077
v -0.258601785 -0.0500782691 1.31646574
v -0.87819618 -0.152445823 0.962022185
v -0.147306338 -0.0761808082 1.22673881
v -0.852244258 -0.192915201 0.82044065
v -0.0733095631 -0.111779951 1.10354733
v -0.778247714 -0.227970123 0.697092175
v -0.0473560318 -0.15244554 0.962022483
v -0.666952252 -0.253353417 0.607157886
v -0.0733079463 -0.192915097 0.82044065
v -0.533236265 -0.266499341 0.560259461
v -0.147304446 -0.227970138 0.697092295
v -0.39231649 -0.266499311 0.560259461
v -0.258599997 -0.253353417 0.607157886
v -0.813499749 -0.223964468 0.673096538
v -0.691186965 -0.252143532 0.574390173
v -0.54197073 -0.267031997 0.522149682
v -0.383581936 -0.267031938 0.522149563
v -0.234365344 -0.252143472 0.574390173
v -0.112052456 -0.223964423 0.673096657
v -0.893730402 -0.185748979 0.806722045
v -0.0318217203 -0.18574886 0.806722045
v -0.921668351 -0.142115399 0.959060729
v -0.00388380629 -0.142115146 0.959061086
v -0.893730164 -0.0984252915 1.11138368
v -0.0318224952 -0.0984251276 1.11138368
v -0.813499212 -0.0600531027 1.24496388
v -0.112052962 -0.060052976 1.24496388
v -0.691186428 -0.0316666178 1.34361029
v -0.234365806 -0.0316665545 1.34361029
v -0.541970491 -0.0166216288 1.39580595
v -0.383582145 -0.0166216083 1.39580595
v -0.831133246 -0.0237762313 1.24667549
v -0.703203917 0.00579644134 1.34986639
v -0.546275735 0.0215308797 1.40477324
v -0.379276812 0.0215309095 1.40477324
v -0.222348556 0.00579654379 1.34986639
v -0.0944190174 -0.0237760786 1.24667573
v -0.914633691 -0.0636223927 1.10764718
v -0.0109189125 -0.0636222437 1.1076473
v -0.94363302 -0.10893739 0.949550629
v 0.0180807691 -0.108937182 0.949550748
v -0.914633572 -0.154255912 0.79145509
v -0.0109186741 -0.154255748 0.79145509
v -0.831133127 -0.194111362 0.65242964
v -0.0944191366 -0.194111288 0.65242964
v -0.703203797 -0.223695204 0.5492419
v -0.22234869 -0.223695084 0.5492419
v -0.546275735 -0.239437163 0.494337618
v -0.379276872 -0.239437103 0.494337618
v -0.924000502 -0.0824097693 0.767314494
v -0.838769794 -0.123086408 0.625404954
v -0.708188772 -0.15327777 0.520075798
v -0.548006892 -0.169342235 0.464031518
v -0.377545327 -0.16934219 0.464031518
v -0.217364043 -0.153277695 0.520075798
v -0.953600824 -0.0361538567 0.928688169
v -0.0867824703 -0.123086244 0.625405192
v -0.924000502 0.0101018948 1.09006155
v -0.00155168597 -0.0824095756 0.767314613
v -0.838769794 0.0507786721 1.23197114
v 0.0280486625 -0.0361537188 0.928688169
v -0.708188772 0.0809700042 1.33730042
v -0.00155168597 0.0101021407 1.09006178
v -0.548006892 0.0970346108 1.39334476
v -0.0867824703 0.0507788397 1.23197162
v -0.377545327 0.097034581 1.39334476
v -0.217364043 0.0809701234 1.3373003
v -0.699826479 0.199096426 1.28837395
v -0.545103014 0.214613512 1.34250867
v -0.380449861 0.214613587 1.34250867
v -0.225725889 0.199096516 1.28837395
v -0.0995941609 0.169933856 1.18663347
v -0.0172673408 0.130643189 1.04955959
v -0.825958133 0.169933751 1.18663359
v 0.0113243461 0.0859634951 0.893684924
v -0.908284962 0.130643055 1.04955959
v -0.0172673408 0.0412836894 0.737809837
v -0.936876714 0.0859632492 0.893684566
v -0.0995941609 0.00199310482 0.600735784
v -0.908284962 0.0412836187 0.737809837
v -0.225725889 -0.0271695871 0.498995483
v -0.825958133 0.00199294346 0.600735784
v -0.380449861 -0.0426866859 0.444860935
v -0.699826479 -0.0271696672 0.498995483
v -0.545103014 -0.0426867157 0.444860935
v -0.887842953 0.199758455 0.861066639
v -0.862208545 0.159699768 0.721313
v -0.78839606 0.12447267 0.598415732
v -0.675309837 0.0983261615 0.507198036
v -0.536588013 0.0844139606 0.458662122
v -0.388964295 0.0844139606 0.458662122
v -0.862208545 0.239817202 1.00082028
v -0.250243038 0.0983262137 0.507198036
v -0.78839606 0.275044352 1.12371755
v -0.137156218 0.124472782 0.598415732
v -0.675309837 0.301190764 1.21493506
v -0.0633437783 0.159699857 0.721312881
v -0.536588013 0.315103203 1.26347125
v -0.0377093777 0.199758559 0.861066639
v -0.388964295 0.315103143 1.26347125
v -0.0633442849 0.239817321 1.00082028
v -0.250243038 0.301190913 1.2149353
v -0.137156218 0.275044411 1.12371755
v -0.523043692 0.391655147 1.16161871
v -0.402509212 0.391655147 1.16161871
v -0.289243668 0.380295873 1.12198937
v -0.196908623 0.358947426 1.04751039
v -0.136641741 0.330184728 0.947165191
v -0.115710631 0.297476858 0.833057106
v -0.636309206 0.380295843 1.12198937
v -0.13664113 0.264768988 0.718948603
v -0.728643656 0.358947366 1.04751039
v -0.196908623 0.236006215 0.618603408
v -0.788911283 0.330184489 0.947165191
v -0.289243668 0.21465759 0.544124365
v -0.809841752 0.297476679 0.833056688
v -0.402509212 0.20329836 0.504495025
v -0.788911283 0.264768869 0.718948483
v -0.523043692 0.203298301 0.504495084
v -0.728643656 0.236006096 0.618603289
v -0.636309206 0.214657679 0.544124484
v -0.6933887 0.395586193 0.892251194
v -0.708188891 0.372458309 0.811564028
v -0.6933887 0.349330366 0.730877399
v -0.650772929 0.32899195 0.659922659
v -0.585482538 0.313896298 0.607257962
v -0.505391955 0.305864036 0.579235733
v -0.650772929 0.415924639 0.963205874
v -0.420161098 0.305864036 0.579235733
v -0.585482538 0.43102023 1.01587033
v -0.340069801 0.313896358 0.607257962
v -0.505391955 0.439052463 1.04389262
v -0.27477935 0.328992009 0.659922659
v -0.420161098 0.439052463 1.04389262
v -0.232163653 0.349330425 0.730877399
v -0.340069801 0.43102029 1.01587033
v -0.217363477 0.372458428 0.811564505
v -0.27477935 0.415924668 0.963205874
v -0.232163653 0.395586252 0.892251194
v -0.440716863 0.454065472 0.918315172
v -0.399259031 0.449907839 0.903810143
v -0.462776184 0.435670853 0.79344511
v -0.484835505 0.454065472 0.918315172
v -0.365461797 0.442093611 0.876548707
v -0.343402416 0.431565672 0.839819968
v -0.526293337 0.449907839 0.903810143
v -0.335741282 0.419593811 0.798053443
v -0.560090661 0.442093611 0.876548707
v -0.343402416 0.407622039 0.756286919
v -0.582149982 0.431565732 0.839819968
v -0.365461797 0.397094131 0.719558179
v -0.589811146 0.419593811 0.798053443
v -0.399259031 0.389279932 0.692296743
v -0.582149982 0.40762198 0.756286919
v -0.440716863 0.38512215 0.677791476
v -0.560090661 0.397094041 0.719557941
v -0.484835505 0.38512215 0.677791476
v -0.526293337 0.389279932 0.692296743
v -0.790487409 -0.129098833 0.95533061
v -0.757025659 -0.126027882 0.827022195
v -0.768555582 -0.163332 0.834938049
v -0.778464913 -0.092561096 0.944857299
v -0.768555343 -0.0943890586 1.07558668
v -0.697292089 -0.154030517 0.726476133
v -0.707205951 -0.192156062 0.731838226
v -0.757025421 -0.0585598908 1.06253898
v -0.707205772 -0.0642511845 1.17830968
v -0.611339331 -0.173152 0.656063557
v -0.618237376 -0.212058261 0.659117579
v -0.697291672 -0.0290817767 1.16266191
v -0.618237495 -0.0426349603 1.25053895
v -0.513225615 -0.182411179 0.62100786
v -0.51572907 -0.221828148 0.622600734
v -0.611338854 -0.00802927092 1.23252058
v -0.515729189 -0.0315930359 1.28669167
v -0.412326813 -0.182411164 0.62100786
v -0.409823626 -0.221828118 0.622600734
v -0.513225496 0.00266968249 1.26716352
v -0.409823507 -0.031593021 1.28669155
v -0.314213127 -0.173152089 0.656063557
v -0.307314932 -0.212058365 0.659117639
v -0.412327021 0.0026697081 1.26716352
v -0.307314694 -0.0426349491 1.25053895
v -0.228260115 -0.154030666 0.726476371
v -0.218346238 -0.192156225 0.731838226
v -0.314213455 -0.00802925043 1.23252046
v -0.218346387 -0.0642509162 1.17830968
v -0.16852653 -0.126027822 0.827022195
v -0.156996652 -0.163331941 0.834938169
v -0.228260532 -0.0290814657 1.16266191
v -0.156997323 -0.0943886042 1.07558668
v -0.147087321 -0.0925608203 0.944857419
v -0.135064811 -0.129098549 0.955330729
v -0.168527097 -0.0585593767 1.06253922
v -0.309938163 -0.120618887 0.633817613
v -0.221815079 -0.100036539 0.70568049
v -0.160684392 -0.0706377998 0.808312118
v -0.138758957 -0.0361536928 0.928688169
v -0.160684392 -0.00166957371 1.0490644
v -0.22181502 0.0277291257 1.15169621
v -0.410817683 -0.130871713 0.598014832
v -0.309938222 0.0483113043 1.22355843
v -0.514734626 -0.130871728 0.598014832
v -0.410817832 0.0585641302 1.25936162
v -0.615614533 -0.120618947 0.633817613
v -0.514734387 0.0585641488 1.25936162
v -0.70373708 -0.100036666 0.705680311
v -0.615614414 0.0483112559 1.22355843
v -0.764867783 -0.070637919 0.808311939
v -0.70373708 0.0277290009 1.15169597
v -0.786793292 -0.0361538194 0.928688169
v -0.764867783 -0.00166987686 1.04906404
v -0.694891334 -0.0100197894 0.688422322
v -0.753505111 0.0196777396 0.787115097
v -0.774511397 0.0534028262 0.903002977
v -0.753513992 0.0861566886 1.0191716
v -0.694906235 0.113220505 1.11862576
v -0.610223353 0.131488428 1.18871009
v -0.61020869 -0.031623926 0.619303346
v -0.512960374 0.140262797 1.22388625
v -0.512954235 -0.0427990146 0.584822655
v -0.412592411 0.140262872 1.22388625
v -0.41259858 -0.0427990146 0.584822655
v -0.315328836 0.131488502 1.18870997
v -0.315343559 -0.0316238366 0.619303346
v -0.230645984 0.113220446 1.11862576
v -0.2306609 -0.0100196134 0.688422322
v -0.172038347 0.0861566141 1.01917171
v -0.172047198 0.0196777973 0.787115097
v -0.151040941 0.0534029193 0.903003216
v -0.417825997 0.0459712856 0.594856918
v -0.33111766 0.0569574349 0.626130044
v -0.256309032 0.0776091069 0.688221157
v -0.204880595 0.105138399 0.776272476
v -0.186502337 0.135555655 0.879440427
v -0.204866618 0.164385065 0.983067214
v -0.507726371 0.0459713079 0.594856918
v -0.256285101 0.187660262 1.07234812
v -0.594435155 0.0569574535 0.626130044
v -0.331094354 0.20302251 1.13596892
v -0.669243097 0.0776091218 0.688221037
v -0.417816162 0.210264206 1.16832626
v -0.720671773 0.105138369 0.776272476
v -0.507736146 0.210264251 1.16832626
v -0.739049971 0.13555564 0.879440546
v -0.594458401 0.203022435 1.13596869
v -0.720686078 0.164385051 0.983067214
v -0.669267118 0.187660322 1.072348
v -0.669865727 0.179174811 0.77640599
v -0.684305191 0.203948379 0.85982281
v -0.66988039 0.227112129 0.943705022
v -0.629272401 0.245672181 1.01649451
v -0.569547057 0.257941037 1.069031
v -0.499387383 0.263780355 1.09614003
v -0.62924844 0.1563721 0.704842031
v -0.426165521 0.263780355 1.09614003
v -0.569524407 0.138959676 0.653792799
v -0.356005609 0.257941037 1.06903088
v -0.499377877 0.129558653 0.627714097
v -0.296279937 0.245672271 1.01649451
v -0.426174998 0.129558668 0.627714097
v -0.255672634 0.227112368 0.943704903
v -0.356028467 0.138959602 0.653792739
v -0.241247177 0.203948528 0.859822929
v -0.296303868 0.156372204 0.70484221
v -0.255686581 0.17917493 0.776406109
v -0.48845616 0.202150226 0.681481004
v -0.437096655 0.20215027 0.681481004
v -0.388178617 0.208746687 0.700313151
v -0.347072572 0.220940158 0.736691773
v -0.319448203 0.236871779 0.787076056
v -0.309690803 0.254165947 0.845416963
v -0.537373722 0.208746597 0.700313032
v -0.319438308 0.270398319 0.904064357
v -0.578479826 0.220940098 0.736691773
v -0.347056627 0.283573598 0.95524478
v -0.606104076 0.236871734 0.787076056
v -0.388163656 0.292501986 0.992566943
v -0.615861535 0.254165858 0.845416784
v -0.437090546 0.296883553 1.01203954
v -0.60611403 0.270398259 0.904064357
v -0.48846224 0.296883523 1.01203954
v -0.578495741 0.283573568 0.955244899
v -0.537388623 0.292501956 0.992567062
v -0.539627969 0.284140527 0.83681643
v -0.534764767 0.292534173 0.866727054
v -0.462776184 0.293637782 0.834091425
v -0.53476119 0.275415748 0.807001531
v -0.520960689 0.299548864 0.892820358
v -0.500343442 0.304461449 0.911866665
v -0.520954847 0.267543733 0.781156003
v -0.475721121 0.306944519 0.921815395
v -0.500338018 0.261621863 0.762401819
v -0.449831218 0.306944549 0.921815395
v -0.475718737 0.258458227 0.752650023
v -0.425208777 0.304461449 0.911866665
v -0.449833512 0.258458227 0.752650023
v -0.40459168 0.299548864 0.892820477
v -0.425214231 0.261621863 0.762401819
v -0.390787572 0.292534143 0.866727054
v -0.404597431 0.267543763 0.781156123
v -0.385924339 0.284140497 0.836816311
v -0.390791208 0.275415778 0.807001531
v -0.71010381 0.0885021165 -0.344867229
v -0.769679964 0.000143948404 -0.344867229
v -0.743837059 -0.0361634456 -0.321073323
v -0.671973944 0.0704823807 -0.321083456
v -0.679659605 0.190627605 -0.344867229
v -0.838734686 -0.10969574 -0.320963472
v -0.849318087 -0.0609949231 -0.344867229
v -0.635201156 0.193711489 -0.321073323
v -0.682982326 0.290972888 -0.344867229
v -0.943356454 -0.138480812 -0.321073323
v -0.936894357 -0.085606873 -0.344867229
v -0.638635993 0.313714594 -0.320963472
v -0.719566286 0.37426132 -0.344867229
v -1.0425123 -0.119536825 -0.321083456
v -1.01907587 -0.0699447989 -0.344867229
v -0.6828174 0.412822098 -0.321073323
v -0.783841431 0.427812964 -0.344867229
v -1.1200999 -0.0549539924 -0.321073323
v -1.08335114 -0.0163931232 -0.344867229
v -0.760404766 0.477405012 -0.321083456
v -0.866022885 0.443475038 -0.344867229
v -1.16428101 0.0441535749 -0.320963472
v -1.11993504 0.066895254 -0.344867229
v -0.859560788 0.496349037 -0.321073323
v -0.953599155 0.418863118 -0.344867229
v -1.16771615 0.164156616 -0.321073323
v -1.12325764 0.16724056 -0.344867229
v -0.964182556 0.467563897 -0.320963472
v -1.03323734 0.357724279 -0.344867229
v -1.1309433 0.287385762 -0.321083456
v -1.09281349 0.269366026 -0.344867229
v -1.05908012 0.394031674 -0.321073323
v -1.17676508 0.0377515629 -0.263254613
v -1.17903268 0.161773577 -0.263629764
v -1.16076803 0.161322072 -0.183645815
v -1.14015973 0.291741341 -0.263664365
v -1.06442344 0.404287845 -0.263629764
v -1.05247903 0.390462756 -0.183645815
v -0.967161953 0.48127377 -0.263254613
v -1.13007891 -0.0634917021 -0.263629764
v -1.11565363 -0.0462758541 -0.183645815
v -1.04817736 -0.131523997 -0.263664365
v -1.12321293 0.283732444 -0.180350348
v -1.07818532 0.262453049 -0.0906387419
v -0.859299839 0.509479225 -0.263629764
v -0.863442957 0.487404048 -0.183645815
v -0.754739821 0.489392161 -0.263664365
v -0.943617404 -0.15161106 -0.263629764
v -0.939474761 -0.129535928 -0.183645815
v -0.835755289 -0.123405576 -0.263254613
v -0.96378845 0.465749174 -0.197114781
v -0.95706284 0.43480143 -0.137290537
v -0.67283833 0.421359867 -0.263629764
v -0.687264085 0.404143959 -0.183645815
v -0.626152039 0.32011658 -0.263254613
v -0.73849386 -0.0464197136 -0.263629764
v -0.750438869 -0.0325946175 -0.183645815
v -0.662757456 0.0661268309 -0.263664365
v -0.623884499 0.196094587 -0.263629764
v -0.642149746 0.196545988 -0.183645815
v -0.765156686 0.467350632 -0.180350348
v -0.792832792 0.4087874 -0.0906387419
v -0.839129269 -0.107881047 -0.197114781
v -0.640288711 0.312867105 -0.197114781
v -0.668469071 0.298415542 -0.137290537
v -0.679704547 0.0741356611 -0.180350348
v -0.724732041 0.0954151303 -0.0906387419
v -0.845854461 -0.0769332349 -0.137290537
v -0.72223103 0.362211734 -0.102582261
v -0.753355622 0.254884183 -0.0375512652
v -0.686501861 0.197801784 -0.102582261
v -0.779566884 0.00087583391 -0.102582261
v -0.866113126 0.0162883438 -0.0375512652
v -0.929276288 -0.0758980513 -0.102582261
v -1.01008451 -0.0509191751 -0.0906387419
v -0.805814922 0.133733928 -0.012701706
v -0.901458681 0.178934127 0.0146661233
v -0.842670739 0.303329766 -0.012701706
v -0.936804235 0.341579795 -0.0375512652
v -1.03776121 -0.109482534 -0.180350348
v -0.960246563 0.0545383766 -0.012701706
v -1.04956174 0.102983959 -0.0375512652
v -0.873640954 0.433766216 -0.102582261
v -1.08068645 -0.00434362609 -0.102582261
v -1.13444829 0.0594526008 -0.137290537
v -0.997102499 0.224134281 -0.012701706
v -1.0233506 0.356992334 -0.102582261
v -1.11641526 0.160066366 -0.102582261
v -1.16262877 0.0450009778 -0.197114781
v 0.710103869 0.0885021091 -0.3448672
v 0.743837237 -0.036163412 -0.321073294
v 0.769680023 0.000144008503 -0.3448672
v 0.671974063 0.0704824477 -0.321083426
v 0.679659724 0.190627694 -0.3448672
v 0.838734746 -0.109695666 -0.320963442
v 0.849318266 -0.0609948896 -0.3448672
v 0.635201156 0.193711549 -0.321073294
v 0.682982504 0.290972918 -0.3448672
v 0.943356574 -0.138480768 -0.321073294
v 0.936894417 -0.0856067762 -0.3448672
v 0.638636291 0.313714623 -0.320963442
v 0.719566345 0.374261349 -0.3448672
v 1.04251242 -0.11953681 -0.321083426
v 1.01907599 -0.0699447244 -0.3448672
v 0.682817519 0.412822217 -0.321073294
v 0.78384161 0.427812934 -0.3448672
v 1.12010002 -0.0549539924 -0.321073294
v 1.08335114 -0.0163931008 -0.3448672
v 0.760405004 0.477405071 -0.321083426
v 0.866023064 0.443475008 -0.3448672
v 1.16428125 0.0441536196 -0.320963442
v 1.11993515 0.0668952912 -0.3448672
v 0.859560907 0.496349037 -0.321073294
v 0.953599274 0.418863118 -0.3448672
v 1.1677165 0.16415669 -0.321073294
v 1.12325776 0.167240545 -0.3448672
v 0.964182794 0.467563897 -0.320963442
v 1.03323734 0.35772422 -0.3448672
v 1.13094342 0.287385762 -0.321083426
v 1.09281349 0.269366115 -0.3448672
v 1.05908024 0.394031644 -0.321073294
v 1.1767652 0.0377516374 -0.263254613
v 1.1790328 0.161773637 -0.263629735
v 1.16076815 0.161322072 -0.18364583
v 1.14015996 0.291741401 -0.263664365
v 1.06442356 0.404287934 -0.263629735
v 1.05247903 0.390462726 -0.18364583
v 0.967161953 0.481273651 -0.263254613
v 1.13007903 -0.0634916648 -0.263629735
v 1.11565375 -0.0462758578 -0.18364583
v 1.04817736 -0.131523937 -0.263664365
v 1.12321305 0.283732474 -0.180350348
v 1.07818556 0.26245302 -0.0906387717
v 0.859299898 0.509479284 -0.263629735
v 0.863443017 0.487404048 -0.18364583
v 0.75474 0.489392221 -0.263664365
v 0.943617582 -0.151611045 -0.263629735
v 0.939474821 -0.129535824 -0.18364583
v 0.835755408 -0.123405471 -0.263254613
v 0.963788569 0.465749174 -0.197114795
v 0.95706296 0.434801459 -0.137290552
v 0.672838449 0.421359897 -0.263629735
v 0.687264204 0.404144049 -0.18364583
v 0.626152277 0.32011658 -0.263254613
v 0.738493979 -0.0464196876 -0.263629735
v 0.750438869 -0.0325945392 -0.18364583
v 0.662757576 0.0661268309 -0.263664365
v 0.623884678 0.196094602 -0.263629735
v 0.642149746 0.196546108 -0.18364583
v 0.765156746 0.467350692 -0.180350348
v 0.792832851 0.40878737 -0.0906387717
v 0.839129329 -0.107880972 -0.197114795
v 0.64028883 0.312867135 -0.197114795
v 0.66846931 0.298415601 -0.137290552
v 0.679704726 0.0741357356 -0.180350348
v 0.724732041 0.0954151899 -0.0906387717
v 0.84585458 -0.0769332275 -0.137290552
v 0.72223109 0.362211764 -0.102582261
v 0.753355622 0.254884243 -0.0375512801
v 0.686502099 0.197801813 -0.102582261
v 0.779566944 0.000875908474 -0.102582261
v 0.866113186 0.0162883848 -0.0375512801
v 0.929276466 -0.0758980513 -0.102582261
v 1.01008451 -0.0509191602 -0.0906387717
v 0.805814922 0.133733988 -0.0127017181
v 0.90145874 0.178934112 0.0146661075
v 0.842670858 0.303329796 -0.0127017181
v 0.936804295 0.341579854 -0.0375512801
v 1.03776109 -0.109482527 -0.180350348
v 0.960246563 0.0545384176 -0.0127017181
v 1.04956186 0.102983989 -0.0375512801
v 0.873641014 0.433766276 -0.102582261
v 1.08068657 -0.00434354506 -0.102582261
v 1.13444817 0.0594526157 -0.137290552
v 0.997102499 0.224134237 -0.0127017181
v 1.02335072 0.356992304 -0.102582261
v 1.1164155 0.160066426 -0.102582261
v 1.16262901 0.0450010188 -0.197114795
v 0.723868608 -0.690013289 -0.132721797
v 0.665010393 -0.734165072 -0.201457947
v 0.551475465 -0.811431408 -0.236725822
v 0.561317205 -0.833979189 -0.130667195
v 0.381662041 -0.895684838 -0.236830205
v 0.555570126 -0.831469536 0
v 0.738337457 -0.665465355 -0.00821454264
v 0.550655365 -0.816580713 0.173131496
v 0.723397017 -0.660974562 0.150502264
v 0.685507774 -0.654515862 0.305670947
v 0.387666404 -0.923064113 -0.130708277
v 0.194180489 -0.949570239 -0.236923382
v 0.382683396 -0.923879504 0
v 0.197506785 -0.979039073 -0.130803213
v -1.86730162E-07 -0.968846202 -0.236919239
v -1.03013257E-07 -0.998578429 -0.130808339
v -0.194180861 -0.949570358 -0.23692219
v 0.195090294 -0.980785131 0
v 0.194656059 -0.961362541 0.194656059
v 0.381565124 -0.905271709 0.186791629
v 0.367000967 -0.854763448 0.367000967
v -0.197506994 -0.979039073 -0.130803242
v -0.381662428 -0.895684958 -0.236826897
v -0 -0.99999994 0
v -0.387666613 -0.923064113 -0.130708277
v -0.551475883 -0.811431468 -0.236720517
v -0.195090294 -0.980785131 0
v -0.194656059 -0.961362541 0.194656059
v -0.382683396 -0.923879504 0
v -0.561317503 -0.833979189 -0.13066718
v -0.723868608 -0.690013289 -0.132721797
v -0.658015311 -0.740558267 -0.204210639
v -0.555570126 -0.831469536 0
v -0.550655365 -0.816580713 0.173131496
v -0.738337457 -0.665465355 -0.00821454264
v -0.723397017 -0.660974562 0.150502264
v -0.685507774 -0.654515862 0.305670947
v -0 -0.980785131 0.195090294
v -0 -0.923879504 0.382683396
v -0.381565124 -0.905271709 0.186791629
v -0.367000967 -0.854763448 0.367000967
v -0.529181898 -0.777157545 0.340576708
v -0.494238734 -0.715161562 0.494238734
v -0.624060988 -0.646701992 0.445389837
v -0.549793899 -0.629614413 0.55249536
v -0.497591883 -0.631356478 0.592796981
v -0.445389926 -0.633098543 0.633098543
v -0.299936086 -0.659730315 0.682154834
v -0.340576708 -0.777157545 0.529181898
v -0.173131496 -0.816580713 0.550655365
v -0.156901911 -0.679334998 0.710186958
v -0 -0.684938192 0.7201159
v -0.186791629 -0.905271709 0.381565124
v -0 -0.831469536 0.555570126
v 0.173131496 -0.816580713 0.550655365
v 0.156901911 -0.679334998 0.710186958
v 0.299936086 -0.659730315 0.682154834
v 0.186791629 -0.905271709 0.381565124
v 0.340576708 -0.777157545 0.529181898
v 0.494238734 -0.715161562 0.494238734
v 0.445389926 -0.633098543 0.633098543
v 0.497591883 -0.631356478 0.592796981
v 0.549793899 -0.629614413 0.55249536
v 0.624060988 -0.646701992 0.445389837
v 0.529181898 -0.777157545 0.340576708
v -0.488516062 -0.607688606 0.657160997
v -0.461260557 -0.607764125 0.64249593
v -0.503567159 -0.616438985 0.601030052
v -0.435055226 -0.580803871 0.677683651
v -0.530017138 -0.607373297 0.628081083
v -0.573485732 -0.596538365 0.598216474
v -0.531826437 -0.583205044 0.66487205
v -0.555454791 -0.608726025 0.564987063
v -0.605151415 -0.581719816 0.535435796
v -0.481894106 -0.585897624 0.690943778
v -0.481761307 -0.555604637 0.718035102
v -0.427069277 -0.543393731 0.711148083
v -0.443735033 -0.505723417 0.735537648
v -0.614837646 -0.576201737 0.570372641
v -0.634595275 -0.545437932 0.594952404
v -0.650187671 -0.548274934 0.547166228
v -0.649458706 -0.543794036 0.521394491
v -0.681854427 -0.500999629 0.525403678
v -0.670598209 -0.516549349 0.562557042
v -0.679767609 -0.482837945 0.583319366
v -0.694634438 -0.458223969 0.544641554
v -0.687605023 -0.422406614 0.577365339
v -0.585962713 -0.56836313 0.631773949
v -0.593110621 -0.529082179 0.663497508
v -0.643482029 -0.506829023 0.623711765
v -0.642150521 -0.465180039 0.649408579
v -0.676834166 -0.450308233 0.607502759
v -0.662073493 -0.42201671 0.632834494
v -0.664861441 -0.400947124 0.621065795
v -0.624832034 -0.394557893 0.665200412
v -0.628710866 -0.428832531 0.670365214
v -0.588042974 -0.441904306 0.703138173
v -0.572816372 -0.403321534 0.701455414
v -0.521890223 -0.429404408 0.730086803
v -0.536321759 -0.546209872 0.696619391
v -0.539381862 -0.502947271 0.719328344
v -0.593841016 -0.484675735 0.688557267
v -0.543890536 -0.460003823 0.728073776
v -0.500402093 -0.481430501 0.742829382
v -0.476420879 -0.465545177 0.740496576
v -0.488129884 -0.51965642 0.735889375
v 0.481761307 -0.555604696 0.718035161
v 0.435055226 -0.58080399 0.677683651
v 0.427069277 -0.543393791 0.711148083
v 0.443735093 -0.505723476 0.735537648
v 0.481894106 -0.585897684 0.690943778
v 0.531826377 -0.583205104 0.66487211
v 0.488516062 -0.607688665 0.657160997
v 0.461260527 -0.607764184 0.64249599
v 0.503567159 -0.616439044 0.601030052
v 0.530017197 -0.607373416 0.628081083
v 0.573485792 -0.596538424 0.598216474
v 0.555454791 -0.608726084 0.564987063
v 0.605151415 -0.581719875 0.535435796
v 0.488129944 -0.519656479 0.735889375
v 0.539381862 -0.50294733 0.719328344
v 0.500402093 -0.48143056 0.742829382
v 0.476420999 -0.465545237 0.740496576
v 0.521890283 -0.429404467 0.730086863
v 0.543890476 -0.460003883 0.728073776
v 0.588042974 -0.441904336 0.703138173
v 0.572816312 -0.403321594 0.701455414
v 0.624832153 -0.394557953 0.665200472
v 0.53632158 -0.546209991 0.696619391
v 0.593110621 -0.529082239 0.663497508
v 0.593841016 -0.484675854 0.688557267
v 0.642150521 -0.465180099 0.649408579
v 0.628710866 -0.42883262 0.670365214
v 0.662073493 -0.422016799 0.632834494
v 0.664861441 -0.400947213 0.621065795
v 0.687605023 -0.422406703 0.577365339
v 0.676834047 -0.450308293 0.607502759
v 0.679767609 -0.482838005 0.583319366
v 0.694634557 -0.458224028 0.544641554
v 0.681854606 -0.500999689 0.525403678
v 0.585962713 -0.56836319 0.631773949
v 0.634595275 -0.545437992 0.594952404
v 0.64348197 -0.506829083 0.623711765
v 0.67059809 -0.516549408 0.562557042
v 0.650187671 -0.548274994 0.547166228
v 0.649458706 -0.543794096 0.521394491
v 0.614837587 -0.576201797 0.570372641
v 0.0921790227 -0.514079094 0.862061322
v 0.119625658 -0.530214071 0.858323336
v 0.103055075 -0.544701517 0.880004346
v 0.119951285 -0.553529084 0.842465281
v 0.0867763758 -0.528601289 0.877717197
v 0.0623418242 -0.529535592 0.87951076
v 0.0587910749 -0.507586002 0.8575629
v 0.0787802115 -0.54628855 0.885715604
v 0.100928463 -0.565895379 0.869548559
v 0.0468651168 -0.537291765 0.874773085
v 0.0406583622 -0.511577547 0.850127816
v 0.0708730891 -0.560406387 0.883681238
v 0.0838788524 -0.586916089 0.852597535
v 0.100346431 -0.578187287 0.82193619
v 0.0714830533 -0.598453104 0.80494982
v 0.0576237626 -0.575621247 0.872314811
v 0.0363981575 -0.547621787 0.866426706
v 0.0307080895 -0.520555496 0.842219234
v 0.0589834787 -0.604253113 0.838120937
v 0.0230201166 -0.556695879 0.859029353
v 0.0187368151 -0.528702617 0.835615218
v 0.0390846729 -0.588359475 0.861778438
v 0.0285507347 -0.616477072 0.827804327
v 0.0365502574 -0.612578571 0.792974174
v -0.00249511166 -0.61948204 0.786354363
v 0.0161446985 -0.597509503 0.854151964
v 0.00637559546 -0.563327968 0.853611887
v 0.00402672775 -0.534626484 0.83082509
v -0.0058117318 -0.622507215 0.822057724
v -0.0126836607 -0.566727459 0.850551605
v -0.0125739099 -0.537671685 0.828145146
v -0.0100471722 -0.602103174 0.849863529
v -0.0423172042 -0.621236742 0.821307302
v -0.0436066687 -0.618092775 0.78544122
v -0.0846804082 -0.607421041 0.790544629
v -0.0381687135 -0.601124287 0.849357784
v -0.0332488492 -0.566061616 0.85023284
v -0.030306384 -0.537169337 0.827865243
v -0.0791107193 -0.611611128 0.825948358
v -0.0544214845 -0.560441434 0.853065848
v -0.0484695509 -0.532372057 0.83031708
v -0.0668552965 -0.593553424 0.853076041
v -0.114107274 -0.592917919 0.83617866
v -0.123356543 -0.586942613 0.801721573
v -0.155466706 -0.557461917 0.81825608
v -0.0946606845 -0.578405976 0.861421943
v -0.0754219592 -0.548683763 0.859607756
v -0.0666181296 -0.522065639 0.836084604
v -0.143773392 -0.565702975 0.850948811
v -0.0958983749 -0.531122983 0.869061589
v -0.0852499828 -0.506744921 0.844821274
v -0.119263925 -0.556169331 0.872658312
v -0.155955672 -0.537500918 0.86247474
v -0.166247219 -0.527290225 0.835044265
v -0.144425049 -0.505439281 0.846681774
v -0.133226797 -0.537253916 0.874444723
v -0.118494965 -0.517626941 0.872724175
v -0.110265464 -0.497625619 0.850341737
v -0.142879158 -0.51765871 0.864884317
v 0.0587910749 -0.507586002 0.8575629
v 0.0950757712 -0.505972207 0.852385998
v 0.0921790227 -0.514079094 0.862061322
v 0.119625658 -0.530214071 0.858323336
v 0.0649878308 -0.498867452 0.845525682
v 0.0406583622 -0.511577547 0.850127816
v 0.0476762764 -0.503320813 0.835920632
v 0.0307080895 -0.520555496 0.842219234
v 0.0367474593 -0.513629735 0.826665521
v 0.0187368151 -0.528702617 0.835615218
v 0.0233253669 -0.522861481 0.81913197
v 0.00402672775 -0.534626484 0.83082509
v 0.00701191043 -0.529476523 0.813740253
v -0.0125739099 -0.537671685 0.828145146
v -0.0112020932 -0.532835066 0.810749531
v -0.030306384 -0.537169337 0.827865243
v -0.030470144 -0.532304704 0.810407996
v -0.0484695509 -0.532372057 0.83031708
v -0.0500135869 -0.527180731 0.813001931
v -0.0666181296 -0.522065639 0.836084604
v -0.0693159625 -0.516322792 0.819061399
v -0.0852499828 -0.506744921 0.844821274
v -0.0886816829 -0.500368834 0.828357339
v -0.110265464 -0.497625619 0.850341737
v 0.0471756645 -0.511826515 0.811557889
v 0.0312363878 -0.522902548 0.802444041
v 0.0120262532 -0.530727923 0.795994937
v -0.00925728492 -0.534646153 0.792441607
v -0.0315958373 -0.534025431 0.791999161
v -0.0540392511 -0.52818197 0.794913352
v -0.0758674443 -0.516090155 0.801627755
v 0.0596089661 -0.499328345 0.822944462
v 0.0748356208 -0.493952185 0.835152745
v 0.0964631438 -0.501372278 0.844854832
v 0.120292008 -0.519438624 0.846217155
v 0.115548842 -0.509118021 0.835646212
v 0.0954006165 -0.498385698 0.824298382
v 0.0893033221 -0.50540334 0.808311224
v 0.119760737 -0.541458845 0.828954697
v 0.119951285 -0.553529084 0.842465281
v 0.113672309 -0.527931988 0.817720115
v 0.0734307393 -0.523121357 0.791840553
v 0.100055046 -0.566022038 0.808226526
v 0.100346431 -0.578187287 0.82193619
v 0.0946563333 -0.551120758 0.797728598
v 0.0511351787 -0.538795888 0.778786778
v 0.0712764859 -0.586270928 0.791254401
v 0.0714830533 -0.598453104 0.80494982
v 0.0671997368 -0.570459783 0.781535804
v 0.0244322978 -0.549695909 0.7696473
v 0.0365787484 -0.600341976 0.779330194
v 0.0365502574 -0.612578571 0.792974174
v 0.0342013799 -0.583877087 0.770187497
v -0.00502184033 -0.555050433 0.764635801
v -0.0020395217 -0.607208192 0.772757888
v -0.00249511166 -0.61948204 0.786354363
v -0.00238535902 -0.590425909 0.763947964
v -0.0357443355 -0.554137826 0.763948679
v -0.0425612926 -0.605871499 0.771840572
v -0.0436066687 -0.618092775 0.78544122
v -0.0406641923 -0.589200497 0.763073683
v -0.0662946776 -0.546239555 0.767785668
v -0.0829325393 -0.595407188 0.776845217
v -0.0846804082 -0.607421041 0.790544629
v -0.0787284672 -0.579351664 0.767795861
v -0.0953140259 -0.530602098 0.776384473
v -0.120896332 -0.575302005 0.787822306
v -0.123356543 -0.586942613 0.801721573
v -0.114552751 -0.560324311 0.7781986
v -0.0967933461 -0.498674691 0.812031448
v -0.152515098 -0.546475351 0.804207087
v -0.155466706 -0.557461917 0.81825608
v -0.144668385 -0.533254623 0.793918848
v -0.120553158 -0.509061217 0.789837301
v -0.113077685 -0.491065949 0.835862935
v -0.163970187 -0.518033624 0.821956158
v -0.166247219 -0.527290225 0.835044265
v -0.144425049 -0.505439281 0.846681774
v -0.144656658 -0.498987347 0.835471153
v -0.119464636 -0.488657743 0.822204828
v -0.143648103 -0.495862812 0.826977193
v -0.15692535 -0.508531809 0.811955512
v -0.134489819 -0.497670025 0.805253446
vt 0.407714844 0.921386719
vt 0.44921875 0.9296875
vt 0.491455078 0.9296875
vt 0.367675781 0.905761719
vt 0.533691406 0.922363281
vt 0.332763672 0.884277344
vt 0.572265625 0.908203125
vt 0.603515625 0.890625
vt 0.305908203 0.860839844
vt 0.288085938 0.829589844
vt 0.626953125 0.863769531
vt 0.647949219 0.828613281
vt 0.274169922 0.791503906
vt 0.266601562 0.749023438
vt 0.663574219 0.788574219
vt 0.266601562 0.706542969
vt 0.671875 0.747070312
vt 0.275146484 0.665039062
vt 0.671875 0.704589844
vt 0.290771484 0.625488281
vt 0.664550781 0.662597656
vt 0.311767578 0.590332031
vt 0.650878906 0.624023438
vt 0.6328125 0.593261719
vt 0.335449219 0.563476562
vt 0.366699219 0.545410156
vt 0.605957031 0.569335938
vt 0.570800781 0.548339844
vt 0.405029297 0.531738281
vt 0.447265625 0.524414062
vt 0.53125 0.532714844
vt 0.489501953 0.524414062
vt 1.265625 0.149902344
vt 1.25976562 0.11126709
vt 1.20214844 0.114990234
vt 1.203125 0.15222168
vt 1.26757812 0.188598633
vt 1.14550781 0.115539551
vt 1.20410156 0.18737793
vt 1.26660156 0.22644043
vt 1.14550781 0.151367188
vt 1.09277344 0.115783691
vt 1.09277344 0.150024414
vt 1.04589844 0.114318848
vt 1.14550781 0.184204102
vt 1.203125 0.221191406
vt 1.04394531 0.149047852
vt 1 0.11138916
vt 1.19921875 0.260986328
vt 1.26074219 0.270507812
vt 1.18554688 0.319335938
vt 1.24707031 0.336181641
vt 1.22363281 0.400634766
vt 1.09277344 0.180786133
vt 1.14453125 0.215698242
vt 0.997070312 0.144897461
vt 0.948242188 0.107116699
vt 1.14160156 0.252441406
vt 1.04296875 0.178466797
vt 1.09179688 0.210571289
vt 0.946289062 0.141601562
vt 0.892578125 0.104614258
vt 0.994140625 0.174560547
vt 1.04101562 0.206298828
vt 0.892089844 0.140136719
vt 0.836425781 0.104431152
vt 0.943847656 0.172363281
vt 0.837402344 0.140991211
vt 0.780761719 0.107849121
vt 1.08886719 0.245361328
vt 1.08105469 0.290527344
vt 0.991699219 0.20300293
vt 0.891601562 0.17175293
vt 0.782714844 0.143432617
vt 0.725585938 0.111572266
vt 1.03808594 0.239868164
vt 0.988769531 0.235961914
vt 0.986816406 0.278808594
vt 0.941894531 0.201049805
vt 0.838378906 0.173217773
vt 0.727539062 0.146484375
vt 0.673828125 0.113708496
vt 0.939941406 0.234008789
vt 0.891113281 0.200927734
vt 0.784667969 0.175537109
vt 0.674316406 0.148193359
vt 0.628417969 0.11138916
vt 0.83984375 0.202758789
vt 0.729980469 0.178710938
vt 0.623046875 0.146484375
vt 0.583984375 0.099609375
vt 0.891113281 0.234130859
vt 0.893066406 0.282226562
vt 0.787597656 0.205688477
vt 0.675292969 0.180908203
vt 0.572265625 0.133300781
vt 0.536132812 0.0791015625
vt 0.841796875 0.236450195
vt 0.791015625 0.240234375
vt 0.795898438 0.291015625
vt 0.733398438 0.209594727
vt 0.621582031 0.179199219
vt 0.519042969 0.111328125
vt 0.489257812 0.0505981445
vt 0.737792969 0.245849609
vt 0.677246094 0.213256836
vt 0.845214844 0.28515625
vt 0.850097656 0.333496094
vt 0.560058594 0.167236328
vt 0.602050781 0.18762207
vt 0.623535156 0.213256836
vt 0.501953125 0.143188477
vt 0.681152344 0.252441406
vt 0.688964844 0.304931641
vt 0.634765625 0.254882812
vt 0.641601562 0.309082031
vt 0.650878906 0.363525391
vt 0.467773438 0.0803833008
vt 0.447265625 0.0157928467
vt 0.446044922 0.109924316
vt 0.420898438 0.0420227051
vt 0.395751953 0.0688476562
vt 0.744140625 0.297607422
vt 0.754394531 0.348144531
vt 0.702148438 0.356201172
vt 0.720214844 0.404052734
vt 0.662109375 0.415771484
vt 0.803710938 0.340576172
vt 0.813964844 0.388916016
vt 0.768066406 0.395751953
vt 0.703613281 0.425537109
vt 0.690917969 0.439697266
vt 0.71875 0.41796875
vt 0.683105469 0.458984375
vt 0.733398438 0.41796875
vt 0.674804688 0.458251953
vt 0.74609375 0.425292969
vt 0.682128906 0.479492188
vt 0.676269531 0.479980469
vt 0.678222656 0.501464844
vt 0.687988281 0.498046875
vt 0.669921875 0.553222656
vt 0.754394531 0.437988281
vt 0.69921875 0.510253906
vt 0.785644531 0.442871094
vt 0.758789062 0.455078125
vt 0.719726562 0.556640625
vt 0.719726562 0.605957031
vt 0.663085938 0.603027344
vt 0.657714844 0.65625
vt 0.717285156 0.663085938
vt 0.714355469 0.517089844
vt 0.782226562 0.666992188
vt 0.779785156 0.546875
vt 0.729003906 0.515136719
vt 0.7421875 0.505859375
vt 0.752441406 0.491699219
vt 0.780273438 0.604492188
vt 0.841796875 0.599121094
vt 0.850585938 0.663085938
vt 0.916992188 0.649902344
vt 0.78125 0.493896484
vt 0.829589844 0.487548828
vt 0.7578125 0.473632812
vt 0.834472656 0.541015625
vt 0.887695312 0.532714844
vt 0.901367188 0.588867188
vt 0.958496094 0.5703125
vt 0.981445312 0.629882812
vt 1.04394531 0.600097656
vt 0.826660156 0.436767578
vt 0.865722656 0.4296875
vt 0.875488281 0.479736328
vt 0.919921875 0.468017578
vt 0.937988281 0.516113281
vt 0.986816406 0.497070312
vt 1.01367188 0.544921875
vt 1.06347656 0.514648438
vt 1.09960938 0.559570312
vt 1.14746094 0.512207031
vt 0.856933594 0.381347656
vt 0.899414062 0.375488281
vt 0.903320312 0.422119141
vt 0.940917969 0.413574219
vt 0.962890625 0.454345703
vt 1.00390625 0.438232422
vt 1.03222656 0.474609375
vt 1.07617188 0.448242188
vt 1.11035156 0.479003906
vt 1.14160156 0.429199219
vt 1.18945312 0.459716797
vt 1.16699219 0.375976562
vt 1.11621094 0.354003906
vt 1.09863281 0.401611328
vt 1.05957031 0.377441406
vt 1.04492188 0.419677734
vt 1.015625 0.392578125
vt 1.13085938 0.303955078
vt 0.978027344 0.403808594
vt 0.981933594 0.362304688
vt 1.02246094 0.354492188
vt 1.02929688 0.316650391
vt 1.07128906 0.334716797
vt 0.940917969 0.368896484
vt 0.940917969 0.325195312
vt 0.984375 0.321044922
vt 1.03417969 0.278320312
vt 0.895996094 0.329345703
vt 0.940429688 0.280029297
vt 0.579101562 0.042175293
vt 0.552734375 0.0159301758
vt 0.510742188 0.0506896973
vt 0.532226562 0.0805053711
vt 0.604003906 0.0690307617
vt 0.463867188 0.0791625977
vt 0.553710938 0.110107422
vt 0.480712891 0.111450195
vt 0.415771484 0.0996704102
vt 0.498046875 0.143310547
vt 0.427734375 0.133422852
vt 0.371582031 0.11138916
vt 0.439697266 0.167236328
vt 0.376708984 0.146362305
vt 0.325927734 0.113647461
vt 0.378173828 0.179199219
vt 0.400634766 0.186157227
vt 0.376220703 0.213134766
vt 0.325683594 0.148071289
vt 0.274414062 0.111572266
vt 0.324707031 0.180908203
vt 0.272460938 0.146484375
vt 0.219360352 0.107788086
vt 0.217285156 0.143310547
vt 0.163452148 0.104370117
vt 0.269775391 0.178710938
vt 0.322753906 0.213134766
vt 0.162475586 0.140991211
vt 0.10723877 0.104614258
vt 0.318603516 0.252441406
vt 0.364990234 0.254882812
vt 0.311035156 0.304931641
vt 0.358398438 0.308837891
vt 0.349121094 0.363525391
vt 0.266601562 0.209594727
vt 0.215087891 0.175537109
vt 0.107788086 0.140136719
vt 0.0516662598 0.107116699
vt 0.261962891 0.245727539
vt 0.161376953 0.173217773
vt 0.212524414 0.205688477
vt 0.0538024902 0.141601562
vt -0.000134110451 0.11138916
vt 0.108276367 0.17175293
vt 0.16015625 0.202758789
vt 0.0028591156 0.144897461
vt -0.0462341309 0.114379883
vt 0.0559997559 0.172363281
vt -0.0444946289 0.149047852
vt -0.0926513672 0.115783691
vt 0.208984375 0.240234375
vt 0.204101562 0.291015625
vt 0.108764648 0.200927734
vt 0.00582122803 0.174560547
vt -0.092590332 0.150024414
vt -0.145629883 0.115600586
vt 0.158203125 0.236450195
vt 0.108947754 0.234130859
vt 0.106689453 0.282226562
vt 0.058013916 0.201049805
vt -0.0426940918 0.178588867
vt -0.145751953 0.151367188
vt -0.202514648 0.114990234
vt 0.0600280762 0.234008789
vt 0.00846862793 0.20300293
vt -0.0924682617 0.180786133
vt -0.203613281 0.15222168
vt -0.259521484 0.111328125
vt -0.265136719 0.150024414
vt -0.0408325195 0.206298828
vt -0.145629883 0.184204102
vt -0.203979492 0.18737793
vt -0.268066406 0.188598633
vt -0.0913696289 0.210571289
vt -0.202758789 0.221313477
vt -0.266845703 0.22644043
vt -0.144775391 0.215698242
vt -0.198974609 0.260986328
vt -0.261230469 0.270507812
vt -0.186035156 0.319335938
vt -0.247558594 0.336181641
vt -0.223999023 0.400634766
vt -0.141967773 0.252441406
vt -0.088684082 0.245361328
vt -0.0811157227 0.290527344
vt -0.0380249023 0.239868164
vt -0.130737305 0.303955078
vt -0.116394043 0.354003906
vt -0.166503906 0.375976562
vt -0.141479492 0.429199219
vt -0.189453125 0.459960938
vt -0.147460938 0.512207031
vt 0.0112380981 0.235961914
vt 0.0130310059 0.278808594
vt -0.0340270996 0.278320312
vt -0.0289916992 0.316650391
vt -0.0715332031 0.334716797
vt -0.0595092773 0.377441406
vt -0.0985107422 0.401611328
vt -0.0765380859 0.448242188
vt 0.0594482422 0.280029297
vt 0.0591125488 0.325195312
vt 0.0154800415 0.321044922
vt 0.0182647705 0.362304688
vt -0.110473633 0.479003906
vt -0.0639038086 0.514648438
vt -0.0993652344 0.559570312
vt -0.043762207 0.600097656
vt -0.0227813721 0.354492188
vt -0.0152435303 0.392578125
vt -0.0449829102 0.419677734
vt -0.00431442261 0.438232422
vt -0.0323486328 0.474609375
vt 0.013381958 0.497070312
vt -0.0132904053 0.544921875
vt 0.0413513184 0.5703125
vt 0.0184936523 0.629882812
vt 0.0831298828 0.649902344
vt 0.0219573975 0.403808594
vt 0.0591125488 0.413574219
vt 0.0370178223 0.454345703
vt 0.0801391602 0.468017578
vt 0.0621032715 0.516113281
vt 0.112426758 0.532714844
vt 0.0986328125 0.588867188
vt 0.158325195 0.599121094
vt 0.149414062 0.663085938
vt 0.217529297 0.666992188
vt 0.0589599609 0.368896484
vt 0.100524902 0.375488281
vt 0.096496582 0.422119141
vt 0.134399414 0.4296875
vt 0.124389648 0.479736328
vt 0.170532227 0.487548828
vt 0.165405273 0.541015625
vt 0.220214844 0.546875
vt 0.219482422 0.604492188
vt 0.280273438 0.605957031
vt 0.282714844 0.663085938
vt 0.342285156 0.65625
vt 0.336669922 0.603027344
vt 0.330078125 0.553222656
vt 0.280029297 0.556640625
vt 0.285644531 0.516601562
vt 0.300537109 0.510253906
vt 0.270751953 0.515136719
vt 0.321533203 0.501464844
vt 0.312011719 0.498046875
vt 0.323730469 0.479980469
vt 0.317871094 0.479492188
vt 0.258056641 0.505859375
vt 0.325195312 0.458251953
vt 0.316894531 0.458740234
vt 0.309082031 0.439697266
vt 0.338134766 0.415771484
vt 0.247680664 0.491455078
vt 0.296142578 0.425292969
vt 0.280029297 0.404052734
vt 0.281005859 0.41796875
vt 0.266601562 0.41796875
vt 0.218505859 0.493896484
vt 0.24206543 0.473632812
vt 0.241210938 0.454833984
vt 0.214355469 0.442871094
vt 0.245361328 0.437988281
vt 0.297851562 0.356201172
vt 0.245605469 0.348144531
vt 0.231811523 0.395751953
vt 0.186157227 0.388671875
vt 0.25390625 0.425292969
vt 0.173461914 0.436767578
vt 0.255615234 0.297607422
vt 0.142822266 0.381347656
vt 0.149658203 0.333496094
vt 0.196166992 0.340576172
vt 0.103942871 0.329345703
vt 0.154663086 0.28515625
vt 1.13476562 0.636230469
vt 1.11035156 0.627929688
vt 1.08300781 0.627929688
vt 1.15332031 0.651855469
vt 1.05566406 0.636230469
vt 1.16210938 0.671875
vt 1.03515625 0.651855469
vt 1.15917969 0.693359375
vt 1.02246094 0.671875
vt 1.14648438 0.713378906
vt 1.02050781 0.693359375
vt 1.12597656 0.728515625
vt 1.02832031 0.713378906
vt 1.09960938 0.736816406
vt 1.046875 0.728515625
vt 1.07128906 0.736816406
vt 1.09960938 0.633300781
vt 1.12597656 0.625
vt 1.14648438 0.609375
vt 1.15917969 0.589355469
vt 1.07128906 0.633300781
vt 1.16210938 0.567871094
vt 1.046875 0.625
vt 1.15332031 0.547851562
vt 1.02832031 0.609375
vt 1.13476562 0.532714844
vt 1.02050781 0.589355469
vt 1.11035156 0.524414062
vt 1.02246094 0.567871094
vt 1.08300781 0.524414062
vt 1.03515625 0.547851562
vt 1.05566406 0.532714844
vt 1.01855469 0.0817260742
vt 1.02050781 0.102661133
vt 1.03125 0.0995483398
vt 1.03027344 0.123046875
vt 1.03125 0.0841674805
vt 1.02441406 0.0610961914
vt 1.04003906 0.114257812
vt 1.04785156 0.139526367
vt 1.03710938 0.0689086914
vt 1.0390625 0.0408325195
vt 1.0390625 0.0979614258
vt 1.04003906 0.0886230469
vt 1.05078125 0.0541687012
vt 1.06152344 0.024520874
vt 1.046875 0.0770263672
vt 1.06933594 0.042175293
vt 1.09082031 0.0129852295
vt 1.05859375 0.0662231445
vt 1.05566406 0.0858764648
vt 1.04980469 0.0957641602
vt 1.04589844 0.105773926
vt 1.09375 0.0328369141
vt 1.12304688 0.00820922852
vt 1.07519531 0.0573120117
vt 1.06542969 0.0783691406
vt 1.06152344 0.0932617188
vt 1.12109375 0.028427124
vt 1.15332031 0.0119247437
vt 1.09570312 0.0499572754
vt 1.05957031 0.102416992
vt 1.08007812 0.072265625
vt 1.0703125 0.091003418
vt 1.1484375 0.0308380127
vt 1.18066406 0.0216369629
vt 1.12109375 0.0465393066
vt 1.09863281 0.0671386719
vt 1.08398438 0.0880737305
vt 1.07226562 0.104553223
vt 1.05761719 0.114013672
vt 1.17382812 0.0392150879
vt 1.20410156 0.0370483398
vt 1.14550781 0.0489501953
vt 1.12109375 0.0646972656
vt 1.1015625 0.0850219727
vt 1.05371094 0.126098633
vt 1.19433594 0.0517883301
vt 1.21875 0.0575561523
vt 1.16796875 0.056427002
vt 1.14453125 0.0668945312
vt 1.07226562 0.118713379
vt 1.0703125 0.1328125
vt 1.06835938 0.148071289
vt 1.0859375 0.104309082
vt 1.12207031 0.0834350586
vt 1.08886719 0.135131836
vt 1.08886719 0.150878906
vt 1.08789062 0.119995117
vt 1.10351562 0.102905273
vt 1.10644531 0.135375977
vt 1.10839844 0.151245117
vt 1.10546875 0.119689941
vt 1.12304688 0.101806641
vt 1.14355469 0.0845947266
vt 1.12695312 0.135131836
vt 1.12890625 0.151611328
vt 1.125 0.118896484
vt 1.14746094 0.134643555
vt 1.15039062 0.151611328
vt 1.14453125 0.101623535
vt 1.14550781 0.118225098
vt 1.1640625 0.0728149414
vt 1.16992188 0.1328125
vt 1.17480469 0.149047852
vt 1.16601562 0.117431641
vt 1.16308594 0.102600098
vt 1.16210938 0.0880126953
vt 1.18652344 0.0662231445
vt 1.19042969 0.127929688
vt 1.19824219 0.141601562
vt 1.18359375 0.115478516
vt 1.17871094 0.103393555
vt 1.18066406 0.0795288086
vt 1.17773438 0.0914916992
vt 1.20800781 0.0676879883
vt 1.20507812 0.119812012
vt 1.21582031 0.129272461
vt 1.19726562 0.110839844
vt 1.19140625 0.101806641
vt 1.1875 0.0939331055
vt 1.19238281 0.0872802734
vt 1.19921875 0.0778808594
vt 1.21582031 0.0836791992
vt 1.2265625 0.0786132812
vt 1.20703125 0.0892944336
vt 1.20019531 0.0962524414
vt 1.20605469 0.104003906
vt 1.2109375 0.0973510742
vt 1.21777344 0.0975952148
vt 1.22851562 0.0974731445
vt 1.22460938 0.114135742
vt 1.21386719 0.109436035
vt 1.01855469 -0.0583496094
vt 1.03125 -0.0761108398
vt 1.02050781 -0.079284668
vt 1.03027344 -0.0996704102
vt 1.03125 -0.0607910156
vt 1.02441406 -0.0377197266
vt 1.04003906 -0.0908813477
vt 1.04785156 -0.116210938
vt 1.03710938 -0.045501709
vt 1.0390625 -0.0174255371
vt 1.0390625 -0.0745849609
vt 1.04003906 -0.065246582
vt 1.05078125 -0.0307769775
vt 1.06152344 -0.00112056732
vt 1.046875 -0.0536499023
vt 1.06933594 -0.0187835693
vt 1.09082031 0.0104141235
vt 1.05859375 -0.0428161621
vt 1.05566406 -0.0625
vt 1.04980469 -0.0723876953
vt 1.04589844 -0.0823974609
vt 1.09375 -0.00942993164
vt 1.12304688 0.0151901245
vt 1.07519531 -0.0339050293
vt 1.06542969 -0.0549621582
vt 1.06152344 -0.0698242188
vt 1.12109375 -0.0050239563
vt 1.15332031 0.0114746094
vt 1.09570312 -0.0265655518
vt 1.05957031 -0.0790405273
vt 1.08007812 -0.0488891602
vt 1.0703125 -0.067565918
vt 1.1484375 -0.00744247437
vt 1.18066406 0.00175952911
vt 1.12109375 -0.023147583
vt 1.09863281 -0.043762207
vt 1.08398438 -0.0646972656
vt 1.07226562 -0.0811767578
vt 1.17382812 -0.0158233643
vt 1.20410156 -0.0136489868
vt 1.14550781 -0.0255432129
vt 1.12109375 -0.0412902832
vt 1.1015625 -0.0616149902
vt 1.19433594 -0.0283813477
vt 1.21875 -0.0341491699
vt 1.16796875 -0.0330200195
vt 1.14453125 -0.0434875488
vt 1.0859375 -0.0809326172
vt 1.12207031 -0.0600280762
vt 1.10351562 -0.0794677734
vt 1.20800781 -0.0442810059
vt 1.18652344 -0.0428466797
vt 1.1640625 -0.0493774414
vt 1.14355469 -0.0611572266
vt 1.12304688 -0.0784301758
vt 1.21582031 -0.0602722168
vt 1.2265625 -0.0552062988
vt 1.21777344 -0.07421875
vt 1.22851562 -0.0740966797
vt 1.22460938 -0.0906982422
vt 1.21386719 -0.0859985352
vt 1.21582031 -0.105895996
vt 1.2109375 -0.0739746094
vt 1.20703125 -0.0658569336
vt 1.20507812 -0.0964355469
vt 1.19824219 -0.118225098
vt 1.20605469 -0.0806274414
vt 1.19042969 -0.104553223
vt 1.17480469 -0.125732422
vt 1.19921875 -0.0545043945
vt 1.20019531 -0.0728149414
vt 1.19726562 -0.0874633789
vt 1.16992188 -0.109436035
vt 1.15039062 -0.128173828
vt 1.18066406 -0.0561218262
vt 1.19238281 -0.0639038086
vt 1.19140625 -0.0784301758
vt 1.18359375 -0.0920410156
vt 1.14746094 -0.11126709
vt 1.12890625 -0.128173828
vt 1.16210938 -0.0646362305
vt 1.1875 -0.0705566406
vt 1.17773438 -0.0681152344
vt 1.17871094 -0.0799560547
vt 1.16601562 -0.0940551758
vt 1.16308594 -0.0792236328
vt 1.14453125 -0.0782470703
vt 1.14550781 -0.0947875977
vt 1.125 -0.0955200195
vt 1.12695312 -0.111755371
vt 1.10839844 -0.127807617
vt 1.10644531 -0.111999512
vt 1.08886719 -0.127441406
vt 1.10546875 -0.0962524414
vt 1.08886719 -0.111694336
vt 1.06835938 -0.124694824
vt 1.08789062 -0.0966186523
vt 1.0703125 -0.109375
vt 1.07226562 -0.0952758789
vt 1.05371094 -0.102722168
vt 1.05761719 -0.090637207
vt 1.22949219 -0.197021484
vt 1.22949219 -0.217163086
vt 1.21875 -0.213989258
vt 1.22265625 -0.234008789
vt 1.21679688 -0.198852539
vt 1.22070312 -0.175170898
vt 1.21386719 -0.225952148
vt 1.20996094 -0.246826172
vt 1.20800781 -0.182006836
vt 1.20410156 -0.153808594
vt 1.21191406 -0.211669922
vt 1.19238281 -0.166381836
vt 1.18066406 -0.136474609
vt 1.20800781 -0.202148438
vt 1.17285156 -0.152954102
vt 1.15234375 -0.125
vt 1.19921875 -0.189575195
vt 1.18554688 -0.177368164
vt 1.14941406 -0.144165039
vt 1.12011719 -0.121398926
vt 1.19335938 -0.197143555
vt 1.20117188 -0.207763672
vt 1.16796875 -0.166992188
vt 1.12304688 -0.141357422
vt 1.08789062 -0.126708984
vt 1.18066406 -0.187988281
vt 1.14746094 -0.159912109
vt 1.09570312 -0.145751953
vt 1.05957031 -0.138427734
vt 1.20703125 -0.217895508
vt 1.18847656 -0.20300293
vt 1.16503906 -0.180053711
vt 1.125 -0.157958984
vt 1.0703125 -0.154907227
vt 1.0390625 -0.154663086
vt 1.19335938 -0.212158203
vt 1.17871094 -0.19909668
vt 1.14648438 -0.174438477
vt 1.10058594 -0.162353516
vt 1.05078125 -0.167358398
vt 1.02441406 -0.173095703
vt 1.1640625 -0.193969727
vt 1.18066406 -0.212158203
vt 1.12597656 -0.173461914
vt 1.07910156 -0.169799805
vt 1.14648438 -0.189819336
vt 1.10449219 -0.177246094
vt 1.19824219 -0.223632812
vt 1.1640625 -0.209594727
vt 1.12597656 -0.189453125
vt 1.20410156 -0.234741211
vt 1.18359375 -0.226196289
vt 1.1875 -0.240112305
vt 1.19140625 -0.254638672
vt 1.14550781 -0.206665039
vt 1.16503906 -0.225830078
vt 1.16699219 -0.241699219
vt 1.16796875 -0.258056641
vt 1.14550781 -0.223999023
vt 1.14453125 -0.240966797
vt 1.14355469 -0.257568359
vt 1.12597656 -0.206542969
vt 1.12402344 -0.240966797
vt 1.12207031 -0.257568359
vt 1.125 -0.223999023
vt 1.10546875 -0.192382812
vt 1.10449219 -0.241699219
vt 1.1015625 -0.258056641
vt 1.10644531 -0.208496094
vt 1.10546875 -0.225097656
vt 1.08496094 -0.183349609
vt 1.0859375 -0.241455078
vt 1.08203125 -0.257080078
vt 1.08789062 -0.196533203
vt 1.08886719 -0.21081543
vt 1.08789062 -0.225952148
vt 1.06054688 -0.17956543
vt 1.06738281 -0.238769531
vt 1.0625 -0.252929688
vt 1.06835938 -0.190185547
vt 1.07226562 -0.200561523
vt 1.07226562 -0.212280273
vt 1.0703125 -0.225219727
vt 1.03710938 -0.181762695
vt 1.05078125 -0.232421875
vt 1.04394531 -0.244750977
vt 1.04785156 -0.190063477
vt 1.05566406 -0.197509766
vt 1.0625 -0.20324707
vt 1.05566406 -0.221191406
vt 1.05957031 -0.211181641
vt 1.03808594 -0.221923828
vt 1.02734375 -0.230224609
vt 1.04492188 -0.214233398
vt 1.04980469 -0.205932617
vt 1.04101562 -0.199951172
vt 1.03808594 -0.207763672
vt 1.03027344 -0.208984375
vt 1.01855469 -0.210693359
vt 1.01855469 -0.191650391
vt 1.03027344 -0.19543457
vt 0.899414062 1.12597656
vt 0.889160156 1.14257812
vt 0.899902344 1.14550781
vt 0.893066406 1.16308594
vt 0.887207031 1.12792969
vt 0.890625 1.10351562
vt 0.884277344 1.15429688
vt 0.880371094 1.17578125
vt 0.877929688 1.11132812
vt 0.874023438 1.08300781
vt 0.882324219 1.140625
vt 0.862304688 1.09472656
vt 0.850585938 1.06542969
vt 0.878417969 1.13085938
vt 0.842773438 1.08203125
vt 0.822265625 1.05371094
vt 0.869140625 1.11816406
vt 0.85546875 1.10644531
vt 0.819335938 1.07324219
vt 0.790527344 1.04980469
vt 0.86328125 1.12597656
vt 0.871582031 1.13671875
vt 0.838378906 1.09570312
vt 0.793457031 1.0703125
vt 0.758300781 1.05566406
vt 0.851074219 1.1171875
vt 0.817871094 1.08886719
vt 0.765625 1.07421875
vt 0.729980469 1.06738281
vt 0.877441406 1.14648438
vt 0.858886719 1.13183594
vt 0.835449219 1.10839844
vt 0.794921875 1.08691406
vt 0.741210938 1.08398438
vt 0.709472656 1.08300781
vt 0.86328125 1.140625
vt 0.849121094 1.12792969
vt 0.816894531 1.10351562
vt 0.770996094 1.09082031
vt 0.721191406 1.09570312
vt 0.694824219 1.1015625
vt 0.833984375 1.12304688
vt 0.850585938 1.140625
vt 0.795898438 1.10253906
vt 0.749023438 1.09863281
vt 0.81640625 1.11914062
vt 0.774414062 1.10644531
vt 0.868652344 1.15234375
vt 0.833984375 1.13867188
vt 0.796386719 1.11816406
vt 0.874023438 1.16308594
vt 0.854003906 1.15527344
vt 0.857910156 1.16894531
vt 0.861816406 1.18359375
vt 0.815917969 1.13574219
vt 0.8359375 1.15429688
vt 0.837402344 1.17089844
vt 0.837890625 1.18652344
vt 0.815429688 1.15234375
vt 0.814941406 1.16992188
vt 0.813964844 1.18652344
vt 0.795898438 1.13574219
vt 0.793945312 1.16992188
vt 0.791992188 1.18652344
vt 0.795410156 1.15234375
vt 0.775878906 1.12109375
vt 0.774414062 1.17089844
vt 0.771972656 1.18652344
vt 0.776855469 1.13769531
vt 0.776367188 1.15429688
vt 0.754882812 1.11230469
vt 0.755859375 1.16992188
vt 0.752441406 1.18554688
vt 0.758300781 1.125
vt 0.758789062 1.13964844
vt 0.758300781 1.15429688
vt 0.730957031 1.10839844
vt 0.737792969 1.16796875
vt 0.732910156 1.18164062
vt 0.73828125 1.11914062
vt 0.742675781 1.12988281
vt 0.742675781 1.140625
vt 0.740722656 1.15429688
vt 0.707519531 1.11035156
vt 0.721191406 1.16113281
vt 0.714355469 1.17382812
vt 0.717773438 1.11914062
vt 0.726074219 1.12597656
vt 0.732421875 1.13183594
vt 0.726074219 1.15039062
vt 0.729492188 1.13964844
vt 0.708007812 1.15039062
vt 0.697753906 1.15917969
vt 0.71484375 1.14257812
vt 0.719726562 1.13476562
vt 0.7109375 1.12890625
vt 0.708496094 1.13671875
vt 0.700195312 1.13769531
vt 0.688964844 1.13964844
vt 0.688476562 1.12011719
vt 0.700683594 1.12402344
vt 0.699707031 0.336669922
vt 0.684570312 0.272216797
vt 0.665039062 0.280029297
vt 0.676757812 0.340576172
vt 0.69140625 0.409912109
vt 0.639648438 0.225830078
vt 0.658691406 0.214355469
vt 0.666992188 0.405761719
vt 0.655273438 0.481445312
vt 0.596191406 0.180175781
vt 0.612792969 0.163452148
vt 0.633300781 0.466796875
vt 0.590820312 0.5390625
vt 0.536132812 0.150268555
vt 0.546875 0.127685547
vt 0.577636719 0.513671875
vt 0.506347656 0.55859375
vt 0.466552734 0.142578125
vt 0.466796875 0.116271973
vt 0.506835938 0.532226562
vt 0.427001953 0.546386719
vt 0.395507812 0.161132812
vt 0.382324219 0.135986328
vt 0.4375 0.524414062
vt 0.362304688 0.510742188
vt 0.339599609 0.208496094
vt 0.317871094 0.193603516
vt 0.378417969 0.494384766
vt 0.317871094 0.460693359
vt 0.305664062 0.269775391
vt 0.28125 0.265380859
vt 0.3359375 0.449707031
vt 0.287109375 0.405517578
vt 0.295410156 0.335449219
vt 0.272460938 0.339111328
vt 0.307373047 0.396972656
vt 0.358154297 0.222045898
vt 0.326660156 0.274169922
vt 0.315185547 0.332763672
vt 0.324707031 0.390136719
vt 0.350830078 0.440429688
vt 0.392089844 0.480224609
vt 0.406738281 0.182861328
vt 0.446044922 0.504394531
vt 0.466796875 0.165649414
vt 0.506347656 0.509277344
vt 0.527832031 0.170166016
vt 0.56640625 0.4921875
vt 0.582519531 0.194702148
vt 0.614746094 0.453125
vt 0.624023438 0.235961914
vt 0.646484375 0.401367188
vt 0.648925781 0.286865234
vt 0.657714844 0.343261719
vt 0.521972656 0.185424805
vt 0.572265625 0.206542969
vt 0.611328125 0.244140625
vt 0.635742188 0.291992188
vt 0.642089844 0.344726562
vt 0.630371094 0.397460938
vt 0.467529297 0.182739258
vt 0.6015625 0.442871094
vt 0.415039062 0.198852539
vt 0.558105469 0.476318359
vt 0.371582031 0.232421875
vt 0.505859375 0.4921875
vt 0.342529297 0.278076172
vt 0.451904297 0.489501953
vt 0.330566406 0.331054688
vt 0.402099609 0.468505859
vt 0.337890625 0.384765625
vt 0.362792969 0.432128906
vt 0.354980469 0.282470703
vt 0.34375 0.331054688
vt 0.350097656 0.380371094
vt 0.373291016 0.424316406
vt 0.409912109 0.458007812
vt 0.455566406 0.476806641
vt 0.381835938 0.241210938
vt 0.504882812 0.479003906
vt 0.421386719 0.21105957
vt 0.551757812 0.464111328
vt 0.46875 0.196044922
vt 0.591308594 0.434082031
vt 0.518066406 0.198242188
vt 0.618164062 0.393066406
vt 0.564453125 0.217163086
vt 0.629394531 0.344970703
vt 0.601074219 0.251464844
vt 0.623535156 0.295898438
vt 0.471435547 0.217407227
vt 0.513671875 0.219238281
vt 0.552734375 0.235229492
vt 0.583984375 0.263916016
vt 0.603027344 0.302001953
vt 0.607910156 0.34375
vt 0.431396484 0.230224609
vt 0.598632812 0.384765625
vt 0.397705078 0.255615234
vt 0.575683594 0.419677734
vt 0.374755859 0.290771484
vt 0.541992188 0.445068359
vt 0.365234375 0.33203125
vt 0.501953125 0.457763672
vt 0.370117188 0.374267578
vt 0.460205078 0.456054688
vt 0.390136719 0.411376953
vt 0.421386719 0.439941406
vt 0.394287109 0.333740234
vt 0.398681641 0.365478516
vt 0.412597656 0.394287109
vt 0.437011719 0.415771484
vt 0.466796875 0.427978516
vt 0.498535156 0.429199219
vt 0.401123047 0.302001953
vt 0.528808594 0.419189453
vt 0.418457031 0.274902344
vt 0.5546875 0.400634766
vt 0.444335938 0.255859375
vt 0.571777344 0.373535156
vt 0.474853516 0.24597168
vt 0.579101562 0.342529297
vt 0.507324219 0.246826172
vt 0.575683594 0.310302734
vt 0.536621094 0.260009766
vt 0.560546875 0.281494141
vt 0.455078125 0.276367188
vt 0.477783203 0.268554688
vt 0.501953125 0.270019531
vt 0.524414062 0.279052734
vt 0.542480469 0.295898438
vt 0.552734375 0.317138672
vt 0.435546875 0.290527344
vt 0.556152344 0.340820312
vt 0.422851562 0.311035156
vt 0.55078125 0.364257812
vt 0.417480469 0.334472656
vt 0.538085938 0.384521484
vt 0.420166016 0.358642578
vt 0.519042969 0.399169922
vt 0.431640625 0.379638672
vt 0.495605469 0.406738281
vt 0.44921875 0.395996094
vt 0.471435547 0.405517578
vt 0.439208984 0.352539062
vt 0.447021484 0.367919922
vt 0.459960938 0.379638672
vt 0.475830078 0.386230469
vt 0.493164062 0.38671875
vt 0.509765625 0.381835938
vt 0.437011719 0.335205078
vt 0.5234375 0.371582031
vt 0.440917969 0.318603516
vt 0.532714844 0.356933594
vt 0.449951172 0.303955078
vt 0.536621094 0.340087891
vt 0.463867188 0.293701172
vt 0.534179688 0.322753906
vt 0.48046875 0.288085938
vt 0.526367188 0.307373047
vt 0.497558594 0.289306641
vt 0.513671875 0.295654297
vt 0.462890625 0.315917969
vt 0.471923828 0.309082031
vt 0.482666016 0.305664062
vt 0.493896484 0.306152344
vt 0.50390625 0.310546875
vt 0.512695312 0.318115234
vt 0.45703125 0.325439453
vt 0.517578125 0.328125
vt 0.454589844 0.336181641
vt 0.519042969 0.339355469
vt 0.456054688 0.347412109
vt 0.516601562 0.350097656
vt 0.4609375 0.357421875
vt 0.510253906 0.359619141
vt 0.469482422 0.364990234
vt 0.501464844 0.366455078
vt 0.479736328 0.369140625
vt 0.490966797 0.369628906
vt 0.474121094 0.347412109
vt 0.478027344 0.351318359
vt 0.486816406 0.337646484
vt 0.471435547 0.342529297
vt 0.483154297 0.353271484
vt 0.488769531 0.353515625
vt 0.470703125 0.336914062
vt 0.494140625 0.352050781
vt 0.471923828 0.331542969
vt 0.498535156 0.348632812
vt 0.475097656 0.326904297
vt 0.501464844 0.343994141
vt 0.479492188 0.323486328
vt 0.502929688 0.338623047
vt 0.484619141 0.321777344
vt 0.501953125 0.333007812
vt 0.490234375 0.322021484
vt 0.499511719 0.328125
vt 0.495361328 0.32421875
vt 0.899902344 0.346191406
vt 0.8515625 0.327636719
vt 0.848144531 0.343017578
vt 0.892089844 0.359375
vt 0.938964844 0.379638672
vt 0.802734375 0.343261719
vt 0.80078125 0.327392578
vt 0.927246094 0.390136719
vt 0.963378906 0.424316406
vt 0.762695312 0.358398438
vt 0.755371094 0.344238281
vt 0.948730469 0.430175781
vt 0.970214844 0.472412109
vt 0.731933594 0.384277344
vt 0.719726562 0.373291016
vt 0.954101562 0.472900391
vt 0.961425781 0.517578125
vt 0.7109375 0.417480469
vt 0.695800781 0.411865234
vt 0.946289062 0.512207031
vt 0.938964844 0.557128906
vt 0.702636719 0.457275391
vt 0.686523438 0.457763672
vt 0.926757812 0.546386719
vt 0.903320312 0.586914062
vt 0.708007812 0.500488281
vt 0.693359375 0.506347656
vt 0.895996094 0.572753906
vt 0.856933594 0.604003906
vt 0.729492188 0.541015625
vt 0.717773438 0.551269531
vt 0.854980469 0.588378906
vt 0.805664062 0.604003906
vt 0.765136719 0.571777344
vt 0.757324219 0.585449219
vt 0.809082031 0.588378906
vt 0.723144531 0.458251953
vt 0.727539062 0.494384766
vt 0.745605469 0.528320312
vt 0.775390625 0.5546875
vt 0.812988281 0.568359375
vt 0.851074219 0.567871094
vt 0.73046875 0.425292969
vt 0.885253906 0.555175781
vt 0.747070312 0.397216797
vt 0.910644531 0.532714844
vt 0.772949219 0.375732422
vt 0.927246094 0.504882812
vt 0.806640625 0.36328125
vt 0.934082031 0.471923828
vt 0.844726562 0.363037109
vt 0.929199219 0.436279297
vt 0.881835938 0.376220703
vt 0.911132812 0.402587891
vt 0.811523438 0.388671875
vt 0.840332031 0.389160156
vt 0.867675781 0.399658203
vt 0.890136719 0.418945312
vt 0.904296875 0.444091797
vt 0.908691406 0.470703125
vt 0.786132812 0.397460938
vt 0.904296875 0.495605469
vt 0.766113281 0.413574219
vt 0.892089844 0.517089844
vt 0.753417969 0.434570312
vt 0.872070312 0.533203125
vt 0.748535156 0.459716797
vt 0.846191406 0.542480469
vt 0.752929688 0.486816406
vt 0.816894531 0.541992188
vt 0.766601562 0.512207031
vt 0.789550781 0.53125
vt 0.771972656 0.442382812
vt 0.769042969 0.4609375
vt 0.772460938 0.480957031
vt 0.783203125 0.499267578
vt 0.800292969 0.513183594
vt 0.8203125 0.521484375
vt 0.78125 0.426269531
vt 0.841796875 0.522460938
vt 0.796386719 0.414794922
vt 0.860839844 0.516113281
vt 0.815917969 0.408691406
vt 0.875976562 0.504394531
vt 0.836914062 0.409423828
vt 0.885742188 0.488525391
vt 0.857421875 0.417480469
vt 0.888671875 0.469726562
vt 0.874023438 0.431396484
vt 0.884765625 0.449707031
vt 0.834472656 0.426269531
vt 0.848632812 0.432128906
vt 0.860351562 0.441650391
vt 0.868652344 0.454589844
vt 0.871582031 0.468505859
vt 0.869628906 0.481933594
vt 0.819335938 0.425292969
vt 0.862792969 0.493408203
vt 0.805664062 0.429443359
vt 0.852050781 0.501464844
vt 0.794921875 0.4375
vt 0.837890625 0.505371094
vt 0.788085938 0.448730469
vt 0.823242188 0.504882812
vt 0.786132812 0.462158203
vt 0.80859375 0.498779297
vt 0.7890625 0.476318359
vt 0.796875 0.489013672
vt 0.806640625 0.447265625
vt 0.802246094 0.454589844
vt 0.801269531 0.463134766
vt 0.803222656 0.472167969
vt 0.80859375 0.480224609
vt 0.815917969 0.486572266
vt 0.813964844 0.442138672
vt 0.825195312 0.490478516
vt 0.822753906 0.439941406
vt 0.834960938 0.490966797
vt 0.83203125 0.440429688
vt 0.84375 0.488525391
vt 0.841308594 0.444335938
vt 0.850585938 0.483398438
vt 0.849121094 0.450439453
vt 0.854980469 0.476074219
vt 0.854003906 0.458740234
vt 0.855957031 0.467529297
vt 0.834960938 0.455322266
vt 0.838378906 0.458251953
vt 0.828613281 0.465332031
vt 0.830078125 0.453369141
vt 0.840820312 0.462158203
vt 0.842285156 0.466552734
vt 0.825683594 0.453125
vt 0.841308594 0.470703125
vt 0.821289062 0.454101562
vt 0.839355469 0.474121094
vt 0.817871094 0.456787109
vt 0.8359375 0.4765625
vt 0.815917969 0.460205078
vt 0.831542969 0.477783203
vt 0.815429688 0.464355469
vt 0.827148438 0.477539062
vt 0.81640625 0.468505859
vt 0.822753906 0.475585938
vt 0.818847656 0.47265625
vt 0.272949219 -0.0358581543
vt 0.301025391 -0.0953369141
vt 0.281005859 -0.101196289
vt 0.295654297 -0.0343933105
vt 0.288330078 0.0357971191
vt 0.320556641 -0.151733398
vt 0.30078125 -0.161010742
vt 0.312011719 0.029083252
vt 0.331542969 0.102966309
vt 0.358642578 -0.201660156
vt 0.340576172 -0.216308594
vt 0.3515625 0.0861206055
vt 0.401367188 0.153564453
vt 0.414794922 -0.237792969
vt 0.401855469 -0.259033203
vt 0.411621094 0.127197266
vt 0.486816406 0.164306641
vt 0.483398438 -0.253173828
vt 0.479980469 -0.279541016
vt 0.483642578 0.138427734
vt 0.564453125 0.144775391
vt 0.556152344 -0.242431641
vt 0.56640625 -0.269042969
vt 0.551757812 0.123718262
vt 0.625 0.103027344
vt 0.6171875 -0.201049805
vt 0.637207031 -0.218261719
vt 0.607421875 0.0883789062
vt 0.664550781 0.0489196777
vt 0.657714844 -0.143432617
vt 0.681640625 -0.150390625
vt 0.645507812 0.0397033691
vt 0.689941406 -0.00945281982
vt 0.674804688 -0.0786743164
vt 0.697753906 -0.077331543
vt 0.668945312 -0.0158233643
vt 0.600097656 -0.185668945
vt 0.637207031 -0.13684082
vt 0.654785156 -0.0794067383
vt 0.650878906 -0.0209503174
vt 0.629882812 0.0318603516
vt 0.592773438 0.0754394531
vt 0.547363281 -0.219482422
vt 0.541503906 0.105102539
vt 0.485595703 -0.230224609
vt 0.481689453 0.115661621
vt 0.425292969 -0.219116211
vt 0.420654297 0.104614258
vt 0.374023438 -0.188598633
vt 0.368408203 0.0709228516
vt 0.337158203 -0.143432617
vt 0.332275391 0.0226593018
vt 0.317871094 -0.0904541016
vt 0.315185547 -0.0336608887
vt 0.432861328 -0.204589844
vt 0.385498047 -0.178100586
vt 0.350341797 -0.13659668
vt 0.331542969 -0.086730957
vt 0.330322266 -0.0336914062
vt 0.347412109 0.0171356201
vt 0.486572266 -0.213134766
vt 0.380859375 0.0592651367
vt 0.540527344 -0.202636719
vt 0.427246094 0.0880126953
vt 0.587890625 -0.173828125
vt 0.480712891 0.0986938477
vt 0.621582031 -0.131103516
vt 0.534179688 0.0905761719
vt 0.639160156 -0.0794067383
vt 0.581542969 0.0648803711
vt 0.637207031 -0.0250854492
vt 0.6171875 0.0247039795
vt 0.609375 -0.125366211
vt 0.625976562 -0.078125
vt 0.624511719 -0.0280761719
vt 0.605957031 0.018081665
vt 0.572753906 0.0550231934
vt 0.529296875 0.0783081055
vt 0.578613281 -0.16394043
vt 0.48046875 0.0853271484
vt 0.535644531 -0.189819336
vt 0.432128906 0.075378418
vt 0.486816406 -0.199707031
vt 0.390136719 0.049621582
vt 0.437988281 -0.192260742
vt 0.359375 0.0115127563
vt 0.394287109 -0.168334961
vt 0.343261719 -0.0349731445
vt 0.361572266 -0.130493164
vt 0.343994141 -0.0841064453
vt 0.486572266 -0.178222656
vt 0.444824219 -0.171875
vt 0.407714844 -0.151611328
vt 0.379638672 -0.119812012
vt 0.364990234 -0.0801391602
vt 0.364257812 -0.0382385254
vt 0.527832031 -0.169677734
vt 0.377685547 0.00139045715
vt 0.563964844 -0.147827148
vt 0.404296875 0.0336303711
vt 0.590820312 -0.115112305
vt 0.439941406 0.0553894043
vt 0.604492188 -0.0748901367
vt 0.480957031 0.0640258789
vt 0.604003906 -0.0323181152
vt 0.522460938 0.0581054688
vt 0.587890625 0.00685501099
vt 0.559570312 0.0381774902
vt 0.575683594 -0.0702514648
vt 0.574707031 -0.0383300781
vt 0.563476562 -0.00848388672
vt 0.541992188 0.0161437988
vt 0.513183594 0.031036377
vt 0.481445312 0.0353393555
vt 0.565429688 -0.101074219
vt 0.450439453 0.0285644531
vt 0.545410156 -0.126586914
vt 0.422851562 0.0125656128
vt 0.517578125 -0.142578125
vt 0.403320312 -0.0126266479
vt 0.486328125 -0.149169922
vt 0.392578125 -0.0425415039
vt 0.454345703 -0.14465332
vt 0.392578125 -0.0748901367
vt 0.426025391 -0.129150391
vt 0.404541016 -0.105102539
vt 0.509277344 -0.121398926
vt 0.485839844 -0.126464844
vt 0.461914062 -0.122497559
vt 0.440429688 -0.111206055
vt 0.424560547 -0.0927734375
vt 0.416015625 -0.0703125
vt 0.530273438 -0.108764648
vt 0.415527344 -0.0465087891
vt 0.544921875 -0.0897827148
vt 0.423095703 -0.0238952637
vt 0.552734375 -0.0670166016
vt 0.437988281 -0.00505828857
vt 0.552246094 -0.0428161621
vt 0.458496094 0.00749969482
vt 0.543457031 -0.0203552246
vt 0.482177734 0.0127334595
vt 0.52734375 -0.00263214111
vt 0.506347656 0.00894927979
vt 0.533203125 -0.0469970703
vt 0.526855469 -0.0308837891
vt 0.515136719 -0.0177612305
vt 0.499755859 -0.00963592529
vt 0.482666016 -0.00730895996
vt 0.465820312 -0.010597229
vt 0.533203125 -0.0642700195
vt 0.451171875 -0.0195159912
vt 0.52734375 -0.0805053711
vt 0.440429688 -0.032989502
vt 0.517089844 -0.0941772461
vt 0.434570312 -0.0494384766
vt 0.502441406 -0.103027344
vt 0.435058594 -0.0667724609
vt 0.485351562 -0.106750488
vt 0.44140625 -0.082824707
vt 0.468261719 -0.103820801
vt 0.452880859 -0.0957641602
vt 0.505371094 -0.0810546875
vt 0.495849609 -0.0867919922
vt 0.484863281 -0.0891723633
vt 0.473876953 -0.0873413086
vt 0.463867188 -0.0820922852
vt 0.456542969 -0.0737915039
vt 0.512207031 -0.0722045898
vt 0.452148438 -0.063293457
vt 0.516113281 -0.0616760254
vt 0.452148438 -0.0520019531
vt 0.515625 -0.0504150391
vt 0.455810547 -0.0414123535
vt 0.51171875 -0.0399169922
vt 0.462646484 -0.0325622559
vt 0.50390625 -0.0314941406
vt 0.472412109 -0.0267791748
vt 0.494140625 -0.0262145996
vt 0.483154297 -0.0246887207
vt 0.497558594 -0.0484619141
vt 0.493896484 -0.0443115234
vt 0.484130859 -0.0567932129
vt 0.499755859 -0.0536193848
vt 0.489257812 -0.0416259766
vt 0.483642578 -0.040802002
vt 0.499755859 -0.059173584
vt 0.478271484 -0.0419311523
vt 0.498046875 -0.064453125
vt 0.473632812 -0.0448303223
vt 0.494628906 -0.0687255859
vt 0.469970703 -0.0491333008
vt 0.489990234 -0.0716552734
vt 0.468261719 -0.0543823242
vt 0.484375 -0.0728149414
vt 0.468261719 -0.0599365234
vt 0.479003906 -0.0719604492
vt 0.470458984 -0.0651245117
vt 0.474121094 -0.0693359375
vt 0.899902344 0.323486328
vt 0.848144531 0.326660156
vt 0.8515625 0.342041016
vt 0.892089844 0.310058594
vt 0.938964844 0.289794922
vt 0.802734375 0.326171875
vt 0.80078125 0.342041016
vt 0.927246094 0.279541016
vt 0.963378906 0.245117188
vt 0.762207031 0.311035156
vt 0.755371094 0.325195312
vt 0.948730469 0.239257812
vt 0.970214844 0.197021484
vt 0.731445312 0.28515625
vt 0.719726562 0.295898438
vt 0.954101562 0.196655273
vt 0.961425781 0.151977539
vt 0.7109375 0.251708984
vt 0.695800781 0.257568359
vt 0.946289062 0.157226562
vt 0.938964844 0.112426758
vt 0.702636719 0.212036133
vt 0.686523438 0.211669922
vt 0.926757812 0.123168945
vt 0.903320312 0.0824584961
vt 0.708007812 0.168945312
vt 0.693359375 0.163085938
vt 0.895996094 0.0968017578
vt 0.856933594 0.0653686523
vt 0.729492188 0.128295898
vt 0.717773438 0.117980957
vt 0.854980469 0.081237793
vt 0.805664062 0.0653686523
vt 0.765136719 0.0975341797
vt 0.757324219 0.0840454102
vt 0.809082031 0.080871582
vt 0.723144531 0.21105957
vt 0.728027344 0.175048828
vt 0.745605469 0.141113281
vt 0.775390625 0.114501953
vt 0.812988281 0.101196289
vt 0.851074219 0.101501465
vt 0.73046875 0.244018555
vt 0.885253906 0.114379883
vt 0.747070312 0.271972656
vt 0.910644531 0.13671875
vt 0.772949219 0.293701172
vt 0.927246094 0.164550781
vt 0.806640625 0.306152344
vt 0.934082031 0.197387695
vt 0.844726562 0.306396484
vt 0.929199219 0.233032227
vt 0.881835938 0.293212891
vt 0.911132812 0.266845703
vt 0.811523438 0.280761719
vt 0.840332031 0.280273438
vt 0.867675781 0.269775391
vt 0.890136719 0.250488281
vt 0.904296875 0.225463867
vt 0.908691406 0.198608398
vt 0.785644531 0.271728516
vt 0.904296875 0.173706055
vt 0.766113281 0.255859375
vt 0.892089844 0.15222168
vt 0.752929688 0.234863281
vt 0.872070312 0.136108398
vt 0.748535156 0.209716797
vt 0.846191406 0.127075195
vt 0.752929688 0.182739258
vt 0.816894531 0.127441406
vt 0.766601562 0.157348633
vt 0.789550781 0.138061523
vt 0.771972656 0.227050781
vt 0.768554688 0.208374023
vt 0.772460938 0.188476562
vt 0.783203125 0.170043945
vt 0.800292969 0.15612793
vt 0.8203125 0.147949219
vt 0.78125 0.243041992
vt 0.841796875 0.147216797
vt 0.796386719 0.254638672
vt 0.860839844 0.153442383
vt 0.815917969 0.260742188
vt 0.875976562 0.165161133
vt 0.836914062 0.260009766
vt 0.885742188 0.180908203
vt 0.857421875 0.251953125
vt 0.888671875 0.199829102
vt 0.874023438 0.237915039
vt 0.884765625 0.219604492
vt 0.834472656 0.243286133
vt 0.848632812 0.237426758
vt 0.860351562 0.227661133
vt 0.868164062 0.21484375
vt 0.871582031 0.200927734
vt 0.869628906 0.18762207
vt 0.819335938 0.244140625
vt 0.862792969 0.176147461
vt 0.805664062 0.240112305
vt 0.852050781 0.16796875
vt 0.794921875 0.231933594
vt 0.837890625 0.16394043
vt 0.788085938 0.220703125
vt 0.823242188 0.164672852
vt 0.786132812 0.207275391
vt 0.80859375 0.170532227
vt 0.7890625 0.193237305
vt 0.796875 0.180297852
vt 0.806640625 0.222045898
vt 0.802246094 0.21484375
vt 0.801269531 0.206176758
vt 0.803222656 0.197265625
vt 0.80859375 0.189086914
vt 0.815917969 0.182861328
vt 0.813964844 0.227172852
vt 0.825195312 0.179077148
vt 0.822753906 0.229614258
vt 0.834960938 0.178466797
vt 0.83203125 0.229003906
vt 0.84375 0.180908203
vt 0.841308594 0.225219727
vt 0.850585938 0.186035156
vt 0.849121094 0.218994141
vt 0.854980469 0.193237305
vt 0.854003906 0.21081543
vt 0.855957031 0.201904297
vt 0.834960938 0.214233398
vt 0.838378906 0.211181641
vt 0.828613281 0.203979492
vt 0.830078125 0.216064453
vt 0.840820312 0.20715332
vt 0.842285156 0.202880859
vt 0.825683594 0.216430664
vt 0.841308594 0.198730469
vt 0.821289062 0.215209961
vt 0.839355469 0.1953125
vt 0.817871094 0.212768555
vt 0.8359375 0.192871094
vt 0.815917969 0.209350586
vt 0.831542969 0.191650391
vt 0.815429688 0.205200195
vt 0.827148438 0.192016602
vt 0.81640625 0.200805664
vt 0.822753906 0.193847656
vt 0.818847656 0.196899414
vt 0.75 0.838867188
vt 0.712402344 0.87109375
vt 0.727539062 0.88671875
vt 0.760253906 0.854980469
vt 0.795898438 0.818847656
vt 0.712402344 0.92578125
vt 0.690429688 0.916015625
vt 0.802734375 0.839355469
vt 0.845703125 0.818847656
vt 0.713867188 0.962402344
vt 0.6875 0.963867188
vt 0.844726562 0.843261719
vt 0.890136719 0.836914062
vt 0.7265625 0.993652344
vt 0.700683594 1.00976562
vt 0.877441406 0.859863281
vt 0.925292969 0.868652344
vt 0.749023438 1.01855469
vt 0.736328125 1.04199219
vt 0.899414062 0.885253906
vt 0.938964844 0.914550781
vt 0.78125 1.03515625
vt 0.780761719 1.05957031
vt 0.912597656 0.916015625
vt 0.935546875 0.962402344
vt 0.823242188 1.0390625
vt 0.830566406 1.05957031
vt 0.913574219 0.952636719
vt 0.9140625 1.0078125
vt 0.865722656 1.0234375
vt 0.875976562 1.04003906
vt 0.8984375 0.9921875
vt 0.785644531 1.01757812
vt 0.819335938 1.02050781
vt 0.816894531 0.999023438
vt 0.855957031 1.0078125
vt 0.883300781 0.98046875
vt 0.865234375 0.969238281
vt 0.895019531 0.948242188
vt 0.759765625 1.00390625
vt 0.772460938 0.988769531
vt 0.7421875 0.983886719
vt 0.84375 0.98828125
vt 0.832519531 0.970214844
vt 0.89453125 0.919433594
vt 0.875488281 0.924316406
vt 0.884277344 0.895019531
vt 0.731445312 0.958984375
vt 0.750976562 0.954589844
vt 0.730957031 0.930175781
vt 0.878417969 0.946289062
vt 0.864257812 0.944824219
vt 0.866699219 0.874511719
vt 0.854003906 0.889648438
vt 0.840820312 0.861328125
vt 0.743164062 0.8984375
vt 0.761230469 0.909667969
vt 0.770507812 0.87109375
vt 0.806640625 0.858398438
vt 0.809082031 0.879394531
vt 0.867675781 0.904785156
vt 0.850097656 0.916015625
vt 0.748046875 0.932128906
vt 0.835449219 0.877441406
vt 0.830566406 0.891113281
vt 0.782714844 0.890625
vt 0.793945312 0.908691406
vt 0.762207031 0.93359375
vt 0.841308594 0.903808594
vt 0.822265625 0.9140625
vt 0.811523438 0.8984375
vt 0.77734375 0.919921875
vt 0.786621094 0.936523438
vt 0.768554688 0.94921875
vt 0.776367188 0.962402344
vt 0.804199219 0.925292969
vt 0.812988281 0.939453125
vt 0.831054688 0.928222656
vt 0.83984375 0.941894531
vt 0.758300781 0.973632812
vt 0.795410156 0.950683594
vt 0.803710938 0.964355469
vt 0.857421875 0.929199219
vt 0.784667969 0.974609375
vt 0.795898438 0.987792969
vt 0.821777344 0.953613281
vt 0.849121094 0.958496094
vt 0.814941406 0.979980469
vt 0.791015625 1.00097656
vt 0.875976562 0.610351562
vt 0.8984375 0.658203125
vt 0.9140625 0.643066406
vt 0.865722656 0.626953125
vt 0.830566406 0.590820312
vt 0.913574219 0.697753906
vt 0.935546875 0.687988281
vt 0.823242188 0.611328125
vt 0.780761719 0.590820312
vt 0.912597656 0.734375
vt 0.938964844 0.735839844
vt 0.78125 0.614746094
vt 0.736328125 0.608398438
vt 0.899414062 0.765136719
vt 0.925292969 0.781738281
vt 0.749023438 0.631835938
vt 0.700683594 0.640625
vt 0.877441406 0.790039062
vt 0.890136719 0.813476562
vt 0.7265625 0.656738281
vt 0.6875 0.686523438
vt 0.844726562 0.807128906
vt 0.845703125 0.831542969
vt 0.713867188 0.687988281
vt 0.690429688 0.734375
vt 0.802734375 0.811035156
vt 0.795898438 0.831542969
vt 0.712402344 0.724121094
vt 0.712402344 0.778808594
vt 0.760253906 0.795410156
vt 0.75 0.811523438
vt 0.727539062 0.763671875
vt 0.840820312 0.7890625
vt 0.806640625 0.791992188
vt 0.809082031 0.770996094
vt 0.770507812 0.779296875
vt 0.743164062 0.751953125
vt 0.761230469 0.740722656
vt 0.730957031 0.720214844
vt 0.866699219 0.775878906
vt 0.854003906 0.760742188
vt 0.884277344 0.755371094
vt 0.782714844 0.759765625
vt 0.793945312 0.741699219
vt 0.731445312 0.69140625
vt 0.750976562 0.695800781
vt 0.7421875 0.666503906
vt 0.89453125 0.730957031
vt 0.875488281 0.726074219
vt 0.895019531 0.702148438
vt 0.748046875 0.718261719
vt 0.762207031 0.716308594
vt 0.759765625 0.646484375
vt 0.772460938 0.661621094
vt 0.785644531 0.633300781
vt 0.883300781 0.669921875
vt 0.865234375 0.681152344
vt 0.855957031 0.642578125
vt 0.819335938 0.630371094
vt 0.816894531 0.651367188
vt 0.758300781 0.676757812
vt 0.776367188 0.687988281
vt 0.878417969 0.704101562
vt 0.791015625 0.649414062
vt 0.795898438 0.662597656
vt 0.84375 0.662109375
vt 0.832519531 0.680175781
vt 0.864257812 0.705566406
vt 0.784667969 0.67578125
vt 0.803710938 0.686035156
vt 0.814941406 0.670410156
vt 0.849121094 0.691894531
vt 0.83984375 0.708496094
vt 0.857421875 0.721191406
vt 0.850097656 0.733886719
vt 0.821777344 0.696777344
vt 0.812988281 0.7109375
vt 0.795410156 0.699707031
vt 0.786621094 0.713867188
vt 0.867675781 0.745117188
vt 0.831054688 0.722167969
vt 0.822265625 0.736328125
vt 0.768554688 0.701171875
vt 0.841308594 0.746582031
vt 0.830566406 0.759277344
vt 0.804199219 0.725097656
vt 0.77734375 0.73046875
vt 0.811523438 0.751953125
vt 0.835449219 0.772949219
vt 0.78125 0.23815918
vt 0.76171875 0.256835938
vt 0.748046875 0.291992188
vt 0.776855469 0.295654297
vt 0.743652344 0.343017578
vt 0.810546875 0.299560547
vt 0.815429688 0.234130859
vt 0.85546875 0.303466797
vt 0.858398438 0.241333008
vt 0.900390625 0.254394531
vt 0.772949219 0.346191406
vt 0.740722656 0.395996094
vt 0.806152344 0.349853516
vt 0.770019531 0.397705078
vt 0.739257812 0.44921875
vt 0.769042969 0.44921875
vt 0.740722656 0.502441406
vt 0.803710938 0.399658203
vt 0.852539062 0.400878906
vt 0.854003906 0.352294922
vt 0.901367188 0.35546875
vt 0.770019531 0.500976562
vt 0.743652344 0.555664062
vt 0.802734375 0.44921875
vt 0.772949219 0.552246094
vt 0.748046875 0.606445312
vt 0.803710938 0.498779297
vt 0.852539062 0.497558594
vt 0.806640625 0.548828125
vt 0.776855469 0.603027344
vt 0.78125 0.660644531
vt 0.760742188 0.639648438
vt 0.811035156 0.599121094
vt 0.855957031 0.595214844
vt 0.815917969 0.664550781
vt 0.858398438 0.657226562
vt 0.900390625 0.644042969
vt 0.8515625 0.44921875
vt 0.899902344 0.44921875
vt 0.854003906 0.546386719
vt 0.901367188 0.54296875
vt 0.900390625 0.58984375
vt 0.944824219 0.583007812
vt 0.938476562 0.625
vt 0.96875 0.604492188
vt 0.979492188 0.589355469
vt 0.990234375 0.574707031
vt 1.00097656 0.532714844
vt 0.947753906 0.538574219
vt 0.94921875 0.493652344
vt 1.00585938 0.4921875
vt 1.00683594 0.44921875
vt 0.900878906 0.495849609
vt 0.94921875 0.44921875
vt 0.94921875 0.404785156
vt 1.00585938 0.40625
vt 1.00097656 0.365966797
vt 0.900878906 0.402587891
vt 0.947753906 0.359863281
vt 0.944824219 0.315185547
vt 0.990234375 0.323730469
vt 0.979492188 0.308837891
vt 0.96875 0.293945312
vt 0.938476562 0.2734375
vt 0.900390625 0.30859375
vt 0.844726562 1.19335938
vt 0.850097656 1.1875
vt 0.833984375 1.18164062
vt 0.861328125 1.19628906
vt 0.83203125 1.19238281
vt 0.817871094 1.19335938
vt 0.8359375 1.203125
vt 0.815917969 1.18261719
vt 0.798828125 1.18847656
vt 0.849609375 1.20214844
vt 0.853027344 1.21191406
vt 0.8671875 1.20996094
vt 0.865722656 1.22265625
vt 0.804199219 1.19726562
vt 0.803710938 1.20800781
vt 0.791992188 1.20214844
vt 0.785644531 1.19921875
vt 0.778320312 1.21191406
vt 0.789550781 1.21289062
vt 0.790039062 1.22363281
vt 0.77734375 1.22558594
vt 0.783203125 1.23828125
vt 0.819824219 1.20507812
vt 0.822265625 1.21777344
vt 0.805175781 1.22070312
vt 0.808105469 1.23339844
vt 0.793457031 1.23339844
vt 0.799316406 1.24316406
vt 0.794921875 1.24804688
vt 0.811035156 1.25292969
vt 0.812988281 1.24316406
vt 0.826660156 1.24121094
vt 0.829101562 1.25292969
vt 0.846191406 1.24609375
vt 0.838867188 1.21484375
vt 0.840332031 1.2265625
vt 0.824707031 1.23046875
vt 0.840332031 1.23730469
vt 0.8515625 1.23144531
vt 0.858886719 1.23535156
vt 0.853515625 1.22167969
vt 0.767089844 1.22265625
vt 0.775390625 1.23828125
vt 0.781738281 1.22558594
vt 0.780273438 1.21191406
vt 0.764160156 1.23242188
vt 0.75 1.23242188
vt 0.758789062 1.24121094
vt 0.764160156 1.24707031
vt 0.748535156 1.25292969
vt 0.74609375 1.2421875
vt 0.731933594 1.24121094
vt 0.73046875 1.25195312
vt 0.713378906 1.24609375
vt 0.768066406 1.21289062
vt 0.754882812 1.20800781
vt 0.766113281 1.203125
vt 0.772949219 1.19921875
vt 0.760253906 1.18847656
vt 0.754394531 1.19726562
vt 0.741210938 1.19335938
vt 0.743652344 1.18164062
vt 0.725585938 1.18164062
vt 0.752929688 1.22070312
vt 0.736328125 1.21679688
vt 0.738769531 1.20507812
vt 0.72265625 1.20214844
vt 0.727050781 1.19140625
vt 0.713867188 1.19238281
vt 0.709472656 1.1875
vt 0.697265625 1.19628906
vt 0.708007812 1.20117188
vt 0.704589844 1.2109375
vt 0.691894531 1.20898438
vt 0.692871094 1.22265625
vt 0.733886719 1.22949219
vt 0.717773438 1.2265625
vt 0.719726562 1.21386719
vt 0.704101562 1.22167969
vt 0.706542969 1.23242188
vt 0.700195312 1.23632812
vt 0.718261719 1.23828125
vt 1.09863281 0.7734375
vt 1.10546875 0.766113281
vt 1.09765625 0.764160156
vt 1.10546875 0.757324219
vt 1.09570312 0.768554688
vt 1.08984375 0.76953125
vt 1.08984375 0.777832031
vt 1.09277344 0.765136719
vt 1.09667969 0.759765625
vt 1.0859375 0.769042969
vt 1.08398438 0.777832031
vt 1.09082031 0.762695312
vt 1.09179688 0.753417969
vt 1.10058594 0.747070312
vt 1.09082031 0.739746094
vt 1.08691406 0.759765625
vt 1.08203125 0.767578125
vt 1.08007812 0.776855469
vt 1.08496094 0.748535156
vt 1.07714844 0.765625
vt 1.07519531 0.775878906
vt 1.08105469 0.756347656
vt 1.07714844 0.745117188
vt 1.08007812 0.735351562
vt 1.06835938 0.733886719
vt 1.07421875 0.754394531
vt 1.07226562 0.764648438
vt 1.0703125 0.774902344
vt 1.06738281 0.743652344
vt 1.06640625 0.763671875
vt 1.06542969 0.774414062
vt 1.06640625 0.753417969
vt 1.05761719 0.744140625
vt 1.05664062 0.734375
vt 1.04492188 0.737792969
vt 1.05859375 0.753417969
vt 1.06054688 0.763671875
vt 1.06054688 0.774414062
vt 1.04785156 0.746582031
vt 1.05371094 0.764648438
vt 1.05566406 0.775390625
vt 1.05078125 0.755371094
vt 1.0390625 0.751464844
vt 1.03320312 0.743652344
vt 1.02441406 0.753417969
vt 1.04394531 0.758300781
vt 1.046875 0.766601562
vt 1.04980469 0.776367188
vt 1.03222656 0.7578125
vt 1.04003906 0.769042969
vt 1.04199219 0.777832031
vt 1.03710938 0.762695312
vt 1.02929688 0.763671875
vt 1.02148438 0.763183594
vt 1.02636719 0.771972656
vt 1.03417969 0.765136719
vt 1.03515625 0.770019531
vt 1.03417969 0.77734375
vt 1.03027344 0.768066406
vt 0.87890625 1.22753906
vt 0.872070312 1.21972656
vt 0.869140625 1.22265625
vt 0.86328125 1.21484375
vt 0.879394531 1.22265625
vt 0.885742188 1.22753906
vt 0.884277344 1.22265625
vt 0.890625 1.2265625
vt 0.889160156 1.22167969
vt 0.895507812 1.22558594
vt 0.894042969 1.21972656
vt 0.900390625 1.22460938
vt 0.899902344 1.21875
vt 0.905761719 1.22460938
vt 0.905761719 1.21875
vt 0.911132812 1.22460938
vt 0.911621094 1.21875
vt 0.916992188 1.22558594
vt 0.91796875 1.21972656
vt 0.923828125 1.2265625
vt 0.924804688 1.22070312
vt 0.931640625 1.22753906
vt 0.932128906 1.22265625
vt 0.939941406 1.2265625
vt 0.887207031 1.21679688
vt 0.892578125 1.21484375
vt 0.898925781 1.21386719
vt 0.905273438 1.21289062
vt 0.912109375 1.21289062
vt 0.919433594 1.21386719
vt 0.926269531 1.21582031
vt 0.8828125 1.21875
vt 0.878417969 1.21972656
vt 0.873535156 1.21875
vt 0.868164062 1.21386719
vt 0.871582031 1.21386719
vt 0.875976562 1.21582031
vt 0.878417969 1.21289062
vt 0.869140625 1.20703125
vt 0.864257812 1.20507812
vt 0.873046875 1.20898438
vt 0.883300781 1.20898438
vt 0.875 1.19921875
vt 0.87109375 1.1953125
vt 0.877929688 1.203125
vt 0.889648438 1.20605469
vt 0.883300781 1.19335938
vt 0.880859375 1.18847656
vt 0.885742188 1.19824219
vt 0.896972656 1.20410156
vt 0.893554688 1.18945312
vt 0.892089844 1.18457031
vt 0.895019531 1.19433594
vt 0.905273438 1.20214844
vt 0.904296875 1.18847656
vt 0.904296875 1.18261719
vt 0.904785156 1.19335938
vt 0.913574219 1.203125
vt 0.915527344 1.18847656
vt 0.916015625 1.18359375
vt 0.914550781 1.19335938
vt 0.921875 1.20410156
vt 0.926269531 1.19140625
vt 0.927734375 1.18652344
vt 0.924316406 1.19628906
vt 0.9296875 1.20800781
vt 0.936523438 1.19628906
vt 0.938964844 1.19238281
vt 0.93359375 1.20019531
vt 0.933105469 1.21875
vt 0.944335938 1.20410156
vt 0.948730469 1.20117188
vt 0.940917969 1.20703125
vt 0.936035156 1.21191406
vt 0.938964844 1.22265625
vt 0.947265625 1.21191406
vt 0.951660156 1.2109375
vt 0.948242188 1.22070312
vt 0.9453125 1.21777344
vt 0.938964844 1.21875
vt 0.943359375 1.21679688
vt 0.944335938 1.21289062
vt 0.939941406 1.21386719
vn 0.134388834 -0.0255322047 -0.990599692
vn 0.137490362 0 -0.990503192
vn 0.134418488 0.0255114753 -0.990596175
vn 0.128335699 -0.0490502007 -0.990516961
vn 0.12839964 0.0490398668 -0.990509272
vn 0.120736979 -0.0701759905 -0.990200937
vn 0.120763421 0.0702286661 -0.990193903
vn 0.102895528 0.102962568 -0.989348888
vn 0.10296271 -0.102895401 -0.989348888
vn 0.0702286959 -0.120763347 -0.990194023
vn 0.0701759979 0.120736912 -0.990200937
vn 0.0490501411 0.128335774 -0.990516961
vn 0.0490398891 -0.128399715 -0.990509272
vn 0.0255115014 -0.134418622 -0.990596175
vn 0.0255319159 0.13438879 -0.990599692
vn -0 -0.137490436 -0.990503192
vn -0 0.137490064 -0.990503192
vn -0.0255322307 -0.134388879 -0.990599692
vn -0.0255111251 0.134418309 -0.990596175
vn -0.049050115 -0.128335714 -0.99051708
vn -0.0490397662 0.12839964 -0.990509272
vn -0.0701758191 -0.120737121 -0.990200937
vn -0.0702286214 0.120763361 -0.990194023
vn -0.102962635 0.102895394 -0.989348888
vn -0.102895409 -0.102962665 -0.989348888
vn -0.120763488 -0.0702285096 -0.990194023
vn -0.120736942 0.0701760352 -0.990200937
vn -0.128335699 0.0490501709 -0.990516961
vn -0.128399685 -0.0490397289 -0.990509272
vn -0.134418622 -0.0255114827 -0.990596175
vn -0.134388953 0.0255322922 -0.990599692
vn -0.137490407 0 -0.990503192
vn 1.14668637E-05 0.507537127 -0.861629903
vn -0 0.137490064 -0.990503192
vn 0.0255319159 0.13438879 -0.990599692
vn 0.0953611508 0.498645872 -0.861544251
vn -0 0.865098834 -0.501601517
vn 0.0490501411 0.128335774 -0.990516961
vn 0.164051861 0.850949287 -0.498971224
vn -0 0.990049481 -0.14071995
vn 0.184223667 0.47782743 -0.858919382
vn 0.0701759979 0.120736912 -0.990200937
vn 0.268606365 0.446831465 -0.853341818
vn 0.102895528 0.102962568 -0.989348888
vn 0.318038881 0.812901378 -0.487896025
vn 0.189842343 0.972341955 -0.136054993
vn 0.376039296 0.37611261 -0.846837521
vn 0.120763421 0.0702286661 -0.990193903
vn 0.193071976 0.980124235 0.0456023291
vn -0 0.999044716 0.0436984226
vn 0.193588376 0.961793721 0.19358851
vn -0 0.980875969 0.19463405
vn -0 0.924681723 0.38074106
vn 0.465098351 0.751613915 -0.467717797
vn 0.369307339 0.921661615 -0.118962638
vn 0.446864545 0.268668145 -0.853305042
vn 0.12839964 0.0490398668 -0.990509272
vn 0.377205104 0.924648762 0.0523538142
vn 0.629840434 0.629856169 -0.454513341
vn 0.536800504 0.839014411 -0.0888823941
vn 0.477905929 0.184212178 -0.858878255
vn 0.134418488 0.0255114753 -0.990596175
vn 0.751621604 0.465111285 -0.467692763
vn 0.70529151 0.705292642 -0.0715975612
vn 0.498682827 0.0953368396 -0.861525536
vn 0.137490362 0 -0.990503192
vn 0.812918484 0.318035781 -0.487869591
vn 0.507537484 -1.14123841E-05 -0.861629725
vn 0.134388834 -0.0255322047 -0.990599692
vn 0.547913074 0.834067583 0.0642070919
vn 0.547239542 0.819317937 0.171017662
vn 0.839014351 0.5368011 -0.088879399
vn 0.850957334 0.164045975 -0.498959512
vn 0.49864611 -0.0953617096 -0.861544073
vn 0.128335699 -0.0490502007 -0.990516961
vn 0.705305934 0.705305934 0.0713241175
vn 0.834067643 0.547912896 0.0642070472
vn 0.819317937 0.547239542 0.171017706
vn 0.921662092 0.369306684 -0.118959926
vn 0.865098655 0 -0.501601815
vn 0.47782734 -0.184223846 -0.858919382
vn 0.120736979 -0.0701759905 -0.990200937
vn 0.924648762 0.377205104 0.0523537174
vn 0.972342193 0.189841866 -0.136054307
vn 0.850949049 -0.164052069 -0.498971581
vn 0.446991086 -0.269093245 -0.85310483
vn 0.10296271 -0.102895401 -0.989348888
vn 0.990049362 0 -0.14072077
vn 0.812901139 -0.31803897 -0.487896472
vn 0.377058655 -0.379359543 -0.844933748
vn 0.0702286959 -0.120763347 -0.990194023
vn 0.980124235 0.193072006 0.0456021763
vn 0.961793721 0.19358851 0.193588376
vn 0.972341835 -0.189842463 -0.136055812
vn 0.751519263 -0.472772449 -0.460114211
vn 0.271475464 -0.447780818 -0.851935089
vn 0.0490398891 -0.128399715 -0.990509272
vn 0.999044716 0 0.0436981693
vn 0.980124235 -0.193072081 0.0456021652
vn 0.961793602 -0.193588585 0.193588361
vn 0.921661496 -0.36930722 -0.118963405
vn 0.644946456 -0.631869614 -0.429866105
vn 0.184211984 -0.477906048 -0.858878136
vn 0.0255115014 -0.134418622 -0.990596175
vn 0.924648762 -0.377205104 0.0523537062
vn 0.831686437 -0.548565447 -0.0858697072
vn 0.980875969 0 0.194633886
vn 0.924681842 0 0.38074097
vn 0.477341205 -0.750938058 -0.456330359
vn 0.626004755 -0.761266112 -0.169091687
vn 0.716979802 -0.695126772 -0.0523331501
vn 0.318035722 -0.812918723 -0.487869322
vn 0.826045632 -0.560274303 0.0611667372
vn 0.812127531 -0.557896316 0.170881659
vn 0.718989491 -0.691904187 0.0657469183
vn 0.709250152 -0.688656747 0.150718898
vn 0.682846844 -0.669273317 0.292905182
vn 0.0953368843 -0.498682797 -0.861525536
vn -0 -0.137490436 -0.990503192
vn 0.164046124 -0.850957394 -0.498959154
vn -1.143591E-05 -0.507537603 -0.861629605
vn -0 -0.865098894 -0.501601338
vn 0.906933129 -0.378260612 0.185448602
vn 0.857888222 -0.363337249 0.3633371
vn 0.779468656 -0.531243861 0.33197692
vn 0.71511364 -0.493087918 0.49545607
vn 0.629421234 -0.643418431 0.435708106
vn 0.906933188 -0.185448647 0.378260463
vn 0.819317937 -0.171017617 0.547239482
vn 0.778378487 -0.3396447 0.527985334
vn 0.638639033 -0.549889147 0.538295567
vn 0.640395939 -0.549159586 0.536951363
vn 0.642456293 -0.503983855 0.577278256
vn 0.589946032 -0.548765957 0.592300236
vn 0.688135147 -0.423307538 0.589305282
vn 0.560586274 -0.612356007 0.557461321
vn 0.696088135 -0.418116182 0.583644032
vn 0.521602631 -0.555480182 0.647589862
vn 0.502846479 -0.622341633 0.599863589
vn 0.415313393 -0.62834692 0.657795489
vn 0.434508592 -0.564599812 0.701733112
vn 0.296824843 -0.652689219 0.697059393
vn 0.682285666 -0.404597133 0.608923137
vn 0.359829783 -0.567438364 0.740632355
vn 0.671643555 -0.309645683 0.673063517
vn 0.614007354 -0.404874533 0.67754817
vn 0.294195443 -0.545535982 0.784754515
vn 0.168986559 -0.551753998 0.816707551
vn 0.15617162 -0.672499359 0.723432899
vn -0 -0.680729866 0.732534528
vn -0 -0.557491839 0.830182433
vn 0.346967876 -0.55195713 0.758258939
vn -0 -0.400882661 0.91612947
vn 0.357361555 -0.383238524 0.851716518
vn 0.365743548 -0.497454703 0.786619663
vn 0.44263494 -0.432734072 0.785376012
vn 0.514998078 -0.420496881 0.74696672
vn 0.186276853 -0.400369227 0.89722091
vn 0.193588585 -0.193588346 0.961793602
vn -0 -0.194633886 0.980875969
vn -0 0 1
vn 0.530792654 -0.337879688 0.777236521
vn 0.547239482 -0.171017617 0.819317937
vn 0.59322989 -0.406298637 0.694981694
vn 0.378260612 -0.185448602 0.906933129
vn 0.38074106 0 0.924681723
vn 0.19463405 0 0.980875969
vn 0.19358851 0.193588376 0.961793721
vn -0 0.194633886 0.980875969
vn -0 0.38074097 0.924681842
vn 0.698404253 -0.15640682 0.698404193
vn 0.70710665 0 0.707106888
vn 0.552717745 0 0.83336848
vn 0.547239542 0.171017706 0.819317937
vn 0.378260642 0.185448617 0.906933129
vn 0.363337249 0.3633371 0.857888222
vn 0.185448617 0.378260493 0.906933188
vn 0.171017662 0.547239542 0.819317937
vn -0 0.552717865 0.83336848
vn -0 0.707106769 0.707106709
vn 0.83336848 0 0.552717865
vn 0.819317937 0.171017662 0.547239542
vn 0.698404193 0.156406924 0.698404193
vn 0.672530949 0.308875978 0.67253077
vn 0.526086092 0.336703151 0.780938148
vn 0.490732878 0.490732729 0.719974101
vn 0.336703241 0.526085973 0.780938208
vn 0.308875978 0.67253077 0.672530949
vn 0.156406924 0.698404193 0.698404193
vn 0.171017706 0.819317937 0.547239542
vn -0 0.83336848 0.552717745
vn 0.185448617 0.906933129 0.378260642
vn 0.3633371 0.857888222 0.363337249
vn 0.336703151 0.780938148 0.526086092
vn 0.490732729 0.719974101 0.490732878
vn 0.452704787 0.630499005 0.630499303
vn 0.577350259 0.577350318 0.577350259
vn 0.378260493 0.906933188 0.185448617
vn 0.630499303 0.452704787 0.630499005
vn 0.719974101 0.490732878 0.490732729
vn 0.630499005 0.630499303 0.452704787
vn 0.67253077 0.672530949 0.308875978
vn 0.526085973 0.780938208 0.336703241
vn 0.780938208 0.336703241 0.526085973
vn 0.857888222 0.363337249 0.3633371
vn 0.780938148 0.526086092 0.336703151
vn 0.698404193 0.698404193 0.156406924
vn 0.906933188 0.185448617 0.378260493
vn 0.906933129 0.378260642 0.185448617
vn -1.143591E-05 -0.507537603 -0.861629605
vn -0 -0.137490436 -0.990503192
vn -0.0255322307 -0.134388879 -0.990599692
vn -0.0953615457 -0.49864623 -0.861544073
vn -0 -0.865098894 -0.501601338
vn -0.049050115 -0.128335714 -0.99051708
vn -0.16405192 -0.850949466 -0.498970836
vn -0.184223786 -0.477827638 -0.858919203
vn -0.0701758191 -0.120737121 -0.990200937
vn -0.318039089 -0.812901676 -0.487895548
vn -0.271414578 -0.447748512 -0.851971447
vn -0.102895409 -0.102962665 -0.989348888
vn -0.476632833 -0.75120312 -0.456634462
vn -0.376985252 -0.379433602 -0.844933331
vn -0.120763488 -0.0702285096 -0.990194023
vn -0.646158457 -0.629908025 -0.430923641
vn -0.622674048 -0.760440409 -0.184411481
vn -0.717297137 -0.694874585 -0.0513229184
vn -0.447024852 -0.269156188 -0.853067279
vn -0.128399685 -0.0490397289 -0.990509272
vn -0.751526952 -0.472786486 -0.460087061
vn -0.477906376 -0.184211984 -0.858877957
vn -0.134418622 -0.0255114827 -0.990596175
vn -0.498683304 -0.0953369886 -0.861525297
vn -0.137490407 0 -0.990503192
vn -0.81291914 -0.318035841 -0.487868369
vn -0.831686258 -0.548566461 -0.0858650133
vn -0.507537961 1.16117353E-05 -0.861629367
vn -0.134388953 0.0255322922 -0.990599692
vn -0.826045454 -0.560274422 0.0611673519
vn -0.718989372 -0.691904247 0.065747261
vn -0.812127531 -0.557896376 0.170881689
vn -0.709250152 -0.688656747 0.150718912
vn -0.682846844 -0.669273257 0.292905211
vn -0.921662271 -0.369306833 -0.11895819
vn -0.85095793 -0.164046139 -0.49895829
vn -0.498646528 0.0953616649 -0.861543894
vn -0.128335699 0.0490501709 -0.990516961
vn -0.924648762 -0.377205074 0.0523545519
vn -0.865099251 0 -0.501600742
vn -0.972342432 -0.189841777 -0.136052504
vn -0.477827877 0.184223801 -0.858919144
vn -0.120736942 0.0701760352 -0.990200937
vn -0.850949705 0.164051905 -0.498970509
vn -0.990049601 0 -0.140719101
vn -0.446831733 0.268606633 -0.853341639
vn -0.102962635 0.102895394 -0.989348888
vn -0.812901855 0.318038881 -0.48789537
vn -0.376113027 0.376039356 -0.846837223
vn -0.0702286214 0.120763361 -0.990194023
vn -0.980124235 -0.193071872 0.0456030071
vn -0.961793721 -0.19358851 0.193588376
vn -0.972342193 0.189842224 -0.136054203
vn -0.751614273 0.465098709 -0.467716992
vn -0.268668532 0.446864992 -0.853304803
vn -0.0490397662 0.12839964 -0.990509272
vn -0.999044716 0 0.0436989665
vn -0.980124235 0.193071961 0.0456029996
vn -0.961793602 0.193588585 0.193588361
vn -0.921661794 0.369307131 -0.118961796
vn -0.629856527 0.629840732 -0.454512388
vn -0.184212103 0.477906287 -0.858878076
vn -0.0255111251 0.134418309 -0.990596175
vn -0.924648762 0.377205044 0.0523545444
vn -0.839014411 0.536800623 -0.0888812467
vn -0.465111375 0.751621962 -0.467691928
vn -0.0953366011 0.498682797 -0.861525536
vn -0 0.137490064 -0.990503192
vn 1.14668637E-05 0.507537127 -0.861629903
vn -0.705292463 0.705291748 -0.0715963691
vn -0.31803596 0.812918842 -0.487868786
vn -0.164046183 0.850957572 -0.498958826
vn -0 0.865098834 -0.501601517
vn -0.5368011 0.839014411 -0.0888783187
vn -0.189841941 0.972342312 -0.136053145
vn -0 0.990049481 -0.14071995
vn -0.369306892 0.921662211 -0.118958786
vn -0.193071872 0.980124235 0.0456026755
vn -0 0.999044716 0.0436984226
vn -0.193588361 0.961793602 0.193588585
vn -0 0.980875969 0.19463405
vn -0 0.924681723 0.38074106
vn -0.377205044 0.924648762 0.0523542836
vn -0.547913015 0.834067583 0.0642075688
vn -0.547239542 0.819317937 0.171017617
vn -0.705305815 0.705305934 0.0713247731
vn -0.378260523 0.906933188 0.185448676
vn -0.36333707 0.857888222 0.363337219
vn -0.185448602 0.906933129 0.378260612
vn -0.171017617 0.819317937 0.547239482
vn -0 0.83336848 0.552717745
vn -0 0.707106769 0.707106709
vn -0.834067583 0.547913015 0.0642078072
vn -0.819317937 0.547239542 0.171017617
vn -0.698404193 0.698404253 0.15640682
vn -0.67253077 0.672530949 0.308875948
vn -0.526085973 0.780938148 0.336703211
vn -0.490732729 0.71997416 0.490732819
vn -0.336703151 0.780938208 0.526086032
vn -0.308875948 0.67253077 0.672530949
vn -0.906933129 0.378260612 0.185448602
vn -0.857888222 0.363337249 0.3633371
vn -0.780938208 0.526086032 0.336703151
vn -0.71997416 0.490732789 0.490732729
vn -0.15640682 0.698404193 0.698404253
vn -0.171017602 0.547239482 0.819317937
vn -0 0.552717865 0.83336848
vn -0 0.38074097 0.924681842
vn -0.630499125 0.630499244 0.452704847
vn -0.577350259 0.577350259 0.577350259
vn -0.452704847 0.630499125 0.630499244
vn -0.490732819 0.490732729 0.71997416
vn -0.336703211 0.526085973 0.780938148
vn -0.363337219 0.36333707 0.857888222
vn -0.185448676 0.378260523 0.906933188
vn -0.193588585 0.193588346 0.961793602
vn -0 0.194633886 0.980875969
vn -0 0 1
vn -0.630499244 0.452704847 0.630499125
vn -0.672530949 0.308875948 0.67253077
vn -0.526086032 0.336703151 0.780938208
vn -0.547239482 0.171017617 0.819317937
vn -0.378260612 0.185448602 0.906933129
vn -0.380741119 0 0.924681723
vn -0.194634065 0 0.980875969
vn -0.19358851 -0.193588376 0.961793721
vn -0 -0.194633886 0.980875969
vn -0 -0.400882661 0.91612947
vn -0.780938208 0.336703151 0.526085913
vn -0.819317937 0.171017617 0.547239482
vn -0.698404253 0.15640682 0.698404193
vn -0.70710665 0 0.707106888
vn -0.552717745 0 0.83336848
vn -0.547239542 -0.171017706 0.819317937
vn -0.378260642 -0.185448617 0.906933129
vn -0.357361615 -0.383238554 0.851716459
vn -0.186276779 -0.400369197 0.89722091
vn -0.168986589 -0.551753938 0.816707551
vn -0 -0.557491839 0.830182433
vn -0 -0.680729866 0.732534528
vn -0.15617165 -0.672499359 0.723432839
vn -0.296824992 -0.652689159 0.697059333
vn -0.294195563 -0.545535922 0.784754395
vn -0.346968025 -0.55195719 0.758258879
vn -0.359830171 -0.567438185 0.740632236
vn -0.365743876 -0.497454554 0.786619663
vn -0.415313393 -0.628346503 0.657795906
vn -0.434508711 -0.564598799 0.701733947
vn -0.50284636 -0.622340858 0.599864364
vn -0.521602333 -0.555478632 0.647591352
vn -0.442635685 -0.432734072 0.785375714
vn -0.560586333 -0.61235559 0.557461858
vn -0.589946091 -0.548765123 0.592300951
vn -0.64039588 -0.549159229 0.5369519
vn -0.629421294 -0.643418431 0.435708284
vn -0.514997602 -0.420497745 0.7469666
vn -0.638638616 -0.549888313 0.5382967
vn -0.715113282 -0.493087441 0.495457083
vn -0.642454922 -0.503980756 0.577282429
vn -0.688134313 -0.423307866 0.589305937
vn -0.530792594 -0.337880045 0.777236283
vn -0.593229353 -0.406299353 0.694981813
vn -0.614007413 -0.40487498 0.677547932
vn -0.671643496 -0.309645832 0.673063457
vn -0.682285428 -0.404597372 0.608923197
vn -0.779468656 -0.531243801 0.33197692
vn -0.857888222 -0.363337249 0.3633371
vn -0.778378308 -0.339644879 0.527985334
vn -0.819317937 -0.171017662 0.547239542
vn -0.696087837 -0.418117195 0.583643556
vn -0.698404193 -0.156406924 0.698404193
vn -0.906933129 -0.378260642 0.185448617
vn -0.83336848 0 0.552717865
vn -0.924681842 0 0.38074097
vn -0.906933188 -0.185448617 0.378260493
vn -0.906933188 0.185448647 0.378260463
vn -0.980875969 0 0.194633886
vn 0.251612574 -0.0486699082 -0.966603577
vn 0.267885864 0.0404156372 -0.962602615
vn 0.250026226 0.118159615 -0.96100229
vn 0.196109891 -0.13979733 -0.970565557
vn 0.201298222 0.181315348 -0.962602615
vn 0.100000665 -0.211602047 -0.97222656
vn 0.122137547 0.22529915 -0.966603637
vn -0.0164940115 -0.240271047 -0.970565677
vn 0.016494086 0.240270853 -0.970565796
vn -0.122137368 -0.225299284 -0.966603637
vn -0.100000381 0.211601794 -0.972226679
vn -0.201298445 -0.18131566 -0.962602496
vn -0.196109787 0.139797285 -0.970565677
vn -0.250027001 -0.118159771 -0.961001933
vn -0.251612216 0.0486699939 -0.966603577
vn -0.26788649 -0.0404154323 -0.962602496
vn 0.250026703 -0.118159533 -0.961002052
vn 0.267886609 -0.0404156707 -0.962602377
vn 0.251612216 0.048669856 -0.966603577
vn 0.196109295 0.1397973 -0.970565796
vn 0.201298326 -0.181315467 -0.962602615
vn 0.100000516 0.211601913 -0.97222656
vn 0.122137353 -0.225299299 -0.966603637
vn -0.0164939761 0.240271047 -0.970565677
vn 0.0164938271 -0.240271375 -0.970565557
vn -0.122137517 0.225299343 -0.966603637
vn -0.100000776 -0.211602226 -0.972226441
vn -0.20129855 0.18131566 -0.962602496
vn -0.19611001 -0.139797181 -0.970565557
vn -0.250026852 0.118159488 -0.961002052
vn -0.251613051 -0.0486697853 -0.966603339
vn -0.267886847 0.0404154211 -0.962602258
vn -0.471694946 -0.495553583 -0.729335725
vn -0.757260144 -0.584032536 -0.292340726
vn -0.660942256 -0.708925962 -0.246128783
vn -0.856707215 -0.495069593 0.144771576
vn -0.332852721 -0.703733981 -0.627668381
vn -0.132344902 -0.289460272 -0.947996616
vn -0.725625753 -0.663136303 0.183623269
vn -0.818382919 -0.289717674 0.496299475
vn 0.0480357632 -0.597470045 -0.800451159
vn 0.115071967 -0.118453287 -0.986269295
vn -0.438392848 -0.888990223 -0.13231805
vn -0.146555975 -0.926015735 -0.347873896
vn 0.324226618 -0.470656306 -0.820584953
vn 0.3026115 -0.00932092499 -0.953068435
vn 0.193730488 -0.857648075 -0.476348937
vn 0.526886344 -0.367524117 -0.766365945
vn 0.466501236 0.064903371 -0.882136106
vn 0.442427337 -0.75461328 -0.484578967
vn 0.239043906 -0.965291619 -0.105214372
vn -0.0481455624 -0.998312831 0.0324578695
vn -0.418809474 -0.890453756 0.178018793
vn 0.682288885 -0.284315974 -0.673532665
vn 0.644883573 0.151604041 -0.749093711
vn 0.620020092 -0.661893249 -0.421274811
vn 0.446740597 -0.888470948 -0.105080925
vn 0.220189542 -0.961209714 0.166109517
vn 0.823736191 -0.196739927 -0.531744421
vn 0.798503458 0.257832885 -0.543980122
vn 0.742029667 -0.57883215 -0.338150144
vn 0.0144561417 -0.941675782 0.336210728
vn 0.576209605 -0.816344917 -0.0395400375
vn 0.349447399 -0.906210721 0.238051772
vn 0.933989167 -0.0944560766 -0.344590008
vn 0.873457789 0.355182797 -0.333041579
vn 0.836153924 -0.495168507 -0.235912532
vn 0.65564847 -0.754826307 0.0190344695
vn 0.437498987 -0.847305298 0.301111817
vn 0.141447216 -0.848144352 0.510532975
vn -0.308354586 -0.81427592 0.491804928
vn 0.983702183 0.000177042908 -0.17980513
vn 0.884080708 0.453368366 -0.113394469
vn 0.909859121 -0.397628218 -0.118525654
vn 0.706808865 -0.704564452 0.0633269921
vn 0.476681173 -0.810264528 0.340949297
vn -0.626460969 -0.563804209 0.538211346
vn 0.993386567 0.113573641 -0.0168579426
vn 0.842156649 0.525260329 0.121957645
vn 0.951215088 -0.307828307 -0.0207763929
vn 0.754953325 -0.648169219 0.0996094793
vn -0.15241532 -0.693382382 0.704265952
vn -0.462342381 -0.411507607 0.785430491
vn -0.684010386 -0.0687610134 0.726224363
vn 0.227175117 -0.778436244 0.585173965
vn 0.475971699 -0.809178114 0.344502002
vn -0.343108237 -0.30420211 0.888671935
vn -0.584169865 0.0470491908 0.810266554
vn -0.0444312133 -0.600585938 0.798324823
vn 0.239401177 -0.751448452 0.614827037
vn -0.345716834 -0.298738986 0.88951391
vn -0.605802298 0.0272495709 0.795148373
vn -0.0423370376 -0.577045619 0.815613747
vn 0.180769593 -0.785444498 0.591945291
vn 0.473411351 -0.819252074 0.323585629
vn -0.444269836 -0.38769275 0.807662427
vn -0.708759665 -0.0786998644 0.701046348
vn -0.133296892 -0.634150267 0.761633396
vn -0.542512953 -0.496418625 0.677678525
vn -0.798120975 -0.17898488 0.575297654
vn 0.110827968 -0.840781987 0.529908359
vn -0.23565951 -0.715232134 0.657957077
vn 0.799841285 -0.582753658 0.143709004
vn -0.576344967 -0.536079466 0.616802394
vn -0.821347773 -0.198519528 0.534768939
vn -0.270397872 -0.747733653 0.606448114
vn 0.0989827514 -0.852361262 0.513500392
vn 0.500487506 -0.797032773 0.338010252
vn 0.973392487 -0.208905116 0.0941580385
vn -0.512603462 -0.466301143 0.72097218
vn -0.751535773 -0.113656752 0.649827659
vn -0.202645361 -0.698302686 0.686518908
vn 0.157629535 -0.80136764 0.577029288
vn 0.83599478 -0.498988032 0.22830601
vn 0.549382985 -0.731766164 0.403356761
vn 0.95338881 0.237326488 0.18634887
vn -0.281204939 -0.247179881 0.927267909
vn -0.496310622 0.0932098106 0.863126636
vn 0.0206090733 -0.522333622 0.852492154
vn 0.350031376 -0.647441745 0.676976621
vn 0.589847982 -0.64034915 0.491967767
vn 0.814843059 -0.420634508 0.398870111
vn 0.954712391 -0.102987781 0.279137403
vn 0.829318762 0.350600958 0.435097039
vn 0.72809881 0.564581215 0.388741612
vn 0.852450371 -0.010139457 0.522709727
vn 0.653733075 -0.386247367 0.650727332
vn 0.359230191 -0.224457219 0.905854642
vn 0.638015747 0.0591695793 0.767746508
vn 0.54289335 0.354041189 0.761525869
vn 0.452877432 0.536210954 0.712305963
vn -0.0227520801 0.361203909 0.932209253
vn 0.115038022 0.0926481038 0.989031136
vn 0.471694559 -0.495553285 -0.729336083
vn 0.660942793 -0.708925426 -0.246128723
vn 0.757259369 -0.584033668 -0.292340487
vn 0.856706858 -0.495070457 0.144770861
vn 0.332853705 -0.703733802 -0.627668083
vn 0.132344738 -0.289459437 -0.947996855
vn 0.725625813 -0.663136482 0.183622614
vn 0.818382978 -0.289717495 0.496299267
vn -0.0480358601 -0.597469568 -0.800451636
vn -0.115071334 -0.118453003 -0.986269414
vn 0.438392401 -0.888990462 -0.132318199
vn 0.146555856 -0.926016033 -0.347873151
vn -0.324226707 -0.470656544 -0.820584893
vn -0.302611142 -0.00932046957 -0.953068554
vn -0.193730265 -0.857648611 -0.476348132
vn -0.526886344 -0.367524683 -0.766365588
vn -0.466501296 0.064903833 -0.882136106
vn -0.442427427 -0.754613698 -0.484578401
vn -0.239043832 -0.965291739 -0.105214149
vn 0.0481451713 -0.998312831 0.0324576497
vn 0.418809652 -0.890453696 0.178018749
vn -0.682289124 -0.284316093 -0.673532546
vn -0.644883692 0.15160428 -0.749093473
vn -0.620019972 -0.661893308 -0.421274811
vn -0.446740776 -0.888470948 -0.105080374
vn -0.220189631 -0.961209834 0.166108713
vn -0.823736072 -0.196739748 -0.531744599
vn -0.798503399 0.257832736 -0.5439803
vn -0.742029309 -0.578832328 -0.338150233
vn -0.0144562181 -0.94167608 0.336209863
vn -0.576209784 -0.816344798 -0.0395399407
vn -0.349448234 -0.906210363 0.238051951
vn -0.933989167 -0.0944555625 -0.344590276
vn -0.873457849 0.355182528 -0.333041579
vn -0.836153924 -0.495168597 -0.235912189
vn -0.655648589 -0.754826307 0.0190344341
vn -0.437499017 -0.847305119 0.301112354
vn -0.141447708 -0.848144531 0.510532439
vn -0.983702183 0.000177834605 -0.179805174
vn -0.884080827 0.453368217 -0.113394156
vn -0.909858882 -0.397628576 -0.118525691
vn -0.706808746 -0.704564512 0.0633268356
vn -0.476680815 -0.810264826 0.340949178
vn -0.993386447 0.113574095 -0.0168580133
vn -0.842156589 0.525260627 0.12195719
vn -0.951215088 -0.307828099 -0.0207767896
vn -0.754953325 -0.648169339 0.0996091515
vn -0.227175459 -0.778436542 0.585173309
vn -0.475971937 -0.809178412 0.344501078
vn -0.239400774 -0.751448393 0.614827275
vn -0.95338881 0.237327009 0.18634817
vn -0.973392487 -0.208904803 0.0941578969
vn -0.799841046 -0.582753837 0.143709049
vn -0.473412126 -0.819251657 0.323585659
vn -0.180768967 -0.785444319 0.591945827
vn -0.829318345 0.350602061 0.435096949
vn -0.728099108 0.564581335 0.388741165
vn -0.542892396 0.354041785 0.761526346
vn -0.452877283 0.536210358 0.712306559
vn 0.0227518603 0.361203253 0.932209432
vn -0.11503721 0.0926483348 0.989031136
vn 0.496310234 0.093210116 0.863126934
vn -0.638015091 0.0591711923 0.767746985
vn -0.85245049 -0.0101390509 0.522709727
vn 0.281204402 -0.247179538 0.927268207
vn 0.751535475 -0.113656253 0.649828255
vn -0.359230012 -0.224455997 0.90585506
vn 0.512602925 -0.466301441 0.720972419
vn 0.821347713 -0.198519528 0.534768999
vn -0.95471251 -0.102987997 0.279137045
vn -0.653733194 -0.386247456 0.650727272
vn -0.0206095017 -0.522333562 0.852492154
vn 0.576344728 -0.536080122 0.616802275
vn 0.798121035 -0.178985581 0.575297296
vn -0.835994601 -0.498988211 0.228306249
vn -0.814843237 -0.420634508 0.398869753
vn -0.350031406 -0.647442341 0.676976085
vn 0.2026456 -0.698303163 0.686518252
vn 0.542513013 -0.496418834 0.677678287
vn 0.708759964 -0.0787000433 0.701046109
vn -0.500487447 -0.797032595 0.338010699
vn -0.589847863 -0.64034903 0.491968185
vn -0.549383104 -0.731766164 0.403356552
vn -0.157628894 -0.801367819 0.577029288
vn 0.270397782 -0.747733533 0.606448352
vn -0.0989826918 -0.852361083 0.51350069
vn -0.110828422 -0.840781629 0.529908836
vn 0.235659719 -0.715231836 0.657957435
vn 0.133297354 -0.634150207 0.761633396
vn 0.444270372 -0.387693107 0.807661951
vn 0.605802536 0.0272498429 0.795148253
vn 0.345716894 -0.298738778 0.88951391
vn 0.584169745 0.0470490195 0.810266733
vn 0.0423372649 -0.577045083 0.815614223
vn 0.343108833 -0.304201722 0.888671815
vn 0.684010148 -0.0687609017 0.726224542
vn 0.0444309041 -0.600585938 0.798324823
vn 0.462342381 -0.411507398 0.785430551
vn 0.152415752 -0.693383038 0.704265118
vn 0.626460969 -0.563804448 0.538211167
vn 0.308354318 -0.814276278 0.491804689
vn 0.72809881 0.564581215 0.388741612
vn 0.452877432 0.536210954 0.712305963
vn 0.336560786 0.692092538 0.638541102
vn -0.0227520801 0.361203909 0.932209253
vn 0.5820418 0.744445622 0.327151507
vn 0.842156649 0.525260329 0.121957645
vn -0.155932188 0.601227939 0.783715606
vn -0.496310622 0.0932098106 0.863126636
vn 0.633194149 0.771062553 0.0672870576
vn 0.884080708 0.453368366 -0.113394469
vn 0.15247868 0.864876926 0.478265882
vn 0.63600719 0.751695514 -0.17449522
vn 0.873457789 0.355182797 -0.333041579
vn 0.257767856 0.932393909 0.253372163
vn 0.60141629 0.683134317 -0.414277524
vn 0.798503458 0.257832885 -0.543980122
vn 0.296134651 0.954620898 0.031674318
vn 0.272045881 0.944960892 -0.181769192
vn 0.507291853 0.586647213 -0.631268561
vn 0.644883573 0.151604041 -0.749093711
vn -0.0928316787 0.995115995 0.033562541
vn -0.175713196 0.957280517 0.229649335
vn 0.211927071 0.896564603 -0.388920099
vn 0.346490741 0.4709194 -0.811282396
vn 0.466501236 0.064903371 -0.882136106
vn -0.139165938 0.980588734 -0.138125494
vn 0.120904446 0.811873853 -0.571176887
vn 0.17511794 0.372672528 -0.911289632
vn 0.3026115 -0.00932092499 -0.953068435
vn -0.245811105 0.827101886 0.505449712
vn -0.40177688 0.914207816 0.0529090427
vn -0.212473437 0.939511597 -0.268650293
vn -0.00200258894 0.706437528 -0.707772613
vn 0.037202213 0.296517611 -0.95430249
vn 0.115071967 -0.118453287 -0.986269295
vn -0.511544526 0.839440763 0.183470413
vn -0.480883181 0.875459373 -0.0481899455
vn -0.277484387 0.881138265 -0.382880986
vn -0.1223213 0.609992087 -0.782909393
vn -0.107567914 0.190656453 -0.975745499
vn -0.132344902 -0.289460272 -0.947996616
vn -0.537902772 0.835733294 -0.110500559
vn -0.687105358 0.721841276 0.0826516002
vn -0.344665676 0.817840874 -0.460805535
vn -0.214227095 0.530008793 -0.820486069
vn -0.572036386 0.805405319 -0.155231297
vn -0.40607366 0.760420442 -0.506818295
vn -0.611085832 0.691813469 0.384666264
vn -0.734111667 0.678038895 0.0366532765
vn -0.600610852 0.782155037 -0.165831372
vn -0.615018487 0.434012353 0.658320308
vn -0.798029184 0.552645445 0.240276024
vn -0.848095179 0.272320181 0.454506636
vn -0.751535773 -0.113656752 0.649827659
vn -0.751111865 0.659194946 0.0359587446
vn -0.856429696 0.48335132 0.181382611
vn -0.913409173 0.191064253 0.359413743
vn -0.821347773 -0.198519528 0.534768939
vn -0.863137126 0.463171661 0.201162547
vn -0.904541969 0.181880027 0.38564688
vn -0.798120975 -0.17898488 0.575297654
vn -0.75434196 0.651699364 0.0790956393
vn -0.840739429 0.229551435 0.490370572
vn -0.708759665 -0.0786998644 0.701046348
vn -0.836609125 0.471154779 0.279460847
vn -0.619778097 0.769346058 -0.154860109
vn -0.748351038 0.30739367 0.58777535
vn -0.605802298 0.0272495709 0.795148373
vn -0.73430413 0.66371876 0.142389983
vn -0.777396679 0.508950114 0.369627178
vn -0.455053329 0.704886198 -0.544115841
vn -0.705121219 0.33740288 0.623669207
vn -0.584169865 0.0470491908 0.810266554
vn -0.636596859 0.753857732 -0.162612677
vn -0.718469918 0.673885703 0.172276244
vn -0.736716092 0.533758521 0.415152252
vn -0.321233779 0.439072847 -0.839061439
vn -0.779782295 0.237854853 0.579106808
vn -0.684010386 -0.0687610134 0.726224363
vn -0.524687588 0.629564404 -0.573019743
vn -0.681210279 0.703498006 -0.202591091
vn -0.761091352 0.635187209 0.131442755
vn -0.792833805 0.474709183 0.382185489
vn -0.308312654 -0.00276430906 -0.95128113
vn -0.913013756 -0.0181871075 0.407523274
vn -0.818382919 -0.289717674 0.496299475
vn -0.504596055 0.284705579 -0.815061629
vn -0.674352586 0.506559491 -0.53725785
vn -0.748984396 0.612736762 -0.252142966
vn -0.932523429 0.280680954 0.227196276
vn -0.859424591 0.5102548 -0.0320840664
vn -0.943273127 -0.315311044 0.103994392
vn -0.856707215 -0.495069593 0.144771576
vn -0.998241305 0.0212693047 -0.0553340316
vn -0.881392598 0.327668995 -0.340264946
vn -0.761364937 0.0390738174 -0.647144914
vn -0.922179103 -0.172811046 -0.346008778
vn -0.833030999 -0.450845212 -0.320621282
vn -0.757260144 -0.584032536 -0.292340726
vn -0.471694946 -0.495553583 -0.729335725
vn -0.592848003 -0.286011934 -0.752813578
vn -0.728099108 0.564581335 0.388741165
vn -0.336561441 0.692092597 0.638540685
vn -0.452877283 0.536210358 0.712306559
vn 0.0227518603 0.361203253 0.932209432
vn -0.582042217 0.744445622 0.327150941
vn -0.842156589 0.525260627 0.12195719
vn 0.155932739 0.60122788 0.783715546
vn 0.496310234 0.093210116 0.863126934
vn -0.633194745 0.771062136 0.0672872066
vn -0.884080827 0.453368217 -0.113394156
vn -0.152478382 0.864877701 0.478264511
vn -0.636007369 0.751695514 -0.174494967
vn -0.873457849 0.355182528 -0.333041579
vn -0.257767707 0.932394087 0.253371239
vn -0.601416707 0.683134258 -0.414277256
vn -0.798503399 0.257832736 -0.5439803
vn -0.296135187 0.954620659 0.0316744633
vn -0.272045612 0.944960892 -0.181769058
vn -0.50729233 0.586646914 -0.631268501
vn -0.644883692 0.15160428 -0.749093473
vn 0.0928310826 0.995116115 0.0335625671
vn 0.175711989 0.957280755 0.229649439
vn -0.211926743 0.89656496 -0.388919383
vn -0.346490324 0.470919251 -0.811282694
vn -0.466501296 0.064903833 -0.882136106
vn 0.139165744 0.980588734 -0.13812533
vn -0.120904222 0.811874032 -0.571176529
vn -0.175117642 0.372672826 -0.911289632
vn -0.302611142 -0.00932046957 -0.953068554
vn 0.245810688 0.827102244 0.505449295
vn 0.401776731 0.914207876 0.0529086664
vn 0.212473661 0.939511716 -0.268649578
vn 0.00200239499 0.706437111 -0.70777303
vn -0.0372024439 0.296517879 -0.954302371
vn -0.115071334 -0.118453003 -0.986269414
vn 0.511544943 0.839440405 0.183470637
vn 0.480883062 0.875459492 -0.048190143
vn 0.277485102 0.881138146 -0.382880539
vn 0.122321151 0.609991968 -0.782909572
vn 0.107568398 0.190656662 -0.97574538
vn 0.132344738 -0.289459437 -0.947996855
vn 0.537902534 0.835733473 -0.110500365
vn 0.687105536 0.721841097 0.0826517344
vn 0.344665587 0.817840755 -0.460805863
vn 0.214226678 0.530008554 -0.820486307
vn 0.572036743 0.80540508 -0.155231252
vn 0.406073183 0.760420382 -0.506818831
vn 0.611085534 0.691813707 0.384666324
vn 0.734111786 0.678038716 0.0366531424
vn 0.600611091 0.782154858 -0.165831685
vn 0.615018308 0.43401286 0.658320129
vn 0.798029006 0.552645504 0.240276396
vn 0.848094702 0.272321194 0.454506874
vn 0.751535475 -0.113656253 0.649828255
vn 0.751111984 0.659194767 0.0359584093
vn 0.856429696 0.483351439 0.181382552
vn 0.913409233 0.191064313 0.359413445
vn 0.821347713 -0.198519528 0.534768999
vn 0.863137245 0.463171631 0.201162174
vn 0.904542148 0.181880057 0.385646582
vn 0.798121035 -0.178985581 0.575297296
vn 0.754341841 0.651699543 0.0790958703
vn 0.840739489 0.229551598 0.490370303
vn 0.708759964 -0.0787000433 0.701046109
vn 0.836608648 0.471155405 0.279461086
vn 0.619777918 0.769346237 -0.154860348
vn 0.748351157 0.307393283 0.58777529
vn 0.605802536 0.0272498429 0.795148253
vn 0.734303415 0.663719356 0.142390609
vn 0.777396262 0.508950174 0.369627923
vn 0.455053151 0.70488584 -0.544116378
vn 0.70512104 0.337402731 0.623669446
vn 0.584169745 0.0470490195 0.810266733
vn 0.636596382 0.75385803 -0.162613317
vn 0.718469977 0.673885643 0.172276512
vn 0.73671639 0.533757687 0.41515255
vn 0.321233779 0.439072847 -0.839061439
vn 0.779781997 0.237855405 0.579106867
vn 0.684010148 -0.0687609017 0.726224542
vn 0.524687231 0.629564345 -0.573020101
vn 0.681210577 0.703497827 -0.202590555
vn 0.761092126 0.635186017 0.13144438
vn 0.792834222 0.474708676 0.382185221
vn 0.308312416 -0.00276408554 -0.95128113
vn 0.913013875 -0.0181862842 0.407523006
vn 0.818382978 -0.289717495 0.496299267
vn 0.504596233 0.284705371 -0.815061629
vn 0.674352467 0.506559312 -0.537258327
vn 0.748984993 0.612736583 -0.252141625
vn 0.932523429 0.280680895 0.227196723
vn 0.859425128 0.510254025 -0.032082554
vn 0.943273127 -0.315310746 0.103994556
vn 0.856706858 -0.495070457 0.144770861
vn 0.998241425 0.0212700218 -0.0553337075
vn 0.881392598 0.327668607 -0.340265185
vn 0.761364818 0.0390748084 -0.647145152
vn 0.922179461 -0.172808439 -0.346009195
vn 0.833031058 -0.450845271 -0.320620686
vn 0.757259369 -0.584033668 -0.292340487
vn 0.471694559 -0.495553285 -0.729336083
vn 0.592848182 -0.286011696 -0.752813578
vn 0.39154765 -0.424540669 0.816367328
vn 0.138605565 -0.38195014 0.913730025
vn 0.0565007105 -0.829655945 0.555408537
vn 0.153433308 -0.848135829 0.50707382
vn 0.58357954 -0.494414866 0.644196451
vn -0.0565008149 -0.829656005 0.555408418
vn -0.138606146 -0.381949991 0.913730025
vn 0.216634482 -0.875454783 0.432028323
vn 0.699995399 -0.573141873 0.426045746
vn -0.15343377 -0.848135352 0.507074654
vn -0.391547978 -0.424539685 0.816367686
vn 0.249082491 -0.903256774 0.349406809
vn 0.738636017 -0.64803195 0.185665026
vn -0.216636017 -0.875453889 0.432029188
vn -0.583580434 -0.494413167 0.644196749
vn 0.258725762 -0.928578496 0.266088516
vn 0.699866831 -0.711928964 -0.0578230023
vn -0.249083668 -0.903256655 0.349406123
vn -0.699995756 -0.573141932 0.426044792
vn 0.248845235 -0.951270521 0.182099953
vn 0.583363771 -0.760786116 -0.284413964
vn -0.258725762 -0.928578556 0.266088009
vn -0.738635242 -0.648032784 0.185665295
vn 0.21623446 -0.971457481 0.0975346714
vn 0.391339034 -0.792782485 -0.467279166
vn -0.248843864 -0.951270759 0.182100713
vn -0.699864209 -0.711931825 -0.0578210503
vn 0.153041631 -0.988022566 0.0197374485
vn 0.138518989 -0.808268785 -0.572288394
vn -0.216234729 -0.971457362 0.0975356102
vn -0.583363414 -0.760786712 -0.28441295
vn 0.0563349947 -0.997936845 -0.0307957958
vn -0.138519779 -0.808268845 -0.572288156
vn -0.15304254 -0.988022447 0.0197378006
vn -0.391340464 -0.792781889 -0.467278838
vn -0.0563352518 -0.997936845 -0.0307955071
vn 0.0814460143 -0.948577106 0.305888951
vn 0.0636343583 -0.941134453 0.331988841
vn 0.03846699 -0.936635435 0.348187208
vn 0.0123738367 -0.935100615 0.354166359
vn -0.0123738265 -0.935100615 0.35416612
vn -0.0384667255 -0.936635733 0.348186284
vn 0.0876909196 -0.957595587 0.274446756
vn -0.0636334121 -0.941134989 0.33198756
vn 0.0812213644 -0.966599226 0.243082434
vn -0.0814438984 -0.948577464 0.305888206
vn 0.063260451 -0.974070013 0.217223078
vn -0.087690413 -0.957595468 0.274447381
vn 0.0381031707 -0.978767812 0.201399103
vn -0.0812224299 -0.966598988 0.243082806
vn 0.012219605 -0.98057884 0.195743918
vn -0.0632616207 -0.974069893 0.217222735
vn -0.012219768 -0.980578959 0.195743531
vn -0.0381034538 -0.978768051 0.201398209
vn 0.473149925 -0.864727736 -0.168448761
vn 0.312468052 -0.897810221 -0.310323209
vn 0.109376729 -0.914938807 -0.388489187
vn -0.109376334 -0.914938688 -0.388489455
vn -0.312467813 -0.897810042 -0.310323954
vn -0.473149717 -0.864727736 -0.168449447
vn 0.574625969 -0.818273306 0.015288786
vn -0.574626327 -0.818273127 0.0152889453
vn 0.609164 -0.762347221 0.218508616
vn -0.609163761 -0.762346983 0.218509868
vn 0.574720025 -0.702046096 0.420509249
vn -0.574718237 -0.702047765 0.420508981
vn 0.473304838 -0.644014299 0.601022661
vn -0.473303378 -0.644016027 0.601021886
vn 0.312618047 -0.596812785 0.738975346
vn -0.312616736 -0.596813619 0.738975167
vn 0.109440446 -0.569859624 0.814421773
vn -0.109439895 -0.569859982 0.814421654
vn 0.725799501 -0.146575883 0.672109008
vn 0.476020008 -0.0804646015 0.875745654
vn 0.165887862 -0.043647334 0.985178173
vn -0.165888026 -0.0436472893 0.985178173
vn -0.476019323 -0.0804642364 0.875746012
vn -0.725799084 -0.146576375 0.672109425
vn 0.886877418 -0.230799302 0.400225013
vn -0.88687706 -0.230800822 0.400225043
vn 0.942421615 -0.321481079 0.0921481103
vn -0.942421615 -0.321480989 0.0921487212
vn 0.886869371 -0.407794833 -0.217177823
vn -0.886869609 -0.40779388 -0.217178166
vn 0.72578752 -0.480409443 -0.492381126
vn -0.725787342 -0.4804084 -0.492382467
vn 0.476008534 -0.532228589 -0.700106144
vn -0.476008534 -0.532227695 -0.7001068
vn 0.165882528 -0.558982611 -0.81241703
vn -0.165882766 -0.55898267 -0.812416971
vn 0.939692438 -0.0942420214 -0.328780472
vn 0.766044736 -0.17711547 -0.617904186
vn 0.500000417 -0.238626435 -0.832500398
vn 0.173647314 -0.271355838 -0.946685135
vn -0.173648223 -0.271355659 -0.946684897
vn -0.499999762 -0.238626227 -0.832500935
vn 1 0 0
vn -0.766044497 -0.17711468 -0.617904603
vn 0.939692616 0.0942403153 0.328780174
vn -0.939692616 -0.0942406282 -0.328780264
vn 0.766044676 0.177114129 0.617904663
vn -1 0 0
vn 0.500000715 0.238625526 0.832500577
vn -0.939692557 0.0942403376 0.328780413
vn 0.173648387 0.271355957 0.946684897
vn -0.76604414 0.177114949 0.61790508
vn -0.173648715 0.271356136 0.946684659
vn -0.499999851 0.238626599 0.832500756
vn 0.483433455 0.476121426 0.734575093
vn 0.167895228 0.507766187 0.844976127
vn -0.167894021 0.507766306 0.844976306
vn -0.483433515 0.476121396 0.734575093
vn -0.740662575 0.416648537 0.527089119
vn -0.908556819 0.336520553 0.247544855
vn 0.740662694 0.416647613 0.527089596
vn -0.966866255 0.245401576 -0.0703407526
vn 0.908557296 0.336518854 0.247545213
vn -0.908557117 0.15428248 -0.388227701
vn 0.966866374 0.245400578 -0.0703413114
vn -0.740662575 0.0741545632 -0.667772532
vn 0.908557236 0.15428248 -0.388227731
vn -0.483433217 0.0146815525 -0.875258148
vn 0.740662754 0.0741546825 -0.667772233
vn -0.167893752 -0.0169635992 -0.985659182
vn 0.483433127 0.0146816969 -0.875258267
vn 0.167894214 -0.0169636346 -0.985659063
vn 0.8695485 0.474730402 -0.136075765
vn 0.817108154 0.392783314 -0.421966285
vn 0.666113019 0.320719719 -0.673373938
vn 0.434774667 0.267232686 -0.859975457
vn 0.150994539 0.238772601 -0.959264517
vn -0.150995076 0.238772705 -0.959264398
vn 0.817108572 0.556677043 0.149814218
vn -0.434773713 0.267233163 -0.859975696
vn 0.666113019 0.628740072 0.401222169
vn -0.666112244 0.320720196 -0.673374414
vn 0.434774935 0.682227612 0.587823331
vn -0.817108214 0.392783046 -0.421966404
vn 0.150995106 0.710687816 0.687112272
vn -0.86954838 0.4747307 -0.13607496
vn -0.150995404 0.710687697 0.687112331
vn -0.817107856 0.556677938 0.149814472
vn -0.434773892 0.68222791 0.587823689
vn -0.666112602 0.628740788 0.401221812
vn 0.124018319 0.866653442 0.483250797
vn -0.124017969 0.866653502 0.483250767
vn -0.357096046 0.843278229 0.401701778
vn -0.547104418 0.799346685 0.248438418
vn -0.671122968 0.740158379 0.041947946
vn -0.714194119 0.672852337 -0.192863792
vn 0.357097149 0.843277991 0.401701182
vn -0.671122551 0.605545938 -0.427678078
vn 0.547104239 0.799346924 0.248438105
vn -0.547103941 0.546357393 -0.634169459
vn 0.671122789 0.740158439 0.0419474356
vn -0.357096881 0.502426445 -0.787432194
vn 0.714194 0.672852039 -0.192865342
vn -0.12401814 0.479051471 -0.868981719
vn 0.671122491 0.605545878 -0.427678257
vn 0.124018557 0.479051322 -0.868981719
vn 0.54710418 0.546357751 -0.634168923
vn 0.357097447 0.502426803 -0.787431717
vn 0.479907662 0.874602318 -0.0689880848
vn 0.510707021 0.826472819 -0.236898825
vn 0.479907334 0.778343141 -0.404809713
vn 0.391223937 0.736019015 -0.552467108
vn 0.255353421 0.704604924 -0.662062287
vn 0.0886833295 0.687889636 -0.720377147
vn 0.391223907 0.91692698 0.0786689892
vn -0.0886828005 0.687889576 -0.720377207
vn 0.255353123 0.948341429 0.188264355
vn -0.255353302 0.704604626 -0.662062585
vn 0.0886830017 0.965056539 0.246579036
vn -0.391223818 0.736018956 -0.552467287
vn -0.0886822566 0.965056539 0.246579275
vn -0.479907095 0.778343558 -0.404809207
vn -0.255352527 0.948341429 0.188265175
vn -0.510706663 0.826473296 -0.23689796
vn -0.391223937 0.91692698 0.0786689892
vn -0.479907483 0.874602377 -0.0689884797
vn -0.047273282 0.998854518 -0.0074067344
vn -0.136120155 0.989944339 -0.0384922549
vn -0 0.961288929 -0.275542468
vn 0.0472734272 0.998854518 -0.00740686152
vn -0.208550066 0.973197937 -0.0969155505
vn -0.25582397 0.950636208 -0.175627351
vn 0.136120528 0.98994422 -0.038492281
vn -0.272242308 0.924980044 -0.265133888
vn 0.208550364 0.973198056 -0.0969145223
vn -0.255823791 0.899323702 -0.354642183
vn 0.255824476 0.950636148 -0.175627023
vn -0.208549231 0.876761913 -0.433354199
vn 0.272242308 0.924979925 -0.265134424
vn -0.136120096 0.86001575 -0.491776735
vn 0.255824417 0.899323463 -0.354642421
vn -0.0472735204 0.851105154 -0.522862554
vn 0.208550468 0.876761198 -0.433354974
vn 0.0472735465 0.851105154 -0.522862494
vn 0.136120543 0.860015571 -0.491776794
vn -0.738635242 -0.648032784 0.185665295
vn -0.699995756 -0.573141932 0.426044792
vn -0.936858833 0.015879482 0.349347115
vn -0.99641186 -0.0813637376 0.0233079102
vn -0.699864209 -0.711931825 -0.0578210503
vn -0.765264571 0.107498437 0.634676516
vn -0.583580434 -0.494413167 0.644196749
vn -0.936848998 -0.171622857 -0.304728508
vn -0.583363414 -0.760786712 -0.28441295
vn -0.501281738 0.17985791 0.846385181
vn -0.391547978 -0.424539685 0.816367686
vn -0.76524961 -0.245086044 -0.595252693
vn -0.391340464 -0.792781889 -0.467278838
vn -0.174669147 0.220288143 0.959668577
vn -0.138606146 -0.381949991 0.913730025
vn -0.501269042 -0.295883089 -0.813131392
vn -0.138519779 -0.808268845 -0.572288156
vn 0.174669385 0.220287725 0.959668696
vn 0.138605565 -0.38195014 0.913730025
vn -0.174664363 -0.321614444 -0.930621564
vn 0.138518989 -0.808268785 -0.572288394
vn 0.501281977 0.179856479 0.846385241
vn 0.39154765 -0.424540669 0.816367328
vn 0.174664602 -0.321614534 -0.930621445
vn 0.391339034 -0.792782485 -0.467279166
vn 0.765264452 0.107496761 0.634676814
vn 0.58357954 -0.494414866 0.644196451
vn 0.501267374 -0.295883864 -0.813132107
vn 0.583363771 -0.760786116 -0.284413964
vn 0.936858535 0.0158796012 0.349347621
vn 0.699995399 -0.573141873 0.426045746
vn 0.765249074 -0.245084867 -0.595254064
vn 0.699866831 -0.711928964 -0.0578230023
vn 0.996412098 -0.0813622996 0.0233067609
vn 0.738636017 -0.64803195 0.185665026
vn 0.936849117 -0.171619594 -0.304730237
vn 0.504268646 0.242934257 0.828671217
vn 0.768881083 0.181236431 0.61316818
vn 0.940487742 0.0986461639 0.325194687
vn 0.999986529 0.00498537207 -0.00142703275
vn 0.940489352 -0.0886054635 -0.328068376
vn 0.768882334 -0.171114221 -0.616068006
vn 0.175890654 0.276101381 0.944897056
vn 0.504270077 -0.232951313 -0.831531942
vn -0.175890282 0.276101589 0.944897056
vn 0.175892338 -0.266392887 -0.947679639
vn -0.504269063 0.242934555 0.828670979
vn -0.175891981 -0.266392708 -0.947679758
vn -0.768881321 0.181237012 0.613167822
vn -0.504271567 -0.232950583 -0.831531167
vn -0.940487862 0.0986469463 0.325194359
vn -0.768883526 -0.171113729 -0.616066694
vn -0.999986529 0.004985746 -0.00142728933
vn -0.940489352 -0.0886051431 -0.328068525
vn -0.743210971 -0.07580477 0.664748907
vn -0.909272075 -0.155119255 0.386215359
vn -0.966842413 -0.24548848 0.0703647509
vn -0.909270108 -0.336166531 -0.245397225
vn -0.743206143 -0.416453183 -0.523652017
vn -0.487221718 -0.476844519 -0.731597066
vn -0.487228423 -0.0168608539 0.873111725
vn -0.169872642 -0.509529948 -0.843517959
vn -0.169874996 0.014711977 0.985355794
vn 0.169871971 -0.509529829 -0.843518138
vn 0.169874489 0.0147119267 0.985355794
vn 0.487221718 -0.476844341 -0.731597245
vn 0.487228394 -0.0168606211 0.873111844
vn 0.743205547 -0.416454345 -0.523651838
vn 0.743210673 -0.0758045316 0.664749146
vn 0.90926981 -0.33616814 -0.245396227
vn 0.909272015 -0.15511933 0.386215329
vn 0.966842175 -0.245489463 0.0703645423
vn 0.152308583 -0.242686167 0.958073854
vn 0.437242985 -0.270651907 0.857651532
vn 0.667679846 -0.323081166 0.670687854
vn 0.817391694 -0.393994838 0.420284212
vn 0.869309843 -0.475134939 0.136187837
vn 0.8173877 -0.556818724 -0.147750571
vn -0.152308166 -0.242685959 0.958073914
vn 0.667672694 -0.629325688 -0.397696137
vn -0.437244177 -0.27065134 0.857651055
vn 0.437233359 -0.683902204 -0.584041834
vn -0.667680442 -0.32308054 0.670687497
vn 0.152304247 -0.713380873 -0.684025586
vn -0.817391574 -0.393994719 0.42028451
vn -0.152303934 -0.713380992 -0.684025645
vn -0.869310021 -0.475134492 0.136188418
vn -0.43723461 -0.683901608 -0.584041536
vn -0.817388356 -0.55681777 -0.147751004
vn -0.667672694 -0.629325092 -0.39769721
vn -0.670297086 -0.607348084 0.426415235
vn -0.713140368 -0.673885047 0.193157285
vn -0.670293927 -0.741020739 -0.0399291739
vn -0.546908021 -0.800597012 -0.244818598
vn -0.357569426 -0.845219374 -0.397175342
vn -0.124394394 -0.869132042 -0.478680849
vn -0.546914876 -0.549337983 0.631752908
vn 0.124393225 -0.8691324 -0.478680551
vn -0.35757789 -0.506475031 0.784615338
vn 0.357568085 -0.84521997 -0.397175372
vn -0.124397948 -0.483579308 0.866415739
vn 0.546908319 -0.800596833 -0.244818121
vn 0.124397568 -0.483579278 0.866415858
vn 0.670293748 -0.741020858 -0.0399298072
vn 0.357577056 -0.506474435 0.784615993
vn 0.713140607 -0.673885345 0.193155453
vn 0.546914756 -0.549337566 0.631753564
vn 0.670297146 -0.607348204 0.426415175
vn -0.0879798532 -0.691876709 0.716635346
vn 0.0879787207 -0.691876531 0.716635644
vn 0.253312349 -0.708416045 0.658771217
vn 0.38834995 -0.739181221 0.550268412
vn 0.476867229 -0.780644774 0.403969556
vn 0.507713079 -0.828177392 0.237380818
vn -0.253312379 -0.70841676 0.658770502
vn 0.476865321 -0.876111507 0.0709092841
vn -0.388350159 -0.739181399 0.550268173
vn 0.388346583 -0.918444753 -0.0751405433
vn -0.476867318 -0.780644774 0.403969526
vn 0.253307879 -0.949828804 -0.183467299
vn -0.507713497 -0.828176796 0.237381876
vn 0.0879768878 -0.966452897 -0.241306588
vn -0.4768655 -0.876111388 0.0709099546
vn -0.0879777148 -0.966452777 -0.241306737
vn -0.388346463 -0.918444753 -0.0751406699
vn -0.253308088 -0.949828923 -0.183466822
vn -0.26762417 -0.926226377 0.265484601
vn -0.250494629 -0.952048957 0.175656617
vn -0 -0.961290896 0.275535494
vn -0.250494957 -0.900542736 0.355352014
vn -0.202217832 -0.974448144 0.097768344
vn -0.130614579 -0.990588069 0.0409281291
vn -0.20221816 -0.878280044 0.433280528
vn -0.0450889058 -0.998923361 0.0109046269
vn -0.1306137 -0.86185962 0.490038931
vn 0.0450887494 -0.998923481 0.0109046744
vn -0.0450885929 -0.853024781 0.519919038
vn 0.130614921 -0.990588069 0.0409278832
vn 0.0450880118 -0.853024781 0.519919157
vn 0.202217221 -0.974448264 0.0977687463
vn 0.130613923 -0.861859679 0.490038514
vn 0.250493854 -0.952049077 0.175657168
vn 0.20221737 -0.878280461 0.433279961
vn 0.267623574 -0.926226795 0.265483737
vn 0.25049454 -0.900542974 0.355351865
vn -0.39154774 -0.424540639 0.816367328
vn -0.05650061 -0.829656363 0.555408061
vn -0.138605714 -0.381949931 0.913730085
vn -0.153433233 -0.848135948 0.507073641
vn -0.583579481 -0.494414896 0.644196391
vn 0.0565007254 -0.829656243 0.55540812
vn 0.138605952 -0.381950438 0.913729787
vn -0.216634423 -0.875454783 0.432028353
vn -0.699995458 -0.573141754 0.426045626
vn 0.153433546 -0.848135471 0.507074356
vn 0.391547978 -0.424539506 0.816367805
vn -0.249082625 -0.903256774 0.349406809
vn -0.73863554 -0.648032367 0.185665131
vn 0.21663554 -0.875454247 0.432028741
vn 0.58358115 -0.494413018 0.644196272
vn -0.258725613 -0.928578496 0.266088486
vn -0.699866414 -0.7119295 -0.0578230321
vn 0.249083564 -0.903256774 0.349406183
vn 0.699995995 -0.573141336 0.42604515
vn -0.248845264 -0.951270521 0.182099998
vn -0.583363771 -0.760785997 -0.284414023
vn 0.258725733 -0.928578556 0.266088039
vn 0.738635421 -0.648032486 0.185665429
vn -0.216235116 -0.971457362 0.0975346416
vn -0.39133954 -0.792782187 -0.467279106
vn 0.248843908 -0.951270759 0.182100624
vn 0.699864328 -0.711931646 -0.057821732
vn -0.153042108 -0.988022566 0.0197373871
vn -0.138519496 -0.808269024 -0.572287977
vn 0.216234878 -0.971457362 0.0975354835
vn 0.583363175 -0.760786891 -0.284413069
vn -0.0563351251 -0.997936845 -0.0307955276
vn 0.138519675 -0.808269262 -0.57228756
vn 0.15304257 -0.988022447 0.0197378732
vn 0.391340584 -0.792781711 -0.467278898
vn 0.0563354939 -0.997936845 -0.0307954792
vn -0.0814459771 -0.948576987 0.30588904
vn -0.0636344254 -0.941134334 0.33198911
vn -0.0384669118 -0.936635315 0.348187506
vn -0.0123739531 -0.935100198 0.354167491
vn 0.0123740463 -0.935100198 0.354167372
vn 0.038467329 -0.936635554 0.34818697
vn -0.0876908377 -0.957595587 0.274446845
vn 0.0636339411 -0.941134989 0.3319875
vn -0.0812218189 -0.966599226 0.243082464
vn 0.0814439133 -0.948577523 0.305888116
vn -0.063260816 -0.974069893 0.217223108
vn 0.0876901224 -0.957595468 0.274447411
vn -0.0381030031 -0.978767812 0.201399133
vn 0.081222266 -0.966598988 0.243082941
vn -0.0122194486 -0.980578959 0.195743784
vn 0.0632615909 -0.974070013 0.217222691
vn 0.0122196758 -0.980578959 0.195743531
vn 0.038103316 -0.978768051 0.201398149
vn -0.473148823 -0.86472857 -0.168448135
vn -0.312467396 -0.897810698 -0.310322642
vn -0.10937646 -0.914938807 -0.388489068
vn 0.10937649 -0.91493839 -0.388489962
vn 0.312468201 -0.897809923 -0.310324073
vn 0.473149776 -0.864727855 -0.168448836
vn -0.574624956 -0.818274021 0.0152891893
vn 0.574626148 -0.818273187 0.0152890934
vn -0.609163105 -0.762347877 0.218508527
vn 0.609163642 -0.762347102 0.218509868
vn -0.574719787 -0.702046216 0.420509249
vn 0.574718475 -0.702047586 0.420509011
vn -0.47330451 -0.644014478 0.60102272
vn 0.473304391 -0.644015551 0.601021528
vn -0.312617481 -0.596813381 0.738975108
vn 0.31261757 -0.596813202 0.738975167
vn -0.109439917 -0.569860101 0.814421475
vn 0.109440126 -0.569859922 0.814421654
vn -0.725799739 -0.146576092 0.672108829
vn -0.476019949 -0.0804654583 0.875745535
vn -0.165887624 -0.0436483137 0.985178173
vn 0.165887594 -0.043647863 0.985178173
vn 0.476019084 -0.0804644972 0.875746071
vn 0.725799203 -0.146576732 0.672109187
vn -0.886877716 -0.230799362 0.400224507
vn 0.88687706 -0.230800897 0.400224954
vn -0.942421734 -0.321481138 0.0921479613
vn 0.942421615 -0.321480989 0.092148751
vn -0.886869073 -0.407795429 -0.217177629
vn 0.88686955 -0.407794148 -0.217178077
vn -0.725787103 -0.480410576 -0.492380798
vn 0.725787282 -0.480408847 -0.492382169
vn -0.476008505 -0.532229304 -0.700105667
vn 0.476008862 -0.532227695 -0.700106621
vn -0.165882781 -0.55898273 -0.812416852
vn 0.165882841 -0.558982253 -0.812417209
vn -0.939692557 -0.094241403 -0.328780174
vn -0.766044796 -0.177115515 -0.617904127
vn -0.500000179 -0.238626644 -0.832500577
vn -0.173647359 -0.271355718 -0.946685135
vn 0.173648253 -0.271355659 -0.946684897
vn 0.499999791 -0.238626361 -0.832500815
vn -1 0 0
vn 0.766044676 -0.177114904 -0.617904544
vn -0.939692736 0.0942405239 0.328779966
vn 0.939692616 -0.0942407995 -0.328780234
vn -0.766044915 0.177113935 0.617904425
vn 1 0 0
vn -0.500000536 0.23862575 0.832500577
vn 0.939692616 0.0942400321 0.328780264
vn -0.173648238 0.271356106 0.946684778
vn 0.76604408 0.177114666 0.617905319
vn 0.173648626 0.271356106 0.946684778
vn 0.499999344 0.238626435 0.832501054
vn -0.483433574 0.476121366 0.734574974
vn -0.167895272 0.507766187 0.844976127
vn 0.167894185 0.507766068 0.844976485
vn 0.483433247 0.476121426 0.734575212
vn 0.740662515 0.416648805 0.527089119
vn 0.908556819 0.336520642 0.247544676
vn -0.740662813 0.416647524 0.527089477
vn 0.966866136 0.245401606 -0.0703407899
vn -0.908557296 0.336518943 0.247545347
vn 0.908557117 0.154282555 -0.388227671
vn -0.966866493 0.245400429 -0.0703413039
vn 0.740662396 0.0741546601 -0.66777271
vn -0.908557236 0.154282466 -0.388227761
vn 0.483433098 0.0146817584 -0.875258267
vn -0.740662813 0.0741550103 -0.667772055
vn 0.167893931 -0.0169634465 -0.985659063
vn -0.483433127 0.014681939 -0.875258148
vn -0.167894244 -0.0169634689 -0.985659063
vn -0.8695485 0.474730313 -0.136075765
vn -0.817108154 0.392783165 -0.421966463
vn -0.6661129 0.320719987 -0.673373938
vn -0.434774786 0.267233074 -0.859975278
vn -0.150994718 0.23877281 -0.959264398
vn 0.150995314 0.23877278 -0.959264278
vn -0.817108214 0.556677341 0.149814442
vn 0.434773654 0.267233223 -0.859975815
vn -0.66611284 0.62874043 0.401222199
vn 0.666111946 0.320720226 -0.673374593
vn -0.434775084 0.682227612 0.587823093
vn 0.817108214 0.392783254 -0.421966314
vn -0.150995582 0.710687935 0.687112093
vn 0.869548202 0.474731088 -0.136075005
vn 0.15099521 0.710687995 0.687112093
vn 0.817107677 0.556678236 0.149814278
vn 0.434773922 0.682228088 0.587823391
vn 0.666112721 0.628740907 0.401221573
vn -0.124018565 0.866653502 0.483250618
vn 0.124017902 0.866653681 0.483250439
vn 0.357096136 0.843278229 0.40170151
vn 0.547104537 0.799346685 0.248438269
vn 0.671122849 0.740158439 0.0419480354
vn 0.714194179 0.672852278 -0.192863569
vn -0.357097417 0.843277812 0.401701242
vn 0.671122611 0.605545998 -0.427677929
vn -0.547104239 0.799346864 0.248438403
vn 0.547103822 0.546357632 -0.6341694
vn -0.67112267 0.740158558 0.0419477038
vn 0.357096791 0.502426445 -0.787432253
vn -0.71419394 0.672852039 -0.192865252
vn 0.12401814 0.479051352 -0.868981779
vn -0.671122432 0.605545759 -0.427678615
vn -0.124018662 0.479051262 -0.868981719
vn -0.547104239 0.546357572 -0.634169042
vn -0.357097626 0.502426684 -0.787431657
vn -0.479907393 0.874602497 -0.0689880028
vn -0.510706663 0.826473057 -0.23689872
vn -0.479907095 0.77834326 -0.404809773
vn -0.391223878 0.736019075 -0.552467108
vn -0.255353808 0.704604924 -0.662062049
vn -0.0886836648 0.687889695 -0.720376968
vn -0.391223848 0.91692698 0.0786690786
vn 0.0886826664 0.687889636 -0.720377147
vn -0.255353242 0.94834131 0.18826434
vn 0.25535354 0.704604864 -0.662062347
vn -0.0886830688 0.965056539 0.246578947
vn 0.391223729 0.736019135 -0.552467048
vn 0.0886823088 0.965056598 0.24657914
vn 0.479907006 0.778343558 -0.404809296
vn 0.255352616 0.948341429 0.188264757
vn 0.510706842 0.826473236 -0.236897767
vn 0.391223907 0.91692698 0.0786688924
vn 0.479907542 0.874602497 -0.0689880103
vn 0.0472733416 0.998854518 -0.00740686385
vn 0.136120364 0.98994422 -0.038492538
vn -0 0.961288929 -0.275542289
vn -0.0472735725 0.998854518 -0.00740715303
vn 0.208549857 0.973197937 -0.0969157144
vn 0.25582397 0.950636327 -0.175626457
vn -0.136120662 0.98994422 -0.0384923369
vn 0.272242218 0.924980283 -0.265133262
vn -0.208549961 0.973198056 -0.0969150737
vn 0.255823493 0.899323761 -0.354642302
vn -0.25582388 0.950636327 -0.175626874
vn 0.208549023 0.876761734 -0.433354616
vn -0.272242159 0.924979925 -0.265134484
vn 0.136120617 0.86001581 -0.491776407
vn -0.25582391 0.899323463 -0.354642689
vn 0.0472739413 0.851105332 -0.522862256
vn -0.208549902 0.876761556 -0.433354586
vn -0.0472742505 0.851105332 -0.522862136
vn -0.136120826 0.86001581 -0.491776198
vn 0.738635421 -0.648032486 0.185665429
vn 0.936858773 0.0158793405 0.349347264
vn 0.699995995 -0.573141336 0.42604515
vn 0.996411979 -0.0813632905 0.0233082566
vn 0.699864328 -0.711931646 -0.057821732
vn 0.765264809 0.107498705 0.634676218
vn 0.58358115 -0.494413018 0.644196272
vn 0.936848938 -0.171623543 -0.304728508
vn 0.583363175 -0.760786891 -0.284413069
vn 0.501281917 0.179858357 0.846384883
vn 0.391547978 -0.424539506 0.816367805
vn 0.765249193 -0.245087117 -0.595252872
vn 0.391340584 -0.792781711 -0.467278898
vn 0.174669012 0.220288515 0.959668577
vn 0.138605952 -0.381950438 0.913729787
vn 0.501268923 -0.295883268 -0.813131392
vn 0.138519675 -0.808269262 -0.57228756
vn -0.174669579 0.220288783 0.959668338
vn -0.138605714 -0.381949931 0.913730085
vn 0.1746649 -0.32161504 -0.930621266
vn -0.138519496 -0.808269024 -0.572287977
vn -0.501282036 0.179857165 0.846385181
vn -0.39154774 -0.424540639 0.816367328
vn -0.174665079 -0.321614772 -0.930621266
vn -0.39133954 -0.792782187 -0.467279106
vn -0.765264571 0.107496738 0.634676754
vn -0.583579481 -0.494414896 0.644196391
vn -0.501267731 -0.295883328 -0.813132107
vn -0.583363771 -0.760785997 -0.284414023
vn -0.936858654 0.0158792082 0.349347591
vn -0.699995458 -0.573141754 0.426045626
vn -0.765248835 -0.245084688 -0.595254362
vn -0.699866414 -0.7119295 -0.0578230321
vn -0.996411979 -0.0813627467 0.0233068559
vn -0.73863554 -0.648032367 0.185665131
vn -0.936848998 -0.171619847 -0.304730147
vn -0.504268467 0.242934257 0.828671396
vn -0.768881083 0.181236297 0.61316818
vn -0.940487862 0.098646231 0.325194418
vn -0.999986529 0.00498570781 -0.00142707967
vn -0.940489352 -0.0886051357 -0.328068793
vn -0.768882275 -0.171114117 -0.616068184
vn -0.175890639 0.27610141 0.944897056
vn -0.504270017 -0.232951209 -0.831532001
vn 0.175890133 0.276101708 0.944897056
vn -0.175892308 -0.266392589 -0.947679758
vn 0.504269183 0.242934391 0.828670979
vn 0.175891548 -0.266392708 -0.947679818
vn 0.768881381 0.181236148 0.613167942
vn 0.504271388 -0.232951254 -0.831531107
vn 0.940487742 0.098647058 0.325194865
vn 0.768883526 -0.171114385 -0.616066456
vn 0.999986529 0.00498620048 -0.00142707699
vn 0.940489352 -0.0886055529 -0.328068256
vn 0.743211091 -0.0758042634 0.664748788
vn 0.909272194 -0.155118376 0.386215299
vn 0.966842532 -0.245487854 0.0703648701
vn 0.909270227 -0.336166292 -0.24539724
vn 0.743206024 -0.416453183 -0.523652017
vn 0.487221509 -0.476844698 -0.731597126
vn 0.487228245 -0.0168606937 0.873111844
vn 0.169872686 -0.509529889 -0.843517959
vn 0.169874996 0.0147120096 0.985355794
vn -0.169871926 -0.509529889 -0.843518138
vn -0.16987437 0.0147119248 0.985355914
vn -0.487221718 -0.476844698 -0.731597006
vn -0.487227917 -0.016860744 0.873112142
vn -0.743205488 -0.416454583 -0.523651659
vn -0.743210673 -0.0758044571 0.664749205
vn -0.90926981 -0.336168051 -0.24539642
vn -0.909272194 -0.155119047 0.38621518
vn -0.966842294 -0.245489225 0.0703644753
vn -0.152308419 -0.242686227 0.958073854
vn -0.437242895 -0.270651937 0.857651532
vn -0.667679727 -0.323081046 0.670688033
vn -0.817391753 -0.393994778 0.420284241
vn -0.869309783 -0.475135088 0.136187583
vn -0.8173877 -0.556818664 -0.147750542
vn 0.15230827 -0.242686018 0.958073914
vn -0.667672634 -0.629325688 -0.397696435
vn 0.437244117 -0.270651042 0.857651234
vn -0.437233031 -0.683902204 -0.584041953
vn 0.667680562 -0.323080182 0.670687616
vn -0.152303919 -0.713381171 -0.684025347
vn 0.817391753 -0.393994689 0.420284361
vn 0.152304038 -0.713381112 -0.684025407
vn 0.869309962 -0.475134641 0.136188492
vn 0.437234938 -0.68390131 -0.584041536
vn 0.817388177 -0.556817889 -0.147750929
vn 0.667672694 -0.629325032 -0.39769733
vn 0.670297027 -0.607348323 0.426415175
vn 0.713140309 -0.673885226 0.193156987
vn 0.670293868 -0.741020799 -0.0399296321
vn 0.546908438 -0.800596774 -0.244818509
vn 0.357569605 -0.845219314 -0.397175461
vn 0.124394201 -0.869132161 -0.478680879
vn 0.546914935 -0.549338102 0.631752849
vn -0.124392889 -0.8691324 -0.47868064
vn 0.35757798 -0.506474853 0.784615219
vn -0.357567847 -0.84521991 -0.397175789
vn 0.124398284 -0.483579189 0.866415739
vn -0.546908438 -0.800596833 -0.244818211
vn -0.124397419 -0.483579338 0.866415739
vn -0.670293689 -0.741020858 -0.0399299264
vn -0.357576817 -0.506474674 0.784615934
vn -0.713140607 -0.673885405 0.193155214
vn -0.54691422 -0.549337983 0.631753683
vn -0.670297086 -0.607348204 0.426415086
vn 0.0879796669 -0.69187665 0.716635406
vn -0.087979205 -0.691876471 0.716635585
vn -0.253312081 -0.708416343 0.658771038
vn -0.388349682 -0.739181459 0.550268412
vn -0.476866752 -0.780645072 0.403969675
vn -0.50771296 -0.828177452 0.237380922
vn 0.25331226 -0.70841676 0.658770561
vn -0.476865351 -0.876111388 0.0709093064
vn 0.388349891 -0.739181817 0.550267696
vn -0.388346881 -0.918444693 -0.0751403794
vn 0.476867169 -0.780645072 0.403969258
vn -0.253307968 -0.949828804 -0.183467448
vn 0.507713377 -0.828176796 0.237381905
vn -0.0879766047 -0.966452777 -0.24130708
vn 0.476865292 -0.876111388 0.0709098056
vn 0.0879774168 -0.966452897 -0.241306618
vn 0.388346523 -0.918444753 -0.0751403272
vn 0.253307909 -0.949829042 -0.183466405
vn 0.267623752 -0.926226437 0.265484422
vn 0.250494212 -0.952048957 0.175657213
vn -0 -0.961290896 0.275535345
vn 0.250494957 -0.900542974 0.355351508
vn 0.202217802 -0.974448144 0.0977687687
vn 0.130614221 -0.990588069 0.0409284234
vn 0.202218205 -0.878280461 0.433279455
vn 0.0450888909 -0.998923361 0.010904613
vn 0.130613774 -0.861859679 0.490038514
vn -0.0450883955 -0.998923481 0.0109045003
vn 0.0450879931 -0.853024662 0.519919157
vn -0.130614877 -0.990588069 0.0409280695
vn -0.0450883023 -0.853024662 0.519919217
vn -0.202217862 -0.974448144 0.0977684706
vn -0.130614474 -0.861859798 0.490038276
vn -0.250493646 -0.952049136 0.175657004
vn -0.202218652 -0.878280699 0.433279067
vn -0.267623305 -0.926226676 0.265484393
vn -0.250494689 -0.900543034 0.355351359
vn 0.250026703 -0.118159533 -0.961002052
vn 0.201298326 -0.181315467 -0.962602615
vn 0.599732637 -0.55975306 -0.57183677
vn 0.749097466 -0.354014337 -0.559934616
vn 0.267886609 -0.0404156707 -0.962602377
vn 0.359123737 -0.720617115 -0.59307766
vn 0.122137353 -0.225299299 -0.966603637
vn 0.813227594 -0.107995287 -0.571837246
vn 0.251612216 0.048669856 -0.966603577
vn 0.027349595 -0.795200646 -0.605729282
vn 0.0164938271 -0.240271375 -0.970565557
vn 0.784759462 0.180031344 -0.593077779
vn 0.196109295 0.1397973 -0.970565796
vn -0.339568615 -0.718530715 -0.606965303
vn -0.100000776 -0.211602226 -0.972226441
vn 0.631750584 0.483717322 -0.605729878
vn 0.100000516 0.211601913 -0.97222656
vn -0.63175112 -0.483717263 -0.605729461
vn -0.19611001 -0.139797181 -0.970565557
vn 0.339569062 0.718530655 -0.606965125
vn -0.0164939761 0.240271047 -0.970565677
vn -0.784759462 -0.180031687 -0.59307766
vn -0.251613051 -0.0486697853 -0.966603339
vn -0.0273498297 0.795200765 -0.605729103
vn -0.122137517 0.225299343 -0.966603637
vn -0.81322819 0.107994415 -0.57183671
vn -0.267886847 0.0404154211 -0.962602258
vn -0.359123826 0.720617115 -0.5930776
vn -0.20129855 0.18131566 -0.962602496
vn -0.749097764 0.354014307 -0.559934258
vn -0.250026852 0.118159488 -0.961002052
vn -0.599732697 0.55975318 -0.57183665
vn -0.973096311 -0.230260566 0.00798418373
vn -0.991259992 0.131231636 0.0134913651
vn -0.929112136 0.126348585 0.347543627
vn -0.903911531 0.427177578 0.0215269737
vn -0.730713189 0.682551146 0.0134921949
vn -0.687484503 0.637634993 0.347543746
vn -0.43988511 0.898018599 0.00798530411
vn -0.79026711 -0.612519562 0.0172568914
vn -0.724340618 -0.558544815 0.404176265
vn -0.427124023 -0.903798342 0.0267157611
vn -0.846942902 0.400254726 0.349976778
vn -0.698672771 0.3301844 0.634692609
vn -0.0284713786 0.999445617 0.0172586925
vn -0.028318679 0.914242387 0.404176921
vn 0.427124262 0.903798044 0.0267177057
vn 0.028471712 -0.999445617 0.0172581486
vn 0.0283180512 -0.914242268 0.404177099
vn 0.439885557 -0.898018301 0.00798635092
vn -0.416956991 0.839742124 0.347821921
vn -0.379450798 0.74205929 0.552598357
vn 0.790266812 0.612519681 0.0172595996
vn 0.724339485 0.558545113 0.404177725
vn 0.97309643 0.230260044 0.00798716582
vn 0.73071295 -0.682551503 0.0134940632
vn 0.687483788 -0.637635291 0.3475447
vn 0.903911531 -0.427177459 0.0215288997
vn 0.991259873 -0.131232068 0.0134938462
vn 0.929111838 -0.126349002 0.347544372
vn 0.386078477 0.81694597 0.428418845
vn 0.296137184 0.626628458 0.720860302
vn 0.416956365 -0.839742124 0.347822547
vn 0.913513899 0.210977703 0.347823024
vn 0.814232469 0.177939847 0.552596569
vn 0.846942484 -0.400254875 0.349977672
vn 0.698673248 -0.330184668 0.634691775
vn 0.37945202 -0.742059588 0.552597344
vn 0.61499387 0.416297555 0.669685662
vn 0.537107706 0.12566942 0.834099829
vn 0.786225915 -0.0766200945 0.613170564
vn 0.558348775 -0.558809578 0.613170803
vn 0.243898839 -0.494763911 0.834099531
vn 0.0688020363 -0.739450276 0.669686198
vn -0.296136528 -0.626627862 0.720861077
vn 0.408882558 -0.193233177 0.891894639
vn -0 0 1
vn 0.159103781 0.336664706 0.928085566
vn -0.243898705 0.494763851 0.834099591
vn -0.38607949 -0.816945791 0.428418159
vn -0.159103602 -0.336664826 0.928085566
vn -0.537107885 -0.125669226 0.83409965
vn -0.0688016191 0.739450157 0.669686317
vn -0.614993632 -0.416296542 0.669686556
vn -0.814231694 -0.177939236 0.55259794
vn -0.408882737 0.193233281 0.89189446
vn -0.55834806 0.558809519 0.613171637
vn -0.78622508 0.076619871 0.613171697
vn -0.913514555 -0.210977927 0.347821057
vn -0.250027001 -0.118159771 -0.961001933
vn -0.599732339 -0.559753299 -0.571836829
vn -0.201298445 -0.18131566 -0.962602496
vn -0.749097586 -0.354014426 -0.559934497
vn -0.26788649 -0.0404154323 -0.962602496
vn -0.359124005 -0.720616996 -0.59307766
vn -0.122137368 -0.225299284 -0.966603637
vn -0.813228011 -0.107994594 -0.571836889
vn -0.251612216 0.0486699939 -0.966603577
vn -0.0273498781 -0.795200527 -0.605729461
vn -0.0164940115 -0.240271047 -0.970565677
vn -0.784759581 0.180031553 -0.593077719
vn -0.196109787 0.139797285 -0.970565677
vn 0.339568615 -0.718530834 -0.606965125
vn 0.100000665 -0.211602047 -0.97222656
vn -0.631751001 0.483717322 -0.60572964
vn -0.100000381 0.211601794 -0.972226679
vn 0.63175112 -0.48371774 -0.605728984
vn 0.196109891 -0.13979733 -0.970565557
vn -0.339568675 0.718530655 -0.606965363
vn 0.016494086 0.240270853 -0.970565796
vn 0.78475982 -0.180032313 -0.593077064
vn 0.251612574 -0.0486699082 -0.966603577
vn 0.0273502264 0.795200646 -0.605729282
vn 0.122137547 0.22529915 -0.966603637
vn 0.81322825 0.107994556 -0.571836531
vn 0.267885864 0.0404156372 -0.962602615
vn 0.359124571 0.720616937 -0.593077362
vn 0.201298222 0.181315348 -0.962602615
vn 0.749097109 0.354014665 -0.559934974
vn 0.250026226 0.118159615 -0.96100229
vn 0.599732339 0.55975312 -0.571837068
vn 0.973096311 -0.230260506 0.0079847686
vn 0.991259992 0.131231517 0.0134924045
vn 0.929112136 0.126348078 0.347543955
vn 0.903911293 0.427177727 0.0215275157
vn 0.730712652 0.68255192 0.0134923868
vn 0.687484086 0.63763535 0.347543925
vn 0.439885139 0.898018599 0.00798544381
vn 0.790266812 -0.61251986 0.0172574762
vn 0.72434032 -0.558544695 0.404176623
vn 0.427123606 -0.903798461 0.0267162286
vn 0.846942902 0.400254637 0.349977016
vn 0.698672831 0.330184251 0.63469243
vn 0.028471956 0.999445617 0.0172588006
vn 0.0283188801 0.914242268 0.40417698
vn -0.427124202 0.903798163 0.0267175529
vn -0.0284717772 -0.999445617 0.0172584299
vn -0.0283182897 -0.914242268 0.40417704
vn -0.439885587 -0.89801842 0.00798633415
vn 0.416957021 0.839742303 0.347821563
vn 0.379450917 0.742059529 0.552598178
vn -0.790267289 0.612519264 0.0172593817
vn -0.724339724 0.558545053 0.404177517
vn -0.97309643 0.230259985 0.00798668899
vn -0.730712712 -0.682551742 0.0134938862
vn -0.687483907 -0.637635052 0.347544611
vn -0.903911412 -0.427177608 0.0215289276
vn -0.991259873 -0.131231666 0.0134937912
vn -0.929111838 -0.126348674 0.347544461
vn -0.386078507 0.816945791 0.428418994
vn -0.296137184 0.626628458 0.720860302
vn -0.416956455 -0.839742124 0.347822487
vn -0.913513958 0.210977674 0.347822666
vn -0.81423229 0.17793946 0.552596807
vn -0.846942604 -0.400254875 0.349977642
vn -0.698673606 -0.330184668 0.634691536
vn -0.379451841 -0.742059588 0.552597463
vn -0.614994049 0.416297346 0.669685543
vn -0.537108243 0.12566945 0.834099531
vn -0.786225975 -0.0766201168 0.613170505
vn -0.558348775 -0.558809519 0.613170803
vn -0.243898854 -0.494763851 0.834099531
vn -0.0688018277 -0.739450276 0.669686139
vn 0.2961362 -0.62662816 0.720860898
vn -0.408882797 -0.193233103 0.891894519
vn -0 0 1
vn -0.159103617 0.336664796 0.928085566
vn 0.243898645 0.494763941 0.834099591
vn 0.386078835 -0.816946149 0.428418189
vn 0.159103379 -0.336664826 0.928085566
vn 0.537107766 -0.125669464 0.83409965
vn 0.0688013136 0.739450216 0.669686258
vn 0.614993393 -0.416296482 0.669686735
vn 0.814231217 -0.177939087 0.552598655
vn 0.40888235 0.193233073 0.891894758
vn 0.558348238 0.558809459 0.613171399
vn 0.78622508 0.0766195357 0.613171756
vn 0.913514555 -0.210977405 0.347821295
vn 0.716979802 -0.695126772 -0.0523331501
vn 0.626004755 -0.761266112 -0.169091687
vn 0.477341205 -0.750938058 -0.456330359
vn 0.557541966 -0.826505184 -0.0776921809
vn 0.318035722 -0.812918723 -0.487869322
vn 0.5712865 -0.818265557 0.0638213828
vn 0.718989491 -0.691904187 0.0657469183
vn 0.568600655 -0.805553913 0.166662037
vn 0.709250152 -0.688656747 0.150718898
vn 0.682846844 -0.669273317 0.292905182
vn 0.369306833 -0.921662211 -0.118959405
vn 0.164046124 -0.850957394 -0.498959154
vn 0.377205104 -0.924648762 0.0523538478
vn 0.189841956 -0.972342312 -0.136053607
vn -0 -0.865098894 -0.501601338
vn -0 -0.990049481 -0.140719891
vn -0.16405192 -0.850949466 -0.498970836
vn 0.193071961 -0.980124235 0.0456023961
vn 0.193588361 -0.961793602 0.193588585
vn 0.378260523 -0.906933188 0.185448676
vn 0.36333707 -0.857888222 0.363337219
vn -0.189842343 -0.972342074 -0.13605465
vn -0.318039089 -0.812901676 -0.487895548
vn -0 -0.999044716 0.043698471
vn -0.369307309 -0.921661675 -0.118961841
vn -0.476632833 -0.75120312 -0.456634462
vn -0.193071887 -0.980124235 0.0456025042
vn -0.193588376 -0.961793721 0.19358851
vn -0.377205014 -0.924648762 0.0523542427
vn -0.556991398 -0.827018976 -0.0761597306
vn -0.717297137 -0.694874585 -0.0513229184
vn -0.622674048 -0.760440409 -0.184411481
vn -0.5712865 -0.818265557 0.0638217255
vn -0.568600595 -0.805553913 0.166662008
vn -0.718989372 -0.691904247 0.065747261
vn -0.709250152 -0.688656747 0.150718912
vn -0.682846844 -0.669273257 0.292905211
vn -0 -0.980875969 0.19463405
vn -0 -0.924681723 0.38074106
vn -0.378260493 -0.906933188 0.185448617
vn -0.3633371 -0.857888222 0.363337249
vn -0.536746621 -0.77935797 0.323271155
vn -0.477908403 -0.732558668 0.484728009
vn -0.629421294 -0.643418431 0.435708284
vn -0.560586333 -0.61235559 0.557461858
vn -0.50284636 -0.622340858 0.599864364
vn -0.415313393 -0.628346503 0.657795906
vn -0.296824992 -0.652689159 0.697059333
vn -0.331451803 -0.776352108 0.536112905
vn -0.169033006 -0.809791028 0.561841905
vn -0.15617165 -0.672499359 0.723432839
vn -0 -0.680729866 0.732534528
vn -0.185448617 -0.906933129 0.378260642
vn -0 -0.822905958 0.568177521
vn 0.169033006 -0.809791028 0.561841965
vn 0.15617162 -0.672499359 0.723432899
vn 0.296824843 -0.652689219 0.697059393
vn 0.185448602 -0.906933129 0.378260612
vn 0.331451833 -0.776352108 0.536113024
vn 0.477908462 -0.732558668 0.484728038
vn 0.415313393 -0.62834692 0.657795489
vn 0.502846479 -0.622341633 0.599863589
vn 0.560586274 -0.612356007 0.557461321
vn 0.629421234 -0.643418431 0.435708106
vn 0.536746621 -0.77935791 0.323271126
vn -0.0708599165 -0.908461392 0.411918402
vn 0.12219765 -0.926999748 0.35459742
vn -0.153001592 -0.976768613 0.15004532
vn 0.249397323 -0.746680617 0.616659522
vn -0.310418159 -0.895113111 0.320020378
vn -0.47256285 -0.844970942 0.250416666
vn -0.437172174 -0.692112803 0.574334681
vn -0.378649861 -0.921733975 0.0838489011
vn -0.548504472 -0.83557117 -0.0310442857
vn -0.0473273546 -0.759065807 0.649291277
vn -0.0728746951 -0.5802598 0.811164498
vn 0.219472453 -0.559441507 0.799285293
vn 0.143323809 -0.308265626 0.940441787
vn -0.605305672 -0.780471981 0.15642406
vn -0.697420895 -0.5964728 0.397271037
vn -0.727304757 -0.684106171 0.0550139658
vn -0.736980319 -0.67275095 -0.065315932
vn -0.89481473 -0.441881418 0.0636201352
vn -0.839046001 -0.505535305 0.201086745
vn -0.887675881 -0.307963818 0.342330068
vn -0.951828599 -0.220002338 0.213591278
vn -0.940347075 -0.0126506779 0.339981228
vn -0.575813949 -0.650882125 0.494763285
vn -0.606764793 -0.484625846 0.630058944
vn -0.729062915 -0.429967761 0.532536387
vn -0.730900824 -0.240831852 0.638579726
vn -0.880230963 -0.112691738 0.460970759
vn -0.808636606 0.06576024 0.584621549
vn -0.838784039 0.153177381 0.522472918
vn -0.64359355 0.21844551 0.733531773
vn -0.676467121 0.0410148539 0.735329807
vn -0.549721658 0.018547276 0.835141897
vn -0.476459146 0.216838062 0.852037489
vn -0.281328082 0.191867307 0.94023484
vn -0.467808902 -0.52597779 0.71028322
vn -0.470650911 -0.336473912 0.815642715
vn -0.609256625 -0.295638829 0.735801697
vn -0.40284583 -0.0108815497 0.915203214
vn -0.180424839 -0.0681366175 0.981225908
vn -0.0243292674 0.0155912135 0.999582469
vn -0.121561162 -0.345426232 0.930539429
vn 0.0728743076 -0.580259681 0.811164737
vn -0.249396682 -0.746681333 0.616658986
vn -0.219473273 -0.559441447 0.799285054
vn -0.143324733 -0.308264911 0.940441787
vn 0.0473277122 -0.759066105 0.649290979
vn 0.437171936 -0.692112327 0.574335515
vn 0.0708598942 -0.908461809 0.411917478
vn -0.122196957 -0.927000046 0.354596645
vn 0.153001159 -0.976768851 0.150044531
vn 0.310418129 -0.89511323 0.320020378
vn 0.472563505 -0.844970584 0.250416428
vn 0.37864998 -0.921733975 0.0838489532
vn 0.548505247 -0.835570574 -0.0310439207
vn 0.121561162 -0.345425606 0.930539608
vn 0.470651209 -0.336473793 0.815642655
vn 0.180425048 -0.0681370571 0.981225789
vn 0.0243292432 0.0155904805 0.999582469
vn 0.28132847 0.191866323 0.94023484
vn 0.402845442 -0.0108816428 0.915203333
vn 0.549721241 0.0185469445 0.835142255
vn 0.47645849 0.216837063 0.852038145
vn 0.643594325 0.218443394 0.733531713
vn 0.467808753 -0.525977671 0.710283399
vn 0.606764615 -0.484625608 0.630059302
vn 0.609256506 -0.295639277 0.735801578
vn 0.730900943 -0.240831718 0.638579607
vn 0.676467478 0.0410135016 0.735329628
vn 0.808637261 0.065757595 0.584620893
vn 0.838785231 0.153173536 0.522472203
vn 0.940346479 -0.0126521876 0.339983046
vn 0.880230367 -0.112692289 0.460971564
vn 0.887675405 -0.30796355 0.342331618
vn 0.951827824 -0.220002592 0.213594556
vn 0.894813657 -0.441882759 0.0636247024
vn 0.575814486 -0.65088129 0.494763762
vn 0.697421074 -0.596472621 0.397270948
vn 0.729063034 -0.429967344 0.532536507
vn 0.839044809 -0.505536377 0.20108895
vn 0.727304518 -0.684106171 0.0550168566
vn 0.736980081 -0.672751665 -0.065311417
vn 0.605306327 -0.780471623 0.156423673
vn 0.257386267 0.689591765 0.676916122
vn 0.845058203 0.214220524 0.489883751
vn 0.555856228 0.0180844124 0.831081688
vn 0.921791136 -0.382684827 0.0620759241
vn 0.202794328 0.553133965 0.80803299
vn -0.206665382 0.443143904 0.872303247
vn -0.227775544 0.760752976 0.607760847
vn 0.0554310493 0.0068823793 0.998438776
vn 0.578603029 -0.581022143 0.572391391
vn -0.555851221 0.206923217 0.805116296
vn -0.625251472 0.656048179 0.422683507
vn -0.0788638666 -0.374630928 0.923813879
vn 0.44422251 -0.803343534 0.396617502
vn 0.739387929 -0.650808394 -0.172493383
vn 0.552122533 -0.783770978 -0.284365535
vn -0.131498769 -0.51738131 0.845591307
vn -0.610791385 0.110833853 0.783995986
vn -0.714325726 0.603278458 0.35467422
vn 0.329391241 -0.88624841 0.325676382
vn -0.473620832 0.193187356 0.859279931
vn -0.56086868 0.701975942 0.438926309
vn -0.105484776 -0.508918107 0.85432744
vn 0.196908832 -0.939422846 0.280555964
vn 0.338276953 -0.870787621 -0.356788009
vn 0.101461545 -0.912845373 -0.395498365
vn -0.0713464767 -0.496673465 0.865000069
vn -0.295908272 0.261679709 0.918674111
vn -0.348528922 0.785605669 0.511225283
vn 0.0435109623 -0.966121316 0.254394382
vn -0.105080016 0.292385727 0.950509787
vn -0.110581517 0.826848507 0.551446557
vn -0.0442890786 -0.494414598 0.868097186
vn -0.126597807 -0.959749162 0.250708044
vn -0.150581464 -0.904455066 -0.399106801
vn -0.399414062 -0.840643704 -0.365768343
vn -0.0261390135 -0.49780336 0.866895974
vn 0.0951292887 0.282413095 0.954564393
vn 0.149915442 0.817245245 0.556449175
vn -0.299648315 -0.913936853 0.273733854
vn 0.291961193 0.227279693 0.929033101
vn 0.416017264 0.74553144 0.5206846
vn -0.0163052473 -0.502060711 0.864678621
vn -0.459107935 -0.826785862 0.325031072
vn -0.623676956 -0.72274065 -0.297780007
vn -0.852093637 -0.49603945 -0.166977003
vn -0.0203286409 -0.492348224 0.870160937
vn 0.44024393 0.153833166 0.884601951
vn 0.616510093 0.639441371 0.45938006
vn -0.637773931 -0.640363216 0.42799446
vn 0.408483982 0.220484585 0.885735512
vn 0.567316651 0.674379289 0.472614467
vn -0.0936426967 -0.378273726 0.920945227
vn -0.774587452 -0.0785105377 0.627574921
vn -0.984636188 0.0837149248 0.153242618
vn -0.52038908 0.71225971 0.471042812
vn -0.264056772 -0.081132777 0.961088717
vn 0.0309988186 0.460932851 0.886893451
vn 0.140303925 0.823955834 0.549009502
vn -0.482400656 0.531709671 0.696113765
vn -0.227775544 0.760752976 0.607760847
vn 0.287001342 0.761783063 0.580789804
vn 0.257386267 0.689591765 0.676916122
vn 0.845058203 0.214220524 0.489883751
vn -0.167698875 0.906926334 0.386473358
vn -0.625251472 0.656048179 0.422683507
vn -0.511728585 0.857798576 0.0481190793
vn -0.714325726 0.603278458 0.35467422
vn -0.586400986 0.805199206 -0.0882498547
vn -0.56086868 0.701975942 0.438926309
vn -0.462296158 0.886356652 -0.0255753826
vn -0.348528922 0.785605669 0.511225283
vn -0.285891742 0.957582474 0.0360804163
vn -0.110581517 0.826848507 0.551446557
vn -0.0823982432 0.99406141 0.0710799545
vn 0.149915442 0.817245245 0.556449175
vn 0.145070434 0.986547589 0.0753553361
vn 0.416017264 0.74553144 0.5206846
vn 0.381003916 0.923585832 0.0427223705
vn 0.616510093 0.639441371 0.45938006
vn 0.56199646 0.827101588 -0.00794199947
vn 0.567316651 0.674379289 0.472614467
vn 0.51702553 0.854687154 0.0468453951
vn 0.140303925 0.823955834 0.549009502
vn -0.334357023 0.815523207 -0.472363472
vn -0.266352415 0.858067513 -0.439063102
vn -0.161872581 0.901847363 -0.400585324
vn -0.0350588337 0.925216019 -0.377817482
vn 0.111190416 0.920521557 -0.374535352
vn 0.265772402 0.879240692 -0.395348996
vn 0.387704045 0.817477405 -0.425929815
vn -0.283427835 0.900351644 -0.330205351
vn -0.00507112918 0.998161852 0.0603922121
vn 0.323546857 0.872062206 0.367184997
vn 0.877426207 0.422045231 0.228037447
vn 0.757652998 0.649934769 -0.0595549382
vn 0.385789692 0.874386966 -0.294302076
vn 0.295718521 0.666369736 -0.684472024
vn 0.943822682 -0.0986400247 -0.31538704
vn 0.921791136 -0.382684827 0.0620759241
vn 0.788615286 0.200450271 -0.581296563
vn 0.205658033 0.505082488 -0.838210166
vn 0.756106317 -0.347258657 -0.554720342
vn 0.739387929 -0.650808394 -0.172493383
vn 0.627280653 -0.0180037692 -0.778585136
vn 0.147645652 0.459394455 -0.875875294
vn 0.565592706 -0.481694311 -0.66938442
vn 0.552122533 -0.783770978 -0.284365535
vn 0.468739659 -0.131034657 -0.873563349
vn 0.0970653668 0.440417022 -0.892530739
vn 0.350948662 -0.569841325 -0.743045092
vn 0.338276953 -0.870787621 -0.356788009
vn 0.294308305 -0.202535242 -0.934003353
vn 0.0529886372 0.432522535 -0.900064647
vn 0.117903784 -0.612280607 -0.781799972
vn 0.101461545 -0.912845373 -0.395498365
vn 0.109074488 -0.236513719 -0.965486348
vn 0.0160537064 0.432944834 -0.901277542
vn -0.125902295 -0.605246127 -0.786018968
vn -0.150581464 -0.904455066 -0.399106801
vn -0.0811649561 -0.231282815 -0.969494998
vn -0.0122920265 0.439759195 -0.898031533
vn -0.363378316 -0.5450176 -0.755587161
vn -0.399414062 -0.840643704 -0.365768343
vn -0.263596028 -0.184491441 -0.946826398
vn -0.0382427424 0.461842209 -0.886137307
vn -0.575538933 -0.434375823 -0.692872643
vn -0.623676956 -0.72274065 -0.297780007
vn -0.424364507 -0.0971082374 -0.90026927
vn 0.353559762 0.861095905 -0.365389228
vn -0.797006965 -0.229480609 -0.558675826
vn -0.852093637 -0.49603945 -0.166977003
vn -0.598771513 0.0762501806 -0.79728204
vn -0.120804638 0.573487818 -0.810258031
vn 0.103598893 0.961477578 0.254613668
vn -0.946866572 0.287587255 -0.1440043
vn -0.984636188 0.0837149248 0.153242618
vn -0.52038908 0.71225971 0.471042812
vn -0.521422148 0.791736662 0.318232626
vn -0.0100468742 0.991229296 -0.131770313
vn -0.482537836 0.874563634 0.0479133315
vn -0.743147254 0.522196531 -0.418381393
vn -0.293970466 0.767025828 -0.570309401
g Frog_0
f 3/3/3 2/2/2 1/1/1
f 1/1/1 4/4/4 3/3/3
f 4/4/4 5/5/5 3/3/3
f 4/4/4 6/6/6 5/5/5
f 6/6/6 7/7/7 5/5/5
f 6/6/6 8/8/8 7/7/7
f 6/6/6 9/9/9 8/8/8
f 9/9/9 10/10/10 8/8/8
f 10/10/10 11/11/11 8/8/8
f 10/10/10 12/12/12 11/11/11
f 10/10/10 13/13/13 12/12/12
f 13/13/13 14/14/14 12/12/12
f 14/14/14 15/15/15 12/12/12
f 14/14/14 16/16/16 15/15/15
f 16/16/16 17/17/17 15/15/15
f 16/16/16 18/18/18 17/17/17
f 18/18/18 19/19/19 17/17/17
f 18/18/18 20/20/20 19/19/19
f 20/20/20 21/21/21 19/19/19
f 20/20/20 22/22/22 21/21/21
f 22/22/22 23/23/23 21/21/21
f 22/22/22 24/24/24 23/23/23
f 22/22/22 25/25/25 24/24/24
f 25/25/25 26/26/26 24/24/24
f 26/26/26 27/27/27 24/24/24
f 26/26/26 28/28/28 27/27/27
f 26/26/26 29/29/29 28/28/28
f 29/29/29 30/30/30 28/28/28
f 30/30/30 31/31/31 28/28/28
f 30/30/30 32/32/32 31/31/31
f 35/35/35 34/34/34 33/33/33
f 36/36/36 35/35/35 33/33/33
f 36/36/36 33/33/33 37/37/37
f 35/35/35 36/36/36 38/38/38
f 39/39/39 36/36/36 37/37/37
f 39/39/39 37/37/37 40/40/40
f 36/36/36 41/41/41 38/38/38
f 36/36/36 39/39/39 41/41/41
f 42/42/42 38/38/38 41/41/41
f 43/43/43 42/42/42 41/41/41
f 42/42/42 43/43/43 44/44/44
f 39/39/39 45/45/45 41/41/41
f 43/43/43 41/41/41 45/45/45
f 46/46/46 39/39/39 40/40/40
f 39/39/39 46/46/46 45/45/45
f 43/43/43 47/47/47 44/44/44
f 48/48/48 44/44/44 47/47/47
f 49/49/49 46/46/46 40/40/40
f 50/50/50 49/49/49 40/40/40
f 51/51/51 49/49/49 50/50/50
f 52/52/52 51/51/51 50/50/50
f 51/51/51 52/52/52 53/53/53
f 54/54/54 43/43/43 45/45/45
f 43/43/43 54/54/54 47/47/47
f 46/46/46 55/55/55 45/45/45
f 46/46/46 49/49/49 55/55/55
f 54/54/54 45/45/45 55/55/55
f 56/56/56 48/48/48 47/47/47
f 48/48/48 56/56/56 57/57/57
f 49/49/49 58/58/58 55/55/55
f 49/49/49 51/51/51 58/58/58
f 54/54/54 59/59/59 47/47/47
f 56/56/56 47/47/47 59/59/59
f 60/60/60 54/54/54 55/55/55
f 60/60/60 55/55/55 58/58/58
f 54/54/54 60/60/60 59/59/59
f 56/56/56 61/61/61 57/57/57
f 62/62/62 57/57/57 61/61/61
f 63/63/63 56/56/56 59/59/59
f 56/56/56 63/63/63 61/61/61
f 60/60/60 64/64/64 59/59/59
f 63/63/63 59/59/59 64/64/64
f 65/65/65 62/62/62 61/61/61
f 62/62/62 65/65/65 66/66/66
f 63/63/63 67/67/67 61/61/61
f 65/65/65 61/61/61 67/67/67
f 65/65/65 68/68/68 66/66/66
f 69/69/69 66/66/66 68/68/68
f 70/70/70 60/60/60 58/58/58
f 60/60/60 70/70/70 64/64/64
f 71/71/71 70/70/70 58/58/58
f 72/72/72 63/63/63 64/64/64
f 63/63/63 72/72/72 67/67/67
f 73/73/73 65/65/65 67/67/67
f 65/65/65 73/73/73 68/68/68
f 74/74/74 69/69/69 68/68/68
f 69/69/69 74/74/74 75/75/75
f 70/70/70 76/76/76 64/64/64
f 70/70/70 71/71/71 76/76/76
f 77/77/77 72/72/72 64/64/64
f 76/76/76 77/77/77 64/64/64
f 78/78/78 77/77/77 76/76/76
f 72/72/72 79/79/79 67/67/67
f 72/72/72 77/77/77 79/79/79
f 73/73/73 67/67/67 79/79/79
f 73/73/73 80/80/80 68/68/68
f 74/74/74 68/68/68 80/80/80
f 74/74/74 81/81/81 75/75/75
f 82/82/82 75/75/75 81/81/81
f 77/77/77 83/83/83 79/79/79
f 77/77/77 78/78/78 83/83/83
f 84/84/84 73/73/73 79/79/79
f 73/73/73 84/84/84 80/80/80
f 84/84/84 79/79/79 83/83/83
f 85/85/85 74/74/74 80/80/80
f 74/74/74 85/85/85 81/81/81
f 86/86/86 82/82/82 81/81/81
f 82/82/82 86/86/86 87/87/87
f 84/84/84 88/88/88 80/80/80
f 85/85/85 80/80/80 88/88/88
f 85/85/85 89/89/89 81/81/81
f 86/86/86 81/81/81 89/89/89
f 86/86/86 90/90/90 87/87/87
f 91/91/91 87/87/87 90/90/90
f 92/92/92 84/84/84 83/83/83
f 84/84/84 92/92/92 88/88/88
f 93/93/93 92/92/92 83/83/83
f 94/94/94 85/85/85 88/88/88
f 85/85/85 94/94/94 89/89/89
f 95/95/95 86/86/86 89/89/89
f 86/86/86 95/95/95 90/90/90
f 96/96/96 91/91/91 90/90/90
f 91/91/91 96/96/96 97/97/97
f 92/92/92 98/98/98 88/88/88
f 92/92/92 93/93/93 98/98/98
f 99/99/99 94/94/94 88/88/88
f 98/98/98 99/99/99 88/88/88
f 100/100/100 99/99/99 98/98/98
f 94/94/94 101/101/101 89/89/89
f 94/94/94 99/99/99 101/101/101
f 95/95/95 89/89/89 101/101/101
f 95/95/95 102/102/102 90/90/90
f 96/96/96 90/90/90 102/102/102
f 96/96/96 103/103/103 97/97/97
f 104/104/104 97/97/97 103/103/103
f 99/99/99 105/105/105 101/101/101
f 99/99/99 100/100/100 105/105/105
f 106/106/106 95/95/95 101/101/101
f 95/95/95 106/106/106 102/102/102
f 106/106/106 101/101/101 105/105/105
f 107/107/107 100/100/100 98/98/98
f 100/100/100 107/107/107 108/108/108
f 93/93/93 107/107/107 98/98/98
f 107/107/107 93/93/93 108/108/108
f 109/109/109 96/96/96 102/102/102
f 96/96/96 109/109/109 103/103/103
f 109/109/109 102/102/102 110/110/110
f 111/111/111 110/110/110 102/102/102
f 106/106/106 111/111/111 102/102/102
f 109/109/109 112/112/112 103/103/103
f 106/106/106 113/113/113 111/111/111
f 113/113/113 106/106/106 105/105/105
f 114/114/114 113/113/113 105/105/105
f 113/113/113 115/115/115 111/111/111
f 113/113/113 114/114/114 115/115/115
f 114/114/114 116/116/116 115/115/115
f 116/116/116 114/114/114 117/117/117
f 118/118/118 103/103/103 112/112/112
f 118/118/118 104/104/104 103/103/103
f 104/104/104 118/118/118 119/119/119
f 120/120/120 118/118/118 112/112/112
f 118/118/118 121/121/121 119/119/119
f 118/118/118 120/120/120 121/121/121
f 120/120/120 122/122/122 121/121/121
f 123/123/123 114/114/114 105/105/105
f 114/114/114 123/123/123 124/124/124
f 100/100/100 123/123/123 105/105/105
f 123/123/123 100/100/100 124/124/124
f 114/114/114 125/125/125 117/117/117
f 125/125/125 114/114/114 124/124/124
f 125/125/125 126/126/126 117/117/117
f 126/126/126 125/125/125 124/124/124
f 126/126/126 127/127/127 117/117/117
f 100/100/100 128/128/128 124/124/124
f 128/128/128 129/129/129 124/124/124
f 128/128/128 100/100/100 108/108/108
f 129/129/129 128/128/128 108/108/108
f 130/130/130 126/126/126 124/124/124
f 129/129/129 130/130/130 124/124/124
f 126/126/126 131/131/131 127/127/127
f 127/127/127 131/131/131 132/132/132
f 133/133/133 131/131/131 126/126/126
f 132/132/132 134/134/134 127/127/127
f 133/133/133 126/126/126 135/135/135
f 135/135/135 126/126/126 130/130/130
f 134/134/134 136/136/136 127/127/127
f 130/130/130 137/137/137 135/135/135
f 134/134/134 138/138/138 136/136/136
f 138/138/138 139/139/139 136/136/136
f 140/140/140 139/139/139 138/138/138
f 141/141/141 140/140/140 138/138/138
f 140/140/140 141/141/141 142/142/142
f 137/137/137 130/130/130 143/143/143
f 141/141/141 144/144/144 142/142/142
f 145/145/145 143/143/143 130/130/130
f 146/146/146 143/143/143 145/145/145
f 130/130/130 129/129/129 145/145/145
f 142/142/142 144/144/144 147/147/147
f 147/147/147 148/148/148 142/142/142
f 148/148/148 149/149/149 142/142/142
f 149/149/149 148/148/148 150/150/150
f 148/148/148 151/151/151 150/150/150
f 144/144/144 152/152/152 147/147/147
f 151/151/151 148/148/148 153/153/153
f 147/147/147 152/152/152 154/154/154
f 148/148/148 147/147/147 154/154/154
f 152/152/152 155/155/155 154/154/154
f 156/156/156 154/154/154 155/155/155
f 156/156/156 157/157/157 154/154/154
f 148/148/148 158/158/158 153/153/153
f 158/158/158 148/148/148 154/154/154
f 158/158/158 159/159/159 153/153/153
f 159/159/159 158/158/158 154/154/154
f 159/159/159 160/160/160 153/153/153
f 160/160/160 159/159/159 161/161/161
f 157/157/157 162/162/162 154/154/154
f 162/162/162 163/163/163 154/154/154
f 164/164/164 162/162/162 157/157/157
f 164/164/164 146/146/146 162/162/162
f 146/146/146 145/145/145 162/162/162
f 163/163/163 162/162/162 145/145/145
f 165/165/165 159/159/159 154/154/154
f 163/163/163 165/165/165 154/154/154
f 159/159/159 165/165/165 166/166/166
f 165/165/165 163/163/163 166/166/166
f 159/159/159 167/167/167 161/161/161
f 167/167/167 159/159/159 166/166/166
f 167/167/167 168/168/168 161/161/161
f 168/168/168 167/167/167 166/166/166
f 168/168/168 169/169/169 161/161/161
f 169/169/169 168/168/168 170/170/170
f 171/171/171 163/163/163 145/145/145
f 163/163/163 171/171/171 172/172/172
f 129/129/129 171/171/171 145/145/145
f 171/171/171 129/129/129 172/172/172
f 163/163/163 173/173/173 166/166/166
f 173/173/173 163/163/163 172/172/172
f 173/173/173 174/174/174 166/166/166
f 174/174/174 173/173/173 172/172/172
f 175/175/175 168/168/168 166/166/166
f 174/174/174 175/175/175 166/166/166
f 168/168/168 175/175/175 176/176/176
f 175/175/175 174/174/174 176/176/176
f 168/168/168 177/177/177 170/170/170
f 177/177/177 168/168/168 176/176/176
f 177/177/177 178/178/178 170/170/170
f 178/178/178 177/177/177 176/176/176
f 178/178/178 179/179/179 170/170/170
f 179/179/179 178/178/178 180/180/180
f 129/129/129 181/181/181 172/172/172
f 181/181/181 182/182/182 172/172/172
f 181/181/181 129/129/129 108/108/108
f 182/182/182 181/181/181 108/108/108
f 183/183/183 174/174/174 172/172/172
f 182/182/182 183/183/183 172/172/172
f 174/174/174 183/183/183 184/184/184
f 183/183/183 182/182/182 184/184/184
f 174/174/174 185/185/185 176/176/176
f 185/185/185 174/174/174 184/184/184
f 185/185/185 186/186/186 176/176/176
f 186/186/186 185/185/185 184/184/184
f 187/187/187 178/178/178 176/176/176
f 186/186/186 187/187/187 176/176/176
f 178/178/178 187/187/187 188/188/188
f 187/187/187 186/186/186 188/188/188
f 178/178/178 189/189/189 180/180/180
f 189/189/189 178/178/178 188/188/188
f 189/189/189 190/190/190 180/180/180
f 190/190/190 189/189/189 188/188/188
f 190/190/190 191/191/191 180/180/180
f 191/191/191 190/190/190 53/53/53
f 190/190/190 192/192/192 53/53/53
f 192/192/192 190/190/190 193/193/193
f 192/192/192 51/51/51 53/53/53
f 51/51/51 192/192/192 193/193/193
f 194/194/194 190/190/190 188/188/188
f 190/190/190 194/194/194 193/193/193
f 195/195/195 194/194/194 188/188/188
f 194/194/194 195/195/195 193/193/193
f 186/186/186 196/196/196 188/188/188
f 196/196/196 195/195/195 188/188/188
f 196/196/196 186/186/186 197/197/197
f 195/195/195 196/196/196 197/197/197
f 198/198/198 51/51/51 193/193/193
f 51/51/51 198/198/198 58/58/58
f 198/198/198 71/71/71 58/58/58
f 71/71/71 198/198/198 193/193/193
f 186/186/186 199/199/199 197/197/197
f 199/199/199 200/200/200 197/197/197
f 199/199/199 186/186/186 184/184/184
f 200/200/200 199/199/199 184/184/184
f 201/201/201 195/195/195 197/197/197
f 200/200/200 201/201/201 197/197/197
f 195/195/195 201/201/201 202/202/202
f 201/201/201 200/200/200 202/202/202
f 195/195/195 203/203/203 193/193/193
f 203/203/203 71/71/71 193/193/193
f 203/203/203 195/195/195 202/202/202
f 71/71/71 203/203/203 202/202/202
f 204/204/204 200/200/200 184/184/184
f 200/200/200 204/204/204 205/205/205
f 182/182/182 204/204/204 184/184/184
f 204/204/204 182/182/182 205/205/205
f 200/200/200 206/206/206 202/202/202
f 206/206/206 200/200/200 205/205/205
f 207/207/207 71/71/71 202/202/202
f 71/71/71 207/207/207 76/76/76
f 207/207/207 78/78/78 76/76/76
f 78/78/78 207/207/207 202/202/202
f 206/206/206 78/78/78 202/202/202
f 78/78/78 206/206/206 205/205/205
f 182/182/182 208/208/208 205/205/205
f 208/208/208 182/182/182 108/108/108
f 93/93/93 208/208/208 108/108/108
f 208/208/208 93/93/93 205/205/205
f 209/209/209 78/78/78 205/205/205
f 93/93/93 209/209/209 205/205/205
f 78/78/78 209/209/209 83/83/83
f 209/209/209 93/93/93 83/83/83
f 212/212/212 211/211/211 210/210/210
f 213/213/213 212/212/212 210/210/210
f 213/213/213 210/210/210 214/214/214
f 212/212/212 213/213/213 215/215/215
f 216/216/216 213/213/213 214/214/214
f 213/213/213 217/217/217 215/215/215
f 213/213/213 216/216/216 217/217/217
f 218/218/218 215/215/215 217/217/217
f 216/216/216 219/219/219 217/217/217
f 220/220/220 218/218/218 217/217/217
f 220/220/220 217/217/217 219/219/219
f 218/218/218 220/220/220 221/221/221
f 222/222/222 220/220/220 219/219/219
f 220/220/220 223/223/223 221/221/221
f 220/220/220 222/222/222 223/223/223
f 224/224/224 221/221/221 223/223/223
f 222/222/222 225/225/225 223/223/223
f 225/225/225 222/222/222 226/226/226
f 226/226/226 227/227/227 225/225/225
f 228/228/228 224/224/224 223/223/223
f 228/228/228 223/223/223 225/225/225
f 224/224/224 228/228/228 229/229/229
f 230/230/230 228/228/228 225/225/225
f 230/230/230 225/225/225 227/227/227
f 228/228/228 231/231/231 229/229/229
f 228/228/228 230/230/230 231/231/231
f 232/232/232 229/229/229 231/231/231
f 233/233/233 232/232/232 231/231/231
f 232/232/232 233/233/233 234/234/234
f 230/230/230 235/235/235 231/231/231
f 233/233/233 231/231/231 235/235/235
f 236/236/236 230/230/230 227/227/227
f 230/230/230 236/236/236 235/235/235
f 233/233/233 237/237/237 234/234/234
f 238/238/238 234/234/234 237/237/237
f 239/239/239 236/236/236 227/227/227
f 240/240/240 239/239/239 227/227/227
f 241/241/241 239/239/239 240/240/240
f 242/242/242 241/241/241 240/240/240
f 241/241/241 242/242/242 243/243/243
f 236/236/236 244/244/244 235/235/235
f 236/236/236 239/239/239 244/244/244
f 245/245/245 233/233/233 235/235/235
f 233/233/233 245/245/245 237/237/237
f 245/245/245 235/235/235 244/244/244
f 246/246/246 238/238/238 237/237/237
f 238/238/238 246/246/246 247/247/247
f 239/239/239 248/248/248 244/244/244
f 239/239/239 241/241/241 248/248/248
f 245/245/245 249/249/249 237/237/237
f 246/246/246 237/237/237 249/249/249
f 250/250/250 245/245/245 244/244/244
f 250/250/250 244/244/244 248/248/248
f 245/245/245 250/250/250 249/249/249
f 246/246/246 251/251/251 247/247/247
f 252/252/252 247/247/247 251/251/251
f 253/253/253 246/246/246 249/249/249
f 246/246/246 253/253/253 251/251/251
f 250/250/250 254/254/254 249/249/249
f 253/253/253 249/249/249 254/254/254
f 255/255/255 252/252/252 251/251/251
f 252/252/252 255/255/255 256/256/256
f 253/253/253 257/257/257 251/251/251
f 255/255/255 251/251/251 257/257/257
f 255/255/255 258/258/258 256/256/256
f 259/259/259 256/256/256 258/258/258
f 260/260/260 250/250/250 248/248/248
f 250/250/250 260/260/260 254/254/254
f 261/261/261 260/260/260 248/248/248
f 262/262/262 253/253/253 254/254/254
f 253/253/253 262/262/262 257/257/257
f 263/263/263 255/255/255 257/257/257
f 255/255/255 263/263/263 258/258/258
f 264/264/264 259/259/259 258/258/258
f 259/259/259 264/264/264 265/265/265
f 260/260/260 266/266/266 254/254/254
f 260/260/260 261/261/261 266/266/266
f 267/267/267 262/262/262 254/254/254
f 266/266/266 267/267/267 254/254/254
f 268/268/268 267/267/267 266/266/266
f 262/262/262 269/269/269 257/257/257
f 262/262/262 267/267/267 269/269/269
f 263/263/263 257/257/257 269/269/269
f 263/263/263 270/270/270 258/258/258
f 264/264/264 258/258/258 270/270/270
f 264/264/264 271/271/271 265/265/265
f 272/272/272 265/265/265 271/271/271
f 267/267/267 273/273/273 269/269/269
f 267/267/267 268/268/268 273/273/273
f 274/274/274 263/263/263 269/269/269
f 263/263/263 274/274/274 270/270/270
f 274/274/274 269/269/269 273/273/273
f 275/275/275 264/264/264 270/270/270
f 264/264/264 275/275/275 271/271/271
f 276/276/276 272/272/272 271/271/271
f 272/272/272 276/276/276 277/277/277
f 276/276/276 278/278/278 277/277/277
f 274/274/274 279/279/279 270/270/270
f 275/275/275 270/270/270 279/279/279
f 275/275/275 280/280/280 271/271/271
f 276/276/276 271/271/271 280/280/280
f 276/276/276 281/281/281 278/278/278
f 281/281/281 276/276/276 280/280/280
f 281/281/281 282/282/282 278/278/278
f 275/275/275 283/283/283 280/280/280
f 283/283/283 275/275/275 279/279/279
f 281/281/281 284/284/284 282/282/282
f 284/284/284 285/285/285 282/282/282
f 281/281/281 280/280/280 286/286/286
f 283/283/283 286/286/286 280/280/280
f 284/284/284 281/281/281 286/286/286
f 284/284/284 287/287/287 285/285/285
f 287/287/287 288/288/288 285/285/285
f 287/287/287 289/289/289 288/288/288
f 289/289/289 290/290/290 288/288/288
f 290/290/290 289/289/289 291/291/291
f 287/287/287 284/284/284 292/292/292
f 284/284/284 286/286/286 292/292/292
f 289/289/289 287/287/287 292/292/292
f 283/283/283 293/293/293 286/286/286
f 293/293/293 283/283/283 279/279/279
f 293/293/293 292/292/292 286/286/286
f 293/293/293 294/294/294 292/292/292
f 295/295/295 293/293/293 279/279/279
f 294/294/294 293/293/293 295/295/295
f 296/296/296 289/289/289 292/292/292
f 294/294/294 296/296/296 292/292/292
f 289/289/289 296/296/296 297/297/297
f 296/296/296 294/294/294 297/297/297
f 289/289/289 298/298/298 291/291/291
f 298/298/298 289/289/289 297/297/297
f 298/298/298 299/299/299 291/291/291
f 299/299/299 298/298/298 297/297/297
f 299/299/299 300/300/300 291/291/291
f 300/300/300 299/299/299 301/301/301
f 302/302/302 295/295/295 279/279/279
f 302/302/302 303/303/303 295/295/295
f 274/274/274 302/302/302 279/279/279
f 302/302/302 274/274/274 273/273/273
f 303/303/303 302/302/302 273/273/273
f 304/304/304 294/294/294 295/295/295
f 303/303/303 304/304/304 295/295/295
f 294/294/294 304/304/304 305/305/305
f 304/304/304 303/303/303 305/305/305
f 294/294/294 306/306/306 297/297/297
f 306/306/306 294/294/294 305/305/305
f 306/306/306 307/307/307 297/297/297
f 307/307/307 306/306/306 305/305/305
f 308/308/308 299/299/299 297/297/297
f 307/307/307 308/308/308 297/297/297
f 299/299/299 308/308/308 309/309/309
f 308/308/308 307/307/307 309/309/309
f 310/310/310 303/303/303 273/273/273
f 303/303/303 310/310/310 311/311/311
f 268/268/268 310/310/310 273/273/273
f 310/310/310 268/268/268 311/311/311
f 303/303/303 312/312/312 305/305/305
f 312/312/312 303/303/303 311/311/311
f 312/312/312 313/313/313 305/305/305
f 313/313/313 312/312/312 311/311/311
f 314/314/314 299/299/299 309/309/309
f 315/315/315 314/314/314 309/309/309
f 299/299/299 314/314/314 301/301/301
f 314/314/314 315/315/315 301/301/301
f 315/315/315 316/316/316 301/301/301
f 316/316/316 315/315/315 317/317/317
f 313/313/313 318/318/318 305/305/305
f 318/318/318 307/307/307 305/305/305
f 307/307/307 318/318/318 319/319/319
f 318/318/318 313/313/313 319/319/319
f 307/307/307 320/320/320 309/309/309
f 320/320/320 307/307/307 319/319/319
f 320/320/320 321/321/321 309/309/309
f 321/321/321 320/320/320 319/319/319
f 322/322/322 315/315/315 309/309/309
f 321/321/321 322/322/322 309/309/309
f 315/315/315 322/322/322 323/323/323
f 322/322/322 321/321/321 323/323/323
f 315/315/315 324/324/324 317/317/317
f 324/324/324 315/315/315 323/323/323
f 324/324/324 325/325/325 317/317/317
f 325/325/325 324/324/324 323/323/323
f 325/325/325 326/326/326 317/317/317
f 326/326/326 325/325/325 327/327/327
f 313/313/313 328/328/328 319/319/319
f 328/328/328 321/321/321 319/319/319
f 328/328/328 313/313/313 329/329/329
f 321/321/321 328/328/328 329/329/329
f 321/321/321 330/330/330 323/323/323
f 330/330/330 321/321/321 329/329/329
f 330/330/330 331/331/331 323/323/323
f 331/331/331 330/330/330 329/329/329
f 332/332/332 325/325/325 323/323/323
f 331/331/331 332/332/332 323/323/323
f 325/325/325 332/332/332 333/333/333
f 332/332/332 331/331/331 333/333/333
f 325/325/325 334/334/334 327/327/327
f 334/334/334 325/325/325 333/333/333
f 334/334/334 335/335/335 327/327/327
f 335/335/335 334/334/334 333/333/333
f 335/335/335 336/336/336 327/327/327
f 336/336/336 335/335/335 337/337/337
f 313/313/313 338/338/338 329/329/329
f 338/338/338 339/339/339 329/329/329
f 338/338/338 313/313/313 311/311/311
f 339/339/339 338/338/338 311/311/311
f 340/340/340 331/331/331 329/329/329
f 339/339/339 340/340/340 329/329/329
f 331/331/331 340/340/340 341/341/341
f 340/340/340 339/339/339 341/341/341
f 331/331/331 342/342/342 333/333/333
f 342/342/342 331/331/331 341/341/341
f 342/342/342 343/343/343 333/333/333
f 343/343/343 342/342/342 341/341/341
f 344/344/344 335/335/335 333/333/333
f 343/343/343 344/344/344 333/333/333
f 335/335/335 344/344/344 345/345/345
f 344/344/344 343/343/343 345/345/345
f 346/346/346 335/335/335 345/345/345
f 347/347/347 346/346/346 345/345/345
f 335/335/335 346/346/346 337/337/337
f 346/346/346 347/347/347 337/337/337
f 347/347/347 348/348/348 337/337/337
f 348/348/348 347/347/347 349/349/349
f 347/347/347 350/350/350 349/349/349
f 350/350/350 347/347/347 351/351/351
f 352/352/352 347/347/347 345/345/345
f 347/347/347 352/352/352 351/351/351
f 351/351/351 352/352/352 353/353/353
f 354/354/354 351/351/351 353/353/353
f 353/353/353 352/352/352 355/355/355
f 352/352/352 345/345/345 355/355/355
f 356/356/356 351/351/351 354/354/354
f 357/357/357 356/356/356 354/354/354
f 356/356/356 357/357/357 358/358/358
f 357/357/357 359/359/359 358/358/358
f 360/360/360 355/355/355 345/345/345
f 358/358/358 359/359/359 361/361/361
f 359/359/359 362/362/362 361/361/361
f 361/361/361 362/362/362 363/363/363
f 364/364/364 361/361/361 363/363/363
f 365/365/365 360/360/360 345/345/345
f 366/366/366 364/364/364 363/363/363
f 364/364/364 366/366/366 367/367/367
f 367/367/367 366/366/366 368/368/368
f 364/364/364 367/367/367 243/243/243
f 368/368/368 369/369/369 367/367/367
f 370/370/370 365/365/365 345/345/345
f 370/370/370 371/371/371 365/365/365
f 372/372/372 371/371/371 370/370/370
f 343/343/343 370/370/370 345/345/345
f 373/373/373 372/372/372 370/370/370
f 370/370/370 343/343/343 373/373/373
f 373/373/373 374/374/374 372/372/372
f 367/367/367 375/375/375 243/243/243
f 375/375/375 367/367/367 376/376/376
f 375/375/375 241/241/241 243/243/243
f 241/241/241 375/375/375 376/376/376
f 367/367/367 369/369/369 377/377/377
f 367/367/367 377/377/377 376/376/376
f 377/377/377 374/374/374 373/373/373
f 378/378/378 377/377/377 373/373/373
f 377/377/377 378/378/378 376/376/376
f 379/379/379 377/377/377 369/369/369
f 377/377/377 379/379/379 374/374/374
f 343/343/343 380/380/380 373/373/373
f 380/380/380 378/378/378 373/373/373
f 380/380/380 343/343/343 341/341/341
f 378/378/378 380/380/380 341/341/341
f 381/381/381 241/241/241 376/376/376
f 241/241/241 381/381/381 248/248/248
f 381/381/381 261/261/261 248/248/248
f 261/261/261 381/381/381 376/376/376
f 382/382/382 378/378/378 341/341/341
f 378/378/378 382/382/382 383/383/383
f 339/339/339 382/382/382 341/341/341
f 382/382/382 339/339/339 383/383/383
f 378/378/378 384/384/384 376/376/376
f 384/384/384 261/261/261 376/376/376
f 384/384/384 378/378/378 383/383/383
f 261/261/261 384/384/384 383/383/383
f 339/339/339 385/385/385 383/383/383
f 385/385/385 339/339/339 311/311/311
f 268/268/268 385/385/385 311/311/311
f 385/385/385 268/268/268 383/383/383
f 386/386/386 261/261/261 383/383/383
f 268/268/268 386/386/386 383/383/383
f 261/261/261 386/386/386 266/266/266
f 386/386/386 268/268/268 266/266/266
f 389/389/389 388/388/388 387/387/387
f 387/387/387 390/390/390 389/389/389
f 390/390/390 391/391/391 389/389/389
f 390/390/390 392/392/392 391/391/391
f 392/392/392 393/393/393 391/391/391
f 392/392/392 394/394/394 393/393/393
f 394/394/394 395/395/395 393/393/393
f 394/394/394 396/396/396 395/395/395
f 396/396/396 397/397/397 395/395/395
f 396/396/396 398/398/398 397/397/397
f 398/398/398 399/399/399 397/397/397
f 398/398/398 400/400/400 399/399/399
f 400/400/400 401/401/401 399/399/399
f 400/400/400 402/402/402 401/401/401
f 405/405/405 404/404/404 403/403/403
f 403/403/403 406/406/406 405/405/405
f 403/403/403 407/407/407 406/406/406
f 407/407/407 408/408/408 406/406/406
f 407/407/407 409/409/409 408/408/408
f 409/409/409 410/410/410 408/408/408
f 409/409/409 411/411/411 410/410/410
f 411/411/411 412/412/412 410/410/410
f 411/411/411 413/413/413 412/412/412
f 413/413/413 414/414/414 412/412/412
f 413/413/413 415/415/415 414/414/414
f 415/415/415 416/416/416 414/414/414
f 415/415/415 417/417/417 416/416/416
f 417/417/417 418/418/418 416/416/416
f 421/421/421 420/420/420 419/419/419
f 420/420/420 421/421/421 422/422/422
f 423/423/423 421/421/421 419/419/419
f 423/423/423 419/419/419 424/424/424
f 421/421/421 425/425/425 422/422/422
f 422/422/422 425/425/425 426/426/426
f 427/427/427 423/423/423 424/424/424
f 424/424/424 428/428/428 427/427/427
f 429/429/429 421/421/421 423/423/423
f 421/421/421 429/429/429 425/425/425
f 430/430/430 423/423/423 427/427/427
f 430/430/430 429/429/429 423/423/423
f 428/428/428 431/431/431 427/427/427
f 428/428/428 432/432/432 431/431/431
f 433/433/433 430/430/430 427/427/427
f 427/427/427 431/431/431 433/433/433
f 432/432/432 434/434/434 431/431/431
f 432/432/432 435/435/435 434/434/434
f 431/431/431 436/436/436 433/433/433
f 431/431/431 434/434/434 436/436/436
f 430/430/430 433/433/433 437/437/437
f 433/433/433 436/436/436 437/437/437
f 429/429/429 430/430/430 438/438/438
f 438/438/438 430/430/430 437/437/437
f 429/429/429 439/439/439 425/425/425
f 439/439/439 429/429/429 438/438/438
f 435/435/435 440/440/440 434/434/434
f 435/435/435 441/441/441 440/440/440
f 434/434/434 442/442/442 436/436/436
f 434/434/434 440/440/440 442/442/442
f 436/436/436 443/443/443 437/437/437
f 436/436/436 442/442/442 443/443/443
f 438/438/438 437/437/437 444/444/444
f 437/437/437 443/443/443 444/444/444
f 441/441/441 445/445/445 440/440/440
f 441/441/441 446/446/446 445/445/445
f 440/440/440 447/447/447 442/442/442
f 440/440/440 445/445/445 447/447/447
f 448/448/448 438/438/438 444/444/444
f 439/439/439 438/438/438 448/448/448
f 442/442/442 449/449/449 443/443/443
f 442/442/442 447/447/447 449/449/449
f 443/443/443 450/450/450 444/444/444
f 444/444/444 450/450/450 448/448/448
f 443/443/443 449/449/449 450/450/450
f 446/446/446 451/451/451 445/445/445
f 446/446/446 452/452/452 451/451/451
f 445/445/445 453/453/453 447/447/447
f 445/445/445 451/451/451 453/453/453
f 447/447/447 454/454/454 449/449/449
f 447/447/447 453/453/453 454/454/454
f 449/449/449 455/455/455 450/450/450
f 449/449/449 454/454/454 455/455/455
f 450/450/450 456/456/456 448/448/448
f 450/450/450 455/455/455 456/456/456
f 457/457/457 439/439/439 448/448/448
f 448/448/448 456/456/456 457/457/457
f 452/452/452 458/458/458 451/451/451
f 452/452/452 459/459/459 458/458/458
f 451/451/451 460/460/460 453/453/453
f 451/451/451 458/458/458 460/460/460
f 453/453/453 461/461/461 454/454/454
f 453/453/453 460/460/460 461/461/461
f 454/454/454 462/462/462 455/455/455
f 454/454/454 461/461/461 462/462/462
f 439/439/439 457/457/457 463/463/463
f 425/425/425 439/439/439 463/463/463
f 425/425/425 463/463/463 426/426/426
f 459/459/459 464/464/464 458/458/458
f 459/459/459 465/465/465 464/464/464
f 458/458/458 466/466/466 460/460/460
f 458/458/458 464/464/464 466/466/466
f 460/460/460 467/467/467 461/461/461
f 460/460/460 466/466/466 467/467/467
f 457/457/457 468/468/468 463/463/463
f 456/456/456 468/468/468 457/457/457
f 463/463/463 469/469/469 426/426/426
f 468/468/468 469/469/469 463/463/463
f 469/469/469 470/470/470 426/426/426
f 456/456/456 471/471/471 468/468/468
f 455/455/455 471/471/471 456/456/456
f 455/455/455 462/462/462 471/471/471
f 461/461/461 472/472/472 462/462/462
f 461/461/461 467/467/467 472/472/472
f 469/469/469 473/473/473 470/470/470
f 473/473/473 474/474/474 470/470/470
f 468/468/468 475/475/475 469/469/469
f 471/471/471 475/475/475 468/468/468
f 475/475/475 473/473/473 469/469/469
f 462/462/462 476/476/476 471/471/471
f 471/471/471 476/476/476 475/475/475
f 462/462/462 472/472/472 476/476/476
f 473/473/473 477/477/477 474/474/474
f 477/477/477 478/478/478 474/474/474
f 475/475/475 479/479/479 473/473/473
f 476/476/476 479/479/479 475/475/475
f 479/479/479 477/477/477 473/473/473
f 472/472/472 480/480/480 476/476/476
f 476/476/476 480/480/480 479/479/479
f 467/467/467 481/481/481 472/472/472
f 472/472/472 481/481/481 480/480/480
f 477/477/477 482/482/482 478/478/478
f 482/482/482 483/483/483 478/478/478
f 479/479/479 484/484/484 477/477/477
f 480/480/480 484/484/484 479/479/479
f 484/484/484 482/482/482 477/477/477
f 482/482/482 485/485/485 483/483/483
f 485/485/485 486/486/486 483/483/483
f 480/480/480 487/487/487 484/484/484
f 481/481/481 487/487/487 480/480/480
f 484/484/484 488/488/488 482/482/482
f 488/488/488 485/485/485 482/482/482
f 487/487/487 488/488/488 484/484/484
f 467/467/467 489/489/489 481/481/481
f 466/466/466 489/489/489 467/467/467
f 485/485/485 490/490/490 486/486/486
f 490/490/490 491/491/491 486/486/486
f 488/488/488 492/492/492 485/485/485
f 492/492/492 490/490/490 485/485/485
f 487/487/487 493/493/493 488/488/488
f 493/493/493 492/492/492 488/488/488
f 481/481/481 494/494/494 487/487/487
f 489/489/489 494/494/494 481/481/481
f 494/494/494 493/493/493 487/487/487
f 466/466/466 495/495/495 489/489/489
f 464/464/464 495/495/495 466/466/466
f 490/490/490 496/496/496 491/491/491
f 496/496/496 497/497/497 491/491/491
f 492/492/492 498/498/498 490/490/490
f 498/498/498 496/496/496 490/490/490
f 493/493/493 499/499/499 492/492/492
f 499/499/499 498/498/498 492/492/492
f 489/489/489 500/500/500 494/494/494
f 495/495/495 500/500/500 489/489/489
f 494/494/494 501/501/501 493/493/493
f 501/501/501 499/499/499 493/493/493
f 500/500/500 501/501/501 494/494/494
f 464/464/464 502/502/502 495/495/495
f 465/465/465 502/502/502 464/464/464
f 496/496/496 503/503/503 497/497/497
f 503/503/503 504/504/504 497/497/497
f 498/498/498 505/505/505 496/496/496
f 505/505/505 503/503/503 496/496/496
f 499/499/499 506/506/506 498/498/498
f 506/506/506 505/505/505 498/498/498
f 501/501/501 507/507/507 499/499/499
f 507/507/507 506/506/506 499/499/499
f 500/500/500 508/508/508 501/501/501
f 508/508/508 507/507/507 501/501/501
f 495/495/495 509/509/509 500/500/500
f 502/502/502 509/509/509 495/495/495
f 509/509/509 508/508/508 500/500/500
f 510/510/510 502/502/502 465/465/465
f 511/511/511 510/510/510 465/465/465
f 512/512/512 509/509/509 502/502/502
f 509/509/509 512/512/512 508/508/508
f 510/510/510 512/512/512 502/502/502
f 508/508/508 513/513/513 507/507/507
f 513/513/513 506/506/506 507/507/507
f 512/512/512 513/513/513 508/508/508
f 514/514/514 505/505/505 506/506/506
f 513/513/513 514/514/514 506/506/506
f 505/505/505 514/514/514 503/503/503
f 512/512/512 515/515/515 513/513/513
f 515/515/515 512/512/512 510/510/510
f 515/515/515 514/514/514 513/513/513
f 516/516/516 510/510/510 511/511/511
f 516/516/516 515/515/515 510/510/510
f 517/517/517 516/516/516 511/511/511
f 516/516/516 517/517/517 518/518/518
f 514/514/514 519/519/519 503/503/503
f 514/514/514 515/515/515 519/519/519
f 515/515/515 516/516/516 519/519/519
f 519/519/519 516/516/516 518/518/518
f 503/503/503 519/519/519 504/504/504
f 519/519/519 518/518/518 504/504/504
f 522/522/522 521/521/521 520/520/520
f 521/521/521 522/522/522 523/523/523
f 521/521/521 524/524/524 520/520/520
f 520/520/520 524/524/524 525/525/525
f 526/526/526 521/521/521 523/523/523
f 526/526/526 523/523/523 527/527/527
f 524/524/524 528/528/528 525/525/525
f 529/529/529 525/525/525 528/528/528
f 521/521/521 530/530/530 524/524/524
f 530/530/530 521/521/521 526/526/526
f 524/524/524 531/531/531 528/528/528
f 530/530/530 531/531/531 524/524/524
f 532/532/532 529/529/529 528/528/528
f 533/533/533 529/529/529 532/532/532
f 531/531/531 534/534/534 528/528/528
f 532/532/532 528/528/528 534/534/534
f 535/535/535 533/533/533 532/532/532
f 536/536/536 533/533/533 535/535/535
f 537/537/537 532/532/532 534/534/534
f 535/535/535 532/532/532 537/537/537
f 534/534/534 531/531/531 538/538/538
f 537/537/537 534/534/534 538/538/538
f 531/531/531 530/530/530 539/539/539
f 531/531/531 539/539/539 538/538/538
f 540/540/540 530/530/530 526/526/526
f 530/530/530 540/540/540 539/539/539
f 541/541/541 536/536/536 535/535/535
f 542/542/542 536/536/536 541/541/541
f 543/543/543 535/535/535 537/537/537
f 541/541/541 535/535/535 543/543/543
f 544/544/544 537/537/537 538/538/538
f 543/543/543 537/537/537 544/544/544
f 538/538/538 539/539/539 545/545/545
f 544/544/544 538/538/538 545/545/545
f 546/546/546 542/542/542 541/541/541
f 547/547/547 542/542/542 546/546/546
f 548/548/548 541/541/541 543/543/543
f 546/546/546 541/541/541 548/548/548
f 539/539/539 549/549/549 545/545/545
f 539/539/539 540/540/540 549/549/549
f 550/550/550 543/543/543 544/544/544
f 548/548/548 543/543/543 550/550/550
f 551/551/551 544/544/544 545/545/545
f 551/551/551 545/545/545 549/549/549
f 550/550/550 544/544/544 551/551/551
f 552/552/552 547/547/547 546/546/546
f 553/553/553 547/547/547 552/552/552
f 554/554/554 546/546/546 548/548/548
f 552/552/552 546/546/546 554/554/554
f 555/555/555 548/548/548 550/550/550
f 554/554/554 548/548/548 555/555/555
f 556/556/556 550/550/550 551/551/551
f 555/555/555 550/550/550 556/556/556
f 557/557/557 551/551/551 549/549/549
f 556/556/556 551/551/551 557/557/557
f 558/558/558 553/553/553 552/552/552
f 559/559/559 553/553/553 558/558/558
f 560/560/560 552/552/552 554/554/554
f 558/558/558 552/552/552 560/560/560
f 561/561/561 554/554/554 555/555/555
f 560/560/560 554/554/554 561/561/561
f 562/562/562 555/555/555 556/556/556
f 561/561/561 555/555/555 562/562/562
f 563/563/563 559/559/559 558/558/558
f 564/564/564 559/559/559 563/563/563
f 565/565/565 558/558/558 560/560/560
f 563/563/563 558/558/558 565/565/565
f 566/566/566 560/560/560 561/561/561
f 565/565/565 560/560/560 566/566/566
f 567/567/567 556/556/556 557/557/557
f 562/562/562 556/556/556 567/567/567
f 568/568/568 561/561/561 562/562/562
f 566/566/566 561/561/561 568/568/568
f 569/569/569 562/562/562 567/567/567
f 568/568/568 562/562/562 569/569/569
f 570/570/570 564/564/564 563/563/563
f 571/571/571 563/563/563 565/565/565
f 570/570/570 563/563/563 571/571/571
f 572/572/572 565/565/565 566/566/566
f 571/571/571 565/565/565 572/572/572
f 573/573/573 566/566/566 568/568/568
f 572/572/572 566/566/566 573/573/573
f 574/574/574 568/568/568 569/569/569
f 573/573/573 568/568/568 574/574/574
f 570/570/570 575/575/575 564/564/564
f 575/575/575 576/576/576 564/564/564
f 575/575/575 577/577/577 576/576/576
f 577/577/577 578/578/578 576/576/576
f 578/578/578 577/577/577 579/579/579
f 577/577/577 580/580/580 579/579/579
f 579/579/579 580/580/580 581/581/581
f 582/582/582 577/577/577 575/575/575
f 577/577/577 582/582/582 580/580/580
f 583/583/583 575/575/575 570/570/570
f 583/583/583 582/582/582 575/575/575
f 580/580/580 584/584/584 581/581/581
f 581/581/581 584/584/584 585/585/585
f 582/582/582 586/586/586 580/580/580
f 580/580/580 586/586/586 584/584/584
f 584/584/584 587/587/587 585/585/585
f 585/585/585 587/587/587 588/588/588
f 589/589/589 583/583/583 570/570/570
f 589/589/589 570/570/570 571/571/571
f 582/582/582 583/583/583 590/590/590
f 586/586/586 582/582/582 590/590/590
f 586/586/586 591/591/591 584/584/584
f 584/584/584 591/591/591 587/587/587
f 587/587/587 592/592/592 588/588/588
f 588/588/588 592/592/592 593/593/593
f 589/589/589 571/571/571 594/594/594
f 594/594/594 571/571/571 572/572/572
f 583/583/583 589/589/589 595/595/595
f 590/590/590 583/583/583 595/595/595
f 595/595/595 589/589/589 594/594/594
f 586/586/586 590/590/590 596/596/596
f 591/591/591 586/586/586 596/596/596
f 591/591/591 597/597/597 587/587/587
f 587/587/587 597/597/597 592/592/592
f 591/591/591 596/596/596 597/597/597
f 592/592/592 598/598/598 593/593/593
f 593/593/593 598/598/598 599/599/599
f 594/594/594 572/572/572 600/600/600
f 600/600/600 572/572/572 573/573/573
f 590/590/590 595/595/595 601/601/601
f 596/596/596 590/590/590 601/601/601
f 595/595/595 594/594/594 602/602/602
f 601/601/601 595/595/595 602/602/602
f 602/602/602 594/594/594 600/600/600
f 596/596/596 601/601/601 603/603/603
f 596/596/596 603/603/603 597/597/597
f 601/601/601 602/602/602 603/603/603
f 597/597/597 604/604/604 592/592/592
f 597/597/597 603/603/603 604/604/604
f 592/592/592 604/604/604 598/598/598
f 603/603/603 602/602/602 605/605/605
f 602/602/602 600/600/600 605/605/605
f 603/603/603 605/605/605 604/604/604
f 600/600/600 573/573/573 606/606/606
f 605/605/605 600/600/600 606/606/606
f 606/606/606 573/573/573 574/574/574
f 604/604/604 605/605/605 607/607/607
f 604/604/604 607/607/607 598/598/598
f 605/605/605 606/606/606 607/607/607
f 606/606/606 574/574/574 608/608/608
f 607/607/607 606/606/606 608/608/608
f 598/598/598 607/607/607 609/609/609
f 607/607/607 608/608/608 609/609/609
f 598/598/598 609/609/609 599/599/599
f 599/599/599 609/609/609 610/610/610
f 609/609/609 611/611/611 610/610/610
f 609/609/609 608/608/608 611/611/611
f 610/610/610 611/611/611 612/612/612
f 608/608/608 574/574/574 613/613/613
f 608/608/608 613/613/613 611/611/611
f 574/574/574 569/569/569 613/613/613
f 611/611/611 614/614/614 612/612/612
f 611/611/611 613/613/613 614/614/614
f 612/612/612 614/614/614 615/615/615
f 613/613/613 569/569/569 616/616/616
f 613/613/613 616/616/616 614/614/614
f 569/569/569 567/567/567 616/616/616
f 614/614/614 617/617/617 615/615/615
f 614/614/614 616/616/616 617/617/617
f 615/615/615 617/617/617 527/527/527
f 616/616/616 567/567/567 618/618/618
f 616/616/616 618/618/618 617/617/617
f 567/567/567 557/557/557 618/618/618
f 617/617/617 619/619/619 527/527/527
f 617/617/617 618/618/618 619/619/619
f 619/619/619 526/526/526 527/527/527
f 540/540/540 526/526/526 619/619/619
f 618/618/618 557/557/557 620/620/620
f 618/618/618 620/620/620 619/619/619
f 620/620/620 540/540/540 619/619/619
f 557/557/557 549/549/549 620/620/620
f 540/540/540 620/620/620 549/549/549
f 623/623/623 622/622/622 621/621/621
f 622/622/622 623/623/623 624/624/624
f 625/625/625 623/623/623 621/621/621
f 625/625/625 621/621/621 626/626/626
f 623/623/623 627/627/627 624/624/624
f 624/624/624 627/627/627 628/628/628
f 629/629/629 625/625/625 626/626/626
f 629/629/629 626/626/626 630/630/630
f 631/631/631 623/623/623 625/625/625
f 623/623/623 631/631/631 627/627/627
f 632/632/632 629/629/629 630/630/630
f 632/632/632 630/630/630 633/633/633
f 634/634/634 625/625/625 629/629/629
f 634/634/634 631/631/631 625/625/625
f 635/635/635 632/632/632 633/633/633
f 635/635/635 633/633/633 636/636/636
f 637/637/637 629/629/629 632/632/632
f 637/637/637 634/634/634 629/629/629
f 638/638/638 637/637/637 632/632/632
f 638/638/638 632/632/632 635/635/635
f 639/639/639 635/635/635 636/636/636
f 639/639/639 636/636/636 640/640/640
f 634/634/634 637/637/637 641/641/641
f 641/641/641 637/637/637 638/638/638
f 631/631/631 634/634/634 642/642/642
f 642/642/642 634/634/634 641/641/641
f 643/643/643 638/638/638 635/635/635
f 643/643/643 635/635/635 639/639/639
f 644/644/644 639/639/639 640/640/640
f 644/644/644 640/640/640 645/645/645
f 646/646/646 641/641/641 638/638/638
f 646/646/646 638/638/638 643/643/643
f 647/647/647 643/643/643 639/639/639
f 647/647/647 639/639/639 644/644/644
f 648/648/648 644/644/644 645/645/645
f 648/648/648 645/645/645 649/649/649
f 650/650/650 631/631/631 642/642/642
f 631/631/631 650/650/650 627/627/627
f 642/642/642 641/641/641 651/651/651
f 651/651/651 641/641/641 646/646/646
f 652/652/652 646/646/646 643/643/643
f 652/652/652 643/643/643 647/647/647
f 653/653/653 647/647/647 644/644/644
f 653/653/653 644/644/644 648/648/648
f 654/654/654 648/648/648 649/649/649
f 654/654/654 649/649/649 655/655/655
f 656/656/656 642/642/642 651/651/651
f 650/650/650 642/642/642 656/656/656
f 657/657/657 651/651/651 646/646/646
f 657/657/657 646/646/646 652/652/652
f 656/656/656 651/651/651 657/657/657
f 658/658/658 652/652/652 647/647/647
f 658/658/658 647/647/647 653/653/653
f 659/659/659 653/653/653 648/648/648
f 659/659/659 648/648/648 654/654/654
f 660/660/660 654/654/654 655/655/655
f 660/660/660 655/655/655 661/661/661
f 662/662/662 657/657/657 652/652/652
f 662/662/662 652/652/652 658/658/658
f 663/663/663 656/656/656 657/657/657
f 663/663/663 657/657/657 662/662/662
f 664/664/664 658/658/658 653/653/653
f 664/664/664 653/653/653 659/659/659
f 665/665/665 659/659/659 654/654/654
f 665/665/665 654/654/654 660/660/660
f 666/666/666 662/662/662 658/658/658
f 666/666/666 658/658/658 664/664/664
f 667/667/667 664/664/664 659/659/659
f 667/667/667 659/659/659 665/665/665
f 668/668/668 656/656/656 663/663/663
f 668/668/668 650/650/650 656/656/656
f 669/669/669 663/663/663 662/662/662
f 669/669/669 662/662/662 666/666/666
f 670/670/670 666/666/666 664/664/664
f 670/670/670 664/664/664 667/667/667
f 650/650/650 668/668/668 671/671/671
f 627/627/627 650/650/650 671/671/671
f 627/627/627 671/671/671 628/628/628
f 672/672/672 668/668/668 663/663/663
f 671/671/671 668/668/668 672/672/672
f 672/672/672 663/663/663 669/669/669
f 628/628/628 671/671/671 673/673/673
f 673/673/673 671/671/671 672/672/672
f 674/674/674 628/628/628 673/673/673
f 675/675/675 669/669/669 666/666/666
f 675/675/675 666/666/666 670/670/670
f 676/676/676 672/672/672 669/669/669
f 673/673/673 672/672/672 676/676/676
f 676/676/676 669/669/669 675/675/675
f 674/674/674 673/673/673 677/677/677
f 677/677/677 673/673/673 676/676/676
f 678/678/678 674/674/674 677/677/677
f 679/679/679 676/676/676 675/675/675
f 677/677/677 676/676/676 679/679/679
f 678/678/678 677/677/677 680/680/680
f 680/680/680 677/677/677 679/679/679
f 681/681/681 678/678/678 680/680/680
f 682/682/682 675/675/675 670/670/670
f 679/679/679 675/675/675 682/682/682
f 681/681/681 680/680/680 683/683/683
f 684/684/684 681/681/681 683/683/683
f 680/680/680 679/679/679 685/685/685
f 685/685/685 679/679/679 682/682/682
f 683/683/683 680/680/680 685/685/685
f 682/682/682 670/670/670 686/686/686
f 686/686/686 670/670/670 667/667/667
f 684/684/684 683/683/683 687/687/687
f 688/688/688 684/684/684 687/687/687
f 685/685/685 682/682/682 689/689/689
f 689/689/689 682/682/682 686/686/686
f 683/683/683 685/685/685 690/690/690
f 687/687/687 683/683/683 690/690/690
f 690/690/690 685/685/685 689/689/689
f 686/686/686 667/667/667 691/691/691
f 691/691/691 667/667/667 665/665/665
f 688/688/688 687/687/687 692/692/692
f 693/693/693 688/688/688 692/692/692
f 689/689/689 686/686/686 694/694/694
f 694/694/694 686/686/686 691/691/691
f 690/690/690 689/689/689 695/695/695
f 695/695/695 689/689/689 694/694/694
f 687/687/687 690/690/690 696/696/696
f 692/692/692 687/687/687 696/696/696
f 696/696/696 690/690/690 695/695/695
f 691/691/691 665/665/665 697/697/697
f 697/697/697 665/665/665 660/660/660
f 693/693/693 692/692/692 698/698/698
f 699/699/699 693/693/693 698/698/698
f 694/694/694 691/691/691 700/700/700
f 700/700/700 691/691/691 697/697/697
f 695/695/695 694/694/694 701/701/701
f 701/701/701 694/694/694 700/700/700
f 696/696/696 695/695/695 702/702/702
f 702/702/702 695/695/695 701/701/701
f 692/692/692 696/696/696 703/703/703
f 698/698/698 692/692/692 703/703/703
f 703/703/703 696/696/696 702/702/702
f 697/697/697 660/660/660 704/704/704
f 704/704/704 660/660/660 661/661/661
f 699/699/699 698/698/698 705/705/705
f 706/706/706 699/699/699 705/705/705
f 700/700/700 697/697/697 707/707/707
f 707/707/707 697/697/697 704/704/704
f 701/701/701 700/700/700 708/708/708
f 708/708/708 700/700/700 707/707/707
f 702/702/702 701/701/701 709/709/709
f 709/709/709 701/701/701 708/708/708
f 698/698/698 703/703/703 710/710/710
f 705/705/705 698/698/698 710/710/710
f 703/703/703 702/702/702 711/711/711
f 711/711/711 702/702/702 709/709/709
f 710/710/710 703/703/703 711/711/711
f 705/705/705 712/712/712 706/706/706
f 712/712/712 713/713/713 706/706/706
f 710/710/710 714/714/714 705/705/705
f 714/714/714 710/710/710 711/711/711
f 714/714/714 712/712/712 705/705/705
f 715/715/715 711/711/711 709/709/709
f 708/708/708 715/715/715 709/709/709
f 715/715/715 714/714/714 711/711/711
f 707/707/707 716/716/716 708/708/708
f 716/716/716 715/715/715 708/708/708
f 716/716/716 707/707/707 704/704/704
f 717/717/717 714/714/714 715/715/715
f 714/714/714 717/717/717 712/712/712
f 716/716/716 717/717/717 715/715/715
f 712/712/712 718/718/718 713/713/713
f 717/717/717 718/718/718 712/712/712
f 718/718/718 719/719/719 713/713/713
f 719/719/719 718/718/718 720/720/720
f 721/721/721 716/716/716 704/704/704
f 717/717/717 716/716/716 721/721/721
f 718/718/718 717/717/717 721/721/721
f 718/718/718 721/721/721 720/720/720
f 721/721/721 704/704/704 661/661/661
f 720/720/720 721/721/721 661/661/661
f 724/724/724 723/723/723 722/722/722
f 723/723/723 724/724/724 725/725/725
f 723/723/723 726/726/726 722/722/722
f 722/722/722 726/726/726 727/727/727
f 728/728/728 723/723/723 725/725/725
f 728/728/728 725/725/725 729/729/729
f 726/726/726 730/730/730 727/727/727
f 727/727/727 730/730/730 731/731/731
f 723/723/723 732/732/732 726/726/726
f 732/732/732 723/723/723 728/728/728
f 730/730/730 733/733/733 731/731/731
f 731/731/731 733/733/733 734/734/734
f 726/726/726 735/735/735 730/730/730
f 732/732/732 735/735/735 726/726/726
f 733/733/733 736/736/736 734/734/734
f 734/734/734 736/736/736 737/737/737
f 730/730/730 738/738/738 733/733/733
f 735/735/735 738/738/738 730/730/730
f 738/738/738 739/739/739 733/733/733
f 733/733/733 739/739/739 736/736/736
f 736/736/736 740/740/740 737/737/737
f 737/737/737 740/740/740 741/741/741
f 738/738/738 735/735/735 742/742/742
f 738/738/738 742/742/742 739/739/739
f 735/735/735 732/732/732 743/743/743
f 735/735/735 743/743/743 742/742/742
f 739/739/739 744/744/744 736/736/736
f 736/736/736 744/744/744 740/740/740
f 740/740/740 745/745/745 741/741/741
f 741/741/741 745/745/745 746/746/746
f 742/742/742 747/747/747 739/739/739
f 739/739/739 747/747/747 744/744/744
f 744/744/744 748/748/748 740/740/740
f 740/740/740 748/748/748 745/745/745
f 745/745/745 749/749/749 746/746/746
f 746/746/746 749/749/749 750/750/750
f 732/732/732 751/751/751 743/743/743
f 751/751/751 732/732/732 728/728/728
f 742/742/742 743/743/743 752/752/752
f 742/742/742 752/752/752 747/747/747
f 747/747/747 753/753/753 744/744/744
f 744/744/744 753/753/753 748/748/748
f 748/748/748 754/754/754 745/745/745
f 745/745/745 754/754/754 749/749/749
f 749/749/749 755/755/755 750/750/750
f 750/750/750 755/755/755 756/756/756
f 743/743/743 757/757/757 752/752/752
f 743/743/743 751/751/751 757/757/757
f 752/752/752 758/758/758 747/747/747
f 747/747/747 758/758/758 753/753/753
f 752/752/752 757/757/757 758/758/758
f 753/753/753 759/759/759 748/748/748
f 748/748/748 759/759/759 754/754/754
f 754/754/754 760/760/760 749/749/749
f 749/749/749 760/760/760 755/755/755
f 755/755/755 761/761/761 756/756/756
f 756/756/756 761/761/761 762/762/762
f 758/758/758 763/763/763 753/753/753
f 753/753/753 763/763/763 759/759/759
f 757/757/757 764/764/764 758/758/758
f 758/758/758 764/764/764 763/763/763
f 759/759/759 765/765/765 754/754/754
f 754/754/754 765/765/765 760/760/760
f 760/760/760 766/766/766 755/755/755
f 755/755/755 766/766/766 761/761/761
f 763/763/763 767/767/767 759/759/759
f 759/759/759 767/767/767 765/765/765
f 765/765/765 768/768/768 760/760/760
f 760/760/760 768/768/768 766/766/766
f 757/757/757 769/769/769 764/764/764
f 751/751/751 769/769/769 757/757/757
f 764/764/764 770/770/770 763/763/763
f 763/763/763 770/770/770 767/767/767
f 767/767/767 771/771/771 765/765/765
f 765/765/765 771/771/771 768/768/768
f 769/769/769 751/751/751 772/772/772
f 751/751/751 728/728/728 772/772/772
f 772/772/772 728/728/728 729/729/729
f 769/769/769 773/773/773 764/764/764
f 769/769/769 772/772/772 773/773/773
f 764/764/764 773/773/773 770/770/770
f 772/772/772 729/729/729 774/774/774
f 772/772/772 774/774/774 773/773/773
f 729/729/729 775/775/775 774/774/774
f 770/770/770 776/776/776 767/767/767
f 767/767/767 776/776/776 771/771/771
f 773/773/773 777/777/777 770/770/770
f 773/773/773 774/774/774 777/777/777
f 770/770/770 777/777/777 776/776/776
f 774/774/774 775/775/775 778/778/778
f 774/774/774 778/778/778 777/777/777
f 775/775/775 779/779/779 778/778/778
f 777/777/777 780/780/780 776/776/776
f 777/777/777 778/778/778 780/780/780
f 778/778/778 779/779/779 781/781/781
f 778/778/778 781/781/781 780/780/780
f 779/779/779 782/782/782 781/781/781
f 776/776/776 783/783/783 771/771/771
f 776/776/776 780/780/780 783/783/783
f 781/781/781 782/782/782 784/784/784
f 782/782/782 785/785/785 784/784/784
f 780/780/780 781/781/781 786/786/786
f 780/780/780 786/786/786 783/783/783
f 781/781/781 784/784/784 786/786/786
f 771/771/771 783/783/783 787/787/787
f 771/771/771 787/787/787 768/768/768
f 784/784/784 785/785/785 788/788/788
f 785/785/785 789/789/789 788/788/788
f 783/783/783 786/786/786 790/790/790
f 783/783/783 790/790/790 787/787/787
f 786/786/786 784/784/784 791/791/791
f 784/784/784 788/788/788 791/791/791
f 786/786/786 791/791/791 790/790/790
f 768/768/768 787/787/787 792/792/792
f 768/768/768 792/792/792 766/766/766
f 788/788/788 789/789/789 793/793/793
f 789/789/789 794/794/794 793/793/793
f 787/787/787 790/790/790 795/795/795
f 787/787/787 795/795/795 792/792/792
f 790/790/790 791/791/791 796/796/796
f 790/790/790 796/796/796 795/795/795
f 791/791/791 788/788/788 797/797/797
f 788/788/788 793/793/793 797/797/797
f 791/791/791 797/797/797 796/796/796
f 766/766/766 792/792/792 798/798/798
f 766/766/766 798/798/798 761/761/761
f 793/793/793 794/794/794 799/799/799
f 794/794/794 800/800/800 799/799/799
f 792/792/792 795/795/795 801/801/801
f 792/792/792 801/801/801 798/798/798
f 795/795/795 796/796/796 802/802/802
f 795/795/795 802/802/802 801/801/801
f 796/796/796 797/797/797 803/803/803
f 796/796/796 803/803/803 802/802/802
f 797/797/797 793/793/793 804/804/804
f 793/793/793 799/799/799 804/804/804
f 797/797/797 804/804/804 803/803/803
f 761/761/761 798/798/798 805/805/805
f 761/761/761 805/805/805 762/762/762
f 799/799/799 800/800/800 806/806/806
f 800/800/800 807/807/807 806/806/806
f 798/798/798 801/801/801 808/808/808
f 798/798/798 808/808/808 805/805/805
f 801/801/801 802/802/802 809/809/809
f 801/801/801 809/809/809 808/808/808
f 802/802/802 803/803/803 810/810/810
f 802/802/802 810/810/810 809/809/809
f 804/804/804 799/799/799 811/811/811
f 799/799/799 806/806/806 811/811/811
f 803/803/803 804/804/804 812/812/812
f 803/803/803 812/812/812 810/810/810
f 804/804/804 811/811/811 812/812/812
f 813/813/813 806/806/806 807/807/807
f 814/814/814 813/813/813 807/807/807
f 815/815/815 811/811/811 806/806/806
f 811/811/811 815/815/815 812/812/812
f 813/813/813 815/815/815 806/806/806
f 812/812/812 816/816/816 810/810/810
f 816/816/816 809/809/809 810/810/810
f 815/815/815 816/816/816 812/812/812
f 817/817/817 808/808/808 809/809/809
f 816/816/816 817/817/817 809/809/809
f 808/808/808 817/817/817 805/805/805
f 815/815/815 818/818/818 816/816/816
f 818/818/818 815/815/815 813/813/813
f 818/818/818 817/817/817 816/816/816
f 819/819/819 813/813/813 814/814/814
f 819/819/819 818/818/818 813/813/813
f 820/820/820 819/819/819 814/814/814
f 819/819/819 820/820/820 821/821/821
f 817/817/817 822/822/822 805/805/805
f 817/817/817 818/818/818 822/822/822
f 818/818/818 819/819/819 822/822/822
f 822/822/822 819/819/819 821/821/821
f 805/805/805 822/822/822 762/762/762
f 822/822/822 821/821/821 762/762/762
f 825/825/825 824/824/824 823/823/823
f 826/826/826 825/825/825 823/823/823
f 826/826/826 823/823/823 827/827/827
f 825/825/825 828/828/828 824/824/824
f 828/828/828 829/829/829 824/824/824
f 830/830/830 826/826/826 827/827/827
f 830/830/830 827/827/827 831/831/831
f 828/828/828 832/832/832 829/829/829
f 832/832/832 833/833/833 829/829/829
f 834/834/834 830/830/830 831/831/831
f 834/834/834 831/831/831 835/835/835
f 832/832/832 836/836/836 833/833/833
f 836/836/836 837/837/837 833/833/833
f 838/838/838 834/834/834 835/835/835
f 838/838/838 835/835/835 839/839/839
f 836/836/836 840/840/840 837/837/837
f 840/840/840 841/841/841 837/837/837
f 842/842/842 838/838/838 839/839/839
f 842/842/842 839/839/839 843/843/843
f 841/841/841 840/840/840 844/844/844
f 845/845/845 841/841/841 844/844/844
f 846/846/846 842/842/842 843/843/843
f 846/846/846 843/843/843 847/847/847
f 844/844/844 848/848/848 845/845/845
f 848/848/848 849/849/849 845/845/845
f 850/850/850 846/846/846 847/847/847
f 850/850/850 847/847/847 851/851/851
f 848/848/848 852/852/852 849/849/849
f 852/852/852 853/853/853 849/849/849
f 854/854/854 850/850/850 851/851/851
f 854/854/854 851/851/851 855/855/855
f 852/852/852 856/856/856 853/853/853
f 856/856/856 857/857/857 853/853/853
f 858/858/858 855/855/855 857/857/857
f 858/858/858 854/854/854 855/855/855
f 856/856/856 858/858/858 857/857/857
f 848/848/848 844/844/844 859/859/859
f 852/852/852 848/848/848 860/860/860
f 848/848/848 859/859/859 860/860/860
f 856/856/856 852/852/852 861/861/861
f 852/852/852 860/860/860 861/861/861
f 858/858/858 856/856/856 862/862/862
f 856/856/856 861/861/861 862/862/862
f 854/854/854 858/858/858 863/863/863
f 858/858/858 862/862/862 863/863/863
f 850/850/850 854/854/854 864/864/864
f 854/854/854 863/863/863 864/864/864
f 844/844/844 865/865/865 859/859/859
f 844/844/844 840/840/840 865/865/865
f 850/850/850 864/864/864 866/866/866
f 846/846/846 850/850/850 866/866/866
f 840/840/840 867/867/867 865/865/865
f 840/840/840 836/836/836 867/867/867
f 846/846/846 866/866/866 868/868/868
f 842/842/842 846/846/846 868/868/868
f 836/836/836 869/869/869 867/867/867
f 836/836/836 832/832/832 869/869/869
f 842/842/842 868/868/868 870/870/870
f 838/838/838 842/842/842 870/870/870
f 832/832/832 871/871/871 869/869/869
f 832/832/832 828/828/828 871/871/871
f 838/838/838 870/870/870 872/872/872
f 834/834/834 838/838/838 872/872/872
f 828/828/828 873/873/873 871/871/871
f 828/828/828 825/825/825 873/873/873
f 834/834/834 872/872/872 874/874/874
f 830/830/830 834/834/834 874/874/874
f 825/825/825 875/875/875 873/873/873
f 825/825/825 826/826/826 875/875/875
f 826/826/826 830/830/830 876/876/876
f 830/830/830 874/874/874 876/876/876
f 826/826/826 876/876/876 875/875/875
f 877/877/877 869/869/869 871/871/871
f 878/878/878 871/871/871 873/873/873
f 878/878/878 877/877/877 871/871/871
f 879/879/879 873/873/873 875/875/875
f 879/879/879 878/878/878 873/873/873
f 880/880/880 875/875/875 876/876/876
f 880/880/880 879/879/879 875/875/875
f 881/881/881 876/876/876 874/874/874
f 881/881/881 880/880/880 876/876/876
f 882/882/882 874/874/874 872/872/872
f 882/882/882 881/881/881 874/874/874
f 877/877/877 883/883/883 869/869/869
f 883/883/883 867/867/867 869/869/869
f 884/884/884 882/882/882 872/872/872
f 884/884/884 872/872/872 870/870/870
f 867/867/867 883/883/883 885/885/885
f 865/865/865 867/867/867 885/885/885
f 886/886/886 884/884/884 870/870/870
f 886/886/886 870/870/870 868/868/868
f 885/885/885 887/887/887 865/865/865
f 887/887/887 859/859/859 865/865/865
f 888/888/888 886/886/886 868/868/868
f 888/888/888 868/868/868 866/866/866
f 887/887/887 889/889/889 859/859/859
f 889/889/889 860/860/860 859/859/859
f 890/890/890 888/888/888 866/866/866
f 890/890/890 866/866/866 864/864/864
f 889/889/889 891/891/891 860/860/860
f 891/891/891 861/861/861 860/860/860
f 892/892/892 890/890/890 864/864/864
f 892/892/892 864/864/864 863/863/863
f 891/891/891 893/893/893 861/861/861
f 893/893/893 862/862/862 861/861/861
f 894/894/894 863/863/863 862/862/862
f 894/894/894 892/892/892 863/863/863
f 893/893/893 894/894/894 862/862/862
f 895/895/895 889/889/889 887/887/887
f 896/896/896 891/891/891 889/889/889
f 895/895/895 896/896/896 889/889/889
f 897/897/897 893/893/893 891/891/891
f 896/896/896 897/897/897 891/891/891
f 898/898/898 894/894/894 893/893/893
f 897/897/897 898/898/898 893/893/893
f 899/899/899 892/892/892 894/894/894
f 898/898/898 899/899/899 894/894/894
f 900/900/900 890/890/890 892/892/892
f 899/899/899 900/900/900 892/892/892
f 901/901/901 895/895/895 887/887/887
f 901/901/901 887/887/887 885/885/885
f 900/900/900 902/902/902 890/890/890
f 902/902/902 888/888/888 890/890/890
f 903/903/903 901/901/901 885/885/885
f 885/885/885 883/883/883 903/903/903
f 902/902/902 904/904/904 888/888/888
f 904/904/904 886/886/886 888/888/888
f 883/883/883 905/905/905 903/903/903
f 905/905/905 883/883/883 877/877/877
f 904/904/904 906/906/906 886/886/886
f 906/906/906 884/884/884 886/886/886
f 907/907/907 905/905/905 877/877/877
f 907/907/907 877/877/877 878/878/878
f 906/906/906 908/908/908 884/884/884
f 908/908/908 882/882/882 884/884/884
f 909/909/909 907/907/907 878/878/878
f 909/909/909 878/878/878 879/879/879
f 908/908/908 910/910/910 882/882/882
f 910/910/910 881/881/881 882/882/882
f 911/911/911 909/909/909 879/879/879
f 911/911/911 879/879/879 880/880/880
f 912/912/912 880/880/880 881/881/881
f 910/910/910 912/912/912 881/881/881
f 912/912/912 911/911/911 880/880/880
f 913/913/913 905/905/905 907/907/907
f 914/914/914 907/907/907 909/909/909
f 914/914/914 913/913/913 907/907/907
f 915/915/915 909/909/909 911/911/911
f 915/915/915 914/914/914 909/909/909
f 916/916/916 911/911/911 912/912/912
f 916/916/916 915/915/915 911/911/911
f 917/917/917 912/912/912 910/910/910
f 917/917/917 916/916/916 912/912/912
f 918/918/918 910/910/910 908/908/908
f 918/918/918 917/917/917 910/910/910
f 913/913/913 919/919/919 905/905/905
f 919/919/919 903/903/903 905/905/905
f 920/920/920 918/918/918 908/908/908
f 920/920/920 908/908/908 906/906/906
f 919/919/919 921/921/921 903/903/903
f 921/921/921 901/901/901 903/903/903
f 922/922/922 920/920/920 906/906/906
f 922/922/922 906/906/906 904/904/904
f 921/921/921 923/923/923 901/901/901
f 923/923/923 895/895/895 901/901/901
f 924/924/924 922/922/922 904/904/904
f 924/924/924 904/904/904 902/902/902
f 923/923/923 925/925/925 895/895/895
f 925/925/925 896/896/896 895/895/895
f 926/926/926 924/924/924 902/902/902
f 926/926/926 902/902/902 900/900/900
f 925/925/925 927/927/927 896/896/896
f 927/927/927 897/897/897 896/896/896
f 928/928/928 926/926/926 900/900/900
f 928/928/928 900/900/900 899/899/899
f 927/927/927 929/929/929 897/897/897
f 929/929/929 898/898/898 897/897/897
f 930/930/930 899/899/899 898/898/898
f 930/930/930 928/928/928 899/899/899
f 929/929/929 930/930/930 898/898/898
f 931/931/931 925/925/925 923/923/923
f 932/932/932 927/927/927 925/925/925
f 931/931/931 932/932/932 925/925/925
f 933/933/933 929/929/929 927/927/927
f 932/932/932 933/933/933 927/927/927
f 934/934/934 930/930/930 929/929/929
f 933/933/933 934/934/934 929/929/929
f 935/935/935 928/928/928 930/930/930
f 934/934/934 935/935/935 930/930/930
f 936/936/936 926/926/926 928/928/928
f 935/935/935 936/936/936 928/928/928
f 937/937/937 931/931/931 923/923/923
f 937/937/937 923/923/923 921/921/921
f 936/936/936 938/938/938 926/926/926
f 938/938/938 924/924/924 926/926/926
f 939/939/939 937/937/937 921/921/921
f 939/939/939 921/921/921 919/919/919
f 938/938/938 940/940/940 924/924/924
f 940/940/940 922/922/922 924/924/924
f 941/941/941 939/939/939 919/919/919
f 941/941/941 919/919/919 913/913/913
f 940/940/940 942/942/942 922/922/922
f 942/942/942 920/920/920 922/922/922
f 943/943/943 941/941/941 913/913/913
f 943/943/943 913/913/913 914/914/914
f 942/942/942 944/944/944 920/920/920
f 944/944/944 918/918/918 920/920/920
f 945/945/945 943/943/943 914/914/914
f 945/945/945 914/914/914 915/915/915
f 944/944/944 946/946/946 918/918/918
f 946/946/946 917/917/917 918/918/918
f 947/947/947 945/945/945 915/915/915
f 947/947/947 915/915/915 916/916/916
f 948/948/948 916/916/916 917/917/917
f 946/946/946 948/948/948 917/917/917
f 948/948/948 947/947/947 916/916/916
f 949/949/949 941/941/941 943/943/943
f 950/950/950 943/943/943 945/945/945
f 950/950/950 949/949/949 943/943/943
f 951/951/951 945/945/945 947/947/947
f 951/951/951 950/950/950 945/945/945
f 952/952/952 947/947/947 948/948/948
f 952/952/952 951/951/951 947/947/947
f 953/953/953 948/948/948 946/946/946
f 953/953/953 952/952/952 948/948/948
f 954/954/954 946/946/946 944/944/944
f 954/954/954 953/953/953 946/946/946
f 949/949/949 955/955/955 941/941/941
f 955/955/955 939/939/939 941/941/941
f 956/956/956 954/954/954 944/944/944
f 956/956/956 944/944/944 942/942/942
f 955/955/955 957/957/957 939/939/939
f 957/957/957 937/937/937 939/939/939
f 958/958/958 956/956/956 942/942/942
f 958/958/958 942/942/942 940/940/940
f 957/957/957 959/959/959 937/937/937
f 959/959/959 931/931/931 937/937/937
f 960/960/960 958/958/958 940/940/940
f 960/960/960 940/940/940 938/938/938
f 959/959/959 961/961/961 931/931/931
f 961/961/961 932/932/932 931/931/931
f 962/962/962 960/960/960 938/938/938
f 962/962/962 938/938/938 936/936/936
f 961/961/961 963/963/963 932/932/932
f 963/963/963 933/933/933 932/932/932
f 964/964/964 962/962/962 936/936/936
f 964/964/964 936/936/936 935/935/935
f 963/963/963 965/965/965 933/933/933
f 965/965/965 934/934/934 933/933/933
f 966/966/966 935/935/935 934/934/934
f 966/966/966 964/964/964 935/935/935
f 965/965/965 966/966/966 934/934/934
f 967/967/967 961/961/961 959/959/959
f 968/968/968 963/963/963 961/961/961
f 967/967/967 968/968/968 961/961/961
f 969/969/969 965/965/965 963/963/963
f 968/968/968 969/969/969 963/963/963
f 970/970/970 966/966/966 965/965/965
f 969/969/969 970/970/970 965/965/965
f 971/971/971 964/964/964 966/966/966
f 970/970/970 971/971/971 966/966/966
f 972/972/972 962/962/962 964/964/964
f 971/971/971 972/972/972 964/964/964
f 973/973/973 967/967/967 959/959/959
f 973/973/973 959/959/959 957/957/957
f 972/972/972 974/974/974 962/962/962
f 974/974/974 960/960/960 962/962/962
f 975/975/975 973/973/973 957/957/957
f 975/975/975 957/957/957 955/955/955
f 974/974/974 976/976/976 960/960/960
f 976/976/976 958/958/958 960/960/960
f 977/977/977 975/975/975 955/955/955
f 977/977/977 955/955/955 949/949/949
f 976/976/976 978/978/978 958/958/958
f 978/978/978 956/956/956 958/958/958
f 979/979/979 977/977/977 949/949/949
f 979/979/979 949/949/949 950/950/950
f 978/978/978 980/980/980 956/956/956
f 980/980/980 954/954/954 956/956/956
f 981/981/981 979/979/979 950/950/950
f 981/981/981 950/950/950 951/951/951
f 980/980/980 982/982/982 954/954/954
f 982/982/982 953/953/953 954/954/954
f 983/983/983 981/981/981 951/951/951
f 983/983/983 951/951/951 952/952/952
f 984/984/984 952/952/952 953/953/953
f 982/982/982 984/984/984 953/953/953
f 984/984/984 983/983/983 952/952/952
f 985/985/985 977/977/977 979/979/979
f 986/986/986 979/979/979 981/981/981
f 986/986/986 985/985/985 979/979/979
f 987/987/987 981/981/981 983/983/983
f 987/987/987 986/986/986 981/981/981
f 988/988/988 983/983/983 984/984/984
f 988/988/988 987/987/987 983/983/983
f 989/989/989 984/984/984 982/982/982
f 989/989/989 988/988/988 984/984/984
f 990/990/990 982/982/982 980/980/980
f 990/990/990 989/989/989 982/982/982
f 985/985/985 991/991/991 977/977/977
f 991/991/991 975/975/975 977/977/977
f 992/992/992 990/990/990 980/980/980
f 992/992/992 980/980/980 978/978/978
f 991/991/991 993/993/993 975/975/975
f 993/993/993 973/973/973 975/975/975
f 994/994/994 992/992/992 978/978/978
f 994/994/994 978/978/978 976/976/976
f 993/993/993 995/995/995 973/973/973
f 995/995/995 967/967/967 973/973/973
f 996/996/996 994/994/994 976/976/976
f 996/996/996 976/976/976 974/974/974
f 995/995/995 997/997/997 967/967/967
f 997/997/997 968/968/968 967/967/967
f 998/998/998 996/996/996 974/974/974
f 998/998/998 974/974/974 972/972/972
f 997/997/997 999/999/999 968/968/968
f 999/999/999 969/969/969 968/968/968
f 1000/1000/1000 998/998/998 972/972/972
f 1000/1000/1000 972/972/972 971/971/971
f 999/999/999 1001/1001/1001 969/969/969
f 1001/1001/1001 970/970/970 969/969/969
f 1002/1002/1002 971/971/971 970/970/970
f 1002/1002/1002 1000/1000/1000 971/971/971
f 1001/1001/1001 1002/1002/1002 970/970/970
f 1003/1003/1003 997/997/997 995/995/995
f 1004/1004/1004 999/999/999 997/997/997
f 1003/1003/1003 1004/1004/1004 997/997/997
f 1005/1005/1005 1004/1004/1004 1003/1003/1003
f 1005/1005/1005 1003/1003/1003 1006/1006/1006
f 1006/1006/1006 1003/1003/1003 995/995/995
f 1005/1005/1005 1007/1007/1007 1004/1004/1004
f 1004/1004/1004 1007/1007/1007 999/999/999
f 1007/1007/1007 1001/1001/1001 999/999/999
f 1006/1006/1006 995/995/995 993/993/993
f 1007/1007/1007 1008/1008/1008 1001/1001/1001
f 1008/1008/1008 1002/1002/1002 1001/1001/1001
f 1005/1005/1005 1008/1008/1008 1007/1007/1007
f 1009/1009/1009 1006/1006/1006 993/993/993
f 1005/1005/1005 1006/1006/1006 1009/1009/1009
f 1009/1009/1009 993/993/993 991/991/991
f 1008/1008/1008 1010/1010/1010 1002/1002/1002
f 1005/1005/1005 1010/1010/1010 1008/1008/1008
f 1010/1010/1010 1000/1000/1000 1002/1002/1002
f 1011/1011/1011 1009/1009/1009 991/991/991
f 1005/1005/1005 1009/1009/1009 1011/1011/1011
f 1011/1011/1011 991/991/991 985/985/985
f 1010/1010/1010 1012/1012/1012 1000/1000/1000
f 1005/1005/1005 1012/1012/1012 1010/1010/1010
f 1012/1012/1012 998/998/998 1000/1000/1000
f 1013/1013/1013 1011/1011/1011 985/985/985
f 1005/1005/1005 1011/1011/1011 1013/1013/1013
f 1005/1005/1005 1014/1014/1014 1012/1012/1012
f 1012/1012/1012 1014/1014/1014 998/998/998
f 1005/1005/1005 1013/1013/1013 1015/1015/1015
f 1013/1013/1013 985/985/985 986/986/986
f 1015/1015/1015 1013/1013/1013 986/986/986
f 1014/1014/1014 996/996/996 998/998/998
f 1015/1015/1015 986/986/986 987/987/987
f 1014/1014/1014 1016/1016/1016 996/996/996
f 1005/1005/1005 1016/1016/1016 1014/1014/1014
f 1016/1016/1016 994/994/994 996/996/996
f 1017/1017/1017 1015/1015/1015 987/987/987
f 1005/1005/1005 1015/1015/1015 1017/1017/1017
f 1017/1017/1017 987/987/987 988/988/988
f 1016/1016/1016 1018/1018/1018 994/994/994
f 1005/1005/1005 1018/1018/1018 1016/1016/1016
f 1018/1018/1018 992/992/992 994/994/994
f 1019/1019/1019 1017/1017/1017 988/988/988
f 1005/1005/1005 1017/1017/1017 1019/1019/1019
f 1019/1019/1019 988/988/988 989/989/989
f 1018/1018/1018 1020/1020/1020 992/992/992
f 1005/1005/1005 1020/1020/1020 1018/1018/1018
f 1020/1020/1020 990/990/990 992/992/992
f 1021/1021/1021 989/989/989 990/990/990
f 1021/1021/1021 1019/1019/1019 989/989/989
f 1005/1005/1005 1019/1019/1019 1021/1021/1021
f 1020/1020/1020 1021/1021/1021 990/990/990
f 1005/1005/1005 1021/1021/1021 1020/1020/1020
f 1024/1024/1024 1023/1023/1023 1022/1022/1022
f 1025/1025/1025 1024/1024/1024 1022/1022/1022
f 1022/1022/1022 1026/1026/1026 1025/1025/1025
f 1023/1023/1023 1024/1024/1024 1027/1027/1027
f 1028/1028/1028 1023/1023/1023 1027/1027/1027
f 1026/1026/1026 1029/1029/1029 1025/1025/1025
f 1026/1026/1026 1030/1030/1030 1029/1029/1029
f 1028/1028/1028 1027/1027/1027 1031/1031/1031
f 1032/1032/1032 1028/1028/1028 1031/1031/1031
f 1030/1030/1030 1033/1033/1033 1029/1029/1029
f 1030/1030/1030 1034/1034/1034 1033/1033/1033
f 1032/1032/1032 1031/1031/1031 1035/1035/1035
f 1036/1036/1036 1032/1032/1032 1035/1035/1035
f 1034/1034/1034 1037/1037/1037 1033/1033/1033
f 1034/1034/1034 1038/1038/1038 1037/1037/1037
f 1036/1036/1036 1035/1035/1035 1039/1039/1039
f 1040/1040/1040 1036/1036/1036 1039/1039/1039
f 1038/1038/1038 1041/1041/1041 1037/1037/1037
f 1038/1038/1038 1042/1042/1042 1041/1041/1041
f 1040/1040/1040 1039/1039/1039 1043/1043/1043
f 1044/1044/1044 1040/1040/1040 1043/1043/1043
f 1042/1042/1042 1045/1045/1045 1041/1041/1041
f 1042/1042/1042 1046/1046/1046 1045/1045/1045
f 1044/1044/1044 1043/1043/1043 1047/1047/1047
f 1048/1048/1048 1044/1044/1044 1047/1047/1047
f 1046/1046/1046 1049/1049/1049 1045/1045/1045
f 1046/1046/1046 1050/1050/1050 1049/1049/1049
f 1048/1048/1048 1047/1047/1047 1051/1051/1051
f 1052/1052/1052 1048/1048/1048 1051/1051/1051
f 1050/1050/1050 1053/1053/1053 1049/1049/1049
f 1050/1050/1050 1054/1054/1054 1053/1053/1053
f 1052/1052/1052 1051/1051/1051 1055/1055/1055
f 1056/1056/1056 1052/1052/1052 1055/1055/1055
f 1054/1054/1054 1056/1056/1056 1057/1057/1057
f 1054/1054/1054 1057/1057/1057 1053/1053/1053
f 1056/1056/1056 1055/1055/1055 1057/1057/1057
f 1043/1043/1043 1058/1058/1058 1047/1047/1047
f 1047/1047/1047 1059/1059/1059 1051/1051/1051
f 1058/1058/1058 1059/1059/1059 1047/1047/1047
f 1051/1051/1051 1060/1060/1060 1055/1055/1055
f 1059/1059/1059 1060/1060/1060 1051/1051/1051
f 1055/1055/1055 1061/1061/1061 1057/1057/1057
f 1060/1060/1060 1061/1061/1061 1055/1055/1055
f 1057/1057/1057 1062/1062/1062 1053/1053/1053
f 1061/1061/1061 1062/1062/1062 1057/1057/1057
f 1053/1053/1053 1063/1063/1063 1049/1049/1049
f 1062/1062/1062 1063/1063/1063 1053/1053/1053
f 1064/1064/1064 1058/1058/1058 1043/1043/1043
f 1039/1039/1039 1064/1064/1064 1043/1043/1043
f 1063/1063/1063 1065/1065/1065 1049/1049/1049
f 1049/1049/1049 1065/1065/1065 1045/1045/1045
f 1066/1066/1066 1064/1064/1064 1039/1039/1039
f 1035/1035/1035 1066/1066/1066 1039/1039/1039
f 1065/1065/1065 1067/1067/1067 1045/1045/1045
f 1045/1045/1045 1067/1067/1067 1041/1041/1041
f 1068/1068/1068 1066/1066/1066 1035/1035/1035
f 1031/1031/1031 1068/1068/1068 1035/1035/1035
f 1067/1067/1067 1069/1069/1069 1041/1041/1041
f 1041/1041/1041 1069/1069/1069 1037/1037/1037
f 1070/1070/1070 1068/1068/1068 1031/1031/1031
f 1027/1027/1027 1070/1070/1070 1031/1031/1031
f 1069/1069/1069 1071/1071/1071 1037/1037/1037
f 1037/1037/1037 1071/1071/1071 1033/1033/1033
f 1072/1072/1072 1070/1070/1070 1027/1027/1027
f 1024/1024/1024 1072/1072/1072 1027/1027/1027
f 1071/1071/1071 1073/1073/1073 1033/1033/1033
f 1033/1033/1033 1073/1073/1073 1029/1029/1029
f 1074/1074/1074 1072/1072/1072 1024/1024/1024
f 1025/1025/1025 1074/1074/1074 1024/1024/1024
f 1029/1029/1029 1075/1075/1075 1025/1025/1025
f 1073/1073/1073 1075/1075/1075 1029/1029/1029
f 1075/1075/1075 1074/1074/1074 1025/1025/1025
f 1070/1070/1070 1076/1076/1076 1068/1068/1068
f 1072/1072/1072 1077/1077/1077 1070/1070/1070
f 1077/1077/1077 1076/1076/1076 1070/1070/1070
f 1074/1074/1074 1078/1078/1078 1072/1072/1072
f 1078/1078/1078 1077/1077/1077 1072/1072/1072
f 1075/1075/1075 1079/1079/1079 1074/1074/1074
f 1079/1079/1079 1078/1078/1078 1074/1074/1074
f 1073/1073/1073 1080/1080/1080 1075/1075/1075
f 1080/1080/1080 1079/1079/1079 1075/1075/1075
f 1071/1071/1071 1081/1081/1081 1073/1073/1073
f 1081/1081/1081 1080/1080/1080 1073/1073/1073
f 1076/1076/1076 1082/1082/1082 1068/1068/1068
f 1068/1068/1068 1082/1082/1082 1066/1066/1066
f 1083/1083/1083 1081/1081/1081 1071/1071/1071
f 1069/1069/1069 1083/1083/1083 1071/1071/1071
f 1082/1082/1082 1084/1084/1084 1066/1066/1066
f 1066/1066/1066 1084/1084/1084 1064/1064/1064
f 1085/1085/1085 1083/1083/1083 1069/1069/1069
f 1067/1067/1067 1085/1085/1085 1069/1069/1069
f 1084/1084/1084 1086/1086/1086 1064/1064/1064
f 1064/1064/1064 1086/1086/1086 1058/1058/1058
f 1087/1087/1087 1085/1085/1085 1067/1067/1067
f 1065/1065/1065 1087/1087/1087 1067/1067/1067
f 1086/1086/1086 1088/1088/1088 1058/1058/1058
f 1058/1058/1058 1088/1088/1088 1059/1059/1059
f 1089/1089/1089 1087/1087/1087 1065/1065/1065
f 1063/1063/1063 1089/1089/1089 1065/1065/1065
f 1088/1088/1088 1090/1090/1090 1059/1059/1059
f 1059/1059/1059 1090/1090/1090 1060/1060/1060
f 1091/1091/1091 1089/1089/1089 1063/1063/1063
f 1062/1062/1062 1091/1091/1091 1063/1063/1063
f 1090/1090/1090 1092/1092/1092 1060/1060/1060
f 1060/1060/1060 1092/1092/1092 1061/1061/1061
f 1061/1061/1061 1093/1093/1093 1062/1062/1062
f 1093/1093/1093 1091/1091/1091 1062/1062/1062
f 1092/1092/1092 1093/1093/1093 1061/1061/1061
f 1086/1086/1086 1094/1094/1094 1088/1088/1088
f 1088/1088/1088 1095/1095/1095 1090/1090/1090
f 1094/1094/1094 1095/1095/1095 1088/1088/1088
f 1090/1090/1090 1096/1096/1096 1092/1092/1092
f 1095/1095/1095 1096/1096/1096 1090/1090/1090
f 1092/1092/1092 1097/1097/1097 1093/1093/1093
f 1096/1096/1096 1097/1097/1097 1092/1092/1092
f 1093/1093/1093 1098/1098/1098 1091/1091/1091
f 1097/1097/1097 1098/1098/1098 1093/1093/1093
f 1091/1091/1091 1099/1099/1099 1089/1089/1089
f 1098/1098/1098 1099/1099/1099 1091/1091/1091
f 1100/1100/1100 1094/1094/1094 1086/1086/1086
f 1084/1084/1084 1100/1100/1100 1086/1086/1086
f 1099/1099/1099 1101/1101/1101 1089/1089/1089
f 1089/1089/1089 1101/1101/1101 1087/1087/1087
f 1102/1102/1102 1100/1100/1100 1084/1084/1084
f 1082/1082/1082 1102/1102/1102 1084/1084/1084
f 1101/1101/1101 1103/1103/1103 1087/1087/1087
f 1087/1087/1087 1103/1103/1103 1085/1085/1085
f 1104/1104/1104 1102/1102/1102 1082/1082/1082
f 1076/1076/1076 1104/1104/1104 1082/1082/1082
f 1103/1103/1103 1105/1105/1105 1085/1085/1085
f 1085/1085/1085 1105/1105/1105 1083/1083/1083
f 1106/1106/1106 1104/1104/1104 1076/1076/1076
f 1077/1077/1077 1106/1106/1106 1076/1076/1076
f 1105/1105/1105 1107/1107/1107 1083/1083/1083
f 1083/1083/1083 1107/1107/1107 1081/1081/1081
f 1108/1108/1108 1106/1106/1106 1077/1077/1077
f 1078/1078/1078 1108/1108/1108 1077/1077/1077
f 1107/1107/1107 1109/1109/1109 1081/1081/1081
f 1081/1081/1081 1109/1109/1109 1080/1080/1080
f 1110/1110/1110 1108/1108/1108 1078/1078/1078
f 1079/1079/1079 1110/1110/1110 1078/1078/1078
f 1080/1080/1080 1111/1111/1111 1079/1079/1079
f 1109/1109/1109 1111/1111/1111 1080/1080/1080
f 1111/1111/1111 1110/1110/1110 1079/1079/1079
f 1106/1106/1106 1112/1112/1112 1104/1104/1104
f 1108/1108/1108 1113/1113/1113 1106/1106/1106
f 1113/1113/1113 1112/1112/1112 1106/1106/1106
f 1110/1110/1110 1114/1114/1114 1108/1108/1108
f 1114/1114/1114 1113/1113/1113 1108/1108/1108
f 1111/1111/1111 1115/1115/1115 1110/1110/1110
f 1115/1115/1115 1114/1114/1114 1110/1110/1110
f 1109/1109/1109 1116/1116/1116 1111/1111/1111
f 1116/1116/1116 1115/1115/1115 1111/1111/1111
f 1107/1107/1107 1117/1117/1117 1109/1109/1109
f 1117/1117/1117 1116/1116/1116 1109/1109/1109
f 1112/1112/1112 1118/1118/1118 1104/1104/1104
f 1104/1104/1104 1118/1118/1118 1102/1102/1102
f 1119/1119/1119 1117/1117/1117 1107/1107/1107
f 1105/1105/1105 1119/1119/1119 1107/1107/1107
f 1118/1118/1118 1120/1120/1120 1102/1102/1102
f 1102/1102/1102 1120/1120/1120 1100/1100/1100
f 1121/1121/1121 1119/1119/1119 1105/1105/1105
f 1103/1103/1103 1121/1121/1121 1105/1105/1105
f 1120/1120/1120 1122/1122/1122 1100/1100/1100
f 1100/1100/1100 1122/1122/1122 1094/1094/1094
f 1123/1123/1123 1121/1121/1121 1103/1103/1103
f 1101/1101/1101 1123/1123/1123 1103/1103/1103
f 1122/1122/1122 1124/1124/1124 1094/1094/1094
f 1094/1094/1094 1124/1124/1124 1095/1095/1095
f 1125/1125/1125 1123/1123/1123 1101/1101/1101
f 1099/1099/1099 1125/1125/1125 1101/1101/1101
f 1124/1124/1124 1126/1126/1126 1095/1095/1095
f 1095/1095/1095 1126/1126/1126 1096/1096/1096
f 1127/1127/1127 1125/1125/1125 1099/1099/1099
f 1098/1098/1098 1127/1127/1127 1099/1099/1099
f 1126/1126/1126 1128/1128/1128 1096/1096/1096
f 1096/1096/1096 1128/1128/1128 1097/1097/1097
f 1097/1097/1097 1129/1129/1129 1098/1098/1098
f 1129/1129/1129 1127/1127/1127 1098/1098/1098
f 1128/1128/1128 1129/1129/1129 1097/1097/1097
f 1122/1122/1122 1130/1130/1130 1124/1124/1124
f 1124/1124/1124 1131/1131/1131 1126/1126/1126
f 1130/1130/1130 1131/1131/1131 1124/1124/1124
f 1126/1126/1126 1132/1132/1132 1128/1128/1128
f 1131/1131/1131 1132/1132/1132 1126/1126/1126
f 1128/1128/1128 1133/1133/1133 1129/1129/1129
f 1132/1132/1132 1133/1133/1133 1128/1128/1128
f 1129/1129/1129 1134/1134/1134 1127/1127/1127
f 1133/1133/1133 1134/1134/1134 1129/1129/1129
f 1127/1127/1127 1135/1135/1135 1125/1125/1125
f 1134/1134/1134 1135/1135/1135 1127/1127/1127
f 1136/1136/1136 1130/1130/1130 1122/1122/1122
f 1120/1120/1120 1136/1136/1136 1122/1122/1122
f 1135/1135/1135 1137/1137/1137 1125/1125/1125
f 1125/1125/1125 1137/1137/1137 1123/1123/1123
f 1138/1138/1138 1136/1136/1136 1120/1120/1120
f 1118/1118/1118 1138/1138/1138 1120/1120/1120
f 1137/1137/1137 1139/1139/1139 1123/1123/1123
f 1123/1123/1123 1139/1139/1139 1121/1121/1121
f 1140/1140/1140 1138/1138/1138 1118/1118/1118
f 1112/1112/1112 1140/1140/1140 1118/1118/1118
f 1139/1139/1139 1141/1141/1141 1121/1121/1121
f 1121/1121/1121 1141/1141/1141 1119/1119/1119
f 1142/1142/1142 1140/1140/1140 1112/1112/1112
f 1113/1113/1113 1142/1142/1142 1112/1112/1112
f 1141/1141/1141 1143/1143/1143 1119/1119/1119
f 1119/1119/1119 1143/1143/1143 1117/1117/1117
f 1144/1144/1144 1142/1142/1142 1113/1113/1113
f 1114/1114/1114 1144/1144/1144 1113/1113/1113
f 1143/1143/1143 1145/1145/1145 1117/1117/1117
f 1117/1117/1117 1145/1145/1145 1116/1116/1116
f 1146/1146/1146 1144/1144/1144 1114/1114/1114
f 1115/1115/1115 1146/1146/1146 1114/1114/1114
f 1116/1116/1116 1147/1147/1147 1115/1115/1115
f 1145/1145/1145 1147/1147/1147 1116/1116/1116
f 1147/1147/1147 1146/1146/1146 1115/1115/1115
f 1142/1142/1142 1148/1148/1148 1140/1140/1140
f 1144/1144/1144 1149/1149/1149 1142/1142/1142
f 1149/1149/1149 1148/1148/1148 1142/1142/1142
f 1149/1149/1149 1150/1150/1150 1148/1148/1148
f 1148/1148/1148 1150/1150/1150 1151/1151/1151
f 1148/1148/1148 1151/1151/1151 1140/1140/1140
f 1152/1152/1152 1150/1150/1150 1149/1149/1149
f 1152/1152/1152 1149/1149/1149 1144/1144/1144
f 1146/1146/1146 1152/1152/1152 1144/1144/1144
f 1140/1140/1140 1151/1151/1151 1138/1138/1138
f 1153/1153/1153 1152/1152/1152 1146/1146/1146
f 1147/1147/1147 1153/1153/1153 1146/1146/1146
f 1153/1153/1153 1150/1150/1150 1152/1152/1152
f 1151/1151/1151 1154/1154/1154 1138/1138/1138
f 1151/1151/1151 1150/1150/1150 1154/1154/1154
f 1138/1138/1138 1154/1154/1154 1136/1136/1136
f 1155/1155/1155 1153/1153/1153 1147/1147/1147
f 1155/1155/1155 1150/1150/1150 1153/1153/1153
f 1145/1145/1145 1155/1155/1155 1147/1147/1147
f 1154/1154/1154 1156/1156/1156 1136/1136/1136
f 1154/1154/1154 1150/1150/1150 1156/1156/1156
f 1136/1136/1136 1156/1156/1156 1130/1130/1130
f 1157/1157/1157 1155/1155/1155 1145/1145/1145
f 1157/1157/1157 1150/1150/1150 1155/1155/1155
f 1143/1143/1143 1157/1157/1157 1145/1145/1145
f 1156/1156/1156 1158/1158/1158 1130/1130/1130
f 1156/1156/1156 1150/1150/1150 1158/1158/1158
f 1159/1159/1159 1150/1150/1150 1157/1157/1157
f 1159/1159/1159 1157/1157/1157 1143/1143/1143
f 1158/1158/1158 1150/1150/1150 1160/1160/1160
f 1130/1130/1130 1158/1158/1158 1131/1131/1131
f 1158/1158/1158 1160/1160/1160 1131/1131/1131
f 1141/1141/1141 1159/1159/1159 1143/1143/1143
f 1131/1131/1131 1160/1160/1160 1132/1132/1132
f 1161/1161/1161 1159/1159/1159 1141/1141/1141
f 1161/1161/1161 1150/1150/1150 1159/1159/1159
f 1139/1139/1139 1161/1161/1161 1141/1141/1141
f 1160/1160/1160 1162/1162/1162 1132/1132/1132
f 1160/1160/1160 1150/1150/1150 1162/1162/1162
f 1132/1132/1132 1162/1162/1162 1133/1133/1133
f 1163/1163/1163 1161/1161/1161 1139/1139/1139
f 1163/1163/1163 1150/1150/1150 1161/1161/1161
f 1137/1137/1137 1163/1163/1163 1139/1139/1139
f 1162/1162/1162 1164/1164/1164 1133/1133/1133
f 1162/1162/1162 1150/1150/1150 1164/1164/1164
f 1133/1133/1133 1164/1164/1164 1134/1134/1134
f 1165/1165/1165 1163/1163/1163 1137/1137/1137
f 1165/1165/1165 1150/1150/1150 1163/1163/1163
f 1135/1135/1135 1165/1165/1165 1137/1137/1137
f 1134/1134/1134 1166/1166/1166 1135/1135/1135
f 1164/1164/1164 1166/1166/1166 1134/1134/1134
f 1164/1164/1164 1150/1150/1150 1166/1166/1166
f 1166/1166/1166 1165/1165/1165 1135/1135/1135
f 1166/1166/1166 1150/1150/1150 1165/1165/1165
f 1169/1169/1169 1168/1168/1168 1167/1167/1167
f 1168/1168/1168 1170/1170/1170 1167/1167/1167
f 1167/1167/1167 1170/1170/1170 1171/1171/1171
f 1172/1172/1172 1168/1168/1168 1169/1169/1169
f 1173/1173/1173 1172/1172/1172 1169/1169/1169
f 1170/1170/1170 1174/1174/1174 1171/1171/1171
f 1171/1171/1171 1174/1174/1174 1175/1175/1175
f 1176/1176/1176 1172/1172/1172 1173/1173/1173
f 1177/1177/1177 1176/1176/1176 1173/1173/1173
f 1174/1174/1174 1178/1178/1178 1175/1175/1175
f 1175/1175/1175 1178/1178/1178 1179/1179/1179
f 1180/1180/1180 1176/1176/1176 1177/1177/1177
f 1181/1181/1181 1180/1180/1180 1177/1177/1177
f 1178/1178/1178 1182/1182/1182 1179/1179/1179
f 1179/1179/1179 1182/1182/1182 1183/1183/1183
f 1184/1184/1184 1180/1180/1180 1181/1181/1181
f 1185/1185/1185 1184/1184/1184 1181/1181/1181
f 1182/1182/1182 1186/1186/1186 1183/1183/1183
f 1183/1183/1183 1186/1186/1186 1187/1187/1187
f 1184/1184/1184 1185/1185/1185 1188/1188/1188
f 1185/1185/1185 1189/1189/1189 1188/1188/1188
f 1186/1186/1186 1190/1190/1190 1187/1187/1187
f 1187/1187/1187 1190/1190/1190 1191/1191/1191
f 1192/1192/1192 1188/1188/1188 1189/1189/1189
f 1193/1193/1193 1192/1192/1192 1189/1189/1189
f 1190/1190/1190 1194/1194/1194 1191/1191/1191
f 1191/1191/1191 1194/1194/1194 1195/1195/1195
f 1196/1196/1196 1192/1192/1192 1193/1193/1193
f 1197/1197/1197 1196/1196/1196 1193/1193/1193
f 1194/1194/1194 1198/1198/1198 1195/1195/1195
f 1195/1195/1195 1198/1198/1198 1199/1199/1199
f 1200/1200/1200 1196/1196/1196 1197/1197/1197
f 1201/1201/1201 1200/1200/1200 1197/1197/1197
f 1199/1199/1199 1202/1202/1202 1201/1201/1201
f 1198/1198/1198 1202/1202/1202 1199/1199/1199
f 1202/1202/1202 1200/1200/1200 1201/1201/1201
f 1188/1188/1188 1192/1192/1192 1203/1203/1203
f 1192/1192/1192 1196/1196/1196 1204/1204/1204
f 1203/1203/1203 1192/1192/1192 1204/1204/1204
f 1196/1196/1196 1200/1200/1200 1205/1205/1205
f 1204/1204/1204 1196/1196/1196 1205/1205/1205
f 1200/1200/1200 1202/1202/1202 1206/1206/1206
f 1205/1205/1205 1200/1200/1200 1206/1206/1206
f 1202/1202/1202 1198/1198/1198 1207/1207/1207
f 1206/1206/1206 1202/1202/1202 1207/1207/1207
f 1198/1198/1198 1194/1194/1194 1208/1208/1208
f 1207/1207/1207 1198/1198/1198 1208/1208/1208
f 1209/1209/1209 1188/1188/1188 1203/1203/1203
f 1184/1184/1184 1188/1188/1188 1209/1209/1209
f 1208/1208/1208 1194/1194/1194 1210/1210/1210
f 1194/1194/1194 1190/1190/1190 1210/1210/1210
f 1211/1211/1211 1184/1184/1184 1209/1209/1209
f 1180/1180/1180 1184/1184/1184 1211/1211/1211
f 1210/1210/1210 1190/1190/1190 1212/1212/1212
f 1190/1190/1190 1186/1186/1186 1212/1212/1212
f 1213/1213/1213 1180/1180/1180 1211/1211/1211
f 1176/1176/1176 1180/1180/1180 1213/1213/1213
f 1212/1212/1212 1186/1186/1186 1214/1214/1214
f 1186/1186/1186 1182/1182/1182 1214/1214/1214
f 1215/1215/1215 1176/1176/1176 1213/1213/1213
f 1172/1172/1172 1176/1176/1176 1215/1215/1215
f 1214/1214/1214 1182/1182/1182 1216/1216/1216
f 1182/1182/1182 1178/1178/1178 1216/1216/1216
f 1217/1217/1217 1172/1172/1172 1215/1215/1215
f 1168/1168/1168 1172/1172/1172 1217/1217/1217
f 1216/1216/1216 1178/1178/1178 1218/1218/1218
f 1178/1178/1178 1174/1174/1174 1218/1218/1218
f 1219/1219/1219 1168/1168/1168 1217/1217/1217
f 1170/1170/1170 1168/1168/1168 1219/1219/1219
f 1174/1174/1174 1170/1170/1170 1220/1220/1220
f 1218/1218/1218 1174/1174/1174 1220/1220/1220
f 1220/1220/1220 1170/1170/1170 1219/1219/1219
f 1213/1213/1213 1221/1221/1221 1215/1215/1215
f 1215/1215/1215 1222/1222/1222 1217/1217/1217
f 1221/1221/1221 1222/1222/1222 1215/1215/1215
f 1217/1217/1217 1223/1223/1223 1219/1219/1219
f 1222/1222/1222 1223/1223/1223 1217/1217/1217
f 1219/1219/1219 1224/1224/1224 1220/1220/1220
f 1223/1223/1223 1224/1224/1224 1219/1219/1219
f 1220/1220/1220 1225/1225/1225 1218/1218/1218
f 1224/1224/1224 1225/1225/1225 1220/1220/1220
f 1218/1218/1218 1226/1226/1226 1216/1216/1216
f 1225/1225/1225 1226/1226/1226 1218/1218/1218
f 1227/1227/1227 1221/1221/1221 1213/1213/1213
f 1211/1211/1211 1227/1227/1227 1213/1213/1213
f 1226/1226/1226 1228/1228/1228 1216/1216/1216
f 1216/1216/1216 1228/1228/1228 1214/1214/1214
f 1227/1227/1227 1211/1211/1211 1229/1229/1229
f 1211/1211/1211 1209/1209/1209 1229/1229/1229
f 1228/1228/1228 1230/1230/1230 1214/1214/1214
f 1214/1214/1214 1230/1230/1230 1212/1212/1212
f 1231/1231/1231 1229/1229/1229 1209/1209/1209
f 1203/1203/1203 1231/1231/1231 1209/1209/1209
f 1230/1230/1230 1232/1232/1232 1212/1212/1212
f 1212/1212/1212 1232/1232/1232 1210/1210/1210
f 1233/1233/1233 1231/1231/1231 1203/1203/1203
f 1204/1204/1204 1233/1233/1233 1203/1203/1203
f 1232/1232/1232 1234/1234/1234 1210/1210/1210
f 1210/1210/1210 1234/1234/1234 1208/1208/1208
f 1235/1235/1235 1233/1233/1233 1204/1204/1204
f 1205/1205/1205 1235/1235/1235 1204/1204/1204
f 1234/1234/1234 1236/1236/1236 1208/1208/1208
f 1208/1208/1208 1236/1236/1236 1207/1207/1207
f 1237/1237/1237 1235/1235/1235 1205/1205/1205
f 1206/1206/1206 1237/1237/1237 1205/1205/1205
f 1207/1207/1207 1238/1238/1238 1206/1206/1206
f 1236/1236/1236 1238/1238/1238 1207/1207/1207
f 1238/1238/1238 1237/1237/1237 1206/1206/1206
f 1233/1233/1233 1239/1239/1239 1231/1231/1231
f 1235/1235/1235 1240/1240/1240 1233/1233/1233
f 1240/1240/1240 1239/1239/1239 1233/1233/1233
f 1237/1237/1237 1241/1241/1241 1235/1235/1235
f 1241/1241/1241 1240/1240/1240 1235/1235/1235
f 1238/1238/1238 1242/1242/1242 1237/1237/1237
f 1242/1242/1242 1241/1241/1241 1237/1237/1237
f 1236/1236/1236 1243/1243/1243 1238/1238/1238
f 1243/1243/1243 1242/1242/1242 1238/1238/1238
f 1234/1234/1234 1244/1244/1244 1236/1236/1236
f 1244/1244/1244 1243/1243/1243 1236/1236/1236
f 1239/1239/1239 1245/1245/1245 1231/1231/1231
f 1231/1231/1231 1245/1245/1245 1229/1229/1229
f 1246/1246/1246 1244/1244/1244 1234/1234/1234
f 1232/1232/1232 1246/1246/1246 1234/1234/1234
f 1245/1245/1245 1247/1247/1247 1229/1229/1229
f 1227/1227/1227 1229/1229/1229 1247/1247/1247
f 1248/1248/1248 1246/1246/1246 1232/1232/1232
f 1230/1230/1230 1248/1248/1248 1232/1232/1232
f 1249/1249/1249 1227/1227/1227 1247/1247/1247
f 1227/1227/1227 1249/1249/1249 1221/1221/1221
f 1250/1250/1250 1248/1248/1248 1230/1230/1230
f 1228/1228/1228 1250/1250/1250 1230/1230/1230
f 1249/1249/1249 1251/1251/1251 1221/1221/1221
f 1221/1221/1221 1251/1251/1251 1222/1222/1222
f 1252/1252/1252 1250/1250/1250 1228/1228/1228
f 1226/1226/1226 1252/1252/1252 1228/1228/1228
f 1251/1251/1251 1253/1253/1253 1222/1222/1222
f 1222/1222/1222 1253/1253/1253 1223/1223/1223
f 1254/1254/1254 1252/1252/1252 1226/1226/1226
f 1225/1225/1225 1254/1254/1254 1226/1226/1226
f 1253/1253/1253 1255/1255/1255 1223/1223/1223
f 1223/1223/1223 1255/1255/1255 1224/1224/1224
f 1224/1224/1224 1256/1256/1256 1225/1225/1225
f 1256/1256/1256 1254/1254/1254 1225/1225/1225
f 1255/1255/1255 1256/1256/1256 1224/1224/1224
f 1249/1249/1249 1257/1257/1257 1251/1251/1251
f 1251/1251/1251 1258/1258/1258 1253/1253/1253
f 1257/1257/1257 1258/1258/1258 1251/1251/1251
f 1253/1253/1253 1259/1259/1259 1255/1255/1255
f 1258/1258/1258 1259/1259/1259 1253/1253/1253
f 1255/1255/1255 1260/1260/1260 1256/1256/1256
f 1259/1259/1259 1260/1260/1260 1255/1255/1255
f 1256/1256/1256 1261/1261/1261 1254/1254/1254
f 1260/1260/1260 1261/1261/1261 1256/1256/1256
f 1254/1254/1254 1262/1262/1262 1252/1252/1252
f 1261/1261/1261 1262/1262/1262 1254/1254/1254
f 1263/1263/1263 1257/1257/1257 1249/1249/1249
f 1247/1247/1247 1263/1263/1263 1249/1249/1249
f 1262/1262/1262 1264/1264/1264 1252/1252/1252
f 1252/1252/1252 1264/1264/1264 1250/1250/1250
f 1265/1265/1265 1263/1263/1263 1247/1247/1247
f 1245/1245/1245 1265/1265/1265 1247/1247/1247
f 1264/1264/1264 1266/1266/1266 1250/1250/1250
f 1250/1250/1250 1266/1266/1266 1248/1248/1248
f 1267/1267/1267 1265/1265/1265 1245/1245/1245
f 1239/1239/1239 1267/1267/1267 1245/1245/1245
f 1266/1266/1266 1268/1268/1268 1248/1248/1248
f 1248/1248/1248 1268/1268/1268 1246/1246/1246
f 1269/1269/1269 1267/1267/1267 1239/1239/1239
f 1240/1240/1240 1269/1269/1269 1239/1239/1239
f 1268/1268/1268 1270/1270/1270 1246/1246/1246
f 1246/1246/1246 1270/1270/1270 1244/1244/1244
f 1271/1271/1271 1269/1269/1269 1240/1240/1240
f 1241/1241/1241 1271/1271/1271 1240/1240/1240
f 1270/1270/1270 1272/1272/1272 1244/1244/1244
f 1244/1244/1244 1272/1272/1272 1243/1243/1243
f 1273/1273/1273 1271/1271/1271 1241/1241/1241
f 1242/1242/1242 1273/1273/1273 1241/1241/1241
f 1243/1243/1243 1274/1274/1274 1242/1242/1242
f 1272/1272/1272 1274/1274/1274 1243/1243/1243
f 1274/1274/1274 1273/1273/1273 1242/1242/1242
f 1269/1269/1269 1275/1275/1275 1267/1267/1267
f 1271/1271/1271 1276/1276/1276 1269/1269/1269
f 1276/1276/1276 1275/1275/1275 1269/1269/1269
f 1273/1273/1273 1277/1277/1277 1271/1271/1271
f 1277/1277/1277 1276/1276/1276 1271/1271/1271
f 1274/1274/1274 1278/1278/1278 1273/1273/1273
f 1278/1278/1278 1277/1277/1277 1273/1273/1273
f 1272/1272/1272 1279/1279/1279 1274/1274/1274
f 1279/1279/1279 1278/1278/1278 1274/1274/1274
f 1270/1270/1270 1280/1280/1280 1272/1272/1272
f 1280/1280/1280 1279/1279/1279 1272/1272/1272
f 1275/1275/1275 1281/1281/1281 1267/1267/1267
f 1267/1267/1267 1281/1281/1281 1265/1265/1265
f 1282/1282/1282 1280/1280/1280 1270/1270/1270
f 1268/1268/1268 1282/1282/1282 1270/1270/1270
f 1281/1281/1281 1283/1283/1283 1265/1265/1265
f 1265/1265/1265 1283/1283/1283 1263/1263/1263
f 1284/1284/1284 1282/1282/1282 1268/1268/1268
f 1266/1266/1266 1284/1284/1284 1268/1268/1268
f 1283/1283/1283 1285/1285/1285 1263/1263/1263
f 1263/1263/1263 1285/1285/1285 1257/1257/1257
f 1286/1286/1286 1284/1284/1284 1266/1266/1266
f 1264/1264/1264 1286/1286/1286 1266/1266/1266
f 1285/1285/1285 1287/1287/1287 1257/1257/1257
f 1257/1257/1257 1287/1287/1287 1258/1258/1258
f 1288/1288/1288 1286/1286/1286 1264/1264/1264
f 1262/1262/1262 1288/1288/1288 1264/1264/1264
f 1287/1287/1287 1289/1289/1289 1258/1258/1258
f 1258/1258/1258 1289/1289/1289 1259/1259/1259
f 1290/1290/1290 1288/1288/1288 1262/1262/1262
f 1261/1261/1261 1290/1290/1290 1262/1262/1262
f 1289/1289/1289 1291/1291/1291 1259/1259/1259
f 1259/1259/1259 1291/1291/1291 1260/1260/1260
f 1260/1260/1260 1292/1292/1292 1261/1261/1261
f 1292/1292/1292 1290/1290/1290 1261/1261/1261
f 1291/1291/1291 1292/1292/1292 1260/1260/1260
f 1285/1285/1285 1293/1293/1293 1287/1287/1287
f 1287/1287/1287 1294/1294/1294 1289/1289/1289
f 1293/1293/1293 1294/1294/1294 1287/1287/1287
f 1289/1289/1289 1295/1295/1295 1291/1291/1291
f 1294/1294/1294 1295/1295/1295 1289/1289/1289
f 1291/1291/1291 1296/1296/1296 1292/1292/1292
f 1295/1295/1295 1296/1296/1296 1291/1291/1291
f 1292/1292/1292 1297/1297/1297 1290/1290/1290
f 1296/1296/1296 1297/1297/1297 1292/1292/1292
f 1290/1290/1290 1298/1298/1298 1288/1288/1288
f 1297/1297/1297 1298/1298/1298 1290/1290/1290
f 1299/1299/1299 1293/1293/1293 1285/1285/1285
f 1283/1283/1283 1299/1299/1299 1285/1285/1285
f 1298/1298/1298 1300/1300/1300 1288/1288/1288
f 1288/1288/1288 1300/1300/1300 1286/1286/1286
f 1301/1301/1301 1299/1299/1299 1283/1283/1283
f 1281/1281/1281 1301/1301/1301 1283/1283/1283
f 1300/1300/1300 1302/1302/1302 1286/1286/1286
f 1286/1286/1286 1302/1302/1302 1284/1284/1284
f 1303/1303/1303 1301/1301/1301 1281/1281/1281
f 1275/1275/1275 1303/1303/1303 1281/1281/1281
f 1302/1302/1302 1304/1304/1304 1284/1284/1284
f 1284/1284/1284 1304/1304/1304 1282/1282/1282
f 1305/1305/1305 1303/1303/1303 1275/1275/1275
f 1276/1276/1276 1305/1305/1305 1275/1275/1275
f 1304/1304/1304 1306/1306/1306 1282/1282/1282
f 1282/1282/1282 1306/1306/1306 1280/1280/1280
f 1307/1307/1307 1305/1305/1305 1276/1276/1276
f 1277/1277/1277 1307/1307/1307 1276/1276/1276
f 1306/1306/1306 1308/1308/1308 1280/1280/1280
f 1280/1280/1280 1308/1308/1308 1279/1279/1279
f 1309/1309/1309 1307/1307/1307 1277/1277/1277
f 1278/1278/1278 1309/1309/1309 1277/1277/1277
f 1279/1279/1279 1310/1310/1310 1278/1278/1278
f 1308/1308/1308 1310/1310/1310 1279/1279/1279
f 1310/1310/1310 1309/1309/1309 1278/1278/1278
f 1305/1305/1305 1311/1311/1311 1303/1303/1303
f 1307/1307/1307 1312/1312/1312 1305/1305/1305
f 1312/1312/1312 1311/1311/1311 1305/1305/1305
f 1309/1309/1309 1313/1313/1313 1307/1307/1307
f 1313/1313/1313 1312/1312/1312 1307/1307/1307
f 1310/1310/1310 1314/1314/1314 1309/1309/1309
f 1314/1314/1314 1313/1313/1313 1309/1309/1309
f 1308/1308/1308 1315/1315/1315 1310/1310/1310
f 1315/1315/1315 1314/1314/1314 1310/1310/1310
f 1306/1306/1306 1316/1316/1316 1308/1308/1308
f 1316/1316/1316 1315/1315/1315 1308/1308/1308
f 1311/1311/1311 1317/1317/1317 1303/1303/1303
f 1303/1303/1303 1317/1317/1317 1301/1301/1301
f 1318/1318/1318 1316/1316/1316 1306/1306/1306
f 1304/1304/1304 1318/1318/1318 1306/1306/1306
f 1317/1317/1317 1319/1319/1319 1301/1301/1301
f 1301/1301/1301 1319/1319/1319 1299/1299/1299
f 1320/1320/1320 1318/1318/1318 1304/1304/1304
f 1302/1302/1302 1320/1320/1320 1304/1304/1304
f 1319/1319/1319 1321/1321/1321 1299/1299/1299
f 1299/1299/1299 1321/1321/1321 1293/1293/1293
f 1322/1322/1322 1320/1320/1320 1302/1302/1302
f 1300/1300/1300 1322/1322/1322 1302/1302/1302
f 1321/1321/1321 1323/1323/1323 1293/1293/1293
f 1293/1293/1293 1323/1323/1323 1294/1294/1294
f 1324/1324/1324 1322/1322/1322 1300/1300/1300
f 1298/1298/1298 1324/1324/1324 1300/1300/1300
f 1323/1323/1323 1325/1325/1325 1294/1294/1294
f 1294/1294/1294 1325/1325/1325 1295/1295/1295
f 1326/1326/1326 1324/1324/1324 1298/1298/1298
f 1297/1297/1297 1326/1326/1326 1298/1298/1298
f 1325/1325/1325 1327/1327/1327 1295/1295/1295
f 1295/1295/1295 1327/1327/1327 1296/1296/1296
f 1296/1296/1296 1328/1328/1328 1297/1297/1297
f 1328/1328/1328 1326/1326/1326 1297/1297/1297
f 1327/1327/1327 1328/1328/1328 1296/1296/1296
f 1321/1321/1321 1329/1329/1329 1323/1323/1323
f 1323/1323/1323 1330/1330/1330 1325/1325/1325
f 1329/1329/1329 1330/1330/1330 1323/1323/1323
f 1325/1325/1325 1331/1331/1331 1327/1327/1327
f 1330/1330/1330 1331/1331/1331 1325/1325/1325
f 1327/1327/1327 1332/1332/1332 1328/1328/1328
f 1331/1331/1331 1332/1332/1332 1327/1327/1327
f 1328/1328/1328 1333/1333/1333 1326/1326/1326
f 1332/1332/1332 1333/1333/1333 1328/1328/1328
f 1326/1326/1326 1334/1334/1334 1324/1324/1324
f 1333/1333/1333 1334/1334/1334 1326/1326/1326
f 1335/1335/1335 1329/1329/1329 1321/1321/1321
f 1319/1319/1319 1335/1335/1335 1321/1321/1321
f 1334/1334/1334 1336/1336/1336 1324/1324/1324
f 1324/1324/1324 1336/1336/1336 1322/1322/1322
f 1337/1337/1337 1335/1335/1335 1319/1319/1319
f 1317/1317/1317 1337/1337/1337 1319/1319/1319
f 1336/1336/1336 1338/1338/1338 1322/1322/1322
f 1322/1322/1322 1338/1338/1338 1320/1320/1320
f 1339/1339/1339 1337/1337/1337 1317/1317/1317
f 1311/1311/1311 1339/1339/1339 1317/1317/1317
f 1338/1338/1338 1340/1340/1340 1320/1320/1320
f 1320/1320/1320 1340/1340/1340 1318/1318/1318
f 1341/1341/1341 1339/1339/1339 1311/1311/1311
f 1312/1312/1312 1341/1341/1341 1311/1311/1311
f 1340/1340/1340 1342/1342/1342 1318/1318/1318
f 1318/1318/1318 1342/1342/1342 1316/1316/1316
f 1343/1343/1343 1341/1341/1341 1312/1312/1312
f 1313/1313/1313 1343/1343/1343 1312/1312/1312
f 1342/1342/1342 1344/1344/1344 1316/1316/1316
f 1316/1316/1316 1344/1344/1344 1315/1315/1315
f 1345/1345/1345 1343/1343/1343 1313/1313/1313
f 1314/1314/1314 1345/1345/1345 1313/1313/1313
f 1315/1315/1315 1346/1346/1346 1314/1314/1314
f 1344/1344/1344 1346/1346/1346 1315/1315/1315
f 1346/1346/1346 1345/1345/1345 1314/1314/1314
f 1341/1341/1341 1347/1347/1347 1339/1339/1339
f 1343/1343/1343 1348/1348/1348 1341/1341/1341
f 1348/1348/1348 1347/1347/1347 1341/1341/1341
f 1348/1348/1348 1349/1349/1349 1347/1347/1347
f 1347/1347/1347 1349/1349/1349 1350/1350/1350
f 1347/1347/1347 1350/1350/1350 1339/1339/1339
f 1351/1351/1351 1349/1349/1349 1348/1348/1348
f 1351/1351/1351 1348/1348/1348 1343/1343/1343
f 1345/1345/1345 1351/1351/1351 1343/1343/1343
f 1339/1339/1339 1350/1350/1350 1337/1337/1337
f 1352/1352/1352 1351/1351/1351 1345/1345/1345
f 1346/1346/1346 1352/1352/1352 1345/1345/1345
f 1352/1352/1352 1349/1349/1349 1351/1351/1351
f 1350/1350/1350 1353/1353/1353 1337/1337/1337
f 1350/1350/1350 1349/1349/1349 1353/1353/1353
f 1337/1337/1337 1353/1353/1353 1335/1335/1335
f 1354/1354/1354 1352/1352/1352 1346/1346/1346
f 1354/1354/1354 1349/1349/1349 1352/1352/1352
f 1344/1344/1344 1354/1354/1354 1346/1346/1346
f 1353/1353/1353 1355/1355/1355 1335/1335/1335
f 1353/1353/1353 1349/1349/1349 1355/1355/1355
f 1335/1335/1335 1355/1355/1355 1329/1329/1329
f 1356/1356/1356 1354/1354/1354 1344/1344/1344
f 1356/1356/1356 1349/1349/1349 1354/1354/1354
f 1342/1342/1342 1356/1356/1356 1344/1344/1344
f 1355/1355/1355 1357/1357/1357 1329/1329/1329
f 1355/1355/1355 1349/1349/1349 1357/1357/1357
f 1358/1358/1358 1349/1349/1349 1356/1356/1356
f 1358/1358/1358 1356/1356/1356 1342/1342/1342
f 1357/1357/1357 1349/1349/1349 1359/1359/1359
f 1329/1329/1329 1357/1357/1357 1330/1330/1330
f 1357/1357/1357 1359/1359/1359 1330/1330/1330
f 1340/1340/1340 1358/1358/1358 1342/1342/1342
f 1330/1330/1330 1359/1359/1359 1331/1331/1331
f 1360/1360/1360 1358/1358/1358 1340/1340/1340
f 1360/1360/1360 1349/1349/1349 1358/1358/1358
f 1338/1338/1338 1360/1360/1360 1340/1340/1340
f 1359/1359/1359 1361/1361/1361 1331/1331/1331
f 1359/1359/1359 1349/1349/1349 1361/1361/1361
f 1331/1331/1331 1361/1361/1361 1332/1332/1332
f 1362/1362/1362 1360/1360/1360 1338/1338/1338
f 1362/1362/1362 1349/1349/1349 1360/1360/1360
f 1336/1336/1336 1362/1362/1362 1338/1338/1338
f 1361/1361/1361 1363/1363/1363 1332/1332/1332
f 1361/1361/1361 1349/1349/1349 1363/1363/1363
f 1332/1332/1332 1363/1363/1363 1333/1333/1333
f 1364/1364/1364 1362/1362/1362 1336/1336/1336
f 1364/1364/1364 1349/1349/1349 1362/1362/1362
f 1334/1334/1334 1364/1364/1364 1336/1336/1336
f 1333/1333/1333 1365/1365/1365 1334/1334/1334
f 1363/1363/1363 1365/1365/1365 1333/1333/1333
f 1363/1363/1363 1349/1349/1349 1365/1365/1365
f 1365/1365/1365 1364/1364/1364 1334/1334/1334
f 1365/1365/1365 1349/1349/1349 1364/1364/1364
f 1368/1368/1368 1367/1367/1367 1366/1366/1366
f 1367/1367/1367 1369/1369/1369 1366/1366/1366
f 1370/1370/1370 1366/1366/1366 1369/1369/1369
f 1367/1367/1367 1368/1368/1368 1371/1371/1371
f 1368/1368/1368 1372/1372/1372 1371/1371/1371
f 1373/1373/1373 1370/1370/1370 1369/1369/1369
f 1374/1374/1374 1370/1370/1370 1373/1373/1373
f 1371/1371/1371 1372/1372/1372 1375/1375/1375
f 1372/1372/1372 1376/1376/1376 1375/1375/1375
f 1377/1377/1377 1374/1374/1374 1373/1373/1373
f 1378/1378/1378 1374/1374/1374 1377/1377/1377
f 1375/1375/1375 1376/1376/1376 1379/1379/1379
f 1376/1376/1376 1380/1380/1380 1379/1379/1379
f 1381/1381/1381 1378/1378/1378 1377/1377/1377
f 1382/1382/1382 1378/1378/1378 1381/1381/1381
f 1379/1379/1379 1380/1380/1380 1383/1383/1383
f 1380/1380/1380 1384/1384/1384 1383/1383/1383
f 1385/1385/1385 1382/1382/1382 1381/1381/1381
f 1386/1386/1386 1382/1382/1382 1385/1385/1385
f 1383/1383/1383 1384/1384/1384 1387/1387/1387
f 1384/1384/1384 1388/1388/1388 1387/1387/1387
f 1389/1389/1389 1386/1386/1386 1385/1385/1385
f 1390/1390/1390 1386/1386/1386 1389/1389/1389
f 1387/1387/1387 1388/1388/1388 1391/1391/1391
f 1388/1388/1388 1392/1392/1392 1391/1391/1391
f 1393/1393/1393 1390/1390/1390 1389/1389/1389
f 1394/1394/1394 1390/1390/1390 1393/1393/1393
f 1391/1391/1391 1392/1392/1392 1395/1395/1395
f 1392/1392/1392 1396/1396/1396 1395/1395/1395
f 1397/1397/1397 1394/1394/1394 1393/1393/1393
f 1398/1398/1398 1394/1394/1394 1397/1397/1397
f 1395/1395/1395 1396/1396/1396 1399/1399/1399
f 1396/1396/1396 1400/1400/1400 1399/1399/1399
f 1400/1400/1400 1398/1398/1398 1401/1401/1401
f 1401/1401/1401 1398/1398/1398 1397/1397/1397
f 1399/1399/1399 1400/1400/1400 1401/1401/1401
f 1402/1402/1402 1387/1387/1387 1391/1391/1391
f 1403/1403/1403 1391/1391/1391 1395/1395/1395
f 1403/1403/1403 1402/1402/1402 1391/1391/1391
f 1404/1404/1404 1395/1395/1395 1399/1399/1399
f 1404/1404/1404 1403/1403/1403 1395/1395/1395
f 1405/1405/1405 1399/1399/1399 1401/1401/1401
f 1405/1405/1405 1404/1404/1404 1399/1399/1399
f 1406/1406/1406 1401/1401/1401 1397/1397/1397
f 1406/1406/1406 1405/1405/1405 1401/1401/1401
f 1407/1407/1407 1397/1397/1397 1393/1393/1393
f 1407/1407/1407 1406/1406/1406 1397/1397/1397
f 1402/1402/1402 1408/1408/1408 1387/1387/1387
f 1408/1408/1408 1383/1383/1383 1387/1387/1387
f 1409/1409/1409 1407/1407/1407 1393/1393/1393
f 1409/1409/1409 1393/1393/1393 1389/1389/1389
f 1408/1408/1408 1410/1410/1410 1383/1383/1383
f 1410/1410/1410 1379/1379/1379 1383/1383/1383
f 1411/1411/1411 1409/1409/1409 1389/1389/1389
f 1411/1411/1411 1389/1389/1389 1385/1385/1385
f 1410/1410/1410 1412/1412/1412 1379/1379/1379
f 1412/1412/1412 1375/1375/1375 1379/1379/1379
f 1413/1413/1413 1411/1411/1411 1385/1385/1385
f 1413/1413/1413 1385/1385/1385 1381/1381/1381
f 1412/1412/1412 1414/1414/1414 1375/1375/1375
f 1414/1414/1414 1371/1371/1371 1375/1375/1375
f 1415/1415/1415 1413/1413/1413 1381/1381/1381
f 1415/1415/1415 1381/1381/1381 1377/1377/1377
f 1414/1414/1414 1416/1416/1416 1371/1371/1371
f 1416/1416/1416 1367/1367/1367 1371/1371/1371
f 1417/1417/1417 1415/1415/1415 1377/1377/1377
f 1417/1417/1417 1377/1377/1377 1373/1373/1373
f 1416/1416/1416 1418/1418/1418 1367/1367/1367
f 1418/1418/1418 1369/1369/1369 1367/1367/1367
f 1419/1419/1419 1373/1373/1373 1369/1369/1369
f 1419/1419/1419 1417/1417/1417 1373/1373/1373
f 1418/1418/1418 1419/1419/1419 1369/1369/1369
f 1420/1420/1420 1414/1414/1414 1412/1412/1412
f 1421/1421/1421 1416/1416/1416 1414/1414/1414
f 1420/1420/1420 1421/1421/1421 1414/1414/1414
f 1422/1422/1422 1418/1418/1418 1416/1416/1416
f 1421/1421/1421 1422/1422/1422 1416/1416/1416
f 1423/1423/1423 1419/1419/1419 1418/1418/1418
f 1422/1422/1422 1423/1423/1423 1418/1418/1418
f 1424/1424/1424 1417/1417/1417 1419/1419/1419
f 1423/1423/1423 1424/1424/1424 1419/1419/1419
f 1425/1425/1425 1415/1415/1415 1417/1417/1417
f 1424/1424/1424 1425/1425/1425 1417/1417/1417
f 1426/1426/1426 1420/1420/1420 1412/1412/1412
f 1426/1426/1426 1412/1412/1412 1410/1410/1410
f 1425/1425/1425 1427/1427/1427 1415/1415/1415
f 1427/1427/1427 1413/1413/1413 1415/1415/1415
f 1428/1428/1428 1426/1426/1426 1410/1410/1410
f 1428/1428/1428 1410/1410/1410 1408/1408/1408
f 1427/1427/1427 1429/1429/1429 1413/1413/1413
f 1429/1429/1429 1411/1411/1411 1413/1413/1413
f 1430/1430/1430 1428/1428/1428 1408/1408/1408
f 1430/1430/1430 1408/1408/1408 1402/1402/1402
f 1429/1429/1429 1431/1431/1431 1411/1411/1411
f 1431/1431/1431 1409/1409/1409 1411/1411/1411
f 1432/1432/1432 1430/1430/1430 1402/1402/1402
f 1432/1432/1432 1402/1402/1402 1403/1403/1403
f 1431/1431/1431 1433/1433/1433 1409/1409/1409
f 1433/1433/1433 1407/1407/1407 1409/1409/1409
f 1434/1434/1434 1432/1432/1432 1403/1403/1403
f 1434/1434/1434 1403/1403/1403 1404/1404/1404
f 1433/1433/1433 1435/1435/1435 1407/1407/1407
f 1435/1435/1435 1406/1406/1406 1407/1407/1407
f 1436/1436/1436 1434/1434/1434 1404/1404/1404
f 1436/1436/1436 1404/1404/1404 1405/1405/1405
f 1437/1437/1437 1405/1405/1405 1406/1406/1406
f 1435/1435/1435 1437/1437/1437 1406/1406/1406
f 1437/1437/1437 1436/1436/1436 1405/1405/1405
f 1438/1438/1438 1430/1430/1430 1432/1432/1432
f 1439/1439/1439 1432/1432/1432 1434/1434/1434
f 1439/1439/1439 1438/1438/1438 1432/1432/1432
f 1440/1440/1440 1434/1434/1434 1436/1436/1436
f 1440/1440/1440 1439/1439/1439 1434/1434/1434
f 1441/1441/1441 1436/1436/1436 1437/1437/1437
f 1441/1441/1441 1440/1440/1440 1436/1436/1436
f 1442/1442/1442 1437/1437/1437 1435/1435/1435
f 1442/1442/1442 1441/1441/1441 1437/1437/1437
f 1443/1443/1443 1435/1435/1435 1433/1433/1433
f 1443/1443/1443 1442/1442/1442 1435/1435/1435
f 1438/1438/1438 1444/1444/1444 1430/1430/1430
f 1444/1444/1444 1428/1428/1428 1430/1430/1430
f 1445/1445/1445 1443/1443/1443 1433/1433/1433
f 1445/1445/1445 1433/1433/1433 1431/1431/1431
f 1444/1444/1444 1446/1446/1446 1428/1428/1428
f 1446/1446/1446 1426/1426/1426 1428/1428/1428
f 1447/1447/1447 1445/1445/1445 1431/1431/1431
f 1447/1447/1447 1431/1431/1431 1429/1429/1429
f 1446/1446/1446 1448/1448/1448 1426/1426/1426
f 1448/1448/1448 1420/1420/1420 1426/1426/1426
f 1449/1449/1449 1447/1447/1447 1429/1429/1429
f 1449/1449/1449 1429/1429/1429 1427/1427/1427
f 1448/1448/1448 1450/1450/1450 1420/1420/1420
f 1450/1450/1450 1421/1421/1421 1420/1420/1420
f 1451/1451/1451 1449/1449/1449 1427/1427/1427
f 1451/1451/1451 1427/1427/1427 1425/1425/1425
f 1450/1450/1450 1452/1452/1452 1421/1421/1421
f 1452/1452/1452 1422/1422/1422 1421/1421/1421
f 1453/1453/1453 1451/1451/1451 1425/1425/1425
f 1453/1453/1453 1425/1425/1425 1424/1424/1424
f 1452/1452/1452 1454/1454/1454 1422/1422/1422
f 1454/1454/1454 1423/1423/1423 1422/1422/1422
f 1455/1455/1455 1424/1424/1424 1423/1423/1423
f 1455/1455/1455 1453/1453/1453 1424/1424/1424
f 1454/1454/1454 1455/1455/1455 1423/1423/1423
f 1456/1456/1456 1450/1450/1450 1448/1448/1448
f 1457/1457/1457 1452/1452/1452 1450/1450/1450
f 1456/1456/1456 1457/1457/1457 1450/1450/1450
f 1458/1458/1458 1454/1454/1454 1452/1452/1452
f 1457/1457/1457 1458/1458/1458 1452/1452/1452
f 1459/1459/1459 1455/1455/1455 1454/1454/1454
f 1458/1458/1458 1459/1459/1459 1454/1454/1454
f 1460/1460/1460 1453/1453/1453 1455/1455/1455
f 1459/1459/1459 1460/1460/1460 1455/1455/1455
f 1461/1461/1461 1451/1451/1451 1453/1453/1453
f 1460/1460/1460 1461/1461/1461 1453/1453/1453
f 1462/1462/1462 1456/1456/1456 1448/1448/1448
f 1462/1462/1462 1448/1448/1448 1446/1446/1446
f 1461/1461/1461 1463/1463/1463 1451/1451/1451
f 1463/1463/1463 1449/1449/1449 1451/1451/1451
f 1464/1464/1464 1462/1462/1462 1446/1446/1446
f 1464/1464/1464 1446/1446/1446 1444/1444/1444
f 1463/1463/1463 1465/1465/1465 1449/1449/1449
f 1465/1465/1465 1447/1447/1447 1449/1449/1449
f 1466/1466/1466 1464/1464/1464 1444/1444/1444
f 1466/1466/1466 1444/1444/1444 1438/1438/1438
f 1465/1465/1465 1467/1467/1467 1447/1447/1447
f 1467/1467/1467 1445/1445/1445 1447/1447/1447
f 1468/1468/1468 1466/1466/1466 1438/1438/1438
f 1468/1468/1468 1438/1438/1438 1439/1439/1439
f 1467/1467/1467 1469/1469/1469 1445/1445/1445
f 1469/1469/1469 1443/1443/1443 1445/1445/1445
f 1470/1470/1470 1468/1468/1468 1439/1439/1439
f 1470/1470/1470 1439/1439/1439 1440/1440/1440
f 1469/1469/1469 1471/1471/1471 1443/1443/1443
f 1471/1471/1471 1442/1442/1442 1443/1443/1443
f 1472/1472/1472 1470/1470/1470 1440/1440/1440
f 1472/1472/1472 1440/1440/1440 1441/1441/1441
f 1473/1473/1473 1441/1441/1441 1442/1442/1442
f 1471/1471/1471 1473/1473/1473 1442/1442/1442
f 1473/1473/1473 1472/1472/1472 1441/1441/1441
f 1474/1474/1474 1466/1466/1466 1468/1468/1468
f 1475/1475/1475 1468/1468/1468 1470/1470/1470
f 1475/1475/1475 1474/1474/1474 1468/1468/1468
f 1476/1476/1476 1470/1470/1470 1472/1472/1472
f 1476/1476/1476 1475/1475/1475 1470/1470/1470
f 1477/1477/1477 1472/1472/1472 1473/1473/1473
f 1477/1477/1477 1476/1476/1476 1472/1472/1472
f 1478/1478/1478 1473/1473/1473 1471/1471/1471
f 1478/1478/1478 1477/1477/1477 1473/1473/1473
f 1479/1479/1479 1471/1471/1471 1469/1469/1469
f 1479/1479/1479 1478/1478/1478 1471/1471/1471
f 1474/1474/1474 1480/1480/1480 1466/1466/1466
f 1480/1480/1480 1464/1464/1464 1466/1466/1466
f 1481/1481/1481 1479/1479/1479 1469/1469/1469
f 1481/1481/1481 1469/1469/1469 1467/1467/1467
f 1480/1480/1480 1482/1482/1482 1464/1464/1464
f 1482/1482/1482 1462/1462/1462 1464/1464/1464
f 1483/1483/1483 1481/1481/1481 1467/1467/1467
f 1483/1483/1483 1467/1467/1467 1465/1465/1465
f 1482/1482/1482 1484/1484/1484 1462/1462/1462
f 1484/1484/1484 1456/1456/1456 1462/1462/1462
f 1485/1485/1485 1483/1483/1483 1465/1465/1465
f 1485/1485/1485 1465/1465/1465 1463/1463/1463
f 1484/1484/1484 1486/1486/1486 1456/1456/1456
f 1486/1486/1486 1457/1457/1457 1456/1456/1456
f 1487/1487/1487 1485/1485/1485 1463/1463/1463
f 1487/1487/1487 1463/1463/1463 1461/1461/1461
f 1486/1486/1486 1488/1488/1488 1457/1457/1457
f 1488/1488/1488 1458/1458/1458 1457/1457/1457
f 1489/1489/1489 1487/1487/1487 1461/1461/1461
f 1489/1489/1489 1461/1461/1461 1460/1460/1460
f 1488/1488/1488 1490/1490/1490 1458/1458/1458
f 1490/1490/1490 1459/1459/1459 1458/1458/1458
f 1491/1491/1491 1460/1460/1460 1459/1459/1459
f 1491/1491/1491 1489/1489/1489 1460/1460/1460
f 1490/1490/1490 1491/1491/1491 1459/1459/1459
f 1492/1492/1492 1486/1486/1486 1484/1484/1484
f 1493/1493/1493 1488/1488/1488 1486/1486/1486
f 1492/1492/1492 1493/1493/1493 1486/1486/1486
f 1494/1494/1494 1493/1493/1493 1492/1492/1492
f 1494/1494/1494 1492/1492/1492 1495/1495/1495
f 1495/1495/1495 1492/1492/1492 1484/1484/1484
f 1494/1494/1494 1496/1496/1496 1493/1493/1493
f 1493/1493/1493 1496/1496/1496 1488/1488/1488
f 1496/1496/1496 1490/1490/1490 1488/1488/1488
f 1495/1495/1495 1484/1484/1484 1482/1482/1482
f 1496/1496/1496 1497/1497/1497 1490/1490/1490
f 1497/1497/1497 1491/1491/1491 1490/1490/1490
f 1494/1494/1494 1497/1497/1497 1496/1496/1496
f 1498/1498/1498 1495/1495/1495 1482/1482/1482
f 1494/1494/1494 1495/1495/1495 1498/1498/1498
f 1498/1498/1498 1482/1482/1482 1480/1480/1480
f 1497/1497/1497 1499/1499/1499 1491/1491/1491
f 1494/1494/1494 1499/1499/1499 1497/1497/1497
f 1499/1499/1499 1489/1489/1489 1491/1491/1491
f 1500/1500/1500 1498/1498/1498 1480/1480/1480
f 1494/1494/1494 1498/1498/1498 1500/1500/1500
f 1500/1500/1500 1480/1480/1480 1474/1474/1474
f 1499/1499/1499 1501/1501/1501 1489/1489/1489
f 1494/1494/1494 1501/1501/1501 1499/1499/1499
f 1501/1501/1501 1487/1487/1487 1489/1489/1489
f 1502/1502/1502 1500/1500/1500 1474/1474/1474
f 1494/1494/1494 1500/1500/1500 1502/1502/1502
f 1494/1494/1494 1503/1503/1503 1501/1501/1501
f 1501/1501/1501 1503/1503/1503 1487/1487/1487
f 1494/1494/1494 1502/1502/1502 1504/1504/1504
f 1502/1502/1502 1474/1474/1474 1475/1475/1475
f 1504/1504/1504 1502/1502/1502 1475/1475/1475
f 1503/1503/1503 1485/1485/1485 1487/1487/1487
f 1504/1504/1504 1475/1475/1475 1476/1476/1476
f 1503/1503/1503 1505/1505/1505 1485/1485/1485
f 1494/1494/1494 1505/1505/1505 1503/1503/1503
f 1505/1505/1505 1483/1483/1483 1485/1485/1485
f 1506/1506/1506 1504/1504/1504 1476/1476/1476
f 1494/1494/1494 1504/1504/1504 1506/1506/1506
f 1506/1506/1506 1476/1476/1476 1477/1477/1477
f 1505/1505/1505 1507/1507/1507 1483/1483/1483
f 1494/1494/1494 1507/1507/1507 1505/1505/1505
f 1507/1507/1507 1481/1481/1481 1483/1483/1483
f 1508/1508/1508 1506/1506/1506 1477/1477/1477
f 1494/1494/1494 1506/1506/1506 1508/1508/1508
f 1508/1508/1508 1477/1477/1477 1478/1478/1478
f 1507/1507/1507 1509/1509/1509 1481/1481/1481
f 1494/1494/1494 1509/1509/1509 1507/1507/1507
f 1509/1509/1509 1479/1479/1479 1481/1481/1481
f 1510/1510/1510 1478/1478/1478 1479/1479/1479
f 1510/1510/1510 1508/1508/1508 1478/1478/1478
f 1494/1494/1494 1508/1508/1508 1510/1510/1510
f 1509/1509/1509 1510/1510/1510 1479/1479/1479
f 1494/1494/1494 1510/1510/1510 1509/1509/1509
f 1513/1513/1513 1512/1512/1512 1511/1511/1511
f 1514/1514/1514 1513/1513/1513 1511/1511/1511
f 1511/1511/1511 1515/1515/1515 1514/1514/1514
f 1512/1512/1512 1513/1513/1513 1516/1516/1516
f 1517/1517/1517 1512/1512/1512 1516/1516/1516
f 1515/1515/1515 1518/1518/1518 1514/1514/1514
f 1518/1518/1518 1515/1515/1515 1519/1519/1519
f 1516/1516/1516 1520/1520/1520 1517/1517/1517
f 1520/1520/1520 1521/1521/1521 1517/1517/1517
f 1522/1522/1522 1518/1518/1518 1519/1519/1519
f 1519/1519/1519 1523/1523/1523 1522/1522/1522
f 1521/1521/1521 1520/1520/1520 1524/1524/1524
f 1525/1525/1525 1521/1521/1521 1524/1524/1524
f 1523/1523/1523 1526/1526/1526 1522/1522/1522
f 1526/1526/1526 1523/1523/1523 1527/1527/1527
f 1524/1524/1524 1528/1528/1528 1525/1525/1525
f 1528/1528/1528 1529/1529/1529 1525/1525/1525
f 1530/1530/1530 1526/1526/1526 1527/1527/1527
f 1527/1527/1527 1531/1531/1531 1530/1530/1530
f 1529/1529/1529 1528/1528/1528 1532/1532/1532
f 1533/1533/1533 1529/1529/1529 1532/1532/1532
f 1531/1531/1531 1534/1534/1534 1530/1530/1530
f 1534/1534/1534 1531/1531/1531 1535/1535/1535
f 1532/1532/1532 1536/1536/1536 1533/1533/1533
f 1536/1536/1536 1537/1537/1537 1533/1533/1533
f 1538/1538/1538 1534/1534/1534 1535/1535/1535
f 1535/1535/1535 1539/1539/1539 1538/1538/1538
f 1537/1537/1537 1536/1536/1536 1540/1540/1540
f 1541/1541/1541 1537/1537/1537 1540/1540/1540
f 1542/1542/1542 1539/1539/1539 1541/1541/1541
f 1539/1539/1539 1542/1542/1542 1538/1538/1538
f 1540/1540/1540 1542/1542/1542 1541/1541/1541
f 1532/1532/1532 1528/1528/1528 1543/1543/1543
f 1544/1544/1544 1536/1536/1536 1532/1532/1532
f 1543/1543/1543 1544/1544/1544 1532/1532/1532
f 1545/1545/1545 1544/1544/1544 1543/1543/1543
f 1536/1536/1536 1544/1544/1544 1546/1546/1546
f 1540/1540/1540 1536/1536/1536 1546/1546/1546
f 1544/1544/1544 1545/1545/1545 1546/1546/1546
f 1547/1547/1547 1542/1542/1542 1540/1540/1540
f 1546/1546/1546 1547/1547/1547 1540/1540/1540
f 1548/1548/1548 1547/1547/1547 1546/1546/1546
f 1542/1542/1542 1547/1547/1547 1549/1549/1549
f 1538/1538/1538 1542/1542/1542 1549/1549/1549
f 1547/1547/1547 1548/1548/1548 1549/1549/1549
f 1528/1528/1528 1550/1550/1550 1543/1543/1543
f 1550/1550/1550 1551/1551/1551 1543/1543/1543
f 1550/1550/1550 1528/1528/1528 1524/1524/1524
f 1552/1552/1552 1550/1550/1550 1524/1524/1524
f 1551/1551/1551 1550/1550/1550 1552/1552/1552
f 1524/1524/1524 1520/1520/1520 1552/1552/1552
f 1545/1545/1545 1553/1553/1553 1546/1546/1546
f 1553/1553/1553 1548/1548/1548 1546/1546/1546
f 1553/1553/1553 1545/1545/1545 1554/1554/1554
f 1548/1548/1548 1553/1553/1553 1554/1554/1554
f 1549/1549/1549 1555/1555/1555 1538/1538/1538
f 1556/1556/1556 1555/1555/1555 1549/1549/1549
f 1555/1555/1555 1534/1534/1534 1538/1538/1538
f 1534/1534/1534 1555/1555/1555 1557/1557/1557
f 1555/1555/1555 1556/1556/1556 1557/1557/1557
f 1530/1530/1530 1534/1534/1534 1557/1557/1557
f 1520/1520/1520 1558/1558/1558 1552/1552/1552
f 1558/1558/1558 1559/1559/1559 1552/1552/1552
f 1558/1558/1558 1520/1520/1520 1516/1516/1516
f 1560/1560/1560 1558/1558/1558 1516/1516/1516
f 1559/1559/1559 1558/1558/1558 1560/1560/1560
f 1516/1516/1516 1513/1513/1513 1560/1560/1560
f 1548/1548/1548 1561/1561/1561 1549/1549/1549
f 1561/1561/1561 1556/1556/1556 1549/1549/1549
f 1561/1561/1561 1548/1548/1548 1562/1562/1562
f 1556/1556/1556 1561/1561/1561 1562/1562/1562
f 1557/1557/1557 1563/1563/1563 1530/1530/1530
f 1564/1564/1564 1563/1563/1563 1557/1557/1557
f 1563/1563/1563 1526/1526/1526 1530/1530/1530
f 1526/1526/1526 1563/1563/1563 1565/1565/1565
f 1563/1563/1563 1564/1564/1564 1565/1565/1565
f 1522/1522/1522 1526/1526/1526 1565/1565/1565
f 1513/1513/1513 1566/1566/1566 1560/1560/1560
f 1566/1566/1566 1567/1567/1567 1560/1560/1560
f 1566/1566/1566 1513/1513/1513 1514/1514/1514
f 1568/1568/1568 1566/1566/1566 1514/1514/1514
f 1567/1567/1567 1566/1566/1566 1568/1568/1568
f 1514/1514/1514 1518/1518/1518 1568/1568/1568
f 1569/1569/1569 1518/1518/1518 1522/1522/1522
f 1565/1565/1565 1569/1569/1569 1522/1522/1522
f 1518/1518/1518 1569/1569/1569 1568/1568/1568
f 1570/1570/1570 1569/1569/1569 1565/1565/1565
f 1569/1569/1569 1570/1570/1570 1568/1568/1568
f 1571/1571/1571 1564/1564/1564 1557/1557/1557
f 1564/1564/1564 1571/1571/1571 1572/1572/1572
f 1556/1556/1556 1571/1571/1571 1557/1557/1557
f 1571/1571/1571 1556/1556/1556 1572/1572/1572
f 1567/1567/1567 1573/1573/1573 1560/1560/1560
f 1573/1573/1573 1559/1559/1559 1560/1560/1560
f 1574/1574/1574 1570/1570/1570 1565/1565/1565
f 1564/1564/1564 1574/1574/1574 1565/1565/1565
f 1574/1574/1574 1564/1564/1564 1575/1575/1575
f 1570/1570/1570 1574/1574/1574 1575/1575/1575
f 1570/1570/1570 1576/1576/1576 1568/1568/1568
f 1576/1576/1576 1567/1567/1567 1568/1568/1568
f 1576/1576/1576 1570/1570/1570 1577/1577/1577
f 1567/1567/1567 1576/1576/1576 1577/1577/1577
f 1573/1573/1573 1567/1567/1567 1578/1578/1578
f 1559/1559/1559 1573/1573/1573 1578/1578/1578
f 1579/1579/1579 1564/1564/1564 1572/1572/1572
f 1564/1564/1564 1579/1579/1579 1575/1575/1575
f 1579/1579/1579 1580/1580/1580 1575/1575/1575
f 1580/1580/1580 1579/1579/1579 1572/1572/1572
f 1581/1581/1581 1570/1570/1570 1575/1575/1575
f 1570/1570/1570 1581/1581/1581 1577/1577/1577
f 1580/1580/1580 1581/1581/1581 1575/1575/1575
f 1581/1581/1581 1580/1580/1580 1577/1577/1577
f 1567/1567/1567 1582/1582/1582 1578/1578/1578
f 1582/1582/1582 1567/1567/1567 1577/1577/1577
f 1582/1582/1582 1583/1583/1583 1578/1578/1578
f 1583/1583/1583 1582/1582/1582 1577/1577/1577
f 1584/1584/1584 1559/1559/1559 1578/1578/1578
f 1583/1583/1583 1584/1584/1584 1578/1578/1578
f 1559/1559/1559 1584/1584/1584 1585/1585/1585
f 1584/1584/1584 1583/1583/1583 1585/1585/1585
f 1580/1580/1580 1586/1586/1586 1577/1577/1577
f 1586/1586/1586 1583/1583/1583 1577/1577/1577
f 1586/1586/1586 1580/1580/1580 1587/1587/1587
f 1583/1583/1583 1586/1586/1586 1587/1587/1587
f 1588/1588/1588 1580/1580/1580 1572/1572/1572
f 1580/1580/1580 1588/1588/1588 1587/1587/1587
f 1589/1589/1589 1588/1588/1588 1572/1572/1572
f 1588/1588/1588 1589/1589/1589 1587/1587/1587
f 1590/1590/1590 1559/1559/1559 1585/1585/1585
f 1559/1559/1559 1590/1590/1590 1552/1552/1552
f 1590/1590/1590 1551/1551/1551 1552/1552/1552
f 1551/1551/1551 1590/1590/1590 1585/1585/1585
f 1583/1583/1583 1591/1591/1591 1585/1585/1585
f 1591/1591/1591 1583/1583/1583 1587/1587/1587
f 1591/1591/1591 1592/1592/1592 1585/1585/1585
f 1592/1592/1592 1591/1591/1591 1587/1587/1587
f 1593/1593/1593 1589/1589/1589 1572/1572/1572
f 1556/1556/1556 1593/1593/1593 1572/1572/1572
f 1593/1593/1593 1556/1556/1556 1562/1562/1562
f 1589/1589/1589 1593/1593/1593 1562/1562/1562
f 1594/1594/1594 1551/1551/1551 1585/1585/1585
f 1592/1592/1592 1594/1594/1594 1585/1585/1585
f 1551/1551/1551 1594/1594/1594 1595/1595/1595
f 1594/1594/1594 1592/1592/1592 1595/1595/1595
f 1596/1596/1596 1592/1592/1592 1587/1587/1587
f 1589/1589/1589 1596/1596/1596 1587/1587/1587
f 1597/1597/1597 1589/1589/1589 1562/1562/1562
f 1548/1548/1548 1597/1597/1597 1562/1562/1562
f 1597/1597/1597 1548/1548/1548 1554/1554/1554
f 1589/1589/1589 1597/1597/1597 1554/1554/1554
f 1596/1596/1596 1589/1589/1589 1554/1554/1554
f 1592/1592/1592 1596/1596/1596 1554/1554/1554
f 1598/1598/1598 1592/1592/1592 1554/1554/1554
f 1592/1592/1592 1598/1598/1598 1595/1595/1595
f 1545/1545/1545 1598/1598/1598 1554/1554/1554
f 1598/1598/1598 1545/1545/1545 1595/1595/1595
f 1599/1599/1599 1551/1551/1551 1595/1595/1595
f 1545/1545/1545 1599/1599/1599 1595/1595/1595
f 1551/1551/1551 1599/1599/1599 1543/1543/1543
f 1599/1599/1599 1545/1545/1545 1543/1543/1543
f 1602/1602/1602 1601/1601/1601 1600/1600/1600
f 1601/1601/1601 1603/1603/1603 1600/1600/1600
f 1604/1604/1604 1600/1600/1600 1603/1603/1603
f 1601/1601/1601 1602/1602/1602 1605/1605/1605
f 1602/1602/1602 1606/1606/1606 1605/1605/1605
f 1607/1607/1607 1604/1604/1604 1603/1603/1603
f 1604/1604/1604 1607/1607/1607 1608/1608/1608
f 1609/1609/1609 1605/1605/1605 1606/1606/1606
f 1610/1610/1610 1609/1609/1609 1606/1606/1606
f 1607/1607/1607 1611/1611/1611 1608/1608/1608
f 1612/1612/1612 1608/1608/1608 1611/1611/1611
f 1609/1609/1609 1610/1610/1610 1613/1613/1613
f 1610/1610/1610 1614/1614/1614 1613/1613/1613
f 1615/1615/1615 1612/1612/1612 1611/1611/1611
f 1612/1612/1612 1615/1615/1615 1616/1616/1616
f 1617/1617/1617 1613/1613/1613 1614/1614/1614
f 1618/1618/1618 1617/1617/1617 1614/1614/1614
f 1615/1615/1615 1619/1619/1619 1616/1616/1616
f 1620/1620/1620 1616/1616/1616 1619/1619/1619
f 1617/1617/1617 1618/1618/1618 1621/1621/1621
f 1618/1618/1618 1622/1622/1622 1621/1621/1621
f 1623/1623/1623 1620/1620/1620 1619/1619/1619
f 1620/1620/1620 1623/1623/1623 1624/1624/1624
f 1625/1625/1625 1621/1621/1621 1622/1622/1622
f 1626/1626/1626 1625/1625/1625 1622/1622/1622
f 1623/1623/1623 1627/1627/1627 1624/1624/1624
f 1628/1628/1628 1624/1624/1624 1627/1627/1627
f 1625/1625/1625 1626/1626/1626 1629/1629/1629
f 1626/1626/1626 1630/1630/1630 1629/1629/1629
f 1628/1628/1628 1631/1631/1631 1630/1630/1630
f 1631/1631/1631 1628/1628/1628 1627/1627/1627
f 1631/1631/1631 1629/1629/1629 1630/1630/1630
f 1617/1617/1617 1621/1621/1621 1632/1632/1632
f 1625/1625/1625 1633/1633/1633 1621/1621/1621
f 1633/1633/1633 1632/1632/1632 1621/1621/1621
f 1633/1633/1633 1634/1634/1634 1632/1632/1632
f 1633/1633/1633 1625/1625/1625 1635/1635/1635
f 1625/1625/1625 1629/1629/1629 1635/1635/1635
f 1634/1634/1634 1633/1633/1633 1635/1635/1635
f 1631/1631/1631 1636/1636/1636 1629/1629/1629
f 1636/1636/1636 1635/1635/1635 1629/1629/1629
f 1636/1636/1636 1637/1637/1637 1635/1635/1635
f 1636/1636/1636 1631/1631/1631 1638/1638/1638
f 1631/1631/1631 1627/1627/1627 1638/1638/1638
f 1637/1637/1637 1636/1636/1636 1638/1638/1638
f 1639/1639/1639 1617/1617/1617 1632/1632/1632
f 1640/1640/1640 1639/1639/1639 1632/1632/1632
f 1617/1617/1617 1639/1639/1639 1613/1613/1613
f 1639/1639/1639 1641/1641/1641 1613/1613/1613
f 1639/1639/1639 1640/1640/1640 1641/1641/1641
f 1609/1609/1609 1613/1613/1613 1641/1641/1641
f 1642/1642/1642 1634/1634/1634 1635/1635/1635
f 1637/1637/1637 1642/1642/1642 1635/1635/1635
f 1634/1634/1634 1642/1642/1642 1643/1643/1643
f 1642/1642/1642 1637/1637/1637 1643/1643/1643
f 1644/1644/1644 1638/1638/1638 1627/1627/1627
f 1644/1644/1644 1645/1645/1645 1638/1638/1638
f 1623/1623/1623 1644/1644/1644 1627/1627/1627
f 1644/1644/1644 1623/1623/1623 1646/1646/1646
f 1645/1645/1645 1644/1644/1644 1646/1646/1646
f 1623/1623/1623 1619/1619/1619 1646/1646/1646
f 1647/1647/1647 1609/1609/1609 1641/1641/1641
f 1648/1648/1648 1647/1647/1647 1641/1641/1641
f 1609/1609/1609 1647/1647/1647 1605/1605/1605
f 1647/1647/1647 1649/1649/1649 1605/1605/1605
f 1647/1647/1647 1648/1648/1648 1649/1649/1649
f 1601/1601/1601 1605/1605/1605 1649/1649/1649
f 1650/1650/1650 1637/1637/1637 1638/1638/1638
f 1645/1645/1645 1650/1650/1650 1638/1638/1638
f 1637/1637/1637 1650/1650/1650 1651/1651/1651
f 1650/1650/1650 1645/1645/1645 1651/1651/1651
f 1652/1652/1652 1646/1646/1646 1619/1619/1619
f 1652/1652/1652 1653/1653/1653 1646/1646/1646
f 1615/1615/1615 1652/1652/1652 1619/1619/1619
f 1652/1652/1652 1615/1615/1615 1654/1654/1654
f 1653/1653/1653 1652/1652/1652 1654/1654/1654
f 1615/1615/1615 1611/1611/1611 1654/1654/1654
f 1655/1655/1655 1601/1601/1601 1649/1649/1649
f 1656/1656/1656 1655/1655/1655 1649/1649/1649
f 1601/1601/1601 1655/1655/1655 1603/1603/1603
f 1655/1655/1655 1657/1657/1657 1603/1603/1603
f 1655/1655/1655 1656/1656/1656 1657/1657/1657
f 1607/1607/1607 1603/1603/1603 1657/1657/1657
f 1607/1607/1607 1658/1658/1658 1611/1611/1611
f 1658/1658/1658 1654/1654/1654 1611/1611/1611
f 1658/1658/1658 1607/1607/1607 1657/1657/1657
f 1658/1658/1658 1659/1659/1659 1654/1654/1654
f 1659/1659/1659 1658/1658/1658 1657/1657/1657
f 1653/1653/1653 1660/1660/1660 1646/1646/1646
f 1660/1660/1660 1653/1653/1653 1661/1661/1661
f 1660/1660/1660 1645/1645/1645 1646/1646/1646
f 1645/1645/1645 1660/1660/1660 1661/1661/1661
f 1662/1662/1662 1656/1656/1656 1649/1649/1649
f 1648/1648/1648 1662/1662/1662 1649/1649/1649
f 1659/1659/1659 1663/1663/1663 1654/1654/1654
f 1663/1663/1663 1653/1653/1653 1654/1654/1654
f 1653/1653/1653 1663/1663/1663 1664/1664/1664
f 1663/1663/1663 1659/1659/1659 1664/1664/1664
f 1665/1665/1665 1659/1659/1659 1657/1657/1657
f 1656/1656/1656 1665/1665/1665 1657/1657/1657
f 1659/1659/1659 1665/1665/1665 1666/1666/1666
f 1665/1665/1665 1656/1656/1656 1666/1666/1666
f 1656/1656/1656 1662/1662/1662 1667/1667/1667
f 1662/1662/1662 1648/1648/1648 1667/1667/1667
f 1653/1653/1653 1668/1668/1668 1661/1661/1661
f 1668/1668/1668 1653/1653/1653 1664/1664/1664
f 1669/1669/1669 1668/1668/1668 1664/1664/1664
f 1668/1668/1668 1669/1669/1669 1661/1661/1661
f 1659/1659/1659 1670/1670/1670 1664/1664/1664
f 1670/1670/1670 1659/1659/1659 1666/1666/1666
f 1670/1670/1670 1669/1669/1669 1664/1664/1664
f 1669/1669/1669 1670/1670/1670 1666/1666/1666
f 1671/1671/1671 1656/1656/1656 1667/1667/1667
f 1656/1656/1656 1671/1671/1671 1666/1666/1666
f 1672/1672/1672 1671/1671/1671 1667/1667/1667
f 1671/1671/1671 1672/1672/1672 1666/1666/1666
f 1648/1648/1648 1673/1673/1673 1667/1667/1667
f 1673/1673/1673 1672/1672/1672 1667/1667/1667
f 1673/1673/1673 1648/1648/1648 1674/1674/1674
f 1672/1672/1672 1673/1673/1673 1674/1674/1674
f 1675/1675/1675 1669/1669/1669 1666/1666/1666
f 1672/1672/1672 1675/1675/1675 1666/1666/1666
f 1669/1669/1669 1675/1675/1675 1676/1676/1676
f 1675/1675/1675 1672/1672/1672 1676/1676/1676
f 1669/1669/1669 1677/1677/1677 1661/1661/1661
f 1677/1677/1677 1669/1669/1669 1676/1676/1676
f 1677/1677/1677 1678/1678/1678 1661/1661/1661
f 1678/1678/1678 1677/1677/1677 1676/1676/1676
f 1648/1648/1648 1679/1679/1679 1674/1674/1674
f 1679/1679/1679 1648/1648/1648 1641/1641/1641
f 1640/1640/1640 1679/1679/1679 1641/1641/1641
f 1679/1679/1679 1640/1640/1640 1674/1674/1674
f 1680/1680/1680 1672/1672/1672 1674/1674/1674
f 1672/1672/1672 1680/1680/1680 1676/1676/1676
f 1681/1681/1681 1680/1680/1680 1674/1674/1674
f 1680/1680/1680 1681/1681/1681 1676/1676/1676
f 1678/1678/1678 1682/1682/1682 1661/1661/1661
f 1682/1682/1682 1645/1645/1645 1661/1661/1661
f 1645/1645/1645 1682/1682/1682 1651/1651/1651
f 1682/1682/1682 1678/1678/1678 1651/1651/1651
f 1640/1640/1640 1683/1683/1683 1674/1674/1674
f 1683/1683/1683 1681/1681/1681 1674/1674/1674
f 1683/1683/1683 1640/1640/1640 1684/1684/1684
f 1681/1681/1681 1683/1683/1683 1684/1684/1684
f 1681/1681/1681 1685/1685/1685 1676/1676/1676
f 1685/1685/1685 1678/1678/1678 1676/1676/1676
f 1678/1678/1678 1686/1686/1686 1651/1651/1651
f 1686/1686/1686 1637/1637/1637 1651/1651/1651
f 1637/1637/1637 1686/1686/1686 1643/1643/1643
f 1686/1686/1686 1678/1678/1678 1643/1643/1643
f 1678/1678/1678 1685/1685/1685 1643/1643/1643
f 1685/1685/1685 1681/1681/1681 1643/1643/1643
f 1681/1681/1681 1687/1687/1687 1643/1643/1643
f 1687/1687/1687 1681/1681/1681 1684/1684/1684
f 1687/1687/1687 1634/1634/1634 1643/1643/1643
f 1634/1634/1634 1687/1687/1687 1684/1684/1684
f 1640/1640/1640 1688/1688/1688 1684/1684/1684
f 1688/1688/1688 1634/1634/1634 1684/1684/1684
f 1688/1688/1688 1640/1640/1640 1632/1632/1632
f 1634/1634/1634 1688/1688/1688 1632/1632/1632
g Frog_1
f 1691/1691/1691 1690/1690/1690 1689/1689/1689
f 1692/1692/1692 1691/1691/1691 1689/1689/1689
f 1691/1691/1691 1692/1692/1692 1693/1693/1693
f 1694/1694/1694 1692/1692/1692 1689/1689/1689
f 1695/1695/1695 1694/1694/1694 1689/1689/1689
f 1696/1696/1696 1694/1694/1694 1695/1695/1695
f 1697/1697/1697 1696/1696/1696 1695/1695/1695
f 1696/1696/1696 1697/1697/1697 1698/1698/1698
f 1692/1692/1692 1699/1699/1699 1693/1693/1693
f 1692/1692/1692 1694/1694/1694 1699/1699/1699
f 1700/1700/1700 1693/1693/1693 1699/1699/1699
f 1694/1694/1694 1701/1701/1701 1699/1699/1699
f 1694/1694/1694 1696/1696/1696 1701/1701/1701
f 1702/1702/1702 1700/1700/1700 1699/1699/1699
f 1702/1702/1702 1699/1699/1699 1701/1701/1701
f 1700/1700/1700 1702/1702/1702 1703/1703/1703
f 1702/1702/1702 1704/1704/1704 1703/1703/1703
f 1705/1705/1705 1703/1703/1703 1704/1704/1704
f 1706/1706/1706 1702/1702/1702 1701/1701/1701
f 1702/1702/1702 1706/1706/1706 1704/1704/1704
f 1707/1707/1707 1706/1706/1706 1701/1701/1701
f 1696/1696/1696 1708/1708/1708 1701/1701/1701
f 1708/1708/1708 1707/1707/1707 1701/1701/1701
f 1708/1708/1708 1696/1696/1696 1709/1709/1709
f 1707/1707/1707 1708/1708/1708 1709/1709/1709
f 1710/1710/1710 1705/1705/1705 1704/1704/1704
f 1705/1705/1705 1710/1710/1710 1711/1711/1711
f 1706/1706/1706 1712/1712/1712 1704/1704/1704
f 1706/1706/1706 1707/1707/1707 1712/1712/1712
f 1710/1710/1710 1713/1713/1713 1711/1711/1711
f 1714/1714/1714 1711/1711/1711 1713/1713/1713
f 1715/1715/1715 1710/1710/1710 1704/1704/1704
f 1712/1712/1712 1715/1715/1715 1704/1704/1704
f 1710/1710/1710 1715/1715/1715 1713/1713/1713
f 1716/1716/1716 1715/1715/1715 1712/1712/1712
f 1715/1715/1715 1717/1717/1717 1713/1713/1713
f 1715/1715/1715 1716/1716/1716 1717/1717/1717
f 1718/1718/1718 1714/1714/1714 1713/1713/1713
f 1718/1718/1718 1713/1713/1713 1717/1717/1717
f 1714/1714/1714 1718/1718/1718 1719/1719/1719
f 1720/1720/1720 1714/1714/1714 1719/1719/1719
f 1718/1718/1718 1721/1721/1721 1719/1719/1719
f 1721/1721/1721 1718/1718/1718 1717/1717/1717
f 1722/1722/1722 1721/1721/1721 1717/1717/1717
f 1721/1721/1721 1723/1723/1723 1719/1719/1719
f 1721/1721/1721 1722/1722/1722 1723/1723/1723
f 1722/1722/1722 1724/1724/1724 1723/1723/1723
f 1724/1724/1724 1722/1722/1722 1725/1725/1725
f 1726/1726/1726 1716/1716/1716 1712/1712/1712
f 1716/1716/1716 1726/1726/1726 1727/1727/1727
f 1707/1707/1707 1726/1726/1726 1712/1712/1712
f 1726/1726/1726 1707/1707/1707 1727/1727/1727
f 1728/1728/1728 1722/1722/1722 1717/1717/1717
f 1716/1716/1716 1728/1728/1728 1717/1717/1717
f 1722/1722/1722 1728/1728/1728 1729/1729/1729
f 1728/1728/1728 1716/1716/1716 1729/1729/1729
f 1722/1722/1722 1730/1730/1730 1725/1725/1725
f 1730/1730/1730 1722/1722/1722 1729/1729/1729
f 1730/1730/1730 1731/1731/1731 1725/1725/1725
f 1731/1731/1731 1730/1730/1730 1729/1729/1729
f 1731/1731/1731 1732/1732/1732 1725/1725/1725
f 1732/1732/1732 1731/1731/1731 1733/1733/1733
f 1731/1731/1731 1734/1734/1734 1733/1733/1733
f 1731/1731/1731 1735/1735/1735 1734/1734/1734
f 1735/1735/1735 1731/1731/1731 1736/1736/1736
f 1731/1731/1731 1737/1737/1737 1736/1736/1736
f 1737/1737/1737 1731/1731/1731 1729/1729/1729
f 1737/1737/1737 1738/1738/1738 1736/1736/1736
f 1738/1738/1738 1737/1737/1737 1729/1729/1729
f 1738/1738/1738 1739/1739/1739 1736/1736/1736
f 1739/1739/1739 1738/1738/1738 1740/1740/1740
f 1716/1716/1716 1741/1741/1741 1729/1729/1729
f 1741/1741/1741 1738/1738/1738 1729/1729/1729
f 1741/1741/1741 1716/1716/1716 1727/1727/1727
f 1738/1738/1738 1741/1741/1741 1727/1727/1727
f 1738/1738/1738 1742/1742/1742 1740/1740/1740
f 1742/1742/1742 1738/1738/1738 1727/1727/1727
f 1742/1742/1742 1743/1743/1743 1740/1740/1740
f 1743/1743/1743 1742/1742/1742 1727/1727/1727
f 1743/1743/1743 1744/1744/1744 1740/1740/1740
f 1744/1744/1744 1743/1743/1743 1745/1745/1745
f 1746/1746/1746 1743/1743/1743 1727/1727/1727
f 1707/1707/1707 1746/1746/1746 1727/1727/1727
f 1746/1746/1746 1707/1707/1707 1709/1709/1709
f 1743/1743/1743 1746/1746/1746 1709/1709/1709
f 1743/1743/1743 1747/1747/1747 1745/1745/1745
f 1747/1747/1747 1743/1743/1743 1709/1709/1709
f 1747/1747/1747 1748/1748/1748 1745/1745/1745
f 1748/1748/1748 1747/1747/1747 1709/1709/1709
f 1748/1748/1748 1749/1749/1749 1745/1745/1745
f 1749/1749/1749 1748/1748/1748 1750/1750/1750
f 1750/1750/1750 1748/1748/1748 1751/1751/1751
f 1748/1748/1748 1752/1752/1752 1751/1751/1751
f 1752/1752/1752 1748/1748/1748 1698/1698/1698
f 1753/1753/1753 1748/1748/1748 1709/1709/1709
f 1748/1748/1748 1753/1753/1753 1698/1698/1698
f 1696/1696/1696 1753/1753/1753 1709/1709/1709
f 1753/1753/1753 1696/1696/1696 1698/1698/1698
g Frog_2
f 1756/1756/1756 1755/1755/1755 1754/1754/1754
f 1755/1755/1755 1757/1757/1757 1754/1754/1754
f 1758/1758/1758 1756/1756/1756 1754/1754/1754
f 1756/1756/1756 1758/1758/1758 1759/1759/1759
f 1760/1760/1760 1758/1758/1758 1754/1754/1754
f 1758/1758/1758 1760/1760/1760 1759/1759/1759
f 1761/1761/1761 1756/1756/1756 1759/1759/1759
f 1762/1762/1762 1761/1761/1761 1759/1759/1759
f 1757/1757/1757 1763/1763/1763 1754/1754/1754
f 1763/1763/1763 1760/1760/1760 1754/1754/1754
f 1763/1763/1763 1757/1757/1757 1764/1764/1764
f 1760/1760/1760 1763/1763/1763 1764/1764/1764
f 1757/1757/1757 1765/1765/1765 1764/1764/1764
f 1765/1765/1765 1766/1766/1766 1764/1764/1764
f 1767/1767/1767 1762/1762/1762 1759/1759/1759
f 1768/1768/1768 1767/1767/1767 1759/1759/1759
f 1762/1762/1762 1767/1767/1767 1769/1769/1769
f 1767/1767/1767 1768/1768/1768 1769/1769/1769
f 1770/1770/1770 1762/1762/1762 1769/1769/1769
f 1771/1771/1771 1770/1770/1770 1769/1769/1769
f 1772/1772/1772 1771/1771/1771 1769/1769/1769
f 1768/1768/1768 1772/1772/1772 1769/1769/1769
f 1771/1771/1771 1772/1772/1772 1773/1773/1773
f 1772/1772/1772 1768/1768/1768 1773/1773/1773
f 1774/1774/1774 1771/1771/1771 1773/1773/1773
f 1775/1775/1775 1774/1774/1774 1773/1773/1773
f 1760/1760/1760 1776/1776/1776 1759/1759/1759
f 1776/1776/1776 1768/1768/1768 1759/1759/1759
f 1776/1776/1776 1760/1760/1760 1777/1777/1777
f 1768/1768/1768 1776/1776/1776 1777/1777/1777
f 1768/1768/1768 1778/1778/1778 1773/1773/1773
f 1778/1778/1778 1768/1768/1768 1777/1777/1777
f 1778/1778/1778 1779/1779/1779 1773/1773/1773
f 1779/1779/1779 1778/1778/1778 1777/1777/1777
f 1780/1780/1780 1775/1775/1775 1773/1773/1773
f 1779/1779/1779 1780/1780/1780 1773/1773/1773
f 1775/1775/1775 1780/1780/1780 1781/1781/1781
f 1780/1780/1780 1779/1779/1779 1781/1781/1781
f 1782/1782/1782 1775/1775/1775 1781/1781/1781
f 1783/1783/1783 1782/1782/1782 1781/1781/1781
f 1784/1784/1784 1783/1783/1783 1781/1781/1781
f 1779/1779/1779 1784/1784/1784 1781/1781/1781
f 1783/1783/1783 1784/1784/1784 1785/1785/1785
f 1784/1784/1784 1779/1779/1779 1785/1785/1785
f 1786/1786/1786 1783/1783/1783 1785/1785/1785
f 1787/1787/1787 1786/1786/1786 1785/1785/1785
f 1760/1760/1760 1788/1788/1788 1777/1777/1777
f 1788/1788/1788 1789/1789/1789 1777/1777/1777
f 1788/1788/1788 1760/1760/1760 1764/1764/1764
f 1789/1789/1789 1788/1788/1788 1764/1764/1764
f 1790/1790/1790 1779/1779/1779 1777/1777/1777
f 1779/1779/1779 1790/1790/1790 1785/1785/1785
f 1789/1789/1789 1790/1790/1790 1777/1777/1777
f 1790/1790/1790 1789/1789/1789 1785/1785/1785
f 1791/1791/1791 1787/1787/1787 1785/1785/1785
f 1789/1789/1789 1791/1791/1791 1785/1785/1785
f 1787/1787/1787 1791/1791/1791 1792/1792/1792
f 1791/1791/1791 1789/1789/1789 1792/1792/1792
f 1793/1793/1793 1787/1787/1787 1792/1792/1792
f 1766/1766/1766 1793/1793/1793 1792/1792/1792
f 1794/1794/1794 1789/1789/1789 1764/1764/1764
f 1789/1789/1789 1794/1794/1794 1792/1792/1792
f 1794/1794/1794 1766/1766/1766 1792/1792/1792
f 1766/1766/1766 1794/1794/1794 1764/1764/1764
f 1797/1797/1797 1796/1796/1796 1795/1795/1795
f 1798/1798/1798 1797/1797/1797 1795/1795/1795
f 1796/1796/1796 1799/1799/1799 1795/1795/1795
f 1799/1799/1799 1800/1800/1800 1795/1795/1795
f 1799/1799/1799 1796/1796/1796 1801/1801/1801
f 1800/1800/1800 1799/1799/1799 1801/1801/1801
f 1796/1796/1796 1802/1802/1802 1801/1801/1801
f 1802/1802/1802 1803/1803/1803 1801/1801/1801
f 1803/1803/1803 1804/1804/1804 1801/1801/1801
f 1804/1804/1804 1800/1800/1800 1801/1801/1801
f 1804/1804/1804 1803/1803/1803 1805/1805/1805
f 1800/1800/1800 1804/1804/1804 1805/1805/1805
f 1803/1803/1803 1806/1806/1806 1805/1805/1805
f 1806/1806/1806 1807/1807/1807 1805/1805/1805
f 1808/1808/1808 1798/1798/1798 1795/1795/1795
f 1809/1809/1809 1808/1808/1808 1795/1795/1795
f 1798/1798/1798 1808/1808/1808 1810/1810/1810
f 1808/1808/1808 1809/1809/1809 1810/1810/1810
f 1811/1811/1811 1798/1798/1798 1810/1810/1810
f 1812/1812/1812 1811/1811/1811 1810/1810/1810
f 1813/1813/1813 1812/1812/1812 1810/1810/1810
f 1809/1809/1809 1813/1813/1813 1810/1810/1810
f 1812/1812/1812 1813/1813/1813 1814/1814/1814
f 1813/1813/1813 1809/1809/1809 1814/1814/1814
f 1815/1815/1815 1812/1812/1812 1814/1814/1814
f 1816/1816/1816 1815/1815/1815 1814/1814/1814
f 1800/1800/1800 1817/1817/1817 1795/1795/1795
f 1817/1817/1817 1809/1809/1809 1795/1795/1795
f 1817/1817/1817 1800/1800/1800 1818/1818/1818
f 1809/1809/1809 1817/1817/1817 1818/1818/1818
f 1809/1809/1809 1819/1819/1819 1814/1814/1814
f 1819/1819/1819 1809/1809/1809 1818/1818/1818
f 1819/1819/1819 1820/1820/1820 1814/1814/1814
f 1820/1820/1820 1819/1819/1819 1818/1818/1818
f 1821/1821/1821 1816/1816/1816 1814/1814/1814
f 1820/1820/1820 1821/1821/1821 1814/1814/1814
f 1816/1816/1816 1821/1821/1821 1822/1822/1822
f 1821/1821/1821 1820/1820/1820 1822/1822/1822
f 1823/1823/1823 1816/1816/1816 1822/1822/1822
f 1824/1824/1824 1823/1823/1823 1822/1822/1822
f 1825/1825/1825 1824/1824/1824 1822/1822/1822
f 1820/1820/1820 1825/1825/1825 1822/1822/1822
f 1824/1824/1824 1825/1825/1825 1826/1826/1826
f 1825/1825/1825 1820/1820/1820 1826/1826/1826
f 1827/1827/1827 1824/1824/1824 1826/1826/1826
f 1828/1828/1828 1827/1827/1827 1826/1826/1826
f 1800/1800/1800 1829/1829/1829 1818/1818/1818
f 1829/1829/1829 1830/1830/1830 1818/1818/1818
f 1829/1829/1829 1800/1800/1800 1805/1805/1805
f 1830/1830/1830 1829/1829/1829 1805/1805/1805
f 1831/1831/1831 1820/1820/1820 1818/1818/1818
f 1820/1820/1820 1831/1831/1831 1826/1826/1826
f 1830/1830/1830 1831/1831/1831 1818/1818/1818
f 1831/1831/1831 1830/1830/1830 1826/1826/1826
f 1832/1832/1832 1828/1828/1828 1826/1826/1826
f 1830/1830/1830 1832/1832/1832 1826/1826/1826
f 1828/1828/1828 1832/1832/1832 1833/1833/1833
f 1832/1832/1832 1830/1830/1830 1833/1833/1833
f 1834/1834/1834 1828/1828/1828 1833/1833/1833
f 1807/1807/1807 1834/1834/1834 1833/1833/1833
f 1807/1807/1807 1835/1835/1835 1805/1805/1805
f 1835/1835/1835 1830/1830/1830 1805/1805/1805
f 1835/1835/1835 1807/1807/1807 1833/1833/1833
f 1830/1830/1830 1835/1835/1835 1833/1833/1833
g Frog_3
f 1838/1838/1838 1837/1837/1837 1836/1836/1836
f 1839/1839/1839 1837/1837/1837 1838/1838/1838
f 1840/1840/1840 1838/1838/1838 1836/1836/1836
f 1840/1840/1840 1836/1836/1836 1841/1841/1841
f 1836/1836/1836 1842/1842/1842 1841/1841/1841
f 1838/1838/1838 1840/1840/1840 1843/1843/1843
f 1840/1840/1840 1841/1841/1841 1843/1843/1843
f 1844/1844/1844 1839/1839/1839 1838/1838/1838
f 1838/1838/1838 1843/1843/1843 1844/1844/1844
f 1841/1841/1841 1842/1842/1842 1845/1845/1845
f 1842/1842/1842 1846/1846/1846 1845/1845/1845
f 1847/1847/1847 1843/1843/1843 1841/1841/1841
f 1843/1843/1843 1847/1847/1847 1844/1844/1844
f 1845/1845/1845 1847/1847/1847 1841/1841/1841
f 1839/1839/1839 1844/1844/1844 1848/1848/1848
f 1849/1849/1849 1839/1839/1839 1848/1848/1848
f 1850/1850/1850 1849/1849/1849 1848/1848/1848
f 1844/1844/1844 1847/1847/1847 1851/1851/1851
f 1847/1847/1847 1845/1845/1845 1851/1851/1851
f 1848/1848/1848 1844/1844/1844 1851/1851/1851
f 1845/1845/1845 1846/1846/1846 1852/1852/1852
f 1845/1845/1845 1852/1852/1852 1851/1851/1851
f 1846/1846/1846 1853/1853/1853 1852/1852/1852
f 1854/1854/1854 1850/1850/1850 1848/1848/1848
f 1848/1848/1848 1851/1851/1851 1854/1854/1854
f 1852/1852/1852 1853/1853/1853 1855/1855/1855
f 1853/1853/1853 1856/1856/1856 1855/1855/1855
f 1857/1857/1857 1851/1851/1851 1852/1852/1852
f 1851/1851/1851 1857/1857/1857 1854/1854/1854
f 1855/1855/1855 1857/1857/1857 1852/1852/1852
f 1850/1850/1850 1854/1854/1854 1858/1858/1858
f 1859/1859/1859 1850/1850/1850 1858/1858/1858
f 1860/1860/1860 1859/1859/1859 1858/1858/1858
f 1854/1854/1854 1857/1857/1857 1861/1861/1861
f 1857/1857/1857 1855/1855/1855 1861/1861/1861
f 1858/1858/1858 1854/1854/1854 1861/1861/1861
f 1855/1855/1855 1856/1856/1856 1862/1862/1862
f 1855/1855/1855 1862/1862/1862 1861/1861/1861
f 1856/1856/1856 1863/1863/1863 1862/1862/1862
f 1864/1864/1864 1860/1860/1860 1858/1858/1858
f 1858/1858/1858 1861/1861/1861 1864/1864/1864
f 1862/1862/1862 1863/1863/1863 1865/1865/1865
f 1863/1863/1863 1866/1866/1866 1865/1865/1865
f 1867/1867/1867 1861/1861/1861 1862/1862/1862
f 1861/1861/1861 1867/1867/1867 1864/1864/1864
f 1865/1865/1865 1867/1867/1867 1862/1862/1862
f 1860/1860/1860 1864/1864/1864 1868/1868/1868
f 1869/1869/1869 1860/1860/1860 1868/1868/1868
f 1870/1870/1870 1869/1869/1869 1868/1868/1868
f 1864/1864/1864 1867/1867/1867 1871/1871/1871
f 1867/1867/1867 1865/1865/1865 1871/1871/1871
f 1868/1868/1868 1864/1864/1864 1871/1871/1871
f 1865/1865/1865 1866/1866/1866 1872/1872/1872
f 1865/1865/1865 1872/1872/1872 1871/1871/1871
f 1866/1866/1866 1873/1873/1873 1872/1872/1872
f 1874/1874/1874 1870/1870/1870 1868/1868/1868
f 1868/1868/1868 1871/1871/1871 1874/1874/1874
f 1872/1872/1872 1873/1873/1873 1875/1875/1875
f 1873/1873/1873 1876/1876/1876 1875/1875/1875
f 1877/1877/1877 1871/1871/1871 1872/1872/1872
f 1871/1871/1871 1877/1877/1877 1874/1874/1874
f 1875/1875/1875 1877/1877/1877 1872/1872/1872
f 1870/1870/1870 1874/1874/1874 1878/1878/1878
f 1879/1879/1879 1870/1870/1870 1878/1878/1878
f 1880/1880/1880 1879/1879/1879 1878/1878/1878
f 1874/1874/1874 1877/1877/1877 1881/1881/1881
f 1877/1877/1877 1875/1875/1875 1881/1881/1881
f 1878/1878/1878 1874/1874/1874 1881/1881/1881
f 1875/1875/1875 1876/1876/1876 1882/1882/1882
f 1875/1875/1875 1882/1882/1882 1881/1881/1881
f 1876/1876/1876 1883/1883/1883 1882/1882/1882
f 1884/1884/1884 1880/1880/1880 1878/1878/1878
f 1878/1878/1878 1881/1881/1881 1884/1884/1884
f 1882/1882/1882 1883/1883/1883 1885/1885/1885
f 1883/1883/1883 1886/1886/1886 1885/1885/1885
f 1887/1887/1887 1881/1881/1881 1882/1882/1882
f 1881/1881/1881 1887/1887/1887 1884/1884/1884
f 1885/1885/1885 1887/1887/1887 1882/1882/1882
f 1880/1880/1880 1884/1884/1884 1888/1888/1888
f 1889/1889/1889 1880/1880/1880 1888/1888/1888
f 1890/1890/1890 1889/1889/1889 1888/1888/1888
f 1884/1884/1884 1887/1887/1887 1891/1891/1891
f 1887/1887/1887 1885/1885/1885 1891/1891/1891
f 1888/1888/1888 1884/1884/1884 1891/1891/1891
f 1885/1885/1885 1886/1886/1886 1892/1892/1892
f 1885/1885/1885 1892/1892/1892 1891/1891/1891
f 1886/1886/1886 1893/1893/1893 1892/1892/1892
f 1894/1894/1894 1890/1890/1890 1888/1888/1888
f 1894/1894/1894 1888/1888/1888 1891/1891/1891
f 1892/1892/1892 1894/1894/1894 1891/1891/1891
f 1894/1894/1894 1892/1892/1892 1893/1893/1893
f 1890/1890/1890 1894/1894/1894 1893/1893/1893
f 1897/1897/1897 1896/1896/1896 1895/1895/1895
f 1897/1897/1897 1898/1898/1898 1896/1896/1896
f 1896/1896/1896 1899/1899/1899 1895/1895/1895
f 1900/1900/1900 1895/1895/1895 1899/1899/1899
f 1901/1901/1901 1900/1900/1900 1899/1899/1899
f 1902/1902/1902 1900/1900/1900 1901/1901/1901
f 1903/1903/1903 1902/1902/1902 1901/1901/1901
f 1904/1904/1904 1902/1902/1902 1903/1903/1903
f 1905/1905/1905 1904/1904/1904 1903/1903/1903
f 1906/1906/1906 1904/1904/1904 1905/1905/1905
f 1907/1907/1907 1906/1906/1906 1905/1905/1905
f 1908/1908/1908 1906/1906/1906 1907/1907/1907
f 1909/1909/1909 1908/1908/1908 1907/1907/1907
f 1910/1910/1910 1908/1908/1908 1909/1909/1909
f 1911/1911/1911 1910/1910/1910 1909/1909/1909
f 1912/1912/1912 1910/1910/1910 1911/1911/1911
f 1913/1913/1913 1912/1912/1912 1911/1911/1911
f 1914/1914/1914 1912/1912/1912 1913/1913/1913
f 1915/1915/1915 1914/1914/1914 1913/1913/1913
f 1916/1916/1916 1914/1914/1914 1915/1915/1915
f 1917/1917/1917 1916/1916/1916 1915/1915/1915
f 1918/1918/1918 1916/1916/1916 1917/1917/1917
f 1905/1905/1905 1903/1903/1903 1919/1919/1919
f 1907/1907/1907 1905/1905/1905 1920/1920/1920
f 1920/1920/1920 1905/1905/1905 1919/1919/1919
f 1909/1909/1909 1907/1907/1907 1921/1921/1921
f 1921/1921/1921 1907/1907/1907 1920/1920/1920
f 1911/1911/1911 1909/1909/1909 1922/1922/1922
f 1922/1922/1922 1909/1909/1909 1921/1921/1921
f 1913/1913/1913 1911/1911/1911 1923/1923/1923
f 1923/1923/1923 1911/1911/1911 1922/1922/1922
f 1915/1915/1915 1913/1913/1913 1924/1924/1924
f 1924/1924/1924 1913/1913/1913 1923/1923/1923
f 1917/1917/1917 1915/1915/1915 1925/1925/1925
f 1925/1925/1925 1915/1915/1915 1924/1924/1924
f 1919/1919/1919 1903/1903/1903 1926/1926/1926
f 1903/1903/1903 1901/1901/1901 1926/1926/1926
f 1926/1926/1926 1901/1901/1901 1927/1927/1927
f 1901/1901/1901 1899/1899/1899 1927/1927/1927
f 1928/1928/1928 1927/1927/1927 1899/1899/1899
f 1896/1896/1896 1928/1928/1928 1899/1899/1899
f 1928/1928/1928 1896/1896/1896 1929/1929/1929
f 1898/1898/1898 1929/1929/1929 1896/1896/1896
f 1928/1928/1928 1930/1930/1930 1927/1927/1927
f 1930/1930/1930 1928/1928/1928 1929/1929/1929
f 1927/1927/1927 1931/1931/1931 1926/1926/1926
f 1930/1930/1930 1931/1931/1931 1927/1927/1927
f 1931/1931/1931 1932/1932/1932 1926/1926/1926
f 1926/1926/1926 1932/1932/1932 1919/1919/1919
f 1932/1932/1932 1931/1931/1931 1930/1930/1930
f 1933/1933/1933 1929/1929/1929 1898/1898/1898
f 1934/1934/1934 1933/1933/1933 1898/1898/1898
f 1935/1935/1935 1930/1930/1930 1929/1929/1929
f 1935/1935/1935 1932/1932/1932 1930/1930/1930
f 1933/1933/1933 1935/1935/1935 1929/1929/1929
f 1932/1932/1932 1936/1936/1936 1919/1919/1919
f 1932/1932/1932 1935/1935/1935 1936/1936/1936
f 1919/1919/1919 1936/1936/1936 1920/1920/1920
f 1937/1937/1937 1933/1933/1933 1934/1934/1934
f 1938/1938/1938 1937/1937/1937 1934/1934/1934
f 1939/1939/1939 1935/1935/1935 1933/1933/1933
f 1935/1935/1935 1939/1939/1939 1936/1936/1936
f 1937/1937/1937 1939/1939/1939 1933/1933/1933
f 1936/1936/1936 1940/1940/1940 1920/1920/1920
f 1940/1940/1940 1936/1936/1936 1939/1939/1939
f 1920/1920/1920 1940/1940/1940 1921/1921/1921
f 1941/1941/1941 1937/1937/1937 1938/1938/1938
f 1942/1942/1942 1941/1941/1941 1938/1938/1938
f 1943/1943/1943 1939/1939/1939 1937/1937/1937
f 1943/1943/1943 1940/1940/1940 1939/1939/1939
f 1941/1941/1941 1943/1943/1943 1937/1937/1937
f 1940/1940/1940 1944/1944/1944 1921/1921/1921
f 1940/1940/1940 1943/1943/1943 1944/1944/1944
f 1921/1921/1921 1944/1944/1944 1922/1922/1922
f 1945/1945/1945 1941/1941/1941 1942/1942/1942
f 1946/1946/1946 1945/1945/1945 1942/1942/1942
f 1947/1947/1947 1943/1943/1943 1941/1941/1941
f 1943/1943/1943 1947/1947/1947 1944/1944/1944
f 1945/1945/1945 1947/1947/1947 1941/1941/1941
f 1944/1944/1944 1948/1948/1948 1922/1922/1922
f 1948/1948/1948 1944/1944/1944 1947/1947/1947
f 1922/1922/1922 1948/1948/1948 1923/1923/1923
f 1949/1949/1949 1945/1945/1945 1946/1946/1946
f 1950/1950/1950 1949/1949/1949 1946/1946/1946
f 1951/1951/1951 1947/1947/1947 1945/1945/1945
f 1951/1951/1951 1948/1948/1948 1947/1947/1947
f 1949/1949/1949 1951/1951/1951 1945/1945/1945
f 1948/1948/1948 1952/1952/1952 1923/1923/1923
f 1948/1948/1948 1951/1951/1951 1952/1952/1952
f 1923/1923/1923 1952/1952/1952 1924/1924/1924
f 1953/1953/1953 1949/1949/1949 1950/1950/1950
f 1954/1954/1954 1953/1953/1953 1950/1950/1950
f 1955/1955/1955 1951/1951/1951 1949/1949/1949
f 1951/1951/1951 1955/1955/1955 1952/1952/1952
f 1953/1953/1953 1955/1955/1955 1949/1949/1949
f 1952/1952/1952 1956/1956/1956 1924/1924/1924
f 1956/1956/1956 1952/1952/1952 1955/1955/1955
f 1924/1924/1924 1956/1956/1956 1925/1925/1925
f 1957/1957/1957 1953/1953/1953 1954/1954/1954
f 1958/1958/1958 1957/1957/1957 1954/1954/1954
f 1959/1959/1959 1955/1955/1955 1953/1953/1953
f 1959/1959/1959 1956/1956/1956 1955/1955/1955
f 1957/1957/1957 1959/1959/1959 1953/1953/1953
f 1956/1956/1956 1960/1960/1960 1925/1925/1925
f 1956/1956/1956 1959/1959/1959 1960/1960/1960
f 1961/1961/1961 1957/1957/1957 1958/1958/1958
f 1962/1962/1962 1961/1961/1961 1958/1958/1958
f 1963/1963/1963 1959/1959/1959 1957/1957/1957
f 1959/1959/1959 1963/1963/1963 1960/1960/1960
f 1961/1961/1961 1963/1963/1963 1957/1957/1957
f 1925/1925/1925 1960/1960/1960 1964/1964/1964
f 1964/1964/1964 1917/1917/1917 1925/1925/1925
f 1965/1965/1965 1961/1961/1961 1962/1962/1962
f 1966/1966/1966 1965/1965/1965 1962/1962/1962
f 1967/1967/1967 1963/1963/1963 1961/1961/1961
f 1965/1965/1965 1967/1967/1967 1961/1961/1961
f 1968/1968/1968 1960/1960/1960 1963/1963/1963
f 1960/1960/1960 1968/1968/1968 1964/1964/1964
f 1967/1967/1967 1968/1968/1968 1963/1963/1963
f 1969/1969/1969 1917/1917/1917 1964/1964/1964
f 1969/1969/1969 1918/1918/1918 1917/1917/1917
f 1970/1970/1970 1965/1965/1965 1966/1966/1966
f 1971/1971/1971 1970/1970/1970 1966/1966/1966
f 1970/1970/1970 1971/1971/1971 1972/1972/1972
f 1972/1972/1972 1918/1918/1918 1973/1973/1973
f 1918/1918/1918 1969/1969/1969 1973/1973/1973
f 1973/1973/1973 1970/1970/1970 1972/1972/1972
f 1964/1964/1964 1968/1968/1968 1974/1974/1974
f 1974/1974/1974 1969/1969/1969 1964/1964/1964
f 1975/1975/1975 1973/1973/1973 1969/1969/1969
f 1973/1973/1973 1975/1975/1975 1970/1970/1970
f 1974/1974/1974 1975/1975/1975 1969/1969/1969
f 1970/1970/1970 1976/1976/1976 1965/1965/1965
f 1976/1976/1976 1967/1967/1967 1965/1965/1965
f 1975/1975/1975 1976/1976/1976 1970/1970/1970
f 1968/1968/1968 1977/1977/1977 1974/1974/1974
f 1968/1968/1968 1967/1967/1967 1977/1977/1977
f 1967/1967/1967 1976/1976/1976 1977/1977/1977
f 1975/1975/1975 1974/1974/1974 1977/1977/1977
f 1976/1976/1976 1975/1975/1975 1977/1977/1977
