g Knife
v 0.0574670583 7.18981028E-07 -0.273487687
v -0.0286878012 0.00901554525 -0.288476825
v -0.0286877938 -0.00901715085 -0.288476795
v -0.0180266164 0.00901206583 -0.327954829
v -0.018026609 -0.00902063586 -0.327954829
v -0.00437369198 0.00901205465 -0.388636261
v -0.00437368453 -0.00902064703 -0.388636231
v 0.00262060761 0.00901205465 -0.435203731
v 0.00262061507 -0.00902064703 -0.435203701
v 0.00714966655 0.00901206583 -0.481581479
v 0.00714968145 -0.00902064703 -0.481581479
v 0.00717079639 0.00901206583 -0.522499263
v 0.00717080338 -0.00902064703 -0.522499204
v 0.00379551202 0.00901205465 -0.55629766
v 0.00379551202 -0.00902064703 -0.5562976
v -0.00323832035 0.00901205465 -0.589420915
v -0.0032383129 -0.00902064703 -0.589420855
v -0.0136838919 0.00901203975 -0.616358161
v -0.0136838853 -0.00902066007 -0.616358101
v -0.0247845985 0.00901205465 -0.631335139
v -0.024784591 -0.00902064703 -0.63133508
v -0.0461656861 0.009012077 -0.648093581
v -0.0461656787 -0.00902062282 -0.648093462
v -0.061898578 0.0090120919 -0.653997719
v -0.0618985742 -0.00902062282 -0.65399766
v -0.0771750584 0.009012077 -0.656707048
v -0.077175051 -0.00902062282 -0.656706989
v -0.0923565626 0.0090120919 -0.653997719
v -0.0923565626 -0.00902062282 -0.65399766
v -0.107793398 0.009012077 -0.648093581
v -0.107793383 -0.00902062282 -0.648093462
v -0.128333345 0.00901205465 -0.631367326
v -0.12833333 -0.00902064703 -0.631367266
v -0.138746634 0.00901203975 -0.616358161
v -0.138746619 -0.00902066007 -0.616358101
v -0.147861689 0.00901205465 -0.589420915
v -0.147861674 -0.00902064703 -0.589420855
v -0.153023317 0.00901205465 -0.55629766
v -0.153023303 -0.00902064703 -0.5562976
v -0.155577704 0.00901205465 -0.522498965
v -0.155577704 -0.00902064703 -0.522498965
v -0.154740587 0.00901203975 -0.481580943
v -0.154740572 -0.00902066007 -0.481580913
v -0.153117627 0.00901195407 -0.435207248
v -0.153117627 -0.00902074575 -0.435207218
v -0.151228487 0.00901186839 -0.388643712
v -0.151228487 -0.00902082026 -0.388643682
v -0.149640918 0.00901179388 -0.334103346
v -0.149640903 -0.00902092084 -0.334103286
v -0.148894042 0.00901431218 -0.28852129
v -0.148894042 -0.00901838951 -0.28852123
v -0.147969067 0.00901690498 -0.258678645
v -0.147969067 -0.00901578367 -0.258678645
v -0.147790983 0.00901697949 -0.223281443
v -0.147790968 -0.0090157222 -0.223281398
v -0.147553593 0.00901703164 -0.19057855
v -0.147553593 -0.00901567191 -0.19057852
v -0.147316188 0.00901706889 -0.14744401
v -0.147316188 -0.00901563466 -0.14744398
v -0.147078812 0.0090171136 -0.104309469
v -0.147078797 -0.00901558436 -0.10430944
v -0.146960109 0.00901713967 -0.0827422142
v -0.146960095 -0.00901556015 -0.0827421546
v -0.146841407 0.00901715085 -0.0611749254
v -0.146841407 -0.00901553407 -0.0611748956
v -0.146722704 0.00901718065 -0.0396076441
v -0.146722704 -0.00901552476 -0.0396075845
v -0.146604002 0.00810521469 -0.0180404186
v -0.146604002 -0.00810351223 -0.018040359
v -0.146540642 0.00770537555 0.00352758169
v -0.146540642 -0.00770363025 0.0035276413
v -0.146366611 0.00652805669 0.0202910304
v -0.146366596 -0.00652628392 0.02029109
v -0.145914048 9.23871994E-07 0.0494540296
v -0.145914048 9.23871994E-07 0.0494540296
v -0.135333642 0.0177390203 0.0208790898
v -0.0906459391 0.0154165654 0.0175852776
v -0.0836245492 -4.47034836E-08 0.0470745564
v -0.0497728474 -4.47034836E-08 0.0400772095
v -0.0593892038 0.0154165691 0.00699830055
v -0.0380882286 0.0154165691 -0.00942230225
v -0.0307858698 -4.47034836E-08 0.0295827985
v -0.0133065544 -4.47034836E-08 0.0167665482
v -0.027399227 0.0154165691 -0.0270342827
v 1.49011612E-08 -4.84287739E-08 0
v -0.0202526785 0.0154165626 -0.0479615293
v 0.00905920565 -5.21540642E-08 -0.0191550851
v -0.0148883266 0.0154165626 -0.0657230318
v 0.0151117146 -5.21540642E-08 -0.0397444367
v -0.00714378059 0.0154165626 -0.101183623
v 0.0256375205 -5.21540642E-08 -0.0869606733
v -0.00266719609 0.0154165588 -0.137924969
v 0.03475447 -5.21540642E-08 -0.136396512
v 0.00226256251 0.0154165588 -0.181024775
v 0.0432010107 -5.21540642E-08 -0.188638031
v 0.00476977974 0.0154165588 -0.218490764
v 0.0507172234 -5.21540642E-08 -0.226184398
v 0.00678587658 0.015416462 -0.252917767
v 0.0574670583 7.18981028E-07 -0.273487687
v -0.135333627 -0.0177391358 0.022141099
v -0.146366596 -0.00652628392 0.02029109
v -0.145914048 9.23871994E-07 0.0494540296
v -0.13550204 -0.0177391507 0.0076969862
v -0.0906459317 -0.015416705 0.0175853372
v -0.0593891814 -0.0154167004 0.00699841976
v -0.146540642 -0.00770363025 0.0035276413
v -0.0380882137 -0.0154167004 -0.00942218304
v -0.135565415 -0.0177391656 -0.0135013461
v -0.146604002 -0.00810351223 -0.018040359
v -0.0273992028 -0.0154167078 -0.0270341635
v -0.135682985 -0.0177391805 -0.0349428058
v -0.146722704 -0.00901552476 -0.0396075845
v -0.0202526636 -0.0154167088 -0.0479614139
v -0.135800466 -0.0177391898 -0.0565751493
v -0.146841407 -0.00901553407 -0.0611748956
v -0.0148883192 -0.0154167088 -0.0657229424
v -0.135916948 -0.0177392047 -0.0782414004
v -0.146960095 -0.00901556015 -0.0827421546
v -0.136031985 -0.0177392215 -0.0999118686
v -0.00714375079 -0.0154167088 -0.101183526
v -0.147078797 -0.00901558436 -0.10430944
v -0.00266718119 -0.0154167134 -0.13792488
v -0.136266276 -0.0177392494 -0.143579692
v -0.147316188 -0.00901563466 -0.14744398
v 0.00226258487 -0.0154167134 -0.181024656
v -0.136498541 -0.0177392736 -0.187292889
v -0.147553593 -0.00901567191 -0.19057852
v 0.00476978719 -0.0154167144 -0.218490675
v -0.136734217 -0.0177393053 -0.221275806
v -0.147790968 -0.0090157222 -0.223281398
v 0.0067858845 -0.0154168112 -0.252917647
v -0.136900812 -0.0177393425 -0.25728032
v -0.147969067 -0.00901578367 -0.258678645
v -0.0461069234 -0.0177450236 -0.258907378
v -0.137824342 -0.0177409127 -0.287845314
v -0.148894042 -0.00901838951 -0.28852123
v -0.138551146 -0.0177426841 -0.333585203
v -0.149640903 -0.00902092084 -0.334103286
v -0.0292374175 -0.0177425314 -0.328478456
v -0.140128598 -0.0177426282 -0.388643056
v -0.151228487 -0.00902082026 -0.388643682
v -0.018026609 -0.00902063586 -0.327954829
v -0.0286877938 -0.00901715085 -0.288476795
v -0.00437368453 -0.00902064703 -0.388636231
v -0.0157149658 -0.0177425314 -0.388636768
v 0.00262061507 -0.00902064703 -0.435203701
v -0.00871849712 -0.0177425276 -0.43520388
v 0.00714968145 -0.00902064703 -0.481581479
v -0.14198193 -0.0177425835 -0.43520689
v -0.153117627 -0.00902074575 -0.435207218
v -0.14355886 -0.0177425314 -0.481580913
v -0.154740572 -0.00902066007 -0.481580913
v -0.00420726836 -0.0177425221 -0.48158136
v 0.00717080338 -0.00902064703 -0.522499204
v -0.144335836 -0.0177425221 -0.522498906
v -0.155577704 -0.00902064703 -0.522498965
v -0.00423013419 -0.0177425221 -0.522499204
v 0.00379551202 -0.00902064703 -0.5562976
v -0.14170289 -0.0177425221 -0.5562976
v -0.153023303 -0.00902064703 -0.5562976
v -0.00767990202 -0.0177425221 -0.5562976
v -0.0032383129 -0.00902064703 -0.589420855
v -0.136442021 -0.0177425221 -0.589420855
v -0.147861674 -0.00902064703 -0.589420855
v -0.0148174018 -0.0177425221 -0.589420855
v -0.0136838853 -0.00902066007 -0.616358101
v -0.0267742872 -0.0177425276 -0.618183434
v -0.024784591 -0.00902064703 -0.63133508
v -0.0461656787 -0.00902062282 -0.648093462
v -0.125748947 -0.0177425239 -0.618418574
v -0.138746619 -0.00902066007 -0.616358101
v -0.12833333 -0.00902064703 -0.631367266
v -0.051617384 -0.0177425276 -0.638390303
v -0.0618985742 -0.00902062282 -0.65399766
v -0.102215677 -0.0177425276 -0.638449669
v -0.107793383 -0.00902062282 -0.648093462
v -0.0648160055 -0.0177425072 -0.643343329
v -0.077175051 -0.00902062282 -0.656706989
v -0.0893992186 -0.0177425072 -0.643351555
v -0.0923565626 -0.00902062282 -0.65399766
v -0.0771690756 -0.0177425072 -0.645534217
v 0.0067858845 -0.0154168112 -0.252917647
v -0.0286877938 -0.00901715085 -0.288476795
v -0.0461069234 -0.0177450236 -0.258907378
v 0.0574670583 7.18981028E-07 -0.273487687
v 0.00476978719 -0.0154167144 -0.218490675
v 0.0507172234 -5.21540642E-08 -0.226184398
v 0.00226258487 -0.0154167134 -0.181024656
v 0.0432010107 -5.21540642E-08 -0.188638031
v -0.00266718119 -0.0154167134 -0.13792488
v 0.03475447 -5.21540642E-08 -0.136396512
v -0.00714375079 -0.0154167088 -0.101183526
v 0.0256375205 -5.21540642E-08 -0.0869606733
v -0.0148883192 -0.0154167088 -0.0657229424
v 0.0151117146 -5.21540642E-08 -0.0397444367
v -0.0202526636 -0.0154167088 -0.0479614139
v 0.00905920565 -5.21540642E-08 -0.0191550851
v -0.0273992028 -0.0154167078 -0.0270341635
v 1.49011612E-08 -4.84287739E-08 0
v -0.0380882137 -0.0154167004 -0.00942218304
v -0.0133065544 -4.47034836E-08 0.0167665482
v -0.0593891814 -0.0154167004 0.00699841976
v -0.0307858698 -4.47034836E-08 0.0295827985
v -0.0497728474 -4.47034836E-08 0.0400772095
v -0.0906459317 -0.015416705 0.0175853372
v -0.0836245492 -4.47034836E-08 0.0470745564
v -0.135333627 -0.0177391358 0.022141099
v -0.145914048 9.23871994E-07 0.0494540296
v -0.146366611 0.00652805669 0.0202910304
v -0.135333642 0.0177390203 0.0208790898
v -0.145914048 9.23871994E-07 0.0494540296
v -0.146540642 0.00770537555 0.00352758169
v -0.135502055 0.0177390054 0.00769686699
v -0.0906459391 0.0154165654 0.0175852776
v -0.0593892038 0.0154165691 0.00699830055
v -0.146604002 0.00810521469 -0.0180404186
v -0.0380882286 0.0154165691 -0.00942230225
v -0.13556543 0.0177389905 -0.0135014653
v -0.146722704 0.00901718065 -0.0396076441
v -0.027399227 0.0154165691 -0.0270342827
v -0.135683 0.0177389793 -0.034942925
v -0.146841407 0.00901715085 -0.0611749254
v -0.0202526785 0.0154165626 -0.0479615293
v -0.135800511 0.0177389607 -0.0565752685
v -0.146960109 0.00901713967 -0.0827422142
v -0.0148883266 0.0154165626 -0.0657230318
v -0.135916978 0.0177389514 -0.0782415271
v -0.147078812 0.0090171136 -0.104309469
v -0.136032 0.0177389383 -0.0999119803
v -0.00714378059 0.0154165626 -0.101183623
v -0.147316188 0.00901706889 -0.14744401
v -0.00266719609 0.0154165588 -0.137924969
v -0.136266306 0.0177389048 -0.143579811
v -0.147553593 0.00901703164 -0.19057855
v 0.00226256251 0.0154165588 -0.181024775
v -0.136498556 0.0177388825 -0.187293008
v -0.147790983 0.00901697949 -0.223281443
v 0.00476977974 0.0154165588 -0.218490764
v -0.136734232 0.0177388489 -0.221275911
v -0.147969067 0.00901690498 -0.258678645
v 0.00678587658 0.015416462 -0.252917767
v -0.136900827 0.0177388042 -0.257280439
v -0.148894042 0.00901431218 -0.28852129
v -0.0461069196 0.0177392494 -0.258907527
v -0.137824357 0.0177372433 -0.287845433
v -0.149640918 0.00901179388 -0.334103346
v -0.0292374492 0.0177356265 -0.328478605
v -0.0286878012 0.00901554525 -0.288476825
v -0.0180266164 0.00901206583 -0.327954829
v -0.138551176 0.0177354813 -0.333585322
v -0.151228487 0.00901186839 -0.388643712
v -0.0157149881 0.0177356265 -0.388636887
v -0.00437369198 0.00901205465 -0.388636261
v -0.140128613 0.0177355222 -0.388643175
v -0.153117627 0.00901195407 -0.435207248
v -0.0087185204 0.0177356303 -0.435203999
v 0.00262060761 0.00901205465 -0.435203731
v -0.141981959 0.0177355744 -0.435207009
v -0.154740587 0.00901203975 -0.481580943
v -0.14355889 0.0177356265 -0.481581032
v -0.155577704 0.00901205465 -0.522498965
v -0.00420729816 0.0177356414 -0.481581479
v 0.00714966655 0.00901206583 -0.481581479
v -0.144335836 0.017735634 -0.522499025
v -0.153023317 0.00901205465 -0.55629766
v -0.00423015654 0.0177356414 -0.522499323
v 0.00717079639 0.00901206583 -0.522499263
v -0.00767991645 0.017735634 -0.556297719
v 0.00379551202 0.00901205465 -0.55629766
v -0.14170292 0.017735634 -0.556297719
v -0.147861689 0.00901205465 -0.589420915
v -0.0148174232 0.017735634 -0.589420974
v -0.00323832035 0.00901205465 -0.589420915
v -0.136442035 0.017735634 -0.589420974
v -0.138746634 0.00901203975 -0.616358161
v -0.0267743077 0.017735634 -0.618183553
v -0.0136838919 0.00901203975 -0.616358161
v -0.0247845985 0.00901205465 -0.631335139
v -0.125748977 0.017735634 -0.618418694
v -0.128333345 0.00901205465 -0.631367326
v -0.107793398 0.009012077 -0.648093581
v -0.05161741 0.0177356452 -0.638390422
v -0.0461656861 0.009012077 -0.648093581
v -0.102215707 0.0177356414 -0.638449788
v -0.0923565626 0.0090120919 -0.653997719
v -0.0648160279 0.0177355967 -0.643343508
v -0.061898578 0.0090120919 -0.653997719
v -0.0893992484 0.0177356005 -0.643351734
v -0.0771750584 0.009012077 -0.656707048
v -0.077169098 0.0177356824 -0.645534337
v -0.0286878012 0.00901554525 -0.288476825
v 0.0574670583 7.18981028E-07 -0.273487687
v 0.00678587658 0.015416462 -0.252917767
v -0.0461069196 0.0177392494 -0.258907527
v -0.14669165 0.0275577977 -0.314961791
v -0.14669165 0.0173899066 -0.314961791
v -0.149668589 0.0173899066 -0.382962674
v -0.149668589 0.0275571197 -0.382962674
v -0.150771677 0.0173899066 -0.422916859
v -0.150771677 0.0275578778 -0.422916859
v -0.152134672 0.0173899066 -0.462852269
v -0.152134672 0.0275578778 -0.462852269
v -0.15325965 0.0173899066 -0.503784537
v -0.15325965 0.0275578778 -0.503784537
v -0.153182611 0.0173899066 -0.538015783
v -0.153182611 0.0275578778 -0.538015783
v -0.150879949 0.0173899066 -0.572743833
v -0.150879949 0.0275571197 -0.572743833
v -0.145946339 0.0173899066 -0.601398766
v -0.145946339 0.0275578778 -0.601398766
v -0.131445915 0.0173899066 -0.629396856
v -0.131445915 0.0275578778 -0.629396856
v -0.113202453 0.0173899066 -0.646840334
v -0.113202453 0.0275578778 -0.646840334
v -0.0952313095 0.0173899066 -0.653563201
v -0.0952313095 0.0275578778 -0.653563201
v -0.0772066787 0.0173899066 -0.657370269
v -0.0772066787 0.0275578778 -0.657370269
v -0.0927366018 0.0349014401 -0.644986808
v -0.076774016 0.0349002257 -0.648358285
v -0.061636351 0.0349031091 -0.64665252
v -0.0465430804 0.0348995849 -0.64005506
v -0.108368844 0.0349014066 -0.639138877
v -0.0277377237 0.0349021703 -0.622375309
v -0.12584874 0.0349014066 -0.622425497
v -0.136791959 0.0349014066 -0.601359367
v -0.0152880019 0.0349014066 -0.60083586
v -0.141789868 0.0349006914 -0.572619319
v -0.00695422292 0.0349013656 -0.570771933
v -0.144135445 0.0349013731 -0.537829041
v -0.00213838369 0.0349006914 -0.534897268
v -0.14424026 0.0349014066 -0.503563762
v -0.000240713358 0.0349014066 -0.50003922
v -0.143134087 0.0349014066 -0.462620646
v -0.00164639205 0.0349014066 -0.458979785
v -0.141784191 0.0349014066 -0.422702312
v -0.00619070232 0.0349014066 -0.419465274
v -0.140688151 0.0349006914 -0.382752001
v -0.0139430985 0.0349013656 -0.379778445
v -0.137576908 0.0349010304 -0.311633825
v -0.0313594118 0.0349014066 -0.309966683
v -0.11909996 0.0349020958 -0.302296758
v -0.0537045747 0.0349014066 -0.300904453
v -0.0872732773 0.0349006653 -0.297301233
v -0.0321003199 0.0275578778 -0.300054699
v -0.0321003199 0.0173899066 -0.300054699
v -0.0515133888 0.0173899066 -0.292181581
v -0.0515133888 0.0275578778 -0.292181581
v -0.0874923244 0.0173899066 -0.288319707
v -0.0874923244 0.0275578778 -0.288319707
v -0.121865906 0.0173899066 -0.293714941
v -0.121865906 0.0275571197 -0.293714941
v -0.138352573 0.0173899066 -0.302046239
v -0.138352573 0.027557632 -0.302046239
v -0.0772066787 0.0275578778 -0.657370269
v -0.0772066787 0.0173899066 -0.657370269
v -0.0593019091 0.0173899066 -0.655352712
v -0.0593019091 0.0275571197 -0.655352712
v -0.0415643677 0.0173899066 -0.647599459
v -0.0415643677 0.0275578778 -0.647599459
v -0.0228758305 0.0173899066 -0.6300295
v -0.0228758305 0.0275571197 -0.6300295
v -0.00603367388 0.0173899066 -0.600795984
v -0.00603367388 0.0275578778 -0.600795984
v 0.00225776434 0.0173899066 -0.57064575
v 0.00225776434 0.0275578778 -0.57064575
v 0.00702569587 0.0173899066 -0.534708142
v 0.00702569587 0.0275571197 -0.534708142
v 0.00888528675 0.0173899066 -0.499815822
v 0.00888528675 0.0275578778 -0.499815822
v 0.00745607913 0.0173899066 -0.458745539
v 0.00745607913 0.0275578778 -0.458745539
v 0.00290492177 0.0173899066 -0.419248164
v 0.00290492177 0.0275578778 -0.419248164
v -0.0048469156 0.0173899066 -0.37956503
v -0.0048469156 0.0275578778 -0.37956503
v -0.0216905661 0.0173899066 -0.312044173
v -0.0216905661 0.0275578778 -0.312044173
v -0.0321003199 0.0275578778 -0.300054699
v -0.0321003199 0.0173899066 -0.300054699
v -0.14669165 0.0275577977 -0.314961791
v -0.137576908 0.0349010304 -0.311633825
v -0.138352573 0.027557632 -0.302046239
v -0.149668589 0.0275571197 -0.382962674
v -0.140688151 0.0349006914 -0.382752001
v -0.150771677 0.0275578778 -0.422916859
v -0.141784191 0.0349014066 -0.422702312
v -0.152134672 0.0275578778 -0.462852269
v -0.143134087 0.0349014066 -0.462620646
v -0.15325965 0.0275578778 -0.503784537
v -0.14424026 0.0349014066 -0.503563762
v -0.153182611 0.0275578778 -0.538015783
v -0.144135445 0.0349013731 -0.537829041
v -0.150879949 0.0275571197 -0.572743833
v -0.141789868 0.0349006914 -0.572619319
v -0.145946339 0.0275578778 -0.601398766
v -0.136791959 0.0349014066 -0.601359367
v -0.131445915 0.0275578778 -0.629396856
v -0.12584874 0.0349014066 -0.622425497
v -0.113202453 0.0275578778 -0.646840334
v -0.108368844 0.0349014066 -0.639138877
v -0.0952313095 0.0275578778 -0.653563201
v -0.0927366018 0.0349014401 -0.644986808
v -0.0772066787 0.0275578778 -0.657370269
v -0.076774016 0.0349002257 -0.648358285
v -0.0216905661 0.0275578778 -0.312044173
v -0.0321003199 0.0275578778 -0.300054699
v -0.0313594118 0.0349014066 -0.309966683
v -0.0139430985 0.0349013656 -0.379778445
v -0.0048469156 0.0275578778 -0.37956503
v -0.00619070232 0.0349014066 -0.419465274
v 0.00290492177 0.0275578778 -0.419248164
v -0.00164639205 0.0349014066 -0.458979785
v 0.00745607913 0.0275578778 -0.458745539
v -0.000240713358 0.0349014066 -0.50003922
v 0.00888528675 0.0275578778 -0.499815822
v -0.00213838369 0.0349006914 -0.534897268
v 0.00702569587 0.0275571197 -0.534708142
v -0.00695422292 0.0349013656 -0.570771933
v 0.00225776434 0.0275578778 -0.57064575
v -0.0152880019 0.0349014066 -0.60083586
v -0.00603367388 0.0275578778 -0.600795984
v -0.0277377237 0.0349021703 -0.622375309
v -0.0228758305 0.0275571197 -0.6300295
v -0.0465430804 0.0348995849 -0.64005506
v -0.0415643677 0.0275578778 -0.647599459
v -0.061636351 0.0349031091 -0.64665252
v -0.0593019091 0.0275571197 -0.655352712
v -0.076774016 0.0349002257 -0.648358285
v -0.0772066787 0.0275578778 -0.657370269
v -0.14669165 0.0173899066 -0.314961791
v -0.138352573 0.0173899066 -0.302046239
v -0.137576908 0.0100463768 -0.311633825
v -0.140688151 0.0100463768 -0.382752001
v -0.149668589 0.0173899066 -0.382962674
v -0.141784191 0.0100463768 -0.422702312
v -0.150771677 0.0173899066 -0.422916859
v -0.143134087 0.0100463768 -0.462620646
v -0.152134672 0.0173899066 -0.462852269
v -0.14424026 0.0100463768 -0.503563762
v -0.15325965 0.0173899066 -0.503784537
v -0.144135445 0.0100463768 -0.537829041
v -0.153182611 0.0173899066 -0.538015783
v -0.141789868 0.0100463768 -0.572619319
v -0.150879949 0.0173899066 -0.572743833
v -0.136791959 0.0100463768 -0.601359367
v -0.145946339 0.0173899066 -0.601398766
v -0.12584874 0.0100463768 -0.622425437
v -0.131445915 0.0173899066 -0.629396856
v -0.108368844 0.0100463768 -0.639138877
v -0.113202453 0.0173899066 -0.646840334
v -0.0927366018 0.0100463768 -0.644986808
v -0.0952313095 0.0173899066 -0.653563201
v -0.076774016 0.0100463768 -0.648358285
v -0.0772066787 0.0173899066 -0.657370269
v -0.0216905661 0.0173899066 -0.312044173
v -0.0313594118 0.0100463768 -0.309966683
v -0.0321003199 0.0173899066 -0.300054699
v -0.0048469156 0.0173899066 -0.37956503
v -0.0139431059 0.0100463768 -0.379778445
v 0.00290492177 0.0173899066 -0.419248164
v -0.00619070232 0.0100463768 -0.419465274
v 0.00745607913 0.0173899066 -0.458745539
v -0.00164639205 0.0100463768 -0.458979785
v 0.00888528675 0.0173899066 -0.499815822
v -0.000240713358 0.0100463768 -0.50003922
v 0.00702569587 0.0173899066 -0.534708142
v -0.00213838369 0.0100463768 -0.534897268
v 0.00225776434 0.0173899066 -0.57064575
v -0.00695422292 0.0100463768 -0.570771933
v -0.00603367388 0.0173899066 -0.600795984
v -0.0152880019 0.0100463768 -0.60083586
v -0.0228758305 0.0173899066 -0.6300295
v -0.0277377237 0.0100463768 -0.622375309
v -0.0415643677 0.0173899066 -0.647599459
v -0.0465430804 0.0100463768 -0.64005506
v -0.0593019091 0.0173899066 -0.655352712
v -0.061636351 0.0100463768 -0.64665252
v -0.0772066787 0.0173899066 -0.657370269
v -0.076774016 0.0100463768 -0.648358285
v -0.11909996 0.0349020958 -0.302296758
v -0.138352573 0.027557632 -0.302046239
v -0.137576908 0.0349010304 -0.311633825
v -0.121865906 0.0275571197 -0.293714941
v -0.0872732773 0.0349006653 -0.297301233
v -0.0874923244 0.0275578778 -0.288319707
v -0.0537045747 0.0349014066 -0.300904453
v -0.0515133888 0.0275578778 -0.292181581
v -0.0313594118 0.0349014066 -0.309966683
v -0.0321003199 0.0275578778 -0.300054699
v -0.121865906 0.0173899066 -0.293714941
v -0.137576908 0.0100463768 -0.311633825
v -0.138352573 0.0173899066 -0.302046239
v -0.11909996 0.0100463768 -0.302296758
v -0.0874923244 0.0173899066 -0.288319707
v -0.0872732773 0.0100463768 -0.297301233
v -0.0515133888 0.0173899066 -0.292181581
v -0.0537045747 0.0100463768 -0.300904423
v -0.0321003199 0.0173899066 -0.300054699
v -0.0313594118 0.0100463768 -0.309966683
v -0.138352573 0.027557632 -0.302046239
v -0.138352573 0.0173899066 -0.302046239
v -0.14669165 0.0173899066 -0.314961791
v -0.11909996 -0.035212528 -0.3015517
v -0.0872732773 -0.035212528 -0.296556175
v -0.0537045747 -0.035212528 -0.300159365
v -0.0313594118 -0.035212528 -0.309221625
v -0.137576908 -0.035212528 -0.310888767
v -0.0139431059 -0.035212528 -0.379033387
v -0.140688151 -0.035212528 -0.382006943
v -0.00619070232 -0.035212528 -0.418720245
v -0.141784191 -0.035212528 -0.421957284
v -0.00164639205 -0.035212528 -0.458234698
v -0.143134087 -0.035212528 -0.461875588
v -0.000240713358 -0.035212528 -0.499294162
v -0.14424026 -0.035212528 -0.502818704
v -0.00213838369 -0.035212528 -0.534152269
v -0.144135445 -0.035212528 -0.537083983
v -0.00695422292 -0.035212528 -0.570026815
v -0.141789868 -0.035212528 -0.571874261
v -0.0152880019 -0.035212528 -0.600090802
v -0.136791959 -0.035212528 -0.600614309
v -0.0277377237 -0.035212528 -0.621630251
v -0.12584874 -0.035212528 -0.621680379
v -0.108368844 -0.035212528 -0.638393819
v -0.0465430804 -0.035212528 -0.639310062
v -0.0927366018 -0.035212528 -0.644241691
v -0.061636351 -0.035212528 -0.645907402
v -0.076774016 -0.035212528 -0.647613287
v -0.0321003199 -0.0177010242 -0.299309641
v -0.0321003199 -0.0278689973 -0.299309641
v -0.0515133888 -0.0278689973 -0.291436523
v -0.0515133888 -0.0177010242 -0.291436523
v -0.0874923244 -0.0278689973 -0.287574649
v -0.0874923244 -0.0177010242 -0.287574649
v -0.121865906 -0.0278689973 -0.292969912
v -0.121865906 -0.0177017841 -0.292969912
v -0.138352573 -0.0278689973 -0.301301181
v -0.138352573 -0.0177012719 -0.301301181
v -0.0952313095 -0.0177010242 -0.652818203
v -0.0772066787 -0.0278689973 -0.656625271
v -0.0772066787 -0.0177010242 -0.656625271
v -0.0952313095 -0.0278689973 -0.652818203
v -0.113202453 -0.0177010242 -0.646095335
v -0.113202453 -0.0278689973 -0.646095335
v -0.131445915 -0.0177010242 -0.628651857
v -0.131445915 -0.0278689973 -0.628651857
v -0.145946339 -0.0177010242 -0.600653708
v -0.145946339 -0.0278689973 -0.600653708
v -0.150879949 -0.0177017841 -0.571998775
v -0.150879949 -0.0278689973 -0.571998775
v -0.153182611 -0.0177010242 -0.537270784
v -0.153182611 -0.0278689973 -0.537270784
v -0.15325965 -0.0177010242 -0.503039479
v -0.15325965 -0.0278689973 -0.503039479
v -0.152134672 -0.0177010242 -0.462107241
v -0.152134672 -0.0278689973 -0.462107241
v -0.150771677 -0.0177010242 -0.422171801
v -0.150771677 -0.0278689973 -0.422171801
v -0.149668589 -0.0177017841 -0.382217586
v -0.149668589 -0.0278689973 -0.382217586
v -0.14669165 -0.0177011136 -0.314216733
v -0.14669165 -0.0278689973 -0.314216733
v -0.14669165 -0.0177011136 -0.314216733
v -0.138352573 -0.0278689973 -0.301301181
v -0.138352573 -0.0177012719 -0.301301181
v -0.0772066787 -0.0177010242 -0.656625271
v -0.0772066787 -0.0278689973 -0.656625271
v -0.0593019091 -0.0278689973 -0.654607594
v -0.0593019091 -0.0177017841 -0.654607594
v -0.0415643677 -0.0278689973 -0.646854401
v -0.0415643677 -0.0177010242 -0.646854401
v -0.0228758305 -0.0278689973 -0.629284441
v -0.0228758305 -0.0177017841 -0.629284441
v -0.00603367388 -0.0278689973 -0.600050926
v -0.00603367388 -0.0177010242 -0.600050926
v 0.00225776434 -0.0278689973 -0.569900692
v 0.00225776434 -0.0177010242 -0.569900692
v 0.00702569587 -0.0278689973 -0.533963084
v 0.00702569587 -0.0177017841 -0.533963084
v 0.00888528675 -0.0278689973 -0.499070764
v 0.00888528675 -0.0177010242 -0.499070764
v 0.00745607913 -0.0278689973 -0.458000481
v 0.00745607913 -0.0177010242 -0.458000481
v 0.00290492177 -0.0278689973 -0.418503106
v 0.00290492177 -0.0177010242 -0.418503106
v -0.0048469156 -0.0278689973 -0.378820002
v -0.0048469156 -0.0177010242 -0.378820002
v -0.0216905661 -0.0278689973 -0.311299115
v -0.0216905661 -0.0177010242 -0.311299115
v -0.0321003199 -0.0177010242 -0.299309641
v -0.0321003199 -0.0278689973 -0.299309641
v -0.14669165 -0.0177011136 -0.314216733
v -0.137576908 -0.01035788 -0.310888767
v -0.138352573 -0.0177012719 -0.301301181
v -0.149668589 -0.0177017841 -0.382217586
v -0.140688151 -0.0103582079 -0.382006943
v -0.150771677 -0.0177010242 -0.422171801
v -0.141784191 -0.0103574954 -0.421957284
v -0.152134672 -0.0177010242 -0.462107241
v -0.143134087 -0.0103574954 -0.461875588
v -0.15325965 -0.0177010242 -0.503039479
v -0.14424026 -0.0103574954 -0.502818704
v -0.153182611 -0.0177010242 -0.537270784
v -0.144135445 -0.0103575354 -0.537083983
v -0.150879949 -0.0177017841 -0.571998775
v -0.141789868 -0.0103582107 -0.571874261
v -0.145946339 -0.0177010242 -0.600653708
v -0.136791959 -0.0103574954 -0.600614309
v -0.131445915 -0.0177010242 -0.628651857
v -0.12584874 -0.0103574954 -0.621680439
v -0.113202453 -0.0177010242 -0.646095335
v -0.108368844 -0.0103574954 -0.638393819
v -0.0952313095 -0.0177010242 -0.652818203
v -0.0927366018 -0.0103574656 -0.644241691
v -0.0772066787 -0.0177010242 -0.656625271
v -0.076774016 -0.0103586847 -0.647613287
v -0.0216905661 -0.0177010242 -0.311299115
v -0.0321003199 -0.0177010242 -0.299309641
v -0.0313594118 -0.0103574954 -0.309221625
v -0.0139430985 -0.010357542 -0.379033387
v -0.0048469156 -0.0177010242 -0.378820002
v -0.00619070232 -0.0103574954 -0.418720245
v 0.00290492177 -0.0177010242 -0.418503106
v -0.00164639205 -0.0103574954 -0.458234698
v 0.00745607913 -0.0177010242 -0.458000481
v -0.000240713358 -0.0103574954 -0.499294162
v 0.00888528675 -0.0177010242 -0.499070764
v -0.00213838369 -0.0103582107 -0.534152269
v 0.00702569587 -0.0177017841 -0.533963084
v -0.00695422292 -0.0103575392 -0.570026815
v 0.00225776434 -0.0177010242 -0.569900692
v -0.0152880019 -0.0103574954 -0.600090802
v -0.00603367388 -0.0177010242 -0.600050926
v -0.0277377237 -0.0103567382 -0.621630251
v -0.0228758305 -0.0177017841 -0.629284441
v -0.0465430804 -0.0103593208 -0.639310062
v -0.0415643677 -0.0177010242 -0.646854401
v -0.061636351 -0.0103558004 -0.645907402
v -0.0593019091 -0.0177017841 -0.654607594
v -0.076774016 -0.0103586847 -0.647613287
v -0.0772066787 -0.0177010242 -0.656625271
v -0.14669165 -0.0278689973 -0.314216733
v -0.138352573 -0.0278689973 -0.301301181
v -0.137576908 -0.035212528 -0.310888767
v -0.140688151 -0.035212528 -0.382006943
v -0.149668589 -0.0278689973 -0.382217586
v -0.141784191 -0.035212528 -0.421957284
v -0.150771677 -0.0278689973 -0.422171801
v -0.143134087 -0.035212528 -0.461875588
v -0.152134672 -0.0278689973 -0.462107241
v -0.14424026 -0.035212528 -0.502818704
v -0.15325965 -0.0278689973 -0.503039479
v -0.144135445 -0.035212528 -0.537083983
v -0.153182611 -0.0278689973 -0.537270784
v -0.141789868 -0.035212528 -0.571874261
v -0.150879949 -0.0278689973 -0.571998775
v -0.136791959 -0.035212528 -0.600614309
v -0.145946339 -0.0278689973 -0.600653708
v -0.12584874 -0.035212528 -0.621680379
v -0.131445915 -0.0278689973 -0.628651857
v -0.108368844 -0.035212528 -0.638393819
v -0.113202453 -0.0278689973 -0.646095335
v -0.0927366018 -0.035212528 -0.644241691
v -0.0952313095 -0.0278689973 -0.652818203
v -0.076774016 -0.035212528 -0.647613287
v -0.0772066787 -0.0278689973 -0.656625271
v -0.0216905661 -0.0278689973 -0.311299115
v -0.0313594118 -0.035212528 -0.309221625
v -0.0321003199 -0.0278689973 -0.299309641
v -0.0048469156 -0.0278689973 -0.378820002
v -0.0139431059 -0.035212528 -0.379033387
v 0.00290492177 -0.0278689973 -0.418503106
v -0.00619070232 -0.035212528 -0.418720245
v 0.00745607913 -0.0278689973 -0.458000481
v -0.00164639205 -0.035212528 -0.458234698
v 0.00888528675 -0.0278689973 -0.499070764
v -0.000240713358 -0.035212528 -0.499294162
v 0.00702569587 -0.0278689973 -0.533963084
v -0.00213838369 -0.035212528 -0.534152269
v 0.00225776434 -0.0278689973 -0.569900692
v -0.00695422292 -0.035212528 -0.570026815
v -0.00603367388 -0.0278689973 -0.600050926
v -0.0152880019 -0.035212528 -0.600090802
v -0.0228758305 -0.0278689973 -0.629284441
v -0.0277377237 -0.035212528 -0.621630251
v -0.0415643677 -0.0278689973 -0.646854401
v -0.0465430804 -0.035212528 -0.639310062
v -0.0593019091 -0.0278689973 -0.654607594
v -0.061636351 -0.035212528 -0.645907402
v -0.0772066787 -0.0278689973 -0.656625271
v -0.076774016 -0.035212528 -0.647613287
v -0.11909996 -0.0103568155 -0.3015517
v -0.138352573 -0.0177012719 -0.301301181
v -0.137576908 -0.01035788 -0.310888767
v -0.121865906 -0.0177017841 -0.292969912
v -0.0872732773 -0.0103582414 -0.296556175
v -0.0874923244 -0.0177010242 -0.287574649
v -0.0537045747 -0.0103574954 -0.300159395
v -0.0515133888 -0.0177010242 -0.291436523
v -0.0313594118 -0.0103574954 -0.309221625
v -0.0321003199 -0.0177010242 -0.299309641
v -0.121865906 -0.0278689973 -0.292969912
v -0.137576908 -0.035212528 -0.310888767
v -0.138352573 -0.0278689973 -0.301301181
v -0.11909996 -0.035212528 -0.3015517
v -0.0874923244 -0.0278689973 -0.287574649
v -0.0872732773 -0.035212528 -0.296556175
v -0.0515133888 -0.0278689973 -0.291436523
v -0.0537045747 -0.035212528 -0.300159365
v -0.0321003199 -0.0278689973 -0.299309641
v -0.0313594118 -0.035212528 -0.309221625
vt 0.518554688 0.894042969
vt 0.491943359 0.795410156
vt 0.483642578 0.807617188
vt 0.445556641 0.80078125
vt 0.44921875 0.817382812
vt 0.375244141 0.817382812
vt 0.379394531 0.836425781
vt 0.320068359 0.826660156
vt 0.322753906 0.846679688
vt 0.265136719 0.83203125
vt 0.266113281 0.852050781
vt 0.216674805 0.83203125
vt 0.215576172 0.852539062
vt 0.176757812 0.827636719
vt 0.173217773 0.848144531
vt 0.137939453 0.818847656
vt 0.131347656 0.837890625
vt 0.10736084 0.805175781
vt 0.0967407227 0.822753906
vt 0.0907592773 0.792480469
vt 0.0762939453 0.807128906
vt 0.0718383789 0.768066406
vt 0.0539550781 0.777832031
vt 0.0650024414 0.750488281
vt 0.0447692871 0.755859375
vt 0.0622253418 0.732910156
vt 0.0415344238 0.733398438
vt 0.0646972656 0.715820312
vt 0.0443725586 0.7109375
vt 0.0711669922 0.698730469
vt 0.0531311035 0.688476562
vt 0.0892944336 0.674316406
vt 0.0747680664 0.66015625
vt 0.105407715 0.661621094
vt 0.094909668 0.64453125
vt 0.135620117 0.648925781
vt 0.129150391 0.629394531
vt 0.174194336 0.640625
vt 0.170898438 0.620117188
vt 0.214233398 0.636230469
vt 0.212890625 0.616210938
vt 0.262939453 0.635742188
vt 0.262939453 0.615234375
vt 0.318115234 0.63671875
vt 0.318603516 0.616699219
vt 0.373779297 0.638183594
vt 0.374267578 0.618164062
vt 0.438964844 0.640136719
vt 0.439453125 0.620117188
vt 0.493164062 0.641113281
vt 0.493408203 0.62109375
vt 0.528808594 0.641601562
vt 0.528808594 0.621582031
vt 0.571289062 0.641113281
vt 0.570800781 0.620605469
vt 0.611328125 0.640136719
vt 0.610839844 0.619628906
vt 0.664550781 0.639160156
vt 0.6640625 0.618164062
vt 0.71875 0.638183594
vt 0.718261719 0.616699219
vt 0.74609375 0.637695312
vt 0.745605469 0.616210938
vt 0.773925781 0.637207031
vt 0.773925781 0.615722656
vt 0.801757812 0.637695312
vt 0.802246094 0.615234375
vt 0.830566406 0.637207031
vt 0.831542969 0.6171875
vt 0.858886719 0.638671875
vt 0.861328125 0.619628906
vt 0.880859375 0.640625
vt 0.884765625 0.624511719
vt 0.919921875 0.645507812
vt 0.919921875 0.645507812
vt 0.877929688 0.658691406
vt 0.873535156 0.713867188
vt 0.914550781 0.724609375
vt 0.903808594 0.767578125
vt 0.858886719 0.752929688
vt 0.837890625 0.778808594
vt 0.889648438 0.791503906
vt 0.872558594 0.813476562
vt 0.815429688 0.791503906
vt 0.850585938 0.829589844
vt 0.789550781 0.800292969
vt 0.826171875 0.840820312
vt 0.767089844 0.806640625
vt 0.799804688 0.848144531
vt 0.723144531 0.815429688
vt 0.740722656 0.859863281
vt 0.677734375 0.820800781
vt 0.679199219 0.869628906
vt 0.625 0.826660156
vt 0.615722656 0.878417969
vt 0.580078125 0.829589844
vt 0.571777344 0.885742188
vt 0.539550781 0.833007812
vt 0.518554688 0.894042969
vt 0.0786132812 0.376220703
vt 0.0778198242 0.358398438
vt 0.0415344238 0.36328125
vt 0.0949707031 0.375244141
vt 0.0827026367 0.428466797
vt 0.0947265625 0.465576172
vt 0.0991210938 0.357666016
vt 0.113769531 0.491455078
vt 0.120300293 0.375
vt 0.125854492 0.357666016
vt 0.134399414 0.504394531
vt 0.146118164 0.375244141
vt 0.152099609 0.358642578
vt 0.159057617 0.513671875
vt 0.172241211 0.375488281
vt 0.178100586 0.358886719
vt 0.180175781 0.520507812
vt 0.198364258 0.375732422
vt 0.204101562 0.359375
vt 0.224487305 0.376220703
vt 0.22253418 0.53125
vt 0.230102539 0.359863281
vt 0.266357422 0.537597656
vt 0.277099609 0.376953125
vt 0.281982422 0.360595703
vt 0.318115234 0.544921875
vt 0.329589844 0.377929688
vt 0.333984375 0.361572266
vt 0.362792969 0.548828125
vt 0.370361328 0.378662109
vt 0.373291016 0.362304688
vt 0.403564453 0.552246094
vt 0.413574219 0.379150391
vt 0.415527344 0.362792969
vt 0.413818359 0.489013672
vt 0.450439453 0.378662109
vt 0.451171875 0.362304688
vt 0.505371094 0.378417969
vt 0.506347656 0.361816406
vt 0.497802734 0.510253906
vt 0.571777344 0.377441406
vt 0.571777344 0.360839844
vt 0.49609375 0.526855469
vt 0.448974609 0.513183594
vt 0.569335938 0.543945312
vt 0.569824219 0.52734375
vt 0.625488281 0.553222656
vt 0.625976562 0.536621094
vt 0.681640625 0.559570312
vt 0.627929688 0.375732422
vt 0.627929688 0.359130859
vt 0.684082031 0.374511719
vt 0.684082031 0.357910156
vt 0.681640625 0.542480469
vt 0.730957031 0.560058594
vt 0.733398438 0.374267578
vt 0.733886719 0.357666016
vt 0.730957031 0.54296875
vt 0.772460938 0.556640625
vt 0.773925781 0.378173828
vt 0.774414062 0.361328125
vt 0.771972656 0.539550781
vt 0.8125 0.548339844
vt 0.813964844 0.385009766
vt 0.814941406 0.368164062
vt 0.812011719 0.53125
vt 0.846191406 0.536132812
vt 0.846679688 0.517089844
vt 0.864746094 0.522460938
vt 0.885742188 0.496337891
vt 0.848632812 0.3984375
vt 0.84765625 0.379882812
vt 0.866210938 0.393066406
vt 0.87109375 0.487792969
vt 0.893554688 0.4765625
vt 0.872070312 0.427001953
vt 0.88671875 0.418701172
vt 0.877441406 0.471923828
vt 0.897460938 0.457519531
vt 0.877929688 0.442382812
vt 0.894042969 0.438232422
vt 0.880371094 0.457275391
vt 0.403564453 0.552246094
vt 0.448974609 0.513183594
vt 0.413818359 0.489013672
vt 0.427001953 0.615234375
vt 0.362792969 0.548828125
vt 0.370605469 0.606445312
vt 0.318115234 0.544921875
vt 0.325683594 0.597167969
vt 0.266357422 0.537597656
vt 0.263183594 0.5859375
vt 0.22253418 0.53125
vt 0.203613281 0.573242188
vt 0.180175781 0.520507812
vt 0.146972656 0.559082031
vt 0.159057617 0.513671875
vt 0.122192383 0.551269531
vt 0.134399414 0.504394531
vt 0.0993041992 0.5390625
vt 0.113769531 0.491455078
vt 0.0793457031 0.522460938
vt 0.0947265625 0.465576172
vt 0.0641479492 0.500976562
vt 0.0519104004 0.477783203
vt 0.0827026367 0.428466797
vt 0.0438232422 0.437011719
vt 0.0786132812 0.376220703
vt 0.0415344238 0.36328125
vt 0.880859375 0.640625
vt 0.877929688 0.658691406
vt 0.919921875 0.645507812
vt 0.858886719 0.638671875
vt 0.862304688 0.657226562
vt 0.873535156 0.713867188
vt 0.858886719 0.752929688
vt 0.830566406 0.637207031
vt 0.837890625 0.778808594
vt 0.835449219 0.65625
vt 0.801757812 0.637695312
vt 0.815429688 0.791503906
vt 0.807617188 0.655273438
vt 0.773925781 0.637207031
vt 0.789550781 0.800292969
vt 0.779785156 0.655273438
vt 0.74609375 0.637695312
vt 0.767089844 0.806640625
vt 0.751953125 0.655273438
vt 0.71875 0.638183594
vt 0.724609375 0.655273438
vt 0.723144531 0.815429688
vt 0.664550781 0.639160156
vt 0.677734375 0.820800781
vt 0.669921875 0.655761719
vt 0.611328125 0.640136719
vt 0.625 0.826660156
vt 0.615722656 0.656738281
vt 0.571289062 0.641113281
vt 0.580078125 0.829589844
vt 0.57421875 0.657714844
vt 0.528808594 0.641601562
vt 0.539550781 0.833007812
vt 0.530761719 0.658203125
vt 0.493164062 0.641113281
vt 0.528320312 0.769042969
vt 0.494140625 0.657714844
vt 0.438964844 0.640136719
vt 0.444580078 0.786132812
vt 0.491943359 0.795410156
vt 0.445556641 0.80078125
vt 0.439453125 0.65625
vt 0.373779297 0.638183594
vt 0.374267578 0.801269531
vt 0.375244141 0.817382812
vt 0.373779297 0.654785156
vt 0.318115234 0.63671875
vt 0.319580078 0.810058594
vt 0.320068359 0.826660156
vt 0.318359375 0.652832031
vt 0.262939453 0.635742188
vt 0.263183594 0.651855469
vt 0.214233398 0.636230469
vt 0.264892578 0.815429688
vt 0.265136719 0.83203125
vt 0.21484375 0.65234375
vt 0.174194336 0.640625
vt 0.216918945 0.815429688
vt 0.216674805 0.83203125
vt 0.177490234 0.811523438
vt 0.176757812 0.827636719
vt 0.175415039 0.656738281
vt 0.135620117 0.648925781
vt 0.139404297 0.802734375
vt 0.137939453 0.818847656
vt 0.137573242 0.665039062
vt 0.105407715 0.661621094
vt 0.107421875 0.788574219
vt 0.10736084 0.805175781
vt 0.0907592773 0.792480469
vt 0.105773926 0.678710938
vt 0.0892944336 0.674316406
vt 0.0711669922 0.698730469
vt 0.085144043 0.760742188
vt 0.0718383789 0.768066406
vt 0.0844726562 0.705566406
vt 0.0646972656 0.715820312
vt 0.0797119141 0.746582031
vt 0.0650024414 0.750488281
vt 0.0794067383 0.719726562
vt 0.0622253418 0.732910156
vt 0.0773925781 0.732910156
vt 0.491943359 0.795410156
vt 0.518554688 0.894042969
vt 0.539550781 0.833007812
vt 0.528320312 0.769042969
vt 0.981933594 0.137207031
vt 0.982421875 0.126831055
vt 0.900878906 0.121887207
vt 0.900390625 0.133422852
vt 0.8515625 0.120605469
vt 0.851074219 0.132324219
vt 0.802246094 0.119995117
vt 0.802246094 0.131591797
vt 0.751464844 0.120178223
vt 0.751953125 0.131835938
vt 0.708984375 0.122375488
vt 0.710449219 0.133911133
vt 0.666015625 0.128662109
vt 0.668945312 0.139648438
vt 0.632324219 0.139404297
vt 0.63671875 0.148803711
vt 0.600585938 0.158325195
vt 0.606933594 0.166381836
vt 0.581054688 0.179199219
vt 0.588378906 0.185668945
vt 0.567871094 0.197387695
vt 0.577636719 0.203857422
vt 0.5546875 0.218139648
vt 0.56640625 0.224975586
vt 0.589355469 0.210571289
vt 0.581542969 0.229980469
vt 0.587402344 0.248413086
vt 0.597167969 0.264648438
vt 0.598144531 0.193115234
vt 0.6171875 0.284912109
vt 0.615722656 0.173828125
vt 0.638671875 0.160888672
vt 0.641601562 0.299072266
vt 0.670898438 0.152832031
vt 0.67578125 0.309326172
vt 0.711425781 0.147705078
vt 0.718261719 0.315429688
vt 0.752929688 0.145629883
vt 0.759765625 0.317871094
vt 0.802734375 0.145507812
vt 0.809570312 0.315917969
vt 0.8515625 0.146240234
vt 0.857421875 0.310058594
vt 0.900390625 0.147094727
vt 0.905273438 0.300292969
vt 0.987792969 0.149780273
vt 0.991210938 0.278564453
vt 0.998046875 0.173095703
vt 1.00097656 0.250488281
vt 1.00390625 0.210693359
vt 1.00683594 0.277832031
vt 1.02050781 0.280273438
vt 1.02441406 0.253662109
vt 1.01367188 0.252441406
vt 1.02734375 0.209960938
vt 1.01660156 0.210327148
vt 1.02148438 0.168212891
vt 1.01074219 0.170166016
vt 1.01660156 0.145263672
vt 1.00390625 0.1484375
vt 0.564941406 0.23449707
vt 0.553710938 0.241821289
vt 0.566894531 0.261474609
vt 0.575683594 0.255126953
vt 0.580078125 0.279296875
vt 0.587890625 0.272705078
vt 0.601074219 0.300537109
vt 0.607421875 0.292236328
vt 0.635742188 0.321289062
vt 0.640136719 0.311523438
vt 0.671875 0.333496094
vt 0.674804688 0.322509766
vt 0.716796875 0.340820312
vt 0.717773438 0.329345703
vt 0.760253906 0.343261719
vt 0.760253906 0.331542969
vt 0.811035156 0.341064453
vt 0.810058594 0.329589844
vt 0.859863281 0.335205078
vt 0.857910156 0.323730469
vt 0.909179688 0.325195312
vt 0.90625 0.313964844
vt 0.989746094 0.302734375
vt 0.987304688 0.292480469
vt 1.00488281 0.286621094
vt 1.00878906 0.298828125
vt 0.981933594 0.137207031
vt 0.987792969 0.149780273
vt 0.999511719 0.139160156
vt 0.900390625 0.133422852
vt 0.900390625 0.147094727
vt 0.851074219 0.132324219
vt 0.8515625 0.146240234
vt 0.802246094 0.131591797
vt 0.802734375 0.145507812
vt 0.751953125 0.131835938
vt 0.752929688 0.145629883
vt 0.710449219 0.133911133
vt 0.711425781 0.147705078
vt 0.668945312 0.139648438
vt 0.670898438 0.152832031
vt 0.63671875 0.148803711
vt 0.638671875 0.160888672
vt 0.606933594 0.166381836
vt 0.615722656 0.173828125
vt 0.588378906 0.185668945
vt 0.598144531 0.193115234
vt 0.577636719 0.203857422
vt 0.589355469 0.210571289
vt 0.56640625 0.224975586
vt 0.581542969 0.229980469
vt 0.987304688 0.292480469
vt 1.00488281 0.286621094
vt 0.991210938 0.278564453
vt 0.905273438 0.300292969
vt 0.90625 0.313964844
vt 0.857421875 0.310058594
vt 0.857910156 0.323730469
vt 0.809570312 0.315917969
vt 0.810058594 0.329589844
vt 0.759765625 0.317871094
vt 0.760253906 0.331542969
vt 0.718261719 0.315429688
vt 0.717773438 0.329345703
vt 0.67578125 0.309326172
vt 0.674804688 0.322509766
vt 0.641601562 0.299072266
vt 0.640136719 0.311523438
vt 0.6171875 0.284912109
vt 0.607421875 0.292236328
vt 0.597167969 0.264648438
vt 0.587890625 0.272705078
vt 0.587402344 0.248413086
vt 0.575683594 0.255126953
vt 0.581542969 0.229980469
vt 0.564941406 0.23449707
vt 0.982421875 0.126831055
vt 1 0.126464844
vt 0.989257812 0.114868164
vt 0.901855469 0.108032227
vt 0.900878906 0.121887207
vt 0.852539062 0.106689453
vt 0.8515625 0.120605469
vt 0.802734375 0.106018066
vt 0.802246094 0.119995117
vt 0.751464844 0.106018066
vt 0.751464844 0.120178223
vt 0.707519531 0.107971191
vt 0.708984375 0.122375488
vt 0.661132812 0.114807129
vt 0.666015625 0.128662109
vt 0.623535156 0.128540039
vt 0.632324219 0.139404297
vt 0.594238281 0.146240234
vt 0.600585938 0.158325195
vt 0.570800781 0.170043945
vt 0.581054688 0.179199219
vt 0.555664062 0.188476562
vt 0.567871094 0.197387695
vt 0.54296875 0.207641602
vt 0.5546875 0.218139648
vt 0.989746094 0.302734375
vt 1 0.312988281
vt 1.00878906 0.298828125
vt 0.909179688 0.325195312
vt 0.914550781 0.338378906
vt 0.859863281 0.335205078
vt 0.863769531 0.348876953
vt 0.811035156 0.341064453
vt 0.812988281 0.35546875
vt 0.760253906 0.343261719
vt 0.759765625 0.357666016
vt 0.716796875 0.340820312
vt 0.713867188 0.355224609
vt 0.671875 0.333496094
vt 0.666015625 0.346923828
vt 0.635742188 0.321289062
vt 0.625488281 0.331787109
vt 0.601074219 0.300537109
vt 0.595703125 0.313232422
vt 0.580078125 0.279296875
vt 0.569824219 0.288574219
vt 0.566894531 0.261474609
vt 0.555175781 0.270263672
vt 0.553710938 0.241821289
vt 0.541992188 0.252929688
vt 0.998046875 0.173095703
vt 1.00390625 0.1484375
vt 0.987792969 0.149780273
vt 1.01074219 0.170166016
vt 1.00390625 0.210693359
vt 1.01660156 0.210327148
vt 1.00097656 0.250488281
vt 1.01367188 0.252441406
vt 0.991210938 0.278564453
vt 1.00683594 0.277832031
vt 1.02148438 0.168212891
vt 1.03125 0.137939453
vt 1.01660156 0.145263672
vt 1.03613281 0.166259766
vt 1.02734375 0.209960938
vt 1.04199219 0.209472656
vt 1.02441406 0.253662109
vt 1.0390625 0.255126953
vt 1.02050781 0.280273438
vt 1.03515625 0.287841797
vt 0.999511719 0.139160156
vt 1 0.126464844
vt 0.982421875 0.126831055
vt 0.0848999023 0.172973633
vt 0.0791015625 0.210571289
vt 0.0824584961 0.250244141
vt 0.0918579102 0.278320312
vt 0.0952758789 0.149658203
vt 0.177490234 0.300048828
vt 0.182617188 0.147094727
vt 0.225463867 0.309814453
vt 0.231445312 0.146240234
vt 0.273193359 0.315673828
vt 0.280273438 0.145507812
vt 0.322753906 0.317871094
vt 0.330078125 0.145751953
vt 0.364501953 0.315429688
vt 0.371337891 0.147705078
vt 0.406982422 0.309326172
vt 0.412109375 0.152832031
vt 0.44140625 0.299072266
vt 0.444091797 0.160766602
vt 0.465576172 0.28515625
vt 0.466796875 0.173706055
vt 0.484863281 0.192993164
vt 0.486083984 0.264648438
vt 0.493408203 0.210449219
vt 0.495605469 0.248413086
vt 0.501464844 0.229736328
vt 0.0626220703 0.279785156
vt 0.0756225586 0.277587891
vt 0.069519043 0.252197266
vt 0.05859375 0.253417969
vt 0.0661621094 0.210083008
vt 0.0554504395 0.209716797
vt 0.0722045898 0.170043945
vt 0.0614929199 0.16809082
vt 0.0792236328 0.14831543
vt 0.0662231445 0.145141602
vt 0.515136719 0.197265625
vt 0.516601562 0.224731445
vt 0.527832031 0.217895508
vt 0.505371094 0.203735352
vt 0.501464844 0.179077148
vt 0.494140625 0.185546875
vt 0.481933594 0.158325195
vt 0.475585938 0.166259766
vt 0.450195312 0.139404297
vt 0.446044922 0.148803711
vt 0.416748047 0.128662109
vt 0.413818359 0.139648438
vt 0.373535156 0.122436523
vt 0.372558594 0.134033203
vt 0.331054688 0.120239258
vt 0.330810547 0.131835938
vt 0.280761719 0.120056152
vt 0.280761719 0.131713867
vt 0.231445312 0.120666504
vt 0.231689453 0.132324219
vt 0.182250977 0.121887207
vt 0.182739258 0.133422852
vt 0.100891113 0.126831055
vt 0.101318359 0.137084961
vt 0.100891113 0.126831055
vt 0.0833740234 0.139160156
vt 0.082824707 0.126342773
vt 0.530273438 0.241210938
vt 0.517578125 0.233886719
vt 0.507324219 0.255126953
vt 0.516601562 0.261474609
vt 0.495361328 0.272705078
vt 0.502929688 0.279541016
vt 0.475341797 0.292480469
vt 0.481689453 0.30078125
vt 0.442626953 0.311767578
vt 0.447021484 0.321533203
vt 0.407958984 0.322753906
vt 0.410644531 0.333740234
vt 0.364746094 0.329345703
vt 0.365966797 0.341064453
vt 0.322509766 0.331542969
vt 0.322509766 0.343261719
vt 0.272705078 0.329589844
vt 0.271728516 0.341064453
vt 0.224609375 0.323486328
vt 0.22277832 0.334960938
vt 0.176391602 0.313720703
vt 0.173706055 0.324951172
vt 0.0956420898 0.292236328
vt 0.0928955078 0.302490234
vt 0.0742797852 0.298583984
vt 0.0776367188 0.286376953
vt 0.100891113 0.126831055
vt 0.09375 0.114807129
vt 0.082824707 0.126342773
vt 0.182250977 0.121887207
vt 0.181030273 0.108093262
vt 0.231445312 0.120666504
vt 0.23059082 0.106750488
vt 0.280761719 0.120056152
vt 0.280029297 0.106079102
vt 0.331054688 0.120239258
vt 0.331054688 0.106079102
vt 0.373535156 0.122436523
vt 0.375244141 0.108032227
vt 0.416748047 0.128662109
vt 0.421386719 0.114807129
vt 0.450195312 0.139404297
vt 0.459472656 0.128540039
vt 0.481933594 0.158325195
vt 0.48828125 0.146240234
vt 0.501464844 0.179077148
vt 0.512207031 0.170043945
vt 0.515136719 0.197265625
vt 0.526855469 0.188354492
vt 0.527832031 0.217895508
vt 0.540039062 0.207397461
vt 0.0928955078 0.302490234
vt 0.0742797852 0.298583984
vt 0.0827026367 0.3125
vt 0.168334961 0.338134766
vt 0.173706055 0.324951172
vt 0.218994141 0.348876953
vt 0.22277832 0.334960938
vt 0.269775391 0.355224609
vt 0.271728516 0.341064453
vt 0.322998047 0.357666016
vt 0.322509766 0.343261719
vt 0.368896484 0.35546875
vt 0.365966797 0.341064453
vt 0.416748047 0.347167969
vt 0.410644531 0.333740234
vt 0.457275391 0.33203125
vt 0.447021484 0.321533203
vt 0.487304688 0.313720703
vt 0.481689453 0.30078125
vt 0.513183594 0.2890625
vt 0.502929688 0.279541016
vt 0.528320312 0.270507812
vt 0.516601562 0.261474609
vt 0.541992188 0.252685547
vt 0.530273438 0.241210938
vt 0.101318359 0.137084961
vt 0.0833740234 0.139160156
vt 0.0952758789 0.149658203
vt 0.182617188 0.147094727
vt 0.182739258 0.133422852
vt 0.231445312 0.146240234
vt 0.231689453 0.132324219
vt 0.280273438 0.145507812
vt 0.280761719 0.131713867
vt 0.330078125 0.145751953
vt 0.330810547 0.131835938
vt 0.371337891 0.147705078
vt 0.372558594 0.134033203
vt 0.412109375 0.152832031
vt 0.413818359 0.139648438
vt 0.444091797 0.160766602
vt 0.446044922 0.148803711
vt 0.466796875 0.173706055
vt 0.475585938 0.166259766
vt 0.484863281 0.192993164
vt 0.494140625 0.185546875
vt 0.493408203 0.210449219
vt 0.505371094 0.203735352
vt 0.501464844 0.229736328
vt 0.516601562 0.224731445
vt 0.0956420898 0.292236328
vt 0.0918579102 0.278320312
vt 0.0776367188 0.286376953
vt 0.176391602 0.313720703
vt 0.177490234 0.300048828
vt 0.224609375 0.323486328
vt 0.225463867 0.309814453
vt 0.272705078 0.329589844
vt 0.273193359 0.315673828
vt 0.322509766 0.331542969
vt 0.322753906 0.317871094
vt 0.364746094 0.329345703
vt 0.364501953 0.315429688
vt 0.407958984 0.322753906
vt 0.406982422 0.309326172
vt 0.442626953 0.311767578
vt 0.44140625 0.299072266
vt 0.475341797 0.292480469
vt 0.465576172 0.28515625
vt 0.495361328 0.272705078
vt 0.486083984 0.264648438
vt 0.507324219 0.255126953
vt 0.495605469 0.248413086
vt 0.517578125 0.233886719
vt 0.501464844 0.229736328
vt 0.0473632812 0.166015625
vt 0.0662231445 0.145141602
vt 0.0516967773 0.137817383
vt 0.0614929199 0.16809082
vt 0.0415344238 0.209228516
vt 0.0554504395 0.209716797
vt 0.0443725586 0.254638672
vt 0.05859375 0.253417969
vt 0.0480041504 0.287597656
vt 0.0626220703 0.279785156
vt 0.0722045898 0.170043945
vt 0.0952758789 0.149658203
vt 0.0792236328 0.14831543
vt 0.0848999023 0.172973633
vt 0.0661621094 0.210083008
vt 0.0791015625 0.210571289
vt 0.069519043 0.252197266
vt 0.0824584961 0.250244141
vt 0.0756225586 0.277587891
vt 0.0918579102 0.278320312
vn 0.171386719 -4.35113907E-06 -0.985351562
vn 0.824707031 -3.9935112E-06 -0.565917969
vn 0.824707031 -1.10864639E-05 -0.565917969
vn 0.971679688 3.57627869E-07 0.235839844
vn 0.971679688 7.15255737E-07 0.235839844
vn 0.981933594 9.53674316E-07 0.188964844
vn 0.981933594 9.53674316E-07 0.188964844
vn 0.9921875 9.53674316E-07 0.122924805
vn 0.9921875 9.53674316E-07 0.122924805
vn 0.998535156 7.15255737E-07 0.0520324707
vn 0.998535156 7.15255737E-07 0.0520324707
vn 0.999023438 4.76837158E-07 -0.0448303223
vn 0.999023438 -1.7285347E-06 -0.0448303223
vn 0.98828125 -1.78813934E-07 -0.153808594
vn 0.98828125 -1.78813934E-07 -0.153808594
vn 0.959960938 -8.34465027E-07 -0.279541016
vn 0.959960938 -8.34465027E-07 -0.279296875
vn 0.889160156 -1.84774399E-06 -0.457275391
vn 0.889160156 8.16583633E-06 -0.457275391
vn 0.698730469 -4.70876694E-06 -0.715332031
vn 0.698730469 -2.32458115E-06 -0.715332031
vn 0.520996094 -4.11272049E-06 -0.853515625
vn 0.520996094 2.51531601E-05 -0.853515625
vn 0.267578125 -3.09944153E-06 -0.963378906
vn 0.267578125 2.38418579E-07 -0.963378906
vn -0.000537872314 0 -1
vn 0.000132203102 2.38418579E-07 -1
vn -0.270751953 -3.15904617E-06 -0.962890625
vn -0.270751953 -3.15904617E-06 -0.962402344
vn -0.532226562 -4.17232513E-06 -0.846679688
vn -0.532226562 -4.23192978E-06 -0.846679688
vn -0.715820312 -1.66893005E-06 -0.698242188
vn -0.715820312 -1.43647194E-05 -0.698242188
vn -0.906738281 -1.66893005E-06 -0.422119141
vn -0.906738281 -1.60932541E-06 -0.422119141
vn -0.97265625 -1.49011612E-06 -0.231323242
vn -0.97265625 -1.49011612E-06 -0.231323242
vn -0.993164062 -7.74860382E-07 -0.114746094
vn -0.993164062 -7.74860382E-07 -0.114746094
vn -0.999511719 -4.17232513E-07 -0.0230407715
vn -0.999511719 -4.17232513E-07 -0.02293396
vn -0.999511719 -5.96046448E-07 0.0277099609
vn -0.999511719 -5.96046448E-07 0.0277099609
vn -0.999511719 -4.76837158E-07 0.0377502441
vn -0.999511719 -4.76837158E-07 0.0377502441
vn -0.999511719 -2.38418579E-07 0.0348205566
vn -0.999511719 -2.38418579E-07 0.0348205566
vn -0.999511719 -2.98023224E-07 0.0230712891
vn -0.999511719 -2.98023224E-07 0.0230712891
vn -0.999511719 -1.78813934E-07 0.0222930908
vn -1 -2.38418579E-07 0.0220489502
vn -1 -2.38418579E-07 0.0170593262
vn -1 -1.78813934E-07 0.0171508789
vn -1 -4.17232513E-07 0.00614547729
vn -1 -4.17232513E-07 0.00614547729
vn -1 -4.17232513E-07 0.00638198853
vn -1 -4.17232513E-07 0.00638198853
vn -1 -5.96046448E-07 0.00550460815
vn -1 -5.96046448E-07 0.00550460815
vn -1 -8.34465027E-07 0.00550460815
vn -1 -8.34465027E-07 0.00550460815
vn -1 -5.96046448E-07 0.00550460815
vn -1 -5.96046448E-07 0.00550460815
vn -1 -1.78813934E-07 0.00550460815
vn -1 -1.78813934E-07 0.00550460815
vn -1 0 0.00550460815
vn -1 0 0.00550460815
vn -1 0 0.00424575806
vn -1 0 0.00424575806
vn -1 -2.38418579E-07 0.0065536499
vn -1 -8.94069672E-07 0.00607299805
vn -1 -7.74860382E-07 0.0127029419
vn -1 -7.74860382E-07 0.0127029419
vn -1 -1.07288361E-06 0.0155181885
vn 0.0451965332 0.866210938 0.497558594
vn 0.0451965332 0.866210938 0.497558594
vn 0.0726928711 0.8828125 0.464599609
vn 0.0728759766 0.8828125 0.464355469
vn 0.161987305 0.909667969 0.382324219
vn 0.162353516 0.909667969 0.382080078
vn 0.264160156 0.919921875 0.289794922
vn 0.228393555 0.915039062 0.331787109
vn 0.289550781 0.922363281 0.256103516
vn 0.339111328 0.922851562 0.182617188
vn 0.338867188 0.922851562 0.183349609
vn 0.366699219 0.921386719 0.12878418
vn 0.366455078 0.921386719 0.129272461
vn 0.387695312 0.916992188 0.0951538086
vn 0.387451172 0.916992188 0.0955200195
vn 0.391601562 0.916992188 0.0736694336
vn 0.391845703 0.916992188 0.0741577148
vn 0.378662109 0.923828125 0.0562744141
vn 0.378662109 0.923828125 0.0562744141
vn 0.356445312 0.933105469 0.0489501953
vn 0.356201172 0.933105469 0.0488891602
vn 0.325927734 0.944824219 0.0391235352
vn 0.325683594 0.944824219 0.0389709473
vn 0.312744141 0.94921875 0.0335388184
vn 0.312744141 0.94921875 0.0335388184
vn -0.014755249 -1 0.00496673584
vn -0.708984375 -0.698242188 0.0992431641
vn -0.716796875 -0.678222656 0.162963867
vn -0.0141677856 -1 0.00322341919
vn 0.00798034668 -1 0.00270843506
vn 0.00798034668 -1 0.00270843506
vn -0.680175781 -0.732421875 0.0197906494
vn 0.00798034668 -1 0.00270843506
vn -0.0144424438 -1 0.00303840637
vn -0.655761719 -0.754882812 0.0143051147
vn 0.00798034668 -1 0.00270843506
vn -0.0140457153 -1 0.00298500061
vn -0.6328125 -0.774414062 0.0116348267
vn 0.00798034668 -1 0.00270843506
vn -0.0138702393 -1 0.00269699097
vn -0.620605469 -0.784179688 0.00338363647
vn 0.00798034668 -1 0.00270843506
vn -0.0138702393 -1 0.00270652771
vn -0.620605469 -0.784179688 0.00336456299
vn -0.0160522461 -1 0.00275039673
vn 0.00798034668 -1 0.00270843506
vn -0.620605469 -0.784179688 0.00336647034
vn 0.00798034668 -1 0.00270843506
vn -0.0182342529 -1 0.00271224976
vn -0.620117188 -0.784179688 0.00336265564
vn 0.00798034668 -1 0.00270843506
vn -0.0172271729 -1 0.00275230408
vn -0.620117188 -0.784667969 0.00395584106
vn 0.00798034668 -1 0.00270843506
vn -0.0164337158 -1 0.00275421143
vn -0.619628906 -0.784667969 0.00362968445
vn 0.00798034668 -1 0.00270843506
vn -0.016204834 -1 0.00302886963
vn -0.619628906 -0.784667969 0.0104827881
vn 0.02293396 -0.999511719 0.00610351562
vn -0.0171356201 -1 0.00317001343
vn -0.619140625 -0.78515625 0.013671875
vn -0.0196075439 -1 0.00323867798
vn -0.618652344 -0.785644531 0.0140762329
vn 0.0358886719 -0.999511719 0.00932312012
vn -0.0196533203 -1 0.00351142883
vn -0.617675781 -0.786132812 0.0213775635
vn 0.614257812 -0.775878906 0.145874023
vn 0.625976562 -0.763671875 0.157958984
vn 0.60546875 -0.787109375 0.116271973
vn 0.0353088379 -0.999511719 0.00792694092
vn 0.607910156 -0.790527344 0.0754394531
vn 0.033996582 -0.999511719 0.00592041016
vn 0.608398438 -0.79296875 0.0313720703
vn -0.0187683105 -1 0.0035610199
vn -0.616210938 -0.787109375 0.0229797363
vn -0.0182342529 -1 0.00330352783
vn -0.614746094 -0.788574219 0.0166168213
vn 0.0336914062 -0.999511719 0.00397491455
vn 0.607421875 -0.793945312 -0.0278015137
vn -0.0172576904 -1 0.00184440613
vn -0.612792969 -0.790039062 -0.014793396
vn 0.0325012207 -0.999511719 0.00146579742
vn 0.602050781 -0.79296875 -0.0944213867
vn -0.0162963867 -1 -0.000309467316
vn -0.608398438 -0.790039062 -0.0709228516
vn 0.0315856934 -0.999511719 -0.00108623505
vn 0.587402344 -0.790039062 -0.176147461
vn -0.0156173706 -1 -0.00356483459
vn -0.594726562 -0.790039062 -0.147216797
vn 0.0307159424 -0.999511719 -0.00433731079
vn 0.568359375 -0.776855469 -0.270996094
vn 0.0276794434 -0.999511719 -0.0114593506
vn 0.421142578 -0.779785156 -0.462890625
vn 0.327148438 -0.791503906 -0.516601562
vn -0.012046814 -1 -0.0118637085
vn -0.576171875 -0.778808594 -0.247070312
vn -0.430908203 -0.78125 -0.451416016
vn 0.0193481445 -0.999511719 -0.0167541504
vn 0.166137695 -0.784667969 -0.597167969
vn -0.00365066528 -1 -0.0168914795
vn -0.333984375 -0.792480469 -0.510742188
vn 0.0133895874 -1 -0.0173339844
vn -0.000330686569 -0.788085938 -0.615234375
vn 0.00234985352 -1 -0.0173797607
vn -0.16809082 -0.78515625 -0.596191406
vn 0.00804138184 -1 -0.0184020996
vn 0.216308594 -0.966308594 -0.140380859
vn 0.120056152 -0.94921875 -0.290771484
vn 0.0701904297 -0.967285156 -0.244140625
vn 0.25390625 -0.9609375 -0.109985352
vn 0.325927734 -0.944335938 0.0391540527
vn 0.325683594 -0.944824219 0.0390014648
vn 0.356445312 -0.933105469 0.0489501953
vn 0.356201172 -0.933105469 0.0488891602
vn 0.378662109 -0.923828125 0.0562744141
vn 0.378662109 -0.923828125 0.0562744141
vn 0.391845703 -0.916992188 0.0739135742
vn 0.391845703 -0.916992188 0.0739746094
vn 0.387695312 -0.916992188 0.0951538086
vn 0.387451172 -0.916992188 0.0955810547
vn 0.366699219 -0.921386719 0.12878418
vn 0.366455078 -0.921386719 0.129272461
vn 0.339111328 -0.922851562 0.182617188
vn 0.338867188 -0.922851562 0.183349609
vn 0.27734375 -0.921386719 0.272949219
vn 0.277099609 -0.921386719 0.273193359
vn 0.173950195 -0.911621094 0.372070312
vn 0.228027344 -0.915039062 0.332275391
vn 0.135864258 -0.905273438 0.40234375
vn 0.0766601562 -0.879882812 0.469238281
vn 0.0768432617 -0.879882812 0.468994141
vn 0.0514831543 -0.860839844 0.505859375
vn 0.0514831543 -0.860839844 0.505859375
vn -0.703613281 0.703125 0.101745605
vn -0.0146484375 1 0.00531768799
vn -0.707519531 0.6875 0.164794922
vn -0.680175781 0.732910156 0.0204162598
vn -0.0141220093 1 0.00326347351
vn 0.00797271729 1 0.00269889832
vn 0.00797271729 1 0.00269889832
vn -0.655761719 0.754882812 0.0142974854
vn 0.00797271729 1 0.00269889832
vn -0.0144577026 1 0.00301551819
vn -0.6328125 0.774414062 0.0116271973
vn 0.00797271729 1 0.00269889832
vn -0.0140533447 1 0.0029964447
vn -0.620605469 0.784179688 0.00338363647
vn 0.00797271729 1 0.00269889832
vn -0.0138778687 1 0.00270462036
vn -0.620605469 0.784179688 0.00336265564
vn 0.00797271729 1 0.00269889832
vn -0.0138778687 1 0.00271034241
vn -0.620605469 0.784179688 0.00336456299
vn -0.0160675049 1 0.00273132324
vn 0.00797271729 1 0.00269889832
vn -0.620117188 0.784179688 0.00336074829
vn 0.00797271729 1 0.00269889832
vn -0.0182495117 1 0.0027217865
vn -0.620117188 0.784667969 0.00348091125
vn 0.00797271729 1 0.00269889832
vn -0.0172271729 1 0.0027179718
vn -0.619628906 0.784667969 0.0036277771
vn 0.00797271729 1 0.00269889832
vn -0.0164489746 1 0.00275421143
vn -0.619628906 0.784667969 0.0103302002
vn 0.00797271729 1 0.00269889832
vn -0.0162200928 1 0.00297546387
vn -0.619140625 0.78515625 0.0135803223
vn 0.0228881836 0.999511719 0.00609207153
vn -0.0171508789 1 0.00316429138
vn -0.618652344 0.785644531 0.0140380859
vn 0.0359191895 0.999511719 0.00930023193
vn 0.625488281 0.763671875 0.157958984
vn 0.614257812 0.775878906 0.145874023
vn -0.0196075439 1 0.00317955017
vn -0.617675781 0.786132812 0.0213928223
vn 0.0353088379 0.999511719 0.00780487061
vn 0.60546875 0.787109375 0.116333008
vn -0.0196685791 1 0.00347709656
vn -0.616210938 0.787109375 0.0229949951
vn 0.033996582 0.999511719 0.00580596924
vn 0.607910156 0.790527344 0.0751342773
vn -0.0188293457 1 0.00355529785
vn -0.614746094 0.788574219 0.017074585
vn -0.0182800293 1 0.00332641602
vn -0.612792969 0.790039062 -0.0148468018
vn 0.0336914062 0.999511719 0.00378990173
vn 0.608886719 0.79296875 0.031463623
vn -0.0172729492 1 0.00196838379
vn -0.608886719 0.790039062 -0.0709838867
vn 0.0324707031 0.999511719 0.00127887726
vn 0.607421875 0.793945312 -0.02784729
vn 0.0315551758 0.999511719 -0.00129032135
vn 0.602050781 0.792480469 -0.0944213867
vn -0.0163116455 1 -0.000169873238
vn -0.594726562 0.790039062 -0.147216797
vn 0.0305786133 0.999511719 -0.00470352173
vn 0.587402344 0.790039062 -0.176269531
vn -0.0157165527 1 -0.00318908691
vn -0.576660156 0.778808594 -0.247070312
vn 0.0268554688 0.999511719 -0.0125274658
vn 0.568359375 0.776855469 -0.270996094
vn 0.421142578 0.779785156 -0.462890625
vn -0.0127716064 1 -0.0108108521
vn -0.430908203 0.78125 -0.451416016
vn -0.333984375 0.792480469 -0.510742188
vn 0.0186767578 0.999511719 -0.0171203613
vn 0.327148438 0.791015625 -0.516601562
vn -0.00429916382 1 -0.0165100098
vn -0.16809082 0.784667969 -0.596191406
vn 0.0129623413 1 -0.0174407959
vn 0.166259766 0.784667969 -0.597167969
vn 0.0019159317 1 -0.0173187256
vn 0.000370979309 0.788085938 -0.615234375
vn 0.00723648071 1 -0.0184020996
vn 0.121398926 0.948730469 -0.291992188
vn 0.121398926 0.948730469 -0.291992188
vn 0.121398926 0.948730469 -0.291992188
vn 0.121398926 0.948730469 -0.291992188
vn -0.999023438 0 0.0437316895
vn -0.999023438 0 0.0437316895
vn -0.999511719 0 0.0356750488
vn -0.999511719 0 0.0356750488
vn -0.999511719 0 0.0308532715
vn -0.999511719 0 0.0308532715
vn -0.999511719 0 0.0307922363
vn -0.999511719 0 0.0307922363
vn -1 0 0.0126113892
vn -1 0 0.0126113892
vn -0.999511719 0 -0.0342102051
vn -0.999511719 0 -0.0342102051
vn -0.993164062 0 -0.118103027
vn -0.993164062 0 -0.118103027
vn -0.947753906 0 -0.318603516
vn -0.947753906 0 -0.318603516
vn -0.800292969 0 -0.599609375
vn -0.800292969 0 -0.599609375
vn -0.531738281 0 -0.847167969
vn -0.531738281 0 -0.847167969
vn -0.279296875 0 -0.959960938
vn -0.279296875 0 -0.959960938
vn -0.0479431152 0 -0.999023438
vn -0.0479431152 0 -0.999023438
vn -1.78813934E-07 1 -2.8014183E-06
vn -1.78813934E-07 1 -2.8014183E-06
vn -1.78813934E-07 1 -2.8014183E-06
vn -1.78813934E-07 1 -2.8014183E-06
vn -1.78813934E-07 1 -2.8014183E-06
vn -1.78813934E-07 1 -2.8014183E-06
vn -1.78813934E-07 1 -2.8014183E-06
vn -1.7285347E-06 1 6.91413879E-06
vn -1.78813934E-06 1 7.33137131E-06
vn -1.25169754E-06 1 6.02006912E-06
vn -1.13248825E-06 1 5.54323196E-06
vn 1.37090683E-06 1 -5.60283661E-06
vn 1.43051147E-06 1 -5.96046448E-06
vn 1.31130219E-06 1 -5.60283661E-06
vn 1.25169754E-06 1 -5.36441803E-06
vn -0 1 0
vn -0 1 0
vn -1.31130219E-06 1 4.47034836E-06
vn -1.25169754E-06 1 4.23192978E-06
vn -3.15904617E-06 1 2.98023224E-06
vn -3.15904617E-06 1 3.57627869E-06
vn -3.63588333E-06 1 -3.87430191E-06
vn -3.63588333E-06 1 -3.87430191E-06
vn -3.63588333E-06 1 -3.87430191E-06
vn -3.63588333E-06 1 -3.87430191E-06
vn -3.63588333E-06 1 -3.87430191E-06
vn 0.375732422 0 0.926757812
vn 0.375732422 0 0.926757812
vn 0.243652344 0 0.969726562
vn 0.243652344 0 0.969726562
vn -0.0243835449 0 0.999511719
vn -0.0243835449 0 0.999511719
vn -0.306884766 0 0.951660156
vn -0.306884766 0 0.951660156
vn -0.450927734 0 0.892578125
vn -0.450927734 0 0.892578125
vn -0.0479431152 0 -0.999023438
vn -0.0479431152 0 -0.999023438
vn 0.259277344 0 -0.965820312
vn 0.259277344 0 -0.965820312
vn 0.55078125 0 -0.834472656
vn 0.55078125 0 -0.834472656
vn 0.784179688 0 -0.620605469
vn 0.784179688 0 -0.620605469
vn 0.922851562 0 -0.385253906
vn 0.922851562 0 -0.385253906
vn 0.979980469 0 -0.198852539
vn 0.979980469 0 -0.198852539
vn 0.995605469 0 -0.0924682617
vn 0.995605469 0 -0.0924682617
vn 1 0 -0.00923156738
vn 1 0 -0.00923156738
vn 0.997070312 0 0.0747070312
vn 0.997070312 0 0.0747070312
vn 0.98828125 0 0.153198242
vn 0.98828125 0 0.153198242
vn 0.976074219 0 0.216918945
vn 0.976074219 0 0.216918945
vn 0.970214844 0 0.24206543
vn 0.970214844 0 0.24206543
vn 0.375732422 -2.17556953E-05 0.926757812
vn 0.375732422 2.16364861E-05 0.926757812
vn -0.994140625 0.100708008 0.0418395996
vn 0.0643920898 0.997070312 -0.0415344238
vn -0.447265625 0.100585938 0.888671875
vn -0.994628906 0.0958251953 0.0355529785
vn 0.0954589844 0.995605469 -0.00342559814
vn -0.995117188 0.0955810547 0.0307159424
vn 0.095703125 0.995605469 -0.00294685364
vn -0.995117188 0.0957641602 0.0307006836
vn 0.0955200195 0.995605469 -0.00293922424
vn -0.995117188 0.0958862305 0.0126113892
vn 0.0952758789 0.995605469 -0.00117015839
vn -0.994628906 0.0958862305 -0.0340576172
vn 0.0947875977 0.995605469 0.00328826904
vn -0.98828125 0.0955200195 -0.117553711
vn 0.09375 0.995605469 0.0112915039
vn -0.944335938 0.0877685547 -0.317138672
vn 0.0873413086 0.995605469 0.0293426514
vn -0.797363281 0.0860595703 -0.597167969
vn 0.0736083984 0.995605469 0.0552978516
vn -0.529785156 0.0805664062 -0.844238281
vn 0.0484313965 0.995605469 0.0771484375
vn -0.278076172 0.0946655273 -0.956054688
vn 0.026260376 0.995605469 0.0902709961
vn -0.0478210449 0.0868530273 -0.995117188
vn 0.00441741943 0.995605469 0.0919189453
vn 0.965820312 0.100646973 0.239501953
vn 0.372802734 0.100708008 0.922363281
vn -0.0590515137 0.997070312 -0.0513000488
vn -0.0928344727 0.995605469 -0.0206604004
vn 0.971679688 0.0960083008 0.215942383
vn -0.0936279297 0.995605469 -0.0145263672
vn 0.983886719 0.0958251953 0.15246582
vn -0.0943603516 0.995605469 -0.00704574585
vn 0.992675781 0.095703125 0.0742797852
vn -0.0944824219 0.995605469 0.00096654892
vn 0.995605469 0.0956420898 -0.00921630859
vn -0.0942382812 0.995605469 0.00885772705
vn 0.991210938 0.095703125 -0.0919799805
vn -0.0921020508 0.995605469 0.0188903809
vn 0.975585938 0.0949707031 -0.197875977
vn -0.0855712891 0.995605469 0.0357971191
vn 0.918945312 0.0908813477 -0.383789062
vn -0.072265625 0.995605469 0.0574645996
vn 0.78125 0.0885620117 -0.618164062
vn -0.0505371094 0.995605469 0.0765991211
vn 0.548828125 0.0853271484 -0.831542969
vn -0.0239257812 0.995605469 0.0891113281
vn 0.258056641 0.0881347656 -0.961914062
vn 0.00441741943 0.995605469 0.0919189453
vn -0.0478210449 0.0868530273 -0.995117188
vn -0.994140625 -0.100708008 0.0418395996
vn -0.447265625 -0.100646973 0.888671875
vn 0.0643920898 -0.997070312 -0.0415649414
vn 0.0954589844 -0.995605469 -0.00336837769
vn -0.994628906 -0.0958251953 0.0354614258
vn 0.095703125 -0.995605469 -0.00294113159
vn -0.995117188 -0.0955810547 0.0307312012
vn 0.0955200195 -0.995605469 -0.00294876099
vn -0.995117188 -0.0957641602 0.0306243896
vn 0.0952758789 -0.995605469 -0.00117206573
vn -0.995117188 -0.0958862305 0.0125350952
vn 0.0947875977 -0.995605469 0.00329780579
vn -0.994628906 -0.0958862305 -0.0340576172
vn 0.09375 -0.995605469 0.0112915039
vn -0.98828125 -0.0955200195 -0.117553711
vn 0.0873413086 -0.995605469 0.0293426514
vn -0.944335938 -0.0877685547 -0.317382812
vn 0.0736083984 -0.995605469 0.0552978516
vn -0.797363281 -0.0860595703 -0.597167969
vn 0.0484008789 -0.995605469 0.0771484375
vn -0.529785156 -0.0805664062 -0.844238281
vn 0.0262145996 -0.995605469 0.0902709961
vn -0.278076172 -0.0946655273 -0.956054688
vn 0.00438308716 -0.995605469 0.0919189453
vn -0.0477294922 -0.0867919922 -0.995117188
vn 0.965820312 -0.100646973 0.239501953
vn -0.0590515137 -0.997070312 -0.0513000488
vn 0.372802734 -0.100708008 0.922363281
vn 0.971679688 -0.0960083008 0.215942383
vn -0.0928344727 -0.995605469 -0.0206604004
vn 0.983398438 -0.0958251953 0.152587891
vn -0.0936279297 -0.995605469 -0.0145263672
vn 0.992675781 -0.095703125 0.0744018555
vn -0.0943603516 -0.995605469 -0.00704574585
vn 0.995605469 -0.0956420898 -0.00914764404
vn -0.0944824219 -0.995605469 0.000911712646
vn 0.991210938 -0.095703125 -0.0919799805
vn -0.0942382812 -0.995605469 0.00885772705
vn 0.975585938 -0.0949707031 -0.197875977
vn -0.0921630859 -0.995605469 0.0188903809
vn 0.918945312 -0.0909423828 -0.383789062
vn -0.0855712891 -0.995605469 0.0357971191
vn 0.78125 -0.0885620117 -0.618164062
vn -0.072265625 -0.995605469 0.057434082
vn 0.548828125 -0.0853271484 -0.831542969
vn -0.0505371094 -0.995605469 0.0765991211
vn 0.258300781 -0.0881347656 -0.961914062
vn -0.0239562988 -0.995605469 0.0891723633
vn -0.0477294922 -0.0867919922 -0.995117188
vn 0.00438308716 -0.995605469 0.0919189453
vn 0.0282287598 0.995605469 -0.0877075195
vn -0.447265625 0.100585938 0.888671875
vn 0.0643920898 0.997070312 -0.0415344238
vn -0.305664062 0.0873413086 0.948242188
vn 0.0022315979 0.995605469 -0.0926513672
vn -0.024307251 0.0902709961 0.995605469
vn -0.0225219727 0.995605469 -0.0897216797
vn 0.242675781 0.0894165039 0.965820312
vn -0.0590515137 0.997070312 -0.0513000488
vn 0.372802734 0.100708008 0.922363281
vn -0.305664062 -0.0873413086 0.948242188
vn 0.0643920898 -0.997070312 -0.0415649414
vn -0.447265625 -0.100646973 0.888671875
vn 0.0282287598 -0.995605469 -0.0877075195
vn -0.0243225098 -0.0902709961 0.995605469
vn 0.00229072571 -0.995605469 -0.0926513672
vn 0.242675781 -0.0894165039 0.965820312
vn -0.0225067139 -0.995605469 -0.0897216797
vn 0.372802734 -0.100708008 0.922363281
vn -0.0590515137 -0.997070312 -0.0513000488
vn -0.450927734 -2.60472298E-05 0.892578125
vn -0.450927734 2.42590904E-05 0.892578125
vn -0.999023438 2.41398811E-05 0.0437316895
vn -0 -1 0
vn -0 -1 0
vn -0 -1 0
vn -0 -1 0
vn -0 -1 0
vn -0 -1 0
vn -0 -1 0
vn -0 -1 0
vn -0 -1 0
vn -0 -1 0
vn -0 -1 0
vn -0 -1 0
vn -0 -1 0
vn -0 -1 0
vn -0 -1 0
vn -0 -1 0
vn -0 -1 0
vn -0 -1 0
vn -0 -1 0
vn -0 -1 0
vn -0 -1 0
vn -0 -1 0
vn -0 -1 0
vn -0 -1 0
vn -0 -1 0
vn -0 -1 0
vn 0.375732422 0 0.926757812
vn 0.375732422 0 0.926757812
vn 0.243652344 0 0.969726562
vn 0.243652344 0 0.969726562
vn -0.0243835449 0 0.999511719
vn -0.0243835449 0 0.999511719
vn -0.306884766 0 0.951660156
vn -0.306884766 0 0.951660156
vn -0.450927734 0 0.892578125
vn -0.450927734 0 0.892578125
vn -0.279296875 0 -0.959960938
vn -0.0479431152 0 -0.999023438
vn -0.0479431152 0 -0.999023438
vn -0.279296875 0 -0.959960938
vn -0.531738281 0 -0.847167969
vn -0.531738281 0 -0.847167969
vn -0.800292969 0 -0.599609375
vn -0.800292969 0 -0.599609375
vn -0.947753906 0 -0.318603516
vn -0.947753906 0 -0.318603516
vn -0.993164062 0 -0.118103027
vn -0.993164062 0 -0.118103027
vn -0.999511719 0 -0.0342102051
vn -0.999511719 0 -0.0342102051
vn -1 0 0.0126113892
vn -1 0 0.0126113892
vn -0.999511719 0 0.0307922363
vn -0.999511719 0 0.0307922363
vn -0.999511719 0 0.0308532715
vn -0.999511719 0 0.0308532715
vn -0.999511719 0 0.0356750488
vn -0.999511719 0 0.0356750488
vn -0.999023438 0 0.0437316895
vn -0.999023438 0 0.0437316895
vn -0.999023438 -2.24709511E-05 0.0437316895
vn -0.450927734 2.42590904E-05 0.892578125
vn -0.450927734 -2.59876251E-05 0.892578125
vn -0.0479431152 0 -0.999023438
vn -0.0479431152 0 -0.999023438
vn 0.259277344 0 -0.965820312
vn 0.259277344 0 -0.965820312
vn 0.55078125 0 -0.834472656
vn 0.55078125 0 -0.834472656
vn 0.784179688 0 -0.620605469
vn 0.784179688 0 -0.620605469
vn 0.922851562 0 -0.385253906
vn 0.922851562 0 -0.385253906
vn 0.979980469 0 -0.198852539
vn 0.979980469 0 -0.198852539
vn 0.995605469 0 -0.0924682617
vn 0.995605469 0 -0.0924682617
vn 1 0 -0.00923156738
vn 1 0 -0.00923156738
vn 0.997070312 0 0.0747070312
vn 0.997070312 0 0.0747070312
vn 0.98828125 0 0.153198242
vn 0.98828125 0 0.153198242
vn 0.976074219 0 0.216918945
vn 0.976074219 0 0.216918945
vn 0.970214844 0 0.24206543
vn 0.970214844 0 0.24206543
vn 0.375732422 -2.17556953E-05 0.926757812
vn 0.375732422 2.16364861E-05 0.926757812
vn -0.994140625 0.100708008 0.0418395996
vn 0.0643920898 0.997070312 -0.0415344238
vn -0.447265625 0.100585938 0.888671875
vn -0.994628906 0.0958251953 0.0355529785
vn 0.0954589844 0.995605469 -0.00342941284
vn -0.995117188 0.0955810547 0.0307159424
vn 0.095703125 0.995605469 -0.00294494629
vn -0.995117188 0.0957641602 0.0307006836
vn 0.0955200195 0.995605469 -0.00293922424
vn -0.995117188 0.0958862305 0.0126113892
vn 0.0952758789 0.995605469 -0.00117015839
vn -0.994628906 0.0958862305 -0.0340576172
vn 0.0947875977 0.995605469 0.00328826904
vn -0.98828125 0.0955200195 -0.117553711
vn 0.09375 0.995605469 0.0112915039
vn -0.944335938 0.0877685547 -0.317138672
vn 0.0873413086 0.995605469 0.0293426514
vn -0.797363281 0.0860595703 -0.597167969
vn 0.0736083984 0.995605469 0.0552978516
vn -0.529785156 0.0805664062 -0.844238281
vn 0.0484313965 0.995605469 0.0771484375
vn -0.278076172 0.0946655273 -0.956054688
vn 0.026260376 0.995605469 0.0902709961
vn -0.0478210449 0.0868530273 -0.995117188
vn 0.00441741943 0.995605469 0.0919189453
vn 0.965820312 0.100646973 0.239501953
vn 0.372802734 0.100708008 0.922363281
vn -0.0590515137 0.997070312 -0.0513000488
vn -0.0928344727 0.995605469 -0.0206604004
vn 0.971679688 0.0960083008 0.215942383
vn -0.0936279297 0.995605469 -0.0145263672
vn 0.983886719 0.0958251953 0.15246582
vn -0.0943603516 0.995605469 -0.00704574585
vn 0.992675781 0.095703125 0.0742797852
vn -0.0944824219 0.995605469 0.00096654892
vn 0.995605469 0.0956420898 -0.00921630859
vn -0.0942382812 0.995605469 0.00885772705
vn 0.991210938 0.095703125 -0.0919799805
vn -0.0921020508 0.995605469 0.0188903809
vn 0.975585938 0.0949707031 -0.197875977
vn -0.0855712891 0.995605469 0.0357971191
vn 0.918945312 0.0908813477 -0.383789062
vn -0.072265625 0.995605469 0.0574645996
vn 0.78125 0.0885620117 -0.618164062
vn -0.0505371094 0.995605469 0.0765991211
vn 0.548828125 0.0853271484 -0.831542969
vn -0.0239257812 0.995605469 0.0891113281
vn 0.258056641 0.0881347656 -0.961914062
vn 0.00441741943 0.995605469 0.0919189453
vn -0.0478210449 0.0868530273 -0.995117188
vn -0.994140625 -0.100708008 0.0418395996
vn -0.447265625 -0.100646973 0.888671875
vn 0.0643920898 -0.997070312 -0.0415649414
vn 0.0954589844 -0.995605469 -0.00336837769
vn -0.994628906 -0.0958251953 0.0354614258
vn 0.095703125 -0.995605469 -0.00294113159
vn -0.995117188 -0.0955810547 0.0307312012
vn 0.0955200195 -0.995605469 -0.00294876099
vn -0.995117188 -0.0957641602 0.0306091309
vn 0.0952758789 -0.995605469 -0.00117206573
vn -0.995117188 -0.0958862305 0.0125350952
vn 0.0947875977 -0.995605469 0.00329780579
vn -0.994628906 -0.0958862305 -0.0340576172
vn 0.09375 -0.995605469 0.0112915039
vn -0.98828125 -0.0955200195 -0.117553711
vn 0.0873413086 -0.995605469 0.0293426514
vn -0.944335938 -0.0877685547 -0.317382812
vn 0.0736083984 -0.995605469 0.0552978516
vn -0.797363281 -0.0860595703 -0.597167969
vn 0.0484008789 -0.995605469 0.0771484375
vn -0.529785156 -0.0805664062 -0.844238281
vn 0.0262145996 -0.995605469 0.0902709961
vn -0.278076172 -0.0946655273 -0.956054688
vn 0.00438308716 -0.995605469 0.0919189453
vn -0.0477294922 -0.0867919922 -0.995117188
vn 0.965820312 -0.100646973 0.239501953
vn -0.0590515137 -0.997070312 -0.0513000488
vn 0.372802734 -0.100708008 0.922363281
vn 0.971679688 -0.0960083008 0.215942383
vn -0.0928344727 -0.995605469 -0.0206604004
vn 0.983398438 -0.0958251953 0.152587891
vn -0.0936279297 -0.995605469 -0.0145263672
vn 0.992675781 -0.095703125 0.0744018555
vn -0.0943603516 -0.995605469 -0.00704574585
vn 0.995605469 -0.0956420898 -0.00914764404
vn -0.0944824219 -0.995605469 0.000911712646
vn 0.991210938 -0.095703125 -0.0919799805
vn -0.0942382812 -0.995605469 0.00885772705
vn 0.975585938 -0.0949707031 -0.197875977
vn -0.0921630859 -0.995605469 0.0188903809
vn 0.918945312 -0.0909423828 -0.383789062
vn -0.0855712891 -0.995605469 0.0357971191
vn 0.78125 -0.0885620117 -0.618164062
vn -0.0723266602 -0.995605469 0.057434082
vn 0.548828125 -0.0853271484 -0.831542969
vn -0.0505371094 -0.995605469 0.0765991211
vn 0.258300781 -0.0881347656 -0.961914062
vn -0.0239562988 -0.995605469 0.0891723633
vn -0.0477294922 -0.0867919922 -0.995117188
vn 0.00438308716 -0.995605469 0.0919189453
vn 0.0282287598 0.995605469 -0.0877075195
vn -0.447265625 0.100585938 0.888671875
vn 0.0643920898 0.997070312 -0.0415344238
vn -0.305664062 0.0873413086 0.948242188
vn 0.00222969055 0.995605469 -0.0926513672
vn -0.024307251 0.0902709961 0.995605469
vn -0.0225219727 0.995605469 -0.0897216797
vn 0.242675781 0.0894165039 0.965820312
vn -0.0590515137 0.997070312 -0.0513000488
vn 0.372802734 0.100708008 0.922363281
vn -0.305664062 -0.0873413086 0.948242188
vn 0.0643920898 -0.997070312 -0.0415649414
vn -0.447265625 -0.100646973 0.888671875
vn 0.0282287598 -0.995605469 -0.0877075195
vn -0.0243225098 -0.0902709961 0.995605469
vn 0.00229072571 -0.995605469 -0.0926513672
vn 0.242675781 -0.0894165039 0.965820312
vn -0.0225067139 -0.995605469 -0.0897216797
vn 0.372802734 -0.100708008 0.922363281
vn -0.0590515137 -0.997070312 -0.0513000488
g Knife_0
f 3/3/3 2/2/2 1/1/1
f 4/4/4 2/2/2 3/3/3
f 5/5/5 4/4/4 3/3/3
f 6/6/6 4/4/4 5/5/5
f 7/7/7 6/6/6 5/5/5
f 8/8/8 6/6/6 7/7/7
f 9/9/9 8/8/8 7/7/7
f 10/10/10 8/8/8 9/9/9
f 11/11/11 10/10/10 9/9/9
f 12/12/12 10/10/10 11/11/11
f 13/13/13 12/12/12 11/11/11
f 14/14/14 12/12/12 13/13/13
f 15/15/15 14/14/14 13/13/13
f 16/16/16 14/14/14 15/15/15
f 17/17/17 16/16/16 15/15/15
f 18/18/18 16/16/16 17/17/17
f 19/19/19 18/18/18 17/17/17
f 20/20/20 18/18/18 19/19/19
f 21/21/21 20/20/20 19/19/19
f 22/22/22 20/20/20 21/21/21
f 23/23/23 22/22/22 21/21/21
f 24/24/24 22/22/22 23/23/23
f 25/25/25 24/24/24 23/23/23
f 26/26/26 24/24/24 25/25/25
f 27/27/27 26/26/26 25/25/25
f 28/28/28 26/26/26 27/27/27
f 29/29/29 28/28/28 27/27/27
f 30/30/30 28/28/28 29/29/29
f 31/31/31 30/30/30 29/29/29
f 32/32/32 30/30/30 31/31/31
f 33/33/33 32/32/32 31/31/31
f 34/34/34 32/32/32 33/33/33
f 35/35/35 34/34/34 33/33/33
f 36/36/36 34/34/34 35/35/35
f 37/37/37 36/36/36 35/35/35
f 38/38/38 36/36/36 37/37/37
f 39/39/39 38/38/38 37/37/37
f 40/40/40 38/38/38 39/39/39
f 41/41/41 40/40/40 39/39/39
f 42/42/42 40/40/40 41/41/41
f 43/43/43 42/42/42 41/41/41
f 44/44/44 42/42/42 43/43/43
f 45/45/45 44/44/44 43/43/43
f 46/46/46 44/44/44 45/45/45
f 47/47/47 46/46/46 45/45/45
f 48/48/48 46/46/46 47/47/47
f 49/49/49 48/48/48 47/47/47
f 50/50/50 48/48/48 49/49/49
f 51/51/51 50/50/50 49/49/49
f 52/52/52 50/50/50 51/51/51
f 53/53/53 52/52/52 51/51/51
f 54/54/54 52/52/52 53/53/53
f 55/55/55 54/54/54 53/53/53
f 56/56/56 54/54/54 55/55/55
f 57/57/57 56/56/56 55/55/55
f 58/58/58 56/56/56 57/57/57
f 59/59/59 58/58/58 57/57/57
f 60/60/60 58/58/58 59/59/59
f 61/61/61 60/60/60 59/59/59
f 62/62/62 60/60/60 61/61/61
f 63/63/63 62/62/62 61/61/61
f 64/64/64 62/62/62 63/63/63
f 65/65/65 64/64/64 63/63/63
f 66/66/66 64/64/64 65/65/65
f 67/67/67 66/66/66 65/65/65
f 68/68/68 66/66/66 67/67/67
f 69/69/69 68/68/68 67/67/67
f 70/70/70 68/68/68 69/69/69
f 71/71/71 70/70/70 69/69/69
f 72/72/72 70/70/70 71/71/71
f 73/73/73 72/72/72 71/71/71
f 74/74/74 72/72/72 73/73/73
f 77/77/77 76/76/76 75/75/75
f 78/78/78 77/77/77 75/75/75
f 78/78/78 79/79/79 77/77/77
f 79/79/79 80/80/80 77/77/77
f 80/80/80 79/79/79 81/81/81
f 79/79/79 82/82/82 81/81/81
f 83/83/83 81/81/81 82/82/82
f 84/84/84 81/81/81 83/83/83
f 85/85/85 84/84/84 83/83/83
f 86/86/86 84/84/84 85/85/85
f 87/87/87 86/86/86 85/85/85
f 88/88/88 86/86/86 87/87/87
f 89/89/89 88/88/88 87/87/87
f 90/90/90 88/88/88 89/89/89
f 91/91/91 90/90/90 89/89/89
f 92/92/92 90/90/90 91/91/91
f 93/93/93 92/92/92 91/91/91
f 94/94/94 92/92/92 93/93/93
f 95/95/95 94/94/94 93/93/93
f 96/96/96 94/94/94 95/95/95
f 97/97/97 96/96/96 95/95/95
f 98/98/98 96/96/96 97/97/97
f 99/99/99 98/98/98 97/97/97
f 102/102/102 101/101/101 100/100/100
f 100/100/100 101/101/101 103/103/103
f 104/104/104 100/100/100 103/103/103
f 105/105/105 104/104/104 103/103/103
f 101/101/101 106/106/106 103/103/103
f 107/107/107 105/105/105 103/103/103
f 103/103/103 106/106/106 108/108/108
f 107/107/107 103/103/103 108/108/108
f 106/106/106 109/109/109 108/108/108
f 110/110/110 107/107/107 108/108/108
f 108/108/108 109/109/109 111/111/111
f 110/110/110 108/108/108 111/111/111
f 109/109/109 112/112/112 111/111/111
f 113/113/113 110/110/110 111/111/111
f 111/111/111 112/112/112 114/114/114
f 113/113/113 111/111/111 114/114/114
f 112/112/112 115/115/115 114/114/114
f 116/116/116 113/113/113 114/114/114
f 114/114/114 115/115/115 117/117/117
f 116/116/116 114/114/114 117/117/117
f 115/115/115 118/118/118 117/117/117
f 116/116/116 117/117/117 119/119/119
f 117/117/117 118/118/118 119/119/119
f 120/120/120 116/116/116 119/119/119
f 118/118/118 121/121/121 119/119/119
f 122/122/122 120/120/120 119/119/119
f 119/119/119 121/121/121 123/123/123
f 122/122/122 119/119/119 123/123/123
f 121/121/121 124/124/124 123/123/123
f 125/125/125 122/122/122 123/123/123
f 123/123/123 124/124/124 126/126/126
f 125/125/125 123/123/123 126/126/126
f 124/124/124 127/127/127 126/126/126
f 128/128/128 125/125/125 126/126/126
f 126/126/126 127/127/127 129/129/129
f 128/128/128 126/126/126 129/129/129
f 127/127/127 130/130/130 129/129/129
f 131/131/131 128/128/128 129/129/129
f 129/129/129 130/130/130 132/132/132
f 131/131/131 129/129/129 132/132/132
f 130/130/130 133/133/133 132/132/132
f 134/134/134 131/131/131 132/132/132
f 132/132/132 133/133/133 135/135/135
f 134/134/134 132/132/132 135/135/135
f 133/133/133 136/136/136 135/135/135
f 135/135/135 136/136/136 137/137/137
f 136/136/136 138/138/138 137/137/137
f 139/139/139 134/134/134 135/135/135
f 139/139/139 135/135/135 137/137/137
f 137/137/137 138/138/138 140/140/140
f 138/138/138 141/141/141 140/140/140
f 139/139/139 142/142/142 134/134/134
f 142/142/142 143/143/143 134/134/134
f 144/144/144 142/142/142 139/139/139
f 145/145/145 139/139/139 137/137/137
f 145/145/145 144/144/144 139/139/139
f 145/145/145 137/137/137 140/140/140
f 146/146/146 144/144/144 145/145/145
f 147/147/147 146/146/146 145/145/145
f 147/147/147 145/145/145 140/140/140
f 148/148/148 146/146/146 147/147/147
f 140/140/140 141/141/141 149/149/149
f 147/147/147 140/140/140 149/149/149
f 141/141/141 150/150/150 149/149/149
f 149/149/149 150/150/150 151/151/151
f 147/147/147 149/149/149 151/151/151
f 150/150/150 152/152/152 151/151/151
f 153/153/153 148/148/148 147/147/147
f 153/153/153 147/147/147 151/151/151
f 154/154/154 148/148/148 153/153/153
f 151/151/151 152/152/152 155/155/155
f 153/153/153 151/151/151 155/155/155
f 152/152/152 156/156/156 155/155/155
f 157/157/157 154/154/154 153/153/153
f 157/157/157 153/153/153 155/155/155
f 158/158/158 154/154/154 157/157/157
f 155/155/155 156/156/156 159/159/159
f 157/157/157 155/155/155 159/159/159
f 156/156/156 160/160/160 159/159/159
f 161/161/161 158/158/158 157/157/157
f 161/161/161 157/157/157 159/159/159
f 162/162/162 158/158/158 161/161/161
f 159/159/159 160/160/160 163/163/163
f 161/161/161 159/159/159 163/163/163
f 160/160/160 164/164/164 163/163/163
f 165/165/165 162/162/162 161/161/161
f 165/165/165 161/161/161 163/163/163
f 166/166/166 162/162/162 165/165/165
f 167/167/167 166/166/166 165/165/165
f 167/167/167 165/165/165 163/163/163
f 168/168/168 166/166/166 167/167/167
f 169/169/169 168/168/168 167/167/167
f 163/163/163 164/164/164 170/170/170
f 167/167/167 163/163/163 170/170/170
f 164/164/164 171/171/171 170/170/170
f 171/171/171 172/172/172 170/170/170
f 173/173/173 169/169/169 167/167/167
f 173/173/173 167/167/167 170/170/170
f 174/174/174 169/169/169 173/173/173
f 170/170/170 172/172/172 175/175/175
f 173/173/173 170/170/170 175/175/175
f 172/172/172 176/176/176 175/175/175
f 177/177/177 174/174/174 173/173/173
f 177/177/177 173/173/173 175/175/175
f 178/178/178 174/174/174 177/177/177
f 175/175/175 176/176/176 179/179/179
f 177/177/177 175/175/175 179/179/179
f 176/176/176 180/180/180 179/179/179
f 181/181/181 178/178/178 177/177/177
f 179/179/179 181/181/181 177/177/177
f 180/180/180 178/178/178 181/181/181
f 179/179/179 180/180/180 181/181/181
f 184/184/184 183/183/183 182/182/182
f 185/185/185 182/182/182 183/183/183
f 182/182/182 185/185/185 186/186/186
f 185/185/185 187/187/187 186/186/186
f 186/186/186 187/187/187 188/188/188
f 187/187/187 189/189/189 188/188/188
f 188/188/188 189/189/189 190/190/190
f 189/189/189 191/191/191 190/190/190
f 190/190/190 191/191/191 192/192/192
f 191/191/191 193/193/193 192/192/192
f 192/192/192 193/193/193 194/194/194
f 193/193/193 195/195/195 194/194/194
f 194/194/194 195/195/195 196/196/196
f 195/195/195 197/197/197 196/196/196
f 196/196/196 197/197/197 198/198/198
f 197/197/197 199/199/199 198/198/198
f 198/198/198 199/199/199 200/200/200
f 199/199/199 201/201/201 200/200/200
f 200/200/200 201/201/201 202/202/202
f 201/201/201 203/203/203 202/202/202
f 202/202/202 203/203/203 204/204/204
f 205/205/205 202/202/202 204/204/204
f 206/206/206 205/205/205 204/204/204
f 205/205/205 206/206/206 207/207/207
f 206/206/206 208/208/208 207/207/207
f 211/211/211 210/210/210 209/209/209
f 209/209/209 210/210/210 212/212/212
f 210/210/210 213/213/213 212/212/212
f 213/213/213 210/210/210 214/214/214
f 213/213/213 214/214/214 215/215/215
f 212/212/212 213/213/213 216/216/216
f 213/213/213 215/215/215 217/217/217
f 213/213/213 218/218/218 216/216/216
f 218/218/218 213/213/213 217/217/217
f 216/216/216 218/218/218 219/219/219
f 218/218/218 217/217/217 220/220/220
f 218/218/218 221/221/221 219/219/219
f 221/221/221 218/218/218 220/220/220
f 219/219/219 221/221/221 222/222/222
f 221/221/221 220/220/220 223/223/223
f 221/221/221 224/224/224 222/222/222
f 224/224/224 221/221/221 223/223/223
f 222/222/222 224/224/224 225/225/225
f 224/224/224 223/223/223 226/226/226
f 224/224/224 227/227/227 225/225/225
f 227/227/227 224/224/224 226/226/226
f 225/225/225 227/227/227 228/228/228
f 229/229/229 227/227/227 226/226/226
f 227/227/227 229/229/229 228/228/228
f 229/229/229 226/226/226 230/230/230
f 228/228/228 229/229/229 231/231/231
f 229/229/229 230/230/230 232/232/232
f 229/229/229 233/233/233 231/231/231
f 233/233/233 229/229/229 232/232/232
f 231/231/231 233/233/233 234/234/234
f 233/233/233 232/232/232 235/235/235
f 233/233/233 236/236/236 234/234/234
f 236/236/236 233/233/233 235/235/235
f 234/234/234 236/236/236 237/237/237
f 236/236/236 235/235/235 238/238/238
f 236/236/236 239/239/239 237/237/237
f 239/239/239 236/236/236 238/238/238
f 237/237/237 239/239/239 240/240/240
f 239/239/239 238/238/238 241/241/241
f 239/239/239 242/242/242 240/240/240
f 242/242/242 239/239/239 241/241/241
f 240/240/240 242/242/242 243/243/243
f 242/242/242 241/241/241 244/244/244
f 242/242/242 245/245/245 243/243/243
f 245/245/245 242/242/242 244/244/244
f 243/243/243 245/245/245 246/246/246
f 245/245/245 244/244/244 247/247/247
f 247/247/247 244/244/244 248/248/248
f 249/249/249 247/247/247 248/248/248
f 245/245/245 250/250/250 246/246/246
f 250/250/250 245/245/245 247/247/247
f 246/246/246 250/250/250 251/251/251
f 252/252/252 247/247/247 249/249/249
f 250/250/250 247/247/247 252/252/252
f 253/253/253 252/252/252 249/249/249
f 250/250/250 254/254/254 251/251/251
f 254/254/254 250/250/250 252/252/252
f 251/251/251 254/254/254 255/255/255
f 256/256/256 252/252/252 253/253/253
f 254/254/254 252/252/252 256/256/256
f 257/257/257 256/256/256 253/253/253
f 254/254/254 258/258/258 255/255/255
f 258/258/258 254/254/254 256/256/256
f 255/255/255 258/258/258 259/259/259
f 258/258/258 260/260/260 259/259/259
f 260/260/260 258/258/258 256/256/256
f 259/259/259 260/260/260 261/261/261
f 262/262/262 256/256/256 257/257/257
f 260/260/260 256/256/256 262/262/262
f 263/263/263 262/262/262 257/257/257
f 260/260/260 264/264/264 261/261/261
f 264/264/264 260/260/260 262/262/262
f 261/261/261 264/264/264 265/265/265
f 266/266/266 262/262/262 263/263/263
f 264/264/264 262/262/262 266/266/266
f 267/267/267 266/266/266 263/263/263
f 268/268/268 266/266/266 267/267/267
f 264/264/264 266/266/266 268/268/268
f 269/269/269 268/268/268 267/267/267
f 264/264/264 270/270/270 265/265/265
f 270/270/270 264/264/264 268/268/268
f 265/265/265 270/270/270 271/271/271
f 272/272/272 268/268/268 269/269/269
f 270/270/270 268/268/268 272/272/272
f 273/273/273 272/272/272 269/269/269
f 270/270/270 274/274/274 271/271/271
f 274/274/274 270/270/270 272/272/272
f 271/271/271 274/274/274 275/275/275
f 276/276/276 272/272/272 273/273/273
f 274/274/274 272/272/272 276/276/276
f 277/277/277 276/276/276 273/273/273
f 278/278/278 276/276/276 277/277/277
f 274/274/274 279/279/279 275/275/275
f 279/279/279 274/274/274 276/276/276
f 275/275/275 279/279/279 280/280/280
f 280/280/280 279/279/279 281/281/281
f 282/282/282 276/276/276 278/278/278
f 279/279/279 276/276/276 282/282/282
f 283/283/283 282/282/282 278/278/278
f 279/279/279 284/284/284 281/281/281
f 284/284/284 279/279/279 282/282/282
f 281/281/281 284/284/284 285/285/285
f 286/286/286 282/282/282 283/283/283
f 284/284/284 282/282/282 286/286/286
f 287/287/287 286/286/286 283/283/283
f 284/284/284 288/288/288 285/285/285
f 288/288/288 284/284/284 286/286/286
f 285/285/285 288/288/288 289/289/289
f 290/290/290 286/286/286 287/287/287
f 289/289/289 290/290/290 287/287/287
f 286/286/286 290/290/290 288/288/288
f 288/288/288 290/290/290 289/289/289
f 293/293/293 292/292/292 291/291/291
f 294/294/294 293/293/293 291/291/291
g Knife_1
f 297/297/297 296/296/296 295/295/295
f 298/298/298 297/297/297 295/295/295
f 299/299/299 297/297/297 298/298/298
f 300/300/300 299/299/299 298/298/298
f 301/301/301 299/299/299 300/300/300
f 302/302/302 301/301/301 300/300/300
f 303/303/303 301/301/301 302/302/302
f 304/304/304 303/303/303 302/302/302
f 305/305/305 303/303/303 304/304/304
f 306/306/306 305/305/305 304/304/304
f 307/307/307 305/305/305 306/306/306
f 308/308/308 307/307/307 306/306/306
f 309/309/309 307/307/307 308/308/308
f 310/310/310 309/309/309 308/308/308
f 311/311/311 309/309/309 310/310/310
f 312/312/312 311/311/311 310/310/310
f 313/313/313 311/311/311 312/312/312
f 314/314/314 313/313/313 312/312/312
f 315/315/315 313/313/313 314/314/314
f 316/316/316 315/315/315 314/314/314
f 317/317/317 315/315/315 316/316/316
f 318/318/318 317/317/317 316/316/316
f 321/321/321 320/320/320 319/319/319
f 319/319/319 322/322/322 321/321/321
f 319/319/319 323/323/323 322/322/322
f 323/323/323 324/324/324 322/322/322
f 323/323/323 325/325/325 324/324/324
f 325/325/325 326/326/326 324/324/324
f 326/326/326 327/327/327 324/324/324
f 327/327/327 326/326/326 328/328/328
f 329/329/329 327/327/327 328/328/328
f 329/329/329 328/328/328 330/330/330
f 331/331/331 329/329/329 330/330/330
f 331/331/331 330/330/330 332/332/332
f 333/333/333 331/331/331 332/332/332
f 333/333/333 332/332/332 334/334/334
f 335/335/335 333/333/333 334/334/334
f 335/335/335 334/334/334 336/336/336
f 337/337/337 335/335/335 336/336/336
f 337/337/337 336/336/336 338/338/338
f 339/339/339 337/337/337 338/338/338
f 339/339/339 338/338/338 340/340/340
f 340/340/340 341/341/341 339/339/339
f 340/340/340 342/342/342 341/341/341
f 342/342/342 343/343/343 341/341/341
f 342/342/342 344/344/344 343/343/343
f 347/347/347 346/346/346 345/345/345
f 348/348/348 347/347/347 345/345/345
f 349/349/349 347/347/347 348/348/348
f 350/350/350 349/349/349 348/348/348
f 351/351/351 349/349/349 350/350/350
f 352/352/352 351/351/351 350/350/350
f 353/353/353 351/351/351 352/352/352
f 354/354/354 353/353/353 352/352/352
f 357/357/357 356/356/356 355/355/355
f 358/358/358 357/357/357 355/355/355
f 359/359/359 357/357/357 358/358/358
f 360/360/360 359/359/359 358/358/358
f 361/361/361 359/359/359 360/360/360
f 362/362/362 361/361/361 360/360/360
f 363/363/363 361/361/361 362/362/362
f 364/364/364 363/363/363 362/362/362
f 365/365/365 363/363/363 364/364/364
f 366/366/366 365/365/365 364/364/364
f 367/367/367 365/365/365 366/366/366
f 368/368/368 367/367/367 366/366/366
f 369/369/369 367/367/367 368/368/368
f 370/370/370 369/369/369 368/368/368
f 371/371/371 369/369/369 370/370/370
f 372/372/372 371/371/371 370/370/370
f 373/373/373 371/371/371 372/372/372
f 374/374/374 373/373/373 372/372/372
f 375/375/375 373/373/373 374/374/374
f 376/376/376 375/375/375 374/374/374
f 377/377/377 375/375/375 376/376/376
f 378/378/378 377/377/377 376/376/376
f 377/377/377 378/378/378 379/379/379
f 380/380/380 377/377/377 379/379/379
f 383/383/383 382/382/382 381/381/381
f 384/384/384 381/381/381 382/382/382
f 385/385/385 384/384/384 382/382/382
f 386/386/386 384/384/384 385/385/385
f 387/387/387 386/386/386 385/385/385
f 388/388/388 386/386/386 387/387/387
f 389/389/389 388/388/388 387/387/387
f 390/390/390 388/388/388 389/389/389
f 391/391/391 390/390/390 389/389/389
f 392/392/392 390/390/390 391/391/391
f 393/393/393 392/392/392 391/391/391
f 394/394/394 392/392/392 393/393/393
f 395/395/395 394/394/394 393/393/393
f 396/396/396 394/394/394 395/395/395
f 397/397/397 396/396/396 395/395/395
f 398/398/398 396/396/396 397/397/397
f 399/399/399 398/398/398 397/397/397
f 400/400/400 398/398/398 399/399/399
f 401/401/401 400/400/400 399/399/399
f 402/402/402 400/400/400 401/401/401
f 403/403/403 402/402/402 401/401/401
f 404/404/404 402/402/402 403/403/403
f 405/405/405 404/404/404 403/403/403
f 408/408/408 407/407/407 406/406/406
f 408/408/408 406/406/406 409/409/409
f 406/406/406 410/410/410 409/409/409
f 409/409/409 410/410/410 411/411/411
f 410/410/410 412/412/412 411/411/411
f 411/411/411 412/412/412 413/413/413
f 412/412/412 414/414/414 413/413/413
f 413/413/413 414/414/414 415/415/415
f 414/414/414 416/416/416 415/415/415
f 415/415/415 416/416/416 417/417/417
f 416/416/416 418/418/418 417/417/417
f 417/417/417 418/418/418 419/419/419
f 418/418/418 420/420/420 419/419/419
f 419/419/419 420/420/420 421/421/421
f 420/420/420 422/422/422 421/421/421
f 421/421/421 422/422/422 423/423/423
f 422/422/422 424/424/424 423/423/423
f 423/423/423 424/424/424 425/425/425
f 424/424/424 426/426/426 425/425/425
f 425/425/425 426/426/426 427/427/427
f 426/426/426 428/428/428 427/427/427
f 427/427/427 428/428/428 429/429/429
f 428/428/428 430/430/430 429/429/429
f 433/433/433 432/432/432 431/431/431
f 434/434/434 433/433/433 431/431/431
f 435/435/435 434/434/434 431/431/431
f 436/436/436 434/434/434 435/435/435
f 437/437/437 436/436/436 435/435/435
f 438/438/438 436/436/436 437/437/437
f 439/439/439 438/438/438 437/437/437
f 440/440/440 438/438/438 439/439/439
f 441/441/441 440/440/440 439/439/439
f 442/442/442 440/440/440 441/441/441
f 443/443/443 442/442/442 441/441/441
f 444/444/444 442/442/442 443/443/443
f 445/445/445 444/444/444 443/443/443
f 446/446/446 444/444/444 445/445/445
f 447/447/447 446/446/446 445/445/445
f 448/448/448 446/446/446 447/447/447
f 449/449/449 448/448/448 447/447/447
f 450/450/450 448/448/448 449/449/449
f 451/451/451 450/450/450 449/449/449
f 452/452/452 450/450/450 451/451/451
f 453/453/453 452/452/452 451/451/451
f 454/454/454 452/452/452 453/453/453
f 455/455/455 454/454/454 453/453/453
f 458/458/458 457/457/457 456/456/456
f 456/456/456 457/457/457 459/459/459
f 457/457/457 460/460/460 459/459/459
f 459/459/459 460/460/460 461/461/461
f 460/460/460 462/462/462 461/461/461
f 461/461/461 462/462/462 463/463/463
f 462/462/462 464/464/464 463/463/463
f 463/463/463 464/464/464 465/465/465
f 464/464/464 466/466/466 465/465/465
f 465/465/465 466/466/466 467/467/467
f 466/466/466 468/468/468 467/467/467
f 467/467/467 468/468/468 469/469/469
f 468/468/468 470/470/470 469/469/469
f 469/469/469 470/470/470 471/471/471
f 470/470/470 472/472/472 471/471/471
f 471/471/471 472/472/472 473/473/473
f 472/472/472 474/474/474 473/473/473
f 473/473/473 474/474/474 475/475/475
f 474/474/474 476/476/476 475/475/475
f 475/475/475 476/476/476 477/477/477
f 476/476/476 478/478/478 477/477/477
f 477/477/477 478/478/478 479/479/479
f 478/478/478 480/480/480 479/479/479
f 483/483/483 482/482/482 481/481/481
f 482/482/482 484/484/484 481/481/481
f 481/481/481 484/484/484 485/485/485
f 484/484/484 486/486/486 485/485/485
f 485/485/485 486/486/486 487/487/487
f 486/486/486 488/488/488 487/487/487
f 487/487/487 488/488/488 489/489/489
f 488/488/488 490/490/490 489/489/489
f 493/493/493 492/492/492 491/491/491
f 492/492/492 494/494/494 491/491/491
f 491/491/491 494/494/494 495/495/495
f 494/494/494 496/496/496 495/495/495
f 495/495/495 496/496/496 497/497/497
f 496/496/496 498/498/498 497/497/497
f 497/497/497 498/498/498 499/499/499
f 498/498/498 500/500/500 499/499/499
f 502/502/502 501/501/501 295/295/295
f 503/503/503 502/502/502 295/295/295
f 506/506/506 505/505/505 504/504/504
f 507/507/507 506/506/506 504/504/504
f 507/507/507 504/504/504 508/508/508
f 509/509/509 507/507/507 508/508/508
f 508/508/508 510/510/510 509/509/509
f 511/511/511 509/509/509 510/510/510
f 512/512/512 511/511/511 510/510/510
f 513/513/513 511/511/511 512/512/512
f 514/514/514 513/513/513 512/512/512
f 515/515/515 513/513/513 514/514/514
f 516/516/516 515/515/515 514/514/514
f 517/517/517 515/515/515 516/516/516
f 518/518/518 517/517/517 516/516/516
f 519/519/519 517/517/517 518/518/518
f 520/520/520 519/519/519 518/518/518
f 521/521/521 519/519/519 520/520/520
f 522/522/522 521/521/521 520/520/520
f 523/523/523 521/521/521 522/522/522
f 523/523/523 522/522/522 524/524/524
f 523/523/523 524/524/524 525/525/525
f 526/526/526 523/523/523 525/525/525
f 526/526/526 525/525/525 527/527/527
f 528/528/528 526/526/526 527/527/527
f 527/527/527 529/529/529 528/528/528
f 532/532/532 531/531/531 530/530/530
f 533/533/533 532/532/532 530/530/530
f 534/534/534 532/532/532 533/533/533
f 535/535/535 534/534/534 533/533/533
f 536/536/536 534/534/534 535/535/535
f 537/537/537 536/536/536 535/535/535
f 538/538/538 536/536/536 537/537/537
f 539/539/539 538/538/538 537/537/537
f 542/542/542 541/541/541 540/540/540
f 541/541/541 543/543/543 540/540/540
f 540/540/540 543/543/543 544/544/544
f 543/543/543 545/545/545 544/544/544
f 544/544/544 545/545/545 546/546/546
f 545/545/545 547/547/547 546/546/546
f 546/546/546 547/547/547 548/548/548
f 547/547/547 549/549/549 548/548/548
f 548/548/548 549/549/549 550/550/550
f 549/549/549 551/551/551 550/550/550
f 550/550/550 551/551/551 552/552/552
f 551/551/551 553/553/553 552/552/552
f 552/552/552 553/553/553 554/554/554
f 553/553/553 555/555/555 554/554/554
f 554/554/554 555/555/555 556/556/556
f 555/555/555 557/557/557 556/556/556
f 556/556/556 557/557/557 558/558/558
f 557/557/557 559/559/559 558/558/558
f 558/558/558 559/559/559 560/560/560
f 559/559/559 561/561/561 560/560/560
f 560/560/560 561/561/561 562/562/562
f 561/561/561 563/563/563 562/562/562
f 563/563/563 565/565/565 564/564/564
f 565/565/565 566/566/566 564/564/564
f 569/569/569 568/568/568 567/567/567
f 570/570/570 569/569/569 567/567/567
f 571/571/571 569/569/569 570/570/570
f 572/572/572 571/571/571 570/570/570
f 573/573/573 571/571/571 572/572/572
f 574/574/574 573/573/573 572/572/572
f 575/575/575 573/573/573 574/574/574
f 576/576/576 575/575/575 574/574/574
f 577/577/577 575/575/575 576/576/576
f 578/578/578 577/577/577 576/576/576
f 579/579/579 577/577/577 578/578/578
f 580/580/580 579/579/579 578/578/578
f 581/581/581 579/579/579 580/580/580
f 582/582/582 581/581/581 580/580/580
f 583/583/583 581/581/581 582/582/582
f 584/584/584 583/583/583 582/582/582
f 585/585/585 583/583/583 584/584/584
f 586/586/586 585/585/585 584/584/584
f 587/587/587 585/585/585 586/586/586
f 588/588/588 587/587/587 586/586/586
f 589/589/589 587/587/587 588/588/588
f 590/590/590 589/589/589 588/588/588
f 589/589/589 590/590/590 591/591/591
f 592/592/592 589/589/589 591/591/591
f 595/595/595 594/594/594 593/593/593
f 596/596/596 593/593/593 594/594/594
f 597/597/597 596/596/596 594/594/594
f 598/598/598 596/596/596 597/597/597
f 599/599/599 598/598/598 597/597/597
f 600/600/600 598/598/598 599/599/599
f 601/601/601 600/600/600 599/599/599
f 602/602/602 600/600/600 601/601/601
f 603/603/603 602/602/602 601/601/601
f 604/604/604 602/602/602 603/603/603
f 605/605/605 604/604/604 603/603/603
f 606/606/606 604/604/604 605/605/605
f 607/607/607 606/606/606 605/605/605
f 608/608/608 606/606/606 607/607/607
f 609/609/609 608/608/608 607/607/607
f 610/610/610 608/608/608 609/609/609
f 611/611/611 610/610/610 609/609/609
f 612/612/612 610/610/610 611/611/611
f 613/613/613 612/612/612 611/611/611
f 614/614/614 612/612/612 613/613/613
f 615/615/615 614/614/614 613/613/613
f 616/616/616 614/614/614 615/615/615
f 617/617/617 616/616/616 615/615/615
f 620/620/620 619/619/619 618/618/618
f 620/620/620 618/618/618 621/621/621
f 618/618/618 622/622/622 621/621/621
f 621/621/621 622/622/622 623/623/623
f 622/622/622 624/624/624 623/623/623
f 623/623/623 624/624/624 625/625/625
f 624/624/624 626/626/626 625/625/625
f 625/625/625 626/626/626 627/627/627
f 626/626/626 628/628/628 627/627/627
f 627/627/627 628/628/628 629/629/629
f 628/628/628 630/630/630 629/629/629
f 629/629/629 630/630/630 631/631/631
f 630/630/630 632/632/632 631/631/631
f 631/631/631 632/632/632 633/633/633
f 632/632/632 634/634/634 633/633/633
f 633/633/633 634/634/634 635/635/635
f 634/634/634 636/636/636 635/635/635
f 635/635/635 636/636/636 637/637/637
f 636/636/636 638/638/638 637/637/637
f 637/637/637 638/638/638 639/639/639
f 638/638/638 640/640/640 639/639/639
f 639/639/639 640/640/640 641/641/641
f 640/640/640 642/642/642 641/641/641
f 645/645/645 644/644/644 643/643/643
f 646/646/646 645/645/645 643/643/643
f 647/647/647 646/646/646 643/643/643
f 648/648/648 646/646/646 647/647/647
f 649/649/649 648/648/648 647/647/647
f 650/650/650 648/648/648 649/649/649
f 651/651/651 650/650/650 649/649/649
f 652/652/652 650/650/650 651/651/651
f 653/653/653 652/652/652 651/651/651
f 654/654/654 652/652/652 653/653/653
f 655/655/655 654/654/654 653/653/653
f 656/656/656 654/654/654 655/655/655
f 657/657/657 656/656/656 655/655/655
f 658/658/658 656/656/656 657/657/657
f 659/659/659 658/658/658 657/657/657
f 660/660/660 658/658/658 659/659/659
f 661/661/661 660/660/660 659/659/659
f 662/662/662 660/660/660 661/661/661
f 663/663/663 662/662/662 661/661/661
f 664/664/664 662/662/662 663/663/663
f 665/665/665 664/664/664 663/663/663
f 666/666/666 664/664/664 665/665/665
f 667/667/667 666/666/666 665/665/665
f 670/670/670 669/669/669 668/668/668
f 668/668/668 669/669/669 671/671/671
f 669/669/669 672/672/672 671/671/671
f 671/671/671 672/672/672 673/673/673
f 672/672/672 674/674/674 673/673/673
f 673/673/673 674/674/674 675/675/675
f 674/674/674 676/676/676 675/675/675
f 675/675/675 676/676/676 677/677/677
f 676/676/676 678/678/678 677/677/677
f 677/677/677 678/678/678 679/679/679
f 678/678/678 680/680/680 679/679/679
f 679/679/679 680/680/680 681/681/681
f 680/680/680 682/682/682 681/681/681
f 681/681/681 682/682/682 683/683/683
f 682/682/682 684/684/684 683/683/683
f 683/683/683 684/684/684 685/685/685
f 684/684/684 686/686/686 685/685/685
f 685/685/685 686/686/686 687/687/687
f 686/686/686 688/688/688 687/687/687
f 687/687/687 688/688/688 689/689/689
f 688/688/688 690/690/690 689/689/689
f 689/689/689 690/690/690 691/691/691
f 690/690/690 692/692/692 691/691/691
f 695/695/695 694/694/694 693/693/693
f 694/694/694 696/696/696 693/693/693
f 693/693/693 696/696/696 697/697/697
f 696/696/696 698/698/698 697/697/697
f 697/697/697 698/698/698 699/699/699
f 698/698/698 700/700/700 699/699/699
f 699/699/699 700/700/700 701/701/701
f 700/700/700 702/702/702 701/701/701
f 705/705/705 704/704/704 703/703/703
f 704/704/704 706/706/706 703/703/703
f 703/703/703 706/706/706 707/707/707
f 706/706/706 708/708/708 707/707/707
f 707/707/707 708/708/708 709/709/709
f 708/708/708 710/710/710 709/709/709
f 709/709/709 710/710/710 711/711/711
f 710/710/710 712/712/712 711/711/711
