g S_Cat
v 0.0192829669 0.243817478 -0.511428952
v 0.0170270205 0.218663573 -0.500528634
v 0.0129304826 0.246066317 -0.491912425
v 0.0232295077 0.219436139 -0.519021153
v 0.0293732285 0.218955696 -0.53663373
v 0.0275257826 0.195703506 -0.527318358
v 0.0251968801 0.240716144 -0.530381799
v 0.0218659043 0.190801904 -0.510081768
v 0.0295077842 0.237435639 -0.548168242
v 0.0274908543 0.168712825 -0.520049214
v 0.0337182879 0.21810323 -0.553830802
v 0.0312541425 0.217394978 -0.569764376
v 0.0391079448 0.199096769 -0.560124397
v 0.0270283502 0.233873129 -0.564253449
v 0.020738272 0.23112449 -0.577714086
v 0.033823967 0.197688609 -0.543657303
v 0.0390216112 0.177776709 -0.549878299
v 0.0329312682 0.174543202 -0.534612298
v 0.0371499658 0.155646205 -0.540022254
v 0.0317225456 0.151078224 -0.526742458
v 0.0329504907 0.132537559 -0.529953957
v 0.0248662233 0.217073128 -0.583508253
v 0.0156374276 0.21717532 -0.595076025
v 0.029643029 0.202254385 -0.590308011
v 0.011354506 0.229038179 -0.588430762
v 4.4465065E-05 0.227141678 -0.596038103
v 0.0369528532 0.200644225 -0.576233685
v 0.0417785347 0.183266744 -0.582340658
v 0.0443965457 0.180429831 -0.56598568
v 0.0471629798 0.1619827 -0.5706141
v 0.0429777503 0.159006655 -0.554735303
v 0.0440963209 0.140790254 -0.558308303
v 0.0388883613 0.137226447 -0.543672681
v 0.0383278392 0.118473753 -0.546818733
v 0.0322905183 0.111644074 -0.533066869
v 0.0323895812 0.0941450596 -0.537944317
v 0.0375853777 0.0999655873 -0.549731612
v 0.0363589786 0.0813896433 -0.551306844
v 0.0421459936 0.103528395 -0.562926173
v 0.032107532 0.0790328532 -0.540816188
v 0.0313324928 0.0628384426 -0.539965212
v 0.0433061682 0.122503258 -0.560939312
v 0.0459977388 0.125731677 -0.57579124
v 0.0468980968 0.143868372 -0.573745191
v 0.0445857942 0.14712505 -0.589575529
v 0.0445885658 0.165235445 -0.587001562
v 0.0356306098 0.16851446 -0.602070212
v 0.0333546102 0.186071217 -0.596923828
v 0.021249203 0.188874617 -0.609267652
v 0.0191945136 0.204046473 -0.602126241
v 0.00632911921 0.205469087 -0.610335231
v 0.00401553512 0.216977 -0.603325725
v -0.00849044323 0.215913668 -0.607938945
v -0.0116796196 0.224978954 -0.60075438
v -0.02317065 0.222320393 -0.604016125
v -0.0208215993 0.21349971 -0.609673679
v -0.032644093 0.209563076 -0.609421849
v -0.0191800594 0.204392999 -0.614781499
v -0.0347951353 0.218975782 -0.606203914
v -0.0463139713 0.214974433 -0.606652021
v -0.0068962276 0.205970794 -0.614160955
v -0.00731673837 0.194565117 -0.619366527
v 0.00630527735 0.191512614 -0.61730516
v 0.00163853168 0.173470587 -0.623357177
v 0.0217447877 0.171434149 -0.615001559
v 0.0221539736 0.152840719 -0.61673218
v 0.0361544788 0.150354117 -0.604553998
v 0.0347674489 0.132834896 -0.60483849
v 0.0434393883 0.129364669 -0.590934515
v 0.0400325656 0.112293482 -0.590976596
v 0.0440514348 0.106878057 -0.577302098
v 0.0394697785 0.0853621662 -0.578719795
v 0.0397493541 0.0831832141 -0.563994348
v 0.0383749008 0.0612434521 -0.563107252
v 0.0354688428 0.0616974942 -0.550445437
v 0.0340169929 0.0405624807 -0.547439992
v 0.0299395602 0.045851171 -0.536630571
v 0.026227206 0.0284179654 -0.529328167
v 0.0308804791 0.0171687454 -0.541319609
v 0.0246641338 -0.00927992165 -0.531947255
v 0.0339108706 0.00955704506 -0.557705164
v 0.0193121731 0.0071419701 -0.518030882
v 0.00894638896 -0.0201336276 -0.505839825
v 0.0365248322 0.0373319387 -0.561820149
v 0.0339807272 0.0380058363 -0.578917444
v 0.0378061794 0.0622724406 -0.576214552
v 0.0344735086 0.0642649457 -0.584019125
v 0.0131907761 -0.0375282466 -0.519912243
v -0.0010459125 -0.0637097657 -0.507006586
v 0.0176698267 -0.0544505529 -0.537241876
v -0.00383472443 -0.0456584692 -0.493756831
v -0.0157206655 -0.067850396 -0.479965419
v 0.0286573768 -0.02202259 -0.550807953
v 0.0218665879 -0.0293072462 -0.57793498
v 0.030547142 0.0070222388 -0.577152669
v 0.0235246699 0.0111010298 -0.592227101
v -0.0134251118 -0.0875159428 -0.49243328
v -0.030780701 -0.108140387 -0.478274494
v -0.0120325089 -0.107034937 -0.506425619
v -0.0313261747 -0.086899437 -0.465230405
v -0.0519840419 -0.105515666 -0.446359098
v 0.00189995766 -0.0823948383 -0.521890104
v 0.000529229641 -0.103163354 -0.541694522
v 0.0147688687 -0.0711013228 -0.561320782
v -0.0113723576 -0.0810745284 -0.582612455
v -0.0519717932 -0.130633682 -0.46048823
v -0.0840741545 -0.154638618 -0.434660971
v -0.0489743315 -0.15280734 -0.479432642
v -0.0788817257 -0.124980979 -0.420443177
v -0.107830495 -0.140304357 -0.393077463
v -0.13507393 -0.17917861 -0.394921511
v -0.118275136 -0.114372611 -0.359871656
v -0.131419212 -0.118170999 -0.345172495
v -0.149222612 -0.185991153 -0.380022794
v -0.167374492 -0.210370168 -0.405463129
v -0.029363811 -0.127222449 -0.492850155
v -0.0285550635 -0.140541822 -0.506516039
v -0.0172174573 -0.125580609 -0.521970034
v -0.0395370126 -0.142304897 -0.53480351
v -0.0484194756 -0.157269686 -0.505800605
v -0.100658126 -0.187340289 -0.499796629
v -0.0239339471 -0.11542093 -0.560892522
v -0.0604529083 -0.120382704 -0.576239944
v -0.0841975361 -0.180159047 -0.461543292
v -0.172761947 -0.212862805 -0.448475629
v -0.126822531 -0.195930034 -0.435389698
v -0.153436422 -0.205897063 -0.420199454
v -0.188110724 -0.217528582 -0.433045864
v -0.226572648 -0.220137998 -0.464048177
v -0.211965516 -0.216955394 -0.479575574
v -0.241316199 -0.204760775 -0.502322972
v -0.255889535 -0.208169088 -0.487270236
v -0.325919628 -0.163645774 -0.535422146
v -0.311499029 -0.159436107 -0.549651682
v -0.384617448 -0.0894483328 -0.577241898
v -0.368580699 -0.0844718069 -0.590593398
v -0.148473546 -0.189100534 -0.529883206
v -0.120607451 -0.155206382 -0.564306855
v -0.413179845 0.0139203668 -0.622364461
v -0.431646466 0.00859964546 -0.609246314
v -0.194346309 -0.179143846 -0.548885524
v -0.0777073801 -0.154550731 -0.546041012
v -0.259670079 -0.178082094 -0.543933749
v -0.229917616 -0.15901345 -0.570900917
v -0.199987367 -0.132140011 -0.59716022
v -0.163177207 -0.146831989 -0.581300855
v -0.143477425 -0.112963438 -0.60575819
v -0.101792097 -0.119203173 -0.591617942
v -0.090145506 -0.0818367749 -0.612971544
v -0.264085442 -0.135753691 -0.588216782
v -0.0477849841 -0.0834964514 -0.599790812
v -0.0389496684 -0.0416504145 -0.617819488
v -0.00337505341 -0.0444472581 -0.598630607
v 0.000699341297 -0.0176699609 -0.60716188
v 0.0163048506 -0.00876620412 -0.595849812
v 0.0123889744 0.0022919178 -0.603369594
v -0.286918759 -0.102492839 -0.608781576
v -0.246791035 -0.0841405168 -0.628714442
v -0.321386456 -0.117369674 -0.586335659
v -0.228915319 -0.112995908 -0.611463845
v -0.206155911 -0.0965854526 -0.623453021
v -0.309864879 -0.0641301125 -0.625748754
v -0.180339605 -0.104316764 -0.616993785
v -0.172986329 -0.0734214783 -0.634760022
v -0.209601566 -0.0714489669 -0.63836813
v -0.212003037 -0.0272150766 -0.659622014
v -0.26138863 -0.0463026911 -0.646680117
v -0.274790585 -0.00438542664 -0.661608338
v -0.169950038 -0.0400613956 -0.650670588
v -0.166891903 -0.0183650851 -0.65939039
v -0.12794058 -0.0368199795 -0.642473578
v -0.132917821 -0.0771189779 -0.625521004
v -0.322748363 -0.0167650711 -0.644250274
v -0.332294673 0.0398872644 -0.660835624
v -0.366726041 -0.0301750433 -0.622512698
v -0.0836850256 -0.0440113544 -0.628088236
v -0.0808177739 -0.0131119192 -0.635789752
v -0.408157974 0.0155325532 -0.624753118
v -0.412080914 0.0169436559 -0.623721123
v -0.41525504 0.017755568 -0.622464895
v -0.466831565 0.113073498 -0.624958575
v -0.482934892 0.109358534 -0.61291182
v -0.403645396 0.127316847 -0.655227661
v -0.388998777 0.0804447383 -0.652213573
v -0.345621407 0.0915419161 -0.669206738
v -0.309023678 0.104291543 -0.681316137
v -0.345799208 0.140441492 -0.676707745
v -0.291493535 0.154236749 -0.690680861
v -0.280131936 0.133888796 -0.690466583
v -0.299120933 0.0783874243 -0.678875864
v -0.271966845 0.073449254 -0.682863057
v -0.283048064 0.0963480771 -0.685076892
v -0.284145951 0.11288327 -0.687328458
v -0.263168544 0.117902637 -0.690399528
v -0.27926448 0.0386257768 -0.67395699
v -0.237446889 0.0481435657 -0.681522608
v -0.235840142 0.00875039399 -0.671582103
v -0.215724364 0.0199171305 -0.675827563
v -0.265364796 0.0980966911 -0.687649071
v -0.242219269 0.104524247 -0.689835966
v -0.242457688 0.0800896734 -0.686715066
v -0.217548788 0.09293966 -0.688087165
v -0.260868877 0.135320976 -0.692430019
v -0.241577163 0.141218737 -0.693401337
v -0.257642925 0.147198111 -0.693658412
v -0.291493535 0.154236749 -0.690680861
v -0.251182258 0.167701393 -0.694631815
v -0.243065596 0.154288456 -0.69437623
v -0.222970024 0.163032725 -0.693562984
v -0.227664173 0.17527236 -0.694488645
v -0.205158293 0.184002593 -0.690841913
v -0.241725653 0.124539033 -0.691915512
v -0.22002703 0.133003294 -0.691534996
v -0.219330817 0.114129424 -0.690063059
v -0.198371291 0.12368466 -0.687717199
v -0.220867261 0.149267703 -0.692629933
v -0.200266391 0.15738228 -0.689207733
v -0.201935247 0.171271414 -0.689949155
v -0.182218373 0.1779598 -0.683354318
v -0.184336245 0.190603256 -0.683850825
v -0.16580537 0.195260763 -0.674866378
v -0.199369088 0.141546816 -0.688529134
v -0.180759653 0.148696497 -0.683018148
v -0.181241989 0.164199516 -0.683113337
v -0.164152175 0.169165969 -0.675401509
v -0.164447457 0.182802469 -0.6749897
v -0.148296326 0.186013192 -0.665970147
v -0.149143428 0.198447436 -0.665289342
v -0.133818999 0.20063284 -0.655793309
v -0.133325458 0.187963217 -0.656806946
v -0.119434163 0.188938916 -0.647489369
v -0.134122536 0.174142107 -0.658166051
v -0.119682871 0.202129155 -0.646405876
v -0.107167356 0.20307377 -0.636706948
v -0.148600876 0.172370657 -0.666965902
v -0.149389461 0.157117575 -0.668089271
v -0.164288819 0.153850287 -0.675937653
v -0.16401419 0.136862665 -0.676351905
v -0.179985732 0.131424248 -0.682839751
v -0.178200379 0.112938657 -0.682127833
v -0.196340621 0.10443794 -0.686456442
v -0.192274183 0.0853465423 -0.68488431
v -0.212407529 0.071622014 -0.685600638
v -0.20273903 0.0572906621 -0.683335543
v -0.215581492 0.0411747061 -0.680843592
v -0.205262318 0.0382255539 -0.680144012
v -0.149708956 0.140281633 -0.669057369
v -0.148584098 0.122138366 -0.666816235
v -0.13619031 0.14209567 -0.658483028
v -0.162588418 0.118652478 -0.676259577
v -0.159283847 0.0998617634 -0.673464775
v -0.174741909 0.0942437723 -0.681307435
v -0.169805348 0.0762020946 -0.680791974
v -0.186265349 0.0685373917 -0.683095336
v -0.180778116 0.0529546328 -0.681018114
v -0.13545464 0.158878267 -0.659758747
v -0.122167245 0.159441903 -0.650931299
v -0.195362508 0.0456306487 -0.681133151
v -0.191801503 0.0322250649 -0.678289652
v -0.120540425 0.174753055 -0.648969054
v -0.108038507 0.174286187 -0.639154077
v -0.203826383 0.0268342867 -0.677549183
v -0.200329676 0.0160790812 -0.674648106
v -0.106949009 0.189085379 -0.637735128
v -0.0958822593 0.18860957 -0.627857089
v -0.0963501111 0.203636646 -0.627039671
v -0.086559847 0.204186171 -0.618599772
v -0.205366552 0.00325983018 -0.670903146
v -0.190499797 0.00351404399 -0.670341611
v -0.190170437 0.0182087868 -0.674726546
v -0.176140606 0.0214771312 -0.674329519
v -0.18659398 -0.0117673874 -0.664615989
v -0.176208392 -0.00357529521 -0.666480601
v -0.177367002 0.0371531248 -0.678115606
v -0.161561579 0.0409192778 -0.676677287
v -0.176516473 0.00699692965 -0.6701051
v -0.162061855 0.00811307132 -0.668261886
v -0.164499015 -0.00490143895 -0.664165497
v -0.152061075 -0.00428935885 -0.661765218
v -0.164906263 0.0585548729 -0.679513931
v -0.149016544 0.0624847934 -0.676841259
v -0.1606213 0.0237176027 -0.672641039
v -0.144205809 0.0243625492 -0.669229627
v -0.144706249 -0.0145121356 -0.655982018
v -0.131609485 0.00211888552 -0.658111691
v -0.147155568 0.0072748512 -0.66468513
v -0.154234692 0.0813408941 -0.677418113
v -0.139407203 0.0850219354 -0.673484921
v -0.145191208 0.0433162674 -0.673855245
v -0.12826775 0.0450348072 -0.669149995
v -0.110308051 -0.00635695457 -0.647298217
v -0.102603033 0.0231533181 -0.651622176
v -0.126157612 0.0234457627 -0.663024604
v -0.145112082 0.103753723 -0.671176493
v -0.131147578 0.106616333 -0.666290641
v -0.133347943 0.0655268431 -0.673029363
v -0.118191265 0.0689534545 -0.667601287
v -0.111151196 0.048275128 -0.662118733
v -0.0973823518 0.0561985001 -0.654419541
v -0.135164499 0.124424569 -0.660206199
v -0.12159048 0.126132682 -0.656523883
v -0.125022665 0.088244617 -0.66876179
v -0.111307092 0.0915904343 -0.662479758
v -0.104633436 0.0737856627 -0.660484672
v -0.0930773914 0.0789554417 -0.651673198
v -0.122963883 0.142972887 -0.65046376
v -0.109853998 0.14314808 -0.645094812
v -0.1172508 0.10908135 -0.660573483
v -0.103837907 0.111143894 -0.653134048
v -0.0987384766 0.0948600918 -0.654174209
v -0.0880005807 0.0977338105 -0.644147873
v -0.109563321 0.15891315 -0.64157033
v -0.0979111642 0.157184631 -0.631832182
v -0.107942291 0.127194345 -0.649314463
v -0.0953665897 0.127446651 -0.640623331
v -0.0919924527 0.112527348 -0.643640041
v -0.0823263377 0.113117486 -0.633185029
v -0.0966109931 0.172681272 -0.628738046
v -0.0845791698 0.169505835 -0.617646933
v -0.085454911 0.188344777 -0.619079828
v -0.0755236596 0.19046317 -0.613282502
v -0.0772120655 0.205306217 -0.612647653
v -0.0676531792 0.207450077 -0.609014273
v -0.0655254424 0.193766609 -0.610024214
v -0.0550055504 0.19909507 -0.608363867
v -0.057341069 0.210896447 -0.607135117
v -0.06252563 0.178063065 -0.609926283
v -0.0737556219 0.174916491 -0.611679733
v -0.0718759894 0.161782026 -0.608576953
v -0.0439694822 0.204555601 -0.608408928
v -0.0412630439 0.194515184 -0.610958934
v -0.0518614054 0.187702209 -0.60985589
v -0.0476881526 0.179155931 -0.612048626
v -0.0305038095 0.200269982 -0.613271296
v -0.0284160972 0.191316158 -0.616815448
v -0.0383335352 0.185645729 -0.614150226
v -0.0355087519 0.177484319 -0.617162049
v -0.0183472931 0.194937319 -0.618640959
v -0.0185598731 0.187439263 -0.620817184
v -0.0259866714 0.183141261 -0.619758964
v -0.0214871448 0.175176993 -0.622451007
v -0.0114673078 0.183238611 -0.622633576
v -0.0444334112 0.172065109 -0.614365876
v -0.0427042842 0.164064556 -0.616011381
v -0.0504217707 0.16813156 -0.612393677
v -0.0326025486 0.168894589 -0.619659483
v -0.0297627728 0.158701181 -0.621339679
v -0.0158242285 0.164563388 -0.624353588
v -0.0128983855 0.150321454 -0.624450803
v -0.0549193881 0.171519905 -0.610746026
v -0.0576264858 0.161671937 -0.609581232
v -0.0508816503 0.161315382 -0.612406611
v -0.0507788919 0.152096123 -0.612151384
v 0.00442555547 0.153381109 -0.623664021
v 0.00471699238 0.13658303 -0.622085571
v -0.0414250791 0.154536694 -0.616886914
v -0.0403550565 0.143816039 -0.616707087
v -0.0644589663 0.163059652 -0.608117878
v -0.0645408928 0.151786983 -0.605203748
v -0.0278936904 0.146756649 -0.621504545
v -0.0268613696 0.13424781 -0.620355964
v 0.0212427974 0.135436833 -0.615891874
v 0.0188986361 0.119884752 -0.613168299
v -0.0581303537 0.151468769 -0.608037353
v -0.0577519499 0.141194507 -0.606675267
v -0.0119371712 0.13586694 -0.623071551
v -0.0118854344 0.122296683 -0.620386839
v -0.0502476394 0.141909406 -0.611418009
v -0.0493747257 0.131265089 -0.610388935
v 0.0313844085 0.116785303 -0.603210807
v 0.0268768352 0.102682367 -0.600559115
v 0.00374644995 0.121711135 -0.619087577
v 0.00214767456 0.108605094 -0.614818454
v -0.0393718183 0.132545561 -0.615619063
v -0.0383144319 0.121195979 -0.613975763
v 0.0157048404 0.106335007 -0.609175682
v 0.0126105547 0.0942458436 -0.605501235
v 0.0349255204 0.0966210365 -0.590437949
v 0.0302330852 0.0853591114 -0.59147048
v -0.0261627138 0.121980041 -0.618111432
v -0.0255408566 0.110219613 -0.615246892
v -0.0121646225 0.109841563 -0.61666888
v -0.0126273036 0.0980976596 -0.612909198
v 0.000417023897 0.0966437384 -0.610553265
v -0.0010625422 0.0848694518 -0.608259201
v 0.0227578878 0.0906863734 -0.598637044
v 0.0200062077 0.0798204467 -0.598016143
v 0.0103599131 0.0826641619 -0.603666306
v 0.00911256671 0.0710785389 -0.60408932
v -0.0371605419 0.109946996 -0.612150609
v -0.0363773368 0.0986291841 -0.611286879
v -0.0468524955 0.109455876 -0.608443797
v -0.0251415968 0.0986897424 -0.61273098
v -0.025314955 0.0870196298 -0.612673879
v -0.0132955015 0.0863134339 -0.611252189
v -0.0140141547 0.0743990168 -0.612896621
v -0.00202709436 0.0729563385 -0.609033823
v -0.00293388963 0.0607624128 -0.611463606
v -0.0481802225 0.120422751 -0.609289408
v -0.0556921363 0.120032944 -0.604882419
v -0.0568822622 0.130725861 -0.60564816
v -0.0633215606 0.130939171 -0.600689292
v -0.0640304387 0.141470954 -0.602527261
v -0.0700598955 0.141949445 -0.604049444
v -0.0705409795 0.151531413 -0.605685234
v -0.074236922 0.150803566 -0.608446538
v -0.0777650326 0.15744251 -0.611610591
v -0.0793106854 0.148028344 -0.615077615
v -0.073947683 0.143604219 -0.609354317
v -0.0726438016 0.133770168 -0.611027181
v -0.0690053403 0.131711662 -0.604414761
v -0.0674595237 0.121085659 -0.605853438
v -0.0874638259 0.153753087 -0.622384429
v -0.086736545 0.140134051 -0.627092242
v -0.0627584159 0.119880319 -0.599369645
v -0.0628933907 0.108208701 -0.598421216
v -0.078304708 0.136867821 -0.618472219
v -0.0767083019 0.124967821 -0.621178269
v -0.0975215435 0.142253339 -0.636252522
v -0.0848687515 0.126648083 -0.630813062
v -0.0710836798 0.122958943 -0.612786353
v -0.0695106983 0.112058543 -0.614684403
v -0.0748389214 0.112929106 -0.623161376
v -0.072820738 0.101660885 -0.624107242
v -0.0659897327 0.110522315 -0.60799551
v -0.0650822818 0.100639343 -0.610827446
v -0.0794000626 0.100054301 -0.633681536
v -0.076047197 0.0883288682 -0.632057607
v -0.0682656765 0.102140613 -0.616483986
v -0.0677220821 0.0952514037 -0.617899179
v -0.070613414 0.092269294 -0.623487771
v -0.0674978793 0.0853295475 -0.620797396
v -0.0835244134 0.0838515908 -0.641858459
v -0.0783695132 0.0717375204 -0.637277842
v -0.0652481318 0.0922101885 -0.614742279
v -0.0620022379 0.088432461 -0.609897733
v -0.0719881505 0.0786446929 -0.62856698
v -0.0666532516 0.0711604655 -0.624296188
v -0.086747624 0.0643346459 -0.646089673
v -0.0788118541 0.0519894585 -0.638797998
v -0.0621386133 0.0977665856 -0.603650928
v -0.0541163683 0.0981129035 -0.60651058
v -0.0633391142 0.0798294544 -0.616910338
v -0.0558252595 0.0771983862 -0.61601007
v -0.0718488544 0.0620200858 -0.631680071
v -0.0625911951 0.0556430519 -0.627698898
v -0.0879929811 0.0399829075 -0.64540869
v -0.0730745643 0.0295678973 -0.636747777
v -0.0545782745 0.109093271 -0.604770422
v -0.0585905015 0.066663079 -0.621876836
v -0.0488208793 0.0649215356 -0.621879995
v -0.0675337836 0.0436019599 -0.632813573
v -0.0544272028 0.0394524261 -0.630279541
v -0.0783965141 0.0115718693 -0.638425589
v -0.056814488 0.00799882412 -0.632906318
v -0.0460650325 0.0983440503 -0.609064698
v -0.0461841524 0.0873665288 -0.612218559
v -0.0515170097 0.0526763201 -0.626532435
v -0.0401519537 0.0513422079 -0.625384688
v -0.0567450523 0.0248650443 -0.632638812
v -0.0427093506 0.0239693131 -0.630333662
v -0.0519391894 -0.01293841 -0.629465342
v -0.0334999822 -0.00327520072 -0.627015471
v -0.0364252925 0.0872553959 -0.612965286
v -0.0371048711 0.0758804083 -0.616802812
v -0.0418818556 0.0378872901 -0.628610373
v -0.029905051 0.0370400995 -0.626168489
v -0.0410372019 0.0102151698 -0.630142093
v -0.0319687128 0.0138634508 -0.628213108
v -0.0192397237 -0.0155951083 -0.619409442
v -0.0112673342 0.00279073417 -0.61957109
v -0.025963515 0.0753213614 -0.61549437
v -0.0269728601 0.0632465705 -0.619353056
v -0.0311250966 0.0238833949 -0.62785852
v -0.0198932588 0.02161677 -0.624370396
v -0.0238940418 0.00841526687 -0.625497937
v 0.00262778997 0.000850170851 -0.610834241
v 0.00485438108 0.0168185905 -0.611037135
v -0.0149497986 0.0621976033 -0.616083443
v -0.0162142515 0.0492735431 -0.619452834
v -0.00753512979 0.0187676083 -0.618780136
v -0.00543305278 0.0337897167 -0.616917014
v 0.0153704882 0.0152732581 -0.60236609
v 0.0172303021 0.0312242117 -0.601389349
v -0.0178117454 0.0355992392 -0.62238884
v 0.00653624535 0.0322044268 -0.609744549
v 0.00754511356 0.0463633388 -0.607838035
v 0.0262365341 0.0316827521 -0.591694713
v 0.0259417892 0.0466418639 -0.593037367
v -0.0283931196 0.0504411608 -0.623130083
v -0.00399902463 0.0477977581 -0.614302814
v -0.0383539461 0.0640124604 -0.621237397
v -0.0470251441 0.0763943717 -0.6168769
v -0.054458946 0.0875333697 -0.610598207
v 0.00828540325 0.0591694899 -0.605788529
v 0.0179396868 0.0578814857 -0.599524736
v 0.0176956058 0.0455918722 -0.600537181
v 0.0186041892 0.0690518916 -0.598477244
v 0.0258994102 0.0672145784 -0.593022764
v 0.0253993869 0.0575134605 -0.593559504
v 0.0299063623 0.0583611466 -0.589302659
v 0.0271818638 0.0764581114 -0.59247756
v 0.0311856549 0.073156558 -0.588589728
v 0.0318765901 0.0518249124 -0.586331427
v 0.0308303535 0.0657626912 -0.588502049
v 0.0344314836 0.0770999044 -0.585526824
v 0.00661718845 0.249106348 -0.471900284
v 0.0129304826 0.246066317 -0.491912425
v 0.0170270205 0.218663573 -0.500528634
v 0.0108701289 0.217599332 -0.480389625
v 0.00359037519 0.221622437 -0.457640976
v -0.00227990746 0.254783332 -0.450797498
v -0.0120487809 0.261799783 -0.426236153
v 0.0160476565 0.178833321 -0.490227193
v 0.0218659043 0.190801904 -0.510081768
v 0.0274908543 0.168712825 -0.520049214
v -0.0059825182 0.227454409 -0.433616966
v -0.0175485909 0.232709914 -0.407277852
v -0.00188708305 0.191140056 -0.43990612
v -0.0236316621 0.267126173 -0.398471713
v -0.0392041206 0.270620972 -0.367728919
v 0.00705742836 0.185358688 -0.463968724
v 0.0063751936 0.148756742 -0.465387344
v 0.0234155357 0.156874552 -0.508016169
v 0.0211403649 0.132936835 -0.502754331
v 0.0277592838 0.145910814 -0.517200053
v 0.0317225456 0.151078224 -0.526742458
v 0.0329504907 0.132537559 -0.529953957
v 0.0270478725 0.128255412 -0.516857922
v 0.0246993899 0.098774448 -0.517663836
v 0.0322905183 0.111644074 -0.533066869
v 0.0323895812 0.0941450596 -0.537944317
v 0.014319241 0.142166659 -0.485862315
v 0.0097271502 0.108401373 -0.482310593
v 0.0170193911 0.102754943 -0.499506831
v 0.0112963617 0.0709863976 -0.494279861
v 0.0274401903 0.0836719722 -0.528167009
v 0.0240219533 0.0645106286 -0.52320832
v 0.0288131833 0.0759264752 -0.533707023
v 0.032107532 0.0790328532 -0.540816188
v 0.0313324928 0.0628384426 -0.539965212
v 0.0275834799 0.0638758913 -0.531845212
v 0.0268623233 0.0512689501 -0.530198336
v 0.0299395602 0.045851171 -0.536630571
v 0.026227206 0.0284179654 -0.529328167
v 0.0228908341 0.0437352397 -0.522219896
v 0.0143663883 0.0306887627 -0.506405294
v 0.0193121731 0.0071419701 -0.518030882
v 0.00894638896 -0.0201336276 -0.505839825
v 0.0184874237 0.0662361681 -0.510471523
v 0.00447541475 -0.00216023624 -0.493195444
v -0.00662758946 -0.0280507654 -0.481493622
v -0.00086504221 0.010939151 -0.479700446
v -0.00383472443 -0.0456584692 -0.493756831
v -0.0157206655 -0.067850396 -0.479965419
v 0.00620138645 0.0393593162 -0.488387406
v -0.000695943832 0.0460248068 -0.472791314
v 0.00411066413 0.0760990083 -0.477816492
v -0.00352394581 0.0800607949 -0.460080057
v 0.00183391571 0.1135296 -0.463714004
v -0.00694844127 0.118366055 -0.44313544
v -0.00265452266 0.15438357 -0.443327367
v -0.0136849284 0.159615815 -0.419361234
v -0.0133390129 0.196433738 -0.414534479
v -0.0279029012 0.200261965 -0.385849446
v -0.0322293304 0.23648943 -0.377456427
v -0.0512986742 0.238074198 -0.34305796
v -0.0595476627 0.272043943 -0.332927972
v -0.0835544467 0.270636678 -0.292074949
v -0.0734502971 0.236773357 -0.304127514
v -0.114071451 0.264783561 -0.240586102
v -0.0940641537 0.232979864 -0.268508643
v -0.101159036 0.191911831 -0.256826699
v -0.123334043 0.263038844 -0.225532115
v -0.111372694 0.189421266 -0.241904825
v -0.0985495448 0.112773739 -0.278548688
v -0.109313302 0.109942518 -0.264003724
v -0.0693784952 0.19909814 -0.310491711
v -0.0462476276 0.201451242 -0.351795256
v -0.0442186594 0.163599923 -0.359794259
v -0.0651084781 0.160676032 -0.322322875
v -0.0858057067 0.155878171 -0.28745392
v -0.100858845 0.0350789279 -0.303103656
v -0.112185419 0.0317569524 -0.288675398
v -0.0671060979 0.121523403 -0.328013897
v -0.0271778107 0.16316849 -0.39211604
v -0.0293360949 0.12736541 -0.395579398
v -0.0866998285 0.0775857419 -0.308401048
v -0.0685788691 0.0499201566 -0.348684102
v -0.106338367 -0.0410783701 -0.332157552
v -0.118765265 -0.0446969457 -0.317466676
v -0.0454717241 0.126479179 -0.3654356
v -0.0468166433 0.0926411152 -0.371962994
v -0.065982312 0.0852958411 -0.340392113
v -0.0171510875 0.123859994 -0.420579642
v -0.0222290158 0.0906733274 -0.418759525
v -0.0888765603 0.00324590504 -0.33566916
v -0.0625654459 -0.0202059001 -0.387665004
v -0.0649535954 0.0174298137 -0.367439032
v -0.0443144105 0.0387353301 -0.394008666
v -0.0325031541 0.0957947075 -0.397396028
v -0.0477983356 0.0633590743 -0.37928322
v -0.0357522033 0.0732333884 -0.397573113
v -0.0128168166 0.0829876289 -0.439905971
v -0.0208587348 0.0445686467 -0.434316248
v -0.0299427509 0.0613978282 -0.412175059
v -0.0383557975 0.0144099658 -0.413220435
v -0.0294494331 -0.00352047384 -0.433320373
v -0.00844782591 0.0493479297 -0.456502974
v -0.0103738606 0.0287545249 -0.456998825
v -0.018065542 0.0173000768 -0.446215808
v -0.0137698352 0.00171218812 -0.458225876
v -0.00596058369 0.021239467 -0.467202395
v -0.00996050239 -0.0124442428 -0.469744742
v -0.0201098006 -0.0313498676 -0.458471745
v -0.0230817497 -0.0163982641 -0.448019445
v -0.031250596 -0.0299655795 -0.439566761
v -0.0179200172 -0.0487860441 -0.468745559
v -0.031624645 -0.0653742105 -0.454016477
v -0.0313261747 -0.086899437 -0.465230405
v -0.0519840419 -0.105515666 -0.446359098
v -0.0412993133 -0.0272172224 -0.422858298
v -0.0467959344 -0.0534574687 -0.425837785
v -0.0315053724 -0.0452119857 -0.445307493
v -0.0505017303 -0.0798776448 -0.434045404
v -0.0776928961 -0.0954926163 -0.40459758
v -0.0788817257 -0.124980979 -0.420443177
v -0.107830495 -0.140304357 -0.393077463
v -0.118275136 -0.114372611 -0.359871656
v -0.069622159 -0.0614717416 -0.396522701
v -0.0956278294 -0.0727286041 -0.365510732
v -0.131419212 -0.118170999 -0.345172495
v 0.0192829669 0.243817478 -0.511428952
v 0.0129304826 0.246066317 -0.491912425
v 0.00819644332 0.271946669 -0.484313875
v 0.0148192346 0.268612385 -0.505032599
v 0.021479547 0.262188941 -0.526059687
v 0.0251968801 0.240716144 -0.530381799
v 0.0295077842 0.237435639 -0.548168242
v 0.00935813785 0.296975076 -0.499126643
v 0.00323745608 0.296240002 -0.47543028
v -0.00416773558 0.320678145 -0.458298951
v 0.0274074972 0.256589025 -0.544691682
v 0.0276678801 0.250745654 -0.561876476
v 0.0264951885 0.27516824 -0.543873787
v 0.0270283502 0.233873129 -0.564253449
v 0.020738272 0.23112449 -0.577714086
v 0.0183494985 0.283584774 -0.524420857
v 0.017634958 0.300665379 -0.528270245
v 0.000227063894 0.326065481 -0.479759276
v -0.00835698843 0.355144918 -0.463944495
v 0.00264358521 0.332204163 -0.499187231
v -0.0151588619 0.345168412 -0.439371139
v -0.0308820605 0.372613549 -0.423751861
v 0.00974571705 0.311868876 -0.511610389
v 0.0105003715 0.319526106 -0.519786954
v 0.0218837857 0.245774776 -0.576677203
v 0.0119596124 0.24190183 -0.588301063
v 0.0254590213 0.260779262 -0.578736544
v 0.011354506 0.229038179 -0.588430762
v 4.4465065E-05 0.227141678 -0.596038103
v 0.0302889943 0.268134147 -0.561944962
v 0.0318552256 0.286245555 -0.563388109
v 0.0263136905 0.293102354 -0.545464456
v 0.0252018571 0.310786456 -0.547556639
v 0.016418159 0.314865172 -0.531789124
v 0.0115493834 0.330469579 -0.532539666
v 0.00537160039 0.333297104 -0.516296923
v -0.00190463662 0.35333252 -0.513745964
v -0.00460252166 0.3588126 -0.489361405
v -0.0184613764 0.38054359 -0.487867266
v -0.0249158423 0.380621016 -0.45559153
v -0.0504054427 0.410223275 -0.45120272
v -0.0533370674 0.397922248 -0.409575999
v -0.0817572325 0.415819079 -0.388980448
v -0.0848846883 0.42931658 -0.420792907
v -0.118095852 0.440720201 -0.393326551
v -0.0980153233 0.443809688 -0.452839494
v -0.111850716 0.427076399 -0.366174072
v -0.142948374 0.435043752 -0.340291768
v -0.152255893 0.449042797 -0.364178717
v -0.165659994 0.461123228 -0.393228322
v -0.188302547 0.457889855 -0.330752283
v -0.173898369 0.442933798 -0.310987502
v -0.230513722 0.469700575 -0.288805753
v -0.200267255 0.45154357 -0.282889843
v -0.130585477 0.453351617 -0.423925698
v -0.148835048 0.461482525 -0.457441866
v -0.20178175 0.469289243 -0.360527843
v -0.233883798 0.47718516 -0.330865055
v -0.275934398 0.486556768 -0.344071448
v -0.241301537 0.472676873 -0.274746001
v -0.288709372 0.488738656 -0.329975158
v -0.333390683 0.486133754 -0.41026634
v -0.347376436 0.487772197 -0.396250069
v -0.393009186 0.473870367 -0.480565429
v -0.407750398 0.473763108 -0.466702938
v -0.442949295 0.43207854 -0.548062801
v -0.458330959 0.430218011 -0.534016788
v -0.483995885 0.348163873 -0.586677015
v -0.467245817 0.35099116 -0.60101521
v -0.482716829 0.239175871 -0.61669606
v -0.46369487 0.242565334 -0.630784273
v -0.482934892 0.109358534 -0.61291182
v -0.466831565 0.113073498 -0.624958575
v -0.411771148 0.191393927 -0.657693028
v -0.403645396 0.127316847 -0.655227661
v -0.345799208 0.140441492 -0.676707745
v -0.363938212 0.200957403 -0.675802827
v -0.31750682 0.207170323 -0.688913345
v -0.372561723 0.257077217 -0.671058059
v -0.440627813 0.303880244 -0.634153485
v -0.305309772 0.176778466 -0.690230608
v -0.272630692 0.192202017 -0.695235133
v -0.291493535 0.154236749 -0.690680861
v -0.291493535 0.154236749 -0.690680861
v -0.260437578 0.176236853 -0.695407033
v -0.234817594 0.188098863 -0.695317209
v -0.251182258 0.167701393 -0.694631815
v -0.227664173 0.17527236 -0.694488645
v -0.205158293 0.184002593 -0.690841913
v -0.402030617 0.360580981 -0.63661325
v -0.391375333 0.312742114 -0.655703545
v -0.339974582 0.325590134 -0.670144558
v -0.210188538 0.196977332 -0.691706657
v -0.187942818 0.203214064 -0.684465766
v -0.216920316 0.211770028 -0.692082763
v -0.184336245 0.190603256 -0.683850825
v -0.16580537 0.195260763 -0.674866378
v -0.243654609 0.203374892 -0.695673108
v -0.253528893 0.221793607 -0.695335448
v -0.282525808 0.212935627 -0.694556892
v -0.288394153 0.230891496 -0.69348526
v -0.317177713 0.238739505 -0.688421905
v -0.292216122 0.26088047 -0.690767109
v -0.266899943 0.24168171 -0.694165468
v -0.235542864 0.255142391 -0.690831721
v -0.2251793 0.230045483 -0.691860437
v -0.198953822 0.233463392 -0.684575737
v -0.322187126 0.286853969 -0.682271242
v -0.284765273 0.302769423 -0.685321927
v -0.193025142 0.217074826 -0.684739351
v -0.172706231 0.220510364 -0.674982429
v -0.263135552 0.277307689 -0.690252066
v -0.241735086 0.292089999 -0.687338829
v -0.168595508 0.207452044 -0.674915671
v -0.151488021 0.210459858 -0.664892554
v -0.149143428 0.198447436 -0.665289342
v -0.133818999 0.20063284 -0.655793309
v -0.135917291 0.212789908 -0.655142784
v -0.121614352 0.214751646 -0.645675659
v -0.139199317 0.225383312 -0.655268848
v -0.119682871 0.202129155 -0.646405876
v -0.107167356 0.20307377 -0.636706948
v -0.15503329 0.223109826 -0.664990067
v -0.158828765 0.237227648 -0.661489248
v -0.177285492 0.235521197 -0.67539084
v -0.180943027 0.252752125 -0.671692133
v -0.203648329 0.25283727 -0.684129
v -0.202788308 0.272498667 -0.682693362
v -0.223554 0.276939869 -0.686752081
v -0.216715008 0.290024817 -0.684526861
v -0.124785677 0.227386281 -0.641130567
v -0.127924249 0.241204351 -0.643153429
v -0.111943126 0.229783088 -0.635955572
v -0.142531663 0.239150271 -0.652363241
v -0.145221844 0.255152464 -0.660227656
v -0.161970228 0.253706157 -0.663760543
v -0.164291814 0.272571445 -0.670592129
v -0.182813376 0.272146404 -0.677049935
v -0.18450059 0.29282409 -0.677659035
v -0.108941734 0.216458499 -0.635927916
v -0.0981217548 0.217916459 -0.625728786
v -0.0963501111 0.203636646 -0.627039671
v -0.086559847 0.204186171 -0.618599772
v -0.202595666 0.291089416 -0.681872547
v -0.207352117 0.310710579 -0.681373715
v -0.224968806 0.303394794 -0.684350729
v -0.235574558 0.322683662 -0.682347775
v -0.257071495 0.313471317 -0.684534967
v -0.267191142 0.337914884 -0.678691447
v -0.297843456 0.334759891 -0.676534772
v -0.299339354 0.373140752 -0.66301918
v -0.348212719 0.366851151 -0.654137075
v -0.349461019 0.403801292 -0.633529305
v -0.396308064 0.402338028 -0.615354538
v -0.436886579 0.399206877 -0.593325853
v -0.387154222 0.434884131 -0.585817575
v -0.364430904 0.458102226 -0.557435989
v -0.324955314 0.454898834 -0.583052874
v -0.399897754 0.458839834 -0.53193891
v -0.342347801 0.433418036 -0.609104276
v -0.306770384 0.431685448 -0.623550415
v -0.309614331 0.406423688 -0.643476844
v -0.281178683 0.41322127 -0.645445824
v -0.340960115 0.47209391 -0.523419738
v -0.308664858 0.476010799 -0.492275983
v -0.270477742 0.468785465 -0.525194347
v -0.34337008 0.480484307 -0.463118225
v -0.300714016 0.46712023 -0.554496586
v -0.270219386 0.460947454 -0.579282165
v -0.292827725 0.45052138 -0.602402985
v -0.269552708 0.445507377 -0.616038799
v -0.281091273 0.431057304 -0.631105423
v -0.281004548 0.476412773 -0.45627299
v -0.265405774 0.431008667 -0.634518743
v -0.24947381 0.476386666 -0.424596786
v -0.209753484 0.46863547 -0.46010077
v -0.284469962 0.483838409 -0.393937856
v -0.226366818 0.476291329 -0.388718516
v -0.18564266 0.468121737 -0.42512244
v -0.238798618 0.467220932 -0.494491369
v -0.199878961 0.458967835 -0.534923851
v -0.240490645 0.461636037 -0.555919886
v -0.22533603 0.455913067 -0.582413554
v -0.17186971 0.462542623 -0.493852556
v -0.136021957 0.45661658 -0.521159291
v -0.249826103 0.45425117 -0.598935127
v -0.235515565 0.447143137 -0.614435315
v -0.115776584 0.453429818 -0.486245632
v -0.0878823325 0.44407618 -0.51297003
v -0.253572345 0.439609736 -0.626668334
v -0.242265582 0.430721402 -0.637859583
v -0.0697283745 0.431555957 -0.482143968
v -0.0502405725 0.421720654 -0.51297164
v -0.26036495 0.421133786 -0.643891215
v -0.250437766 0.407382488 -0.654396176
v -0.0339161754 0.403058618 -0.493727744
v -0.0233866572 0.395849973 -0.525269926
v -0.271647394 0.393616319 -0.658314943
v -0.254621863 0.379146576 -0.666721106
v -0.0114777088 0.376712799 -0.516283631
v -0.00615260005 0.368563235 -0.541772008
v -0.268052578 0.361600131 -0.671531439
v -0.251108885 0.356915355 -0.674288988
v 0.00334268808 0.349775255 -0.535220742
v 0.00863727927 0.343170345 -0.554920852
v -0.24537006 0.342285067 -0.678386688
v -0.227207407 0.351570725 -0.676312566
v -0.239334822 0.36697787 -0.671992481
v -0.223038897 0.379611492 -0.668575883
v 0.0190554559 0.329265118 -0.550049722
v 0.0228567123 0.320289135 -0.567916036
v -0.215501472 0.332286954 -0.679585397
v -0.191974998 0.343666822 -0.675198674
v -0.209105894 0.363807857 -0.672905803
v -0.194062933 0.377320051 -0.667259634
v -0.236998871 0.39354229 -0.662641585
v -0.218508676 0.405695707 -0.657114267
v 0.0299655795 0.304258615 -0.565476
v 0.0262262821 0.294659615 -0.583371699
v -0.187599748 0.315745264 -0.677564085
v -0.167721093 0.315611184 -0.672147512
v -0.206138194 0.391627312 -0.663287938
v -0.189111814 0.400274992 -0.656261444
v 0.0276235621 0.277193725 -0.581228554
v 0.0166227221 0.269488275 -0.596381605
v -0.166114286 0.293260545 -0.672060132
v -0.149094209 0.292806745 -0.66483891
v 0.0152690709 0.254912257 -0.592419863
v 0.00184437633 0.24999173 -0.602005839
v -0.147389904 0.273047626 -0.663192034
v -0.132273048 0.273608595 -0.654622614
v -0.000205695629 0.238637194 -0.59651649
v -0.0128942728 0.23550272 -0.601433098
v -0.0116796196 0.224978954 -0.60075438
v -0.02317065 0.222320393 -0.604016125
v -0.130259529 0.256649554 -0.651449621
v -0.117059126 0.258346766 -0.641750753
v -0.114922732 0.243605301 -0.638115048
v -0.103786334 0.246054649 -0.627455354
v -0.100845419 0.232094035 -0.625038028
v -0.0909504369 0.234992594 -0.612140298
v -0.0884240717 0.218977809 -0.616217971
v -0.07901676 0.218947843 -0.609964788
v -0.0772120655 0.205306217 -0.612647653
v -0.0676531792 0.207450077 -0.609014273
v -0.069439441 0.219927654 -0.606885195
v -0.0592443943 0.222152457 -0.60565722
v -0.0707889497 0.231147856 -0.60385251
v -0.057341069 0.210896447 -0.607135117
v -0.0463139713 0.214974433 -0.606652021
v -0.080600068 0.23122102 -0.605296969
v -0.0803315789 0.241091996 -0.600114822
v -0.0483017229 0.22519891 -0.605365634
v -0.0368237756 0.228648826 -0.604669452
v -0.0499971472 0.235193282 -0.604924381
v -0.0347951353 0.218975782 -0.606203914
v -0.0607770942 0.232653081 -0.604068995
v -0.0619626604 0.242560893 -0.603269458
v -0.0713815689 0.241150483 -0.601169229
v -0.0720907599 0.250621766 -0.600307822
v -0.0251195431 0.232179731 -0.603393018
v -0.0261040013 0.241670832 -0.608321786
v -0.0385149419 0.23829177 -0.606701493
v -0.0403024554 0.247782499 -0.610462546
v -0.0516315959 0.244891524 -0.606514335
v -0.0536147952 0.254509002 -0.60935688
v -0.0634453595 0.252201617 -0.604421496
v -0.0656186938 0.262135923 -0.606598318
v -0.0125159919 0.245586753 -0.60716033
v -0.013489455 0.256813049 -0.612099528
v -0.02768749 0.251680881 -0.612841964
v -0.0302550495 0.262645662 -0.616412163
v -0.0425084196 0.257770866 -0.613871813
v -0.045040369 0.268359303 -0.61639446
v -0.0559596717 0.264755458 -0.612025917
v -0.0583453178 0.276123017 -0.614152014
v 0.00184619427 0.262857616 -0.606836319
v -0.000972390175 0.277997881 -0.610566378
v -0.0165226161 0.269637465 -0.61585027
v -0.0222320259 0.283156276 -0.618471503
v -0.0338535905 0.273657441 -0.618690252
v -0.0377079844 0.282117188 -0.619700074
v -0.0471293926 0.27958101 -0.618192434
v -0.0470338762 0.293403447 -0.61983341
v 0.0149701536 0.286156237 -0.599111974
v 0.0093421936 0.304064423 -0.599559009
v -0.0320482254 0.294131219 -0.620102346
v -0.0077342093 0.295845926 -0.612647295
v -0.0229199212 0.31996569 -0.612851739
v -0.0483802557 0.311412543 -0.619807959
v -0.0646219254 0.303461283 -0.616562307
v -0.0599247217 0.329893678 -0.619693995
v -0.0606809855 0.28907007 -0.615798116
v -0.0709839612 0.284893692 -0.610035956
v 0.0201426744 0.310973257 -0.584360659
v 0.0127055943 0.32254687 -0.584424257
v 0.00180464983 0.322585583 -0.595788956
v -0.000375777483 0.340922415 -0.582064748
v 0.012144208 0.332500517 -0.572319984
v -0.0681199729 0.273011863 -0.608571529
v -0.0759005994 0.270687163 -0.603208601
v -0.00242012739 0.356420308 -0.56372273
v -0.014616996 0.370250374 -0.575719237
v -0.016872108 0.349719167 -0.594670355
v -0.0343723893 0.365465343 -0.6039536
v -0.073700957 0.26027298 -0.601537526
v -0.0812012553 0.258830905 -0.596393943
v -0.016515851 0.385551453 -0.552330792
v -0.0301705599 0.400788784 -0.565802336
v -0.0445231795 0.344853163 -0.614920795
v -0.0628165901 0.363898605 -0.621088743
v -0.0799870938 0.249685094 -0.597101629
v -0.0860559046 0.249826059 -0.597867727
v -0.0290260315 0.385107607 -0.587501943
v -0.0467000268 0.398145318 -0.59772718
v -0.0375031494 0.412465572 -0.540816545
v -0.0539557002 0.42421779 -0.559238613
v -0.0876874626 0.244545758 -0.603073478
v -0.0905614644 0.253651679 -0.607172966
v -0.087797299 0.256892145 -0.599275708
v -0.0889022872 0.266900182 -0.602659285
v -0.0524210334 0.381700426 -0.611999393
v -0.0700487494 0.396498591 -0.616879642
v -0.0671027005 0.434532046 -0.537261128
v -0.0828417987 0.440109551 -0.562315941
v -0.083185479 0.269096166 -0.597699523
v -0.0856629163 0.280077338 -0.598909736
v -0.105569392 0.449743569 -0.545454741
v -0.12199346 0.446296275 -0.582425714
v -0.156263843 0.454515755 -0.556014538
v -0.17191498 0.450171232 -0.58359921
v -0.0785119385 0.281854808 -0.604596853
v -0.0817640647 0.293050766 -0.605552316
v -0.198426276 0.453947812 -0.57349205
v -0.199691936 0.45048216 -0.592249751
v -0.0748791248 0.297176093 -0.610784411
v -0.0807639807 0.308430314 -0.611187816
v -0.215631619 0.450148374 -0.601302147
v -0.203865558 0.443170965 -0.615577579
v -0.186289266 0.446059018 -0.602116287
v -0.171192721 0.437281609 -0.616633058
v -0.0732887238 0.317758173 -0.616858125
v -0.0879585445 0.330386072 -0.618789554
v -0.0752898157 0.346631587 -0.62389946
v -0.0914777815 0.363120764 -0.630114794
v -0.223222822 0.438610196 -0.627831817
v -0.211182073 0.427773148 -0.639778554
v -0.149788588 0.442038834 -0.602320373
v -0.136744216 0.426313728 -0.621397138
v -0.0810080394 0.381904393 -0.626670718
v -0.102581918 0.402198732 -0.627923965
v -0.112294108 0.427848577 -0.61205709
v -0.0921370387 0.425904602 -0.604638934
v -0.230856463 0.418998718 -0.648543715
v -0.0934217423 0.437381417 -0.585786462
v -0.0802125186 0.430728555 -0.587804317
v -0.199554503 0.414621234 -0.649371386
v -0.179973841 0.420137733 -0.640228927
v -0.0696674585 0.429889351 -0.576264858
v -0.0641520023 0.419421554 -0.590979576
v -0.0781123638 0.423123211 -0.598698854
v -0.0756733268 0.414434075 -0.607236266
v -0.191263005 0.433362335 -0.628871739
v -0.0472866558 0.412355155 -0.579632759
v -0.0638199151 0.408060074 -0.604613006
v -0.0848550051 0.410788447 -0.615756214
v -0.159388512 0.42337957 -0.630581141
v -0.151683033 0.406061381 -0.64064002
v -0.129601091 0.405599773 -0.634034634
v -0.129516318 0.384536862 -0.64052093
v -0.171153024 0.404736996 -0.648502707
v -0.165362239 0.389053404 -0.654193461
v -0.109550551 0.37723738 -0.635277212
v -0.116645098 0.357870489 -0.635563135
v -0.148272008 0.38810879 -0.647146225
v -0.147851631 0.370744288 -0.651998341
v -0.180518016 0.386301339 -0.660684824
v -0.174659684 0.37561205 -0.662937939
v -0.101910643 0.346500278 -0.62721777
v -0.110828891 0.333402276 -0.626309991
v -0.132187977 0.365535945 -0.643834591
v -0.134820774 0.34780556 -0.647477508
v -0.162986025 0.374090731 -0.658818722
v -0.165024146 0.358214915 -0.664385498
v -0.18104665 0.364660054 -0.668352485
v -0.121968165 0.341282845 -0.637164474
v -0.123619191 0.325021923 -0.641050756
v -0.149189189 0.353257388 -0.656930327
v -0.15042676 0.334271431 -0.661691487
v -0.168153182 0.338503838 -0.669806123
v -0.135907114 0.32987529 -0.651763201
v -0.135398492 0.311135232 -0.655022323
v -0.150215998 0.313651621 -0.664529026
v -0.13412641 0.292037606 -0.655906677
v -0.121221006 0.291157931 -0.645578206
v -0.122882955 0.308307528 -0.644336104
v -0.112418383 0.305277228 -0.633268118
v -0.119035482 0.274270892 -0.644731343
v -0.10788697 0.274993658 -0.633804083
v -0.11321982 0.319631487 -0.630286753
v -0.105121136 0.314033121 -0.620367289
v -0.110402122 0.29022795 -0.634468913
v -0.101998962 0.289383113 -0.623581886
v -0.105838329 0.260207802 -0.631071508
v -0.0972867161 0.262362391 -0.620200515
v -0.102496676 0.324866295 -0.615256369
v -0.0982704908 0.316921413 -0.606755853
v -0.104204327 0.302300125 -0.622832596
v -0.0985754281 0.29986766 -0.614116967
v -0.0994227678 0.27582103 -0.62274915
v -0.0937469006 0.276773542 -0.613177538
v -0.095459953 0.249190897 -0.616307139
v -0.0919285864 0.264772624 -0.610716283
v -0.0997251421 0.30902499 -0.612597466
v -0.096218586 0.28882885 -0.614254117
v -0.0927951112 0.289006382 -0.606785655
v -0.0904769599 0.27793321 -0.60534507
v -0.0968763009 0.30573836 -0.607735097
v -0.0886005759 0.291065693 -0.599841833
v -0.0917751938 0.301124454 -0.600957036
v -0.0952165425 0.298892617 -0.607427239
v -0.0951626301 0.309697211 -0.602104247
v -0.085668534 0.302969187 -0.606340528
v -0.0892051458 0.309511721 -0.607046545
v -0.0884928107 0.316214651 -0.610970259
v 0.00661718845 0.249106348 -0.471900284
v 0.00819644332 0.271946669 -0.484313875
v 0.0129304826 0.246066317 -0.491912425
v 0.00087505579 0.275727808 -0.465854526
v -0.00689992309 0.283938169 -0.445135176
v -0.00227990746 0.254783332 -0.450797498
v -0.0120487809 0.261799783 -0.426236153
v -0.0016554594 0.294125378 -0.461585999
v 0.00323745608 0.296240002 -0.47543028
v -0.00416773558 0.320678145 -0.458298951
v -0.00842306018 0.307458669 -0.44484359
v -0.0231393576 0.328468978 -0.415323436
v -0.0151588619 0.345168412 -0.439371139
v -0.0308820605 0.372613549 -0.423751861
v -0.0173293352 0.294268191 -0.419004768
v -0.0308817625 0.29930371 -0.389119059
v -0.0236316621 0.267126173 -0.398471713
v -0.0392041206 0.270620972 -0.367728919
v -0.0412256718 0.361831456 -0.395770937
v -0.0616736673 0.386484027 -0.379746318
v -0.056619823 0.356860638 -0.366909772
v -0.0533370674 0.397922248 -0.409575999
v -0.0817572325 0.415819079 -0.388980448
v -0.0411278605 0.329556912 -0.379875809
v -0.0605620407 0.330059916 -0.348270178
v -0.048599422 0.301939785 -0.357998908
v -0.0695712864 0.302882999 -0.324099034
v -0.0595476627 0.272043943 -0.332927972
v -0.0835544467 0.270636678 -0.292074949
v -0.0920055434 0.301950574 -0.28712374
v -0.114071451 0.264783561 -0.240586102
v -0.0850024521 0.403594643 -0.362701714
v -0.110560872 0.414322972 -0.343739241
v -0.092402488 0.394163758 -0.340770751
v -0.111850716 0.427076399 -0.366174072
v -0.142948374 0.435043752 -0.340291768
v -0.0738551319 0.378627032 -0.35381645
v -0.0889862329 0.374104083 -0.328568935
v -0.0743740499 0.354451448 -0.338163912
v -0.0943140388 0.353227824 -0.307531536
v -0.0817462504 0.329956055 -0.314886987
v -0.105402283 0.328694493 -0.276992351
v -0.13421081 0.32461676 -0.229775697
v -0.112415865 0.299078494 -0.252892852
v -0.142575487 0.323981196 -0.215126663
v -0.123334043 0.263038844 -0.225532115
v -0.164207995 0.372073561 -0.211142197
v -0.156667233 0.371333718 -0.225366488
v -0.177728817 0.40882057 -0.230541185
v -0.185007647 0.41115436 -0.21645999
v -0.19936277 0.4420349 -0.250498772
v -0.207860261 0.445345402 -0.236416683
v -0.115910918 0.352266759 -0.274398774
v -0.135402098 0.350809634 -0.24337098
v -0.230513722 0.469700575 -0.288805753
v -0.241301537 0.472676873 -0.274746001
v -0.200267255 0.45154357 -0.282889843
v -0.173898369 0.442933798 -0.310987502
v -0.130144417 0.371568352 -0.268045545
v -0.166947588 0.429750741 -0.290542185
v -0.10781683 0.372145981 -0.300868928
v -0.119985953 0.386905432 -0.297808915
v -0.140496567 0.387518346 -0.270087987
v -0.158891335 0.389418781 -0.242246047
v -0.137942448 0.42174837 -0.32035324
v -0.134066373 0.409349442 -0.30662784
v -0.157956794 0.414883494 -0.280552477
v -0.178397685 0.421558291 -0.253684849
v -0.151835918 0.402033985 -0.270149857
v -0.11204192 0.40378958 -0.326646298
v -0.12981987 0.39861691 -0.297897607
v -0.114397421 0.397004455 -0.315338045
v -0.103192106 0.388430804 -0.320769638
v -0.353512347 0.485274911 -0.12448141
v -0.351909757 0.499532878 -0.260237962
v -0.294670939 0.487401187 -0.205189764
v -0.418625772 0.493783087 -0.177331954
v -0.416566759 0.495877892 -0.326908976
v -0.404807687 0.461331248 -0.0512170494
v -0.489236206 0.487888873 -0.242766455
v -0.480678022 0.473232448 -0.398122549
v -0.474812239 0.465551049 -0.0997483134
v -0.555788279 0.459999084 -0.312990099
v -0.534427106 0.421013594 -0.464528501
v -0.518210053 0.4122293 -0.0323742628
v -0.444748044 0.41514641 0.0114560723
v -0.547690392 0.456265986 -0.163930148
v -0.588757396 0.396727234 -0.0994983017
v -0.546630383 0.330663562 0.0174227357
v -0.47071135 0.34340924 0.058685869
v -0.483142525 0.24801603 0.0820561945
v -0.612768948 0.309525847 -0.0575479381
v -0.657320917 0.287979811 -0.145112246
v -0.557374835 0.225115046 0.0405186675
v -0.479583204 0.144001976 0.0718337893
v -0.5495767 0.112665333 0.0391482376
v -0.620397985 0.203161776 -0.0365953147
v -0.610547304 0.0893833041 -0.0327630304
v -0.664972126 0.187063903 -0.130637884
v -0.652897716 0.0765108839 -0.127390802
v -0.673812687 0.0718351156 -0.230689794
v -0.685999036 0.180859327 -0.230456486
v -0.638366342 0.368300319 -0.174751297
v -0.609102786 0.425311208 -0.233625978
v -0.66006279 0.3407965 -0.231142759
v -0.606642008 0.400979578 -0.374486238
v -0.682319462 0.187401652 -0.334248751
v -0.671991229 0.289810002 -0.319085866
v -0.669560671 0.0738349408 -0.338950336
v -0.676730394 0.277070403 -0.230692893
v -0.647038043 0.369672567 -0.289713472
v -0.637461662 0.312656552 -0.417362094
v -0.566861689 0.33417666 -0.515743315
v -0.576822281 0.222407445 -0.546999097
v -0.648366511 0.202857018 -0.442705363
v -0.635157228 0.082529597 -0.450269341
v -0.565430343 0.0987648442 -0.553958416
v -0.219218895 -0.219694138 -0.306315929
v -0.272519857 -0.142438233 -0.189336374
v -0.196445495 -0.136962354 -0.272452891
v -0.298439831 -0.223271668 -0.217227042
v -0.340088904 -0.126768693 -0.117316157
v -0.346333265 -0.244442403 -0.266696244
v -0.2363289 -0.23249954 -0.332559645
v -0.264044106 -0.240611076 -0.356711864
v -0.405266404 -0.227082133 -0.32393539
v -0.298836917 -0.235882863 -0.38723129
v -0.327986628 -0.22503072 -0.412801385
v -0.37039119 -0.20280242 -0.137671009
v -0.393207341 -0.0909254998 -0.0544621646
v -0.41810286 -0.21875602 -0.187016577
v -0.431912899 -0.151722908 -0.0674721897
v -0.468288511 -0.187613487 -0.374386132
v -0.397261292 -0.184471905 -0.465025812
v -0.48340109 -0.0803861097 -0.0192942619
v -0.432913572 -0.0320250057 -0.00182467699
v -0.534921706 -0.123562306 -0.41507563
v -0.463954568 -0.114068218 -0.511189461
v -0.523004353 -0.0177229941 -0.54434818
v -0.594619095 -0.0311960876 -0.441480845
v -0.565430343 0.0987648442 -0.553958416
v -0.635157228 0.082529597 -0.450269341
v -0.574828386 -0.117280737 -0.319173217
v -0.630865157 -0.0328953527 -0.334059656
v -0.669560671 0.0738349408 -0.338950336
v -0.637242675 -0.0302690864 -0.231765345
v -0.673812687 0.0718351156 -0.230689794
v -0.652897716 0.0765108839 -0.127390802
v -0.585688353 -0.108617015 -0.233739957
v -0.516865551 -0.172962666 -0.292299569
v -0.618481219 -0.0270467997 -0.135154992
v -0.542103887 -0.153649867 -0.23626934
v -0.467025816 -0.204341292 -0.245331183
v -0.568182826 -0.108617492 -0.154544234
v -0.579411268 -0.0169108361 -0.0472983383
v -0.610547304 0.0893833041 -0.0327630304
v -0.516380966 -0.16529958 -0.187412828
v -0.478714883 -0.17059207 -0.123631872
v -0.531866848 -0.102834582 -0.0792009085
v -0.523572862 0.00841848552 0.016913414
v -0.5495767 0.112665333 0.0391482376
v -0.462017894 0.0481333435 0.0409847759
v -0.479583204 0.144001976 0.0718337893
v -0.149222612 -0.185991153 -0.380022794
v -0.196445495 -0.136962354 -0.272452891
v -0.131419212 -0.118170999 -0.345172495
v -0.219218895 -0.219694138 -0.306315929
v -0.2363289 -0.23249954 -0.332559645
v -0.167374492 -0.210370168 -0.405463129
v -0.188110724 -0.217528582 -0.433045864
v -0.264044106 -0.240611076 -0.356711864
v -0.298836917 -0.235882863 -0.38723129
v -0.226572648 -0.220137998 -0.464048177
v -0.255889535 -0.208169088 -0.487270236
v -0.327986628 -0.22503072 -0.412801385
v -0.397261292 -0.184471905 -0.465025812
v -0.325919628 -0.163645774 -0.535422146
v -0.463954568 -0.114068218 -0.511189461
v -0.384617448 -0.0894483328 -0.577241898
v -0.431646466 0.00859964546 -0.609246314
v -0.523004353 -0.0177229941 -0.54434818
v -0.482934892 0.109358534 -0.61291182
v -0.565430343 0.0987648442 -0.553958416
v -0.131419212 -0.118170999 -0.345172495
v -0.196445495 -0.136962354 -0.272452891
v -0.180243582 -0.0625987351 -0.244788036
v -0.118765265 -0.0446969457 -0.317466676
v -0.168220147 0.0153225064 -0.21729596
v -0.112185419 0.0317569524 -0.288675398
v -0.162563726 0.0959359035 -0.192047015
v -0.109313302 0.109942518 -0.264003724
v -0.161901638 0.177100018 -0.16808334
v -0.111372694 0.189421266 -0.241904825
v -0.169157907 0.254407525 -0.151057005
v -0.123334043 0.263038844 -0.225532115
v -0.482716829 0.239175871 -0.61669606
v -0.565430343 0.0987648442 -0.553958416
v -0.482934892 0.109358534 -0.61291182
v -0.576822281 0.222407445 -0.546999097
v -0.483995885 0.348163873 -0.586677015
v -0.566861689 0.33417666 -0.515743315
v -0.458330959 0.430218011 -0.534016788
v -0.534427106 0.421013594 -0.464528501
v -0.480678022 0.473232448 -0.398122549
v -0.407750398 0.473763108 -0.466702938
v -0.416566759 0.495877892 -0.326908976
v -0.347376436 0.487772197 -0.396250069
v -0.351909757 0.499532878 -0.260237962
v -0.288709372 0.488738656 -0.329975158
v -0.294670939 0.487401187 -0.205189764
v -0.241301537 0.472676873 -0.274746001
v -0.230580628 0.243229404 -0.0723929107
v -0.169157907 0.254407525 -0.151057005
v -0.161901638 0.177100018 -0.16808334
v -0.228792161 0.163009927 -0.0917978734
v -0.294338554 0.227607697 -0.0118893683
v -0.162563726 0.0959359035 -0.192047015
v -0.295785904 0.146938682 -0.0333967209
v -0.3547436 0.205896601 0.0320921205
v -0.231025249 0.0817377195 -0.116915271
v -0.168220147 0.0153225064 -0.21729596
v -0.354698926 0.123861395 0.00681203604
v -0.413943827 0.177451283 0.0619931482
v -0.238731533 0.00384236127 -0.142802402
v -0.180243582 -0.0625987351 -0.244788036
v -0.296367109 0.0692626536 -0.0606037639
v -0.407187223 0.0901021659 0.0314946771
v -0.479583204 0.144001976 0.0718337893
v -0.462017894 0.0481333435 0.0409847759
v -0.253440559 -0.0706485808 -0.166670829
v -0.196445495 -0.136962354 -0.272452891
v -0.272519857 -0.142438233 -0.189336374
v -0.349273026 0.0515609533 -0.0238988101
v -0.391187042 0.0159095656 -0.00669404864
v -0.432913572 -0.0320250057 -0.00182467699
v -0.301078051 0.000758469105 -0.0851516426
v -0.317348421 -0.0627087057 -0.101534039
v -0.340088904 -0.126768693 -0.117316157
v -0.341201931 0.00306200981 -0.0500190258
v -0.364113718 -0.0368071645 -0.0497737825
v -0.393207341 -0.0909254998 -0.0544621646
v -0.483142525 0.24801603 0.0820561945
v -0.413943827 0.177451283 0.0619931482
v -0.479583204 0.144001976 0.0718337893
v -0.411533952 0.267909586 0.0733228028
v -0.3547436 0.205896601 0.0320921205
v -0.47071135 0.34340924 0.058685869
v -0.35040617 0.284622014 0.0418667793
v -0.294338554 0.227607697 -0.0118893683
v -0.401509762 0.347885549 0.0596433878
v -0.293055415 0.300783068 -0.00348976254
v -0.230580628 0.243229404 -0.0723929107
v -0.382593781 0.407752573 0.0281647723
v -0.444748044 0.41514641 0.0114560723
v -0.346184641 0.352065235 0.0382484794
v -0.236382648 0.314099729 -0.0638899207
v -0.169157907 0.254407525 -0.151057005
v -0.183957264 0.320836902 -0.142655119
v -0.343726337 0.396448135 0.0269267261
v -0.296579987 0.364127159 -0.0033724308
v -0.24675782 0.374556601 -0.0630282164
v -0.201513648 0.375733554 -0.140771776
v -0.221017331 0.422700047 -0.146797612
v -0.265258938 0.425154865 -0.0696358383
v -0.249898955 0.461723089 -0.16674982
v -0.309984624 0.41337502 -0.00966969132
v -0.30045867 0.462733746 -0.0884887278
v -0.294670939 0.487401187 -0.205189764
v -0.353512347 0.485274911 -0.12448141
v -0.347111076 0.444086611 -0.0223197341
v -0.404807687 0.461331248 -0.0512170494
v 0.550174415 0.404156685 0.185409173
v 0.573073208 0.344263136 0.118046671
v 0.565968692 0.375102878 0.163252622
v 0.593291342 0.397551268 0.115179323
v 0.577845156 0.441108286 0.111932993
v 0.635517418 0.38367945 0.0217635632
v 0.539752245 0.438807219 0.196027964
v 0.516956151 0.462432921 0.203127176
v 0.627407253 0.326772869 0.00159719586
v 0.657582104 0.294043809 -0.101423025
v 0.611622632 0.265924394 -0.0435567163
v 0.584276497 0.291585028 0.0288265646
v 0.580273211 0.192966893 -0.0642692149
v 0.604464233 0.129627407 -0.159970045
v 0.566614687 0.0710094869 -0.139049053
v 0.63536042 0.219489053 -0.135365337
v 0.652156532 0.17400153 -0.215582117
v 0.576993167 0.0293544531 -0.192730099
v 0.587243617 -0.0138920546 -0.251684457
v 0.545014083 -0.051799655 -0.198897794
v 0.619061053 0.080198437 -0.231590688
v 0.626571357 0.0503183305 -0.306869119
v 0.554577291 -0.103936963 -0.262968928
v 0.514325202 -0.185371935 -0.274494946
v 0.555706918 -0.126405954 -0.317955166
v 0.513111651 -0.155228913 -0.229982406
v 0.470577836 -0.223921299 -0.248635054
v 0.592692077 -0.0415368639 -0.313780546
v 0.584285796 -0.0556663275 -0.381139547
v 0.46531707 -0.242385969 -0.285406023
v 0.412696898 -0.274808586 -0.29776305
v 0.455476522 -0.243615031 -0.328905553
v 0.423072726 -0.264629126 -0.265467495
v 0.372429639 -0.284705818 -0.288871765
v 0.509874165 -0.196253777 -0.322206289
v 0.496809095 -0.192831039 -0.373778254
v 0.544556081 -0.133047938 -0.376298934
v 0.518393815 -0.128763199 -0.431266665
v 0.362451226 -0.291172743 -0.312298298
v 0.346354544 -0.284345567 -0.350004405
v 0.315636456 -0.286662638 -0.328154892
v 0.399477422 -0.271398246 -0.338408321
v 0.384233117 -0.254247248 -0.384231627
v 0.441862941 -0.232301876 -0.377169281
v 0.426661402 -0.207861423 -0.424089342
v 0.476884305 -0.178230047 -0.420994371
v 0.296907067 -0.282002211 -0.362057418
v 0.276789844 -0.259547949 -0.401648283
v 0.261835039 -0.263570607 -0.377862304
v 0.328140438 -0.262768745 -0.392558813
v 0.312514722 -0.229787394 -0.439245939
v 0.458104551 -0.160964847 -0.453451097
v 0.243765995 -0.246876061 -0.41012153
v 0.22602199 -0.211195529 -0.447907507
v 0.214876235 -0.227722272 -0.418763876
v 0.18950969 -0.1897894 -0.45265457
v 0.172681689 -0.145172179 -0.481611192
v 0.370088249 -0.224898338 -0.432381541
v 0.36090678 -0.181556389 -0.477472365
v 0.41704005 -0.172305465 -0.464848965
v 0.423843443 -0.121542268 -0.50055927
v 0.260549426 -0.224739134 -0.44423461
v 0.248351142 -0.17747575 -0.484736294
v 0.212265551 -0.165118515 -0.483247936
v 0.201934978 -0.108051538 -0.515138984
v 0.160481557 -0.090847373 -0.505555272
v 0.152145743 -0.0275111198 -0.523406982
v 0.478431612 -0.120924652 -0.473410219
v 0.505289257 -0.0569258295 -0.50050962
v 0.30211851 -0.183490157 -0.484758437
v 0.297352672 -0.124892652 -0.527723908
v 0.240015328 -0.118864775 -0.523126125
v 0.236266613 -0.0485111475 -0.556881189
v 0.195503294 -0.0409339033 -0.541931272
v 0.192552567 0.0350877643 -0.562153935
v 0.149086803 0.0443505943 -0.535908699
v 0.148739487 0.118826061 -0.541525304
v 0.556058466 -0.05959934 -0.447333097
v 0.586095512 0.0257931948 -0.460846752
v 0.618821442 0.0328299701 -0.384995729
v 0.643381238 0.12774238 -0.385684699
v 0.656906903 0.1437096 -0.297962934
v 0.676772356 0.237565041 -0.289790124
v 0.675054133 0.261843979 -0.196987659
v 0.674036324 0.344532669 -0.179805487
v 0.661662638 0.363128245 -0.0770311356
v 0.631377399 0.428225398 -0.0666533262
v 0.611640513 0.437176764 0.028839916
v 0.560906351 0.477309853 0.0308260322
v 0.537715495 0.471583098 0.108525485
v 0.47718817 0.480429709 0.112122893
v 0.474441946 0.472028136 0.199411824
v 0.414068639 0.477340996 0.191281319
v 0.406891167 0.486195982 0.121132664
v 0.340389013 0.48666361 0.120612465
v 0.41530472 0.498957813 0.034149792
v 0.350702465 0.480455488 0.176678494
v 0.302357376 0.475878447 0.151472509
v 0.491834939 0.49533385 0.0325297117
v 0.495876223 0.503139615 -0.0611428432
v 0.572830856 0.47761938 -0.0626131594
v 0.574541152 0.473864764 -0.165952951
v 0.638237774 0.419179648 -0.170960829
v 0.629895985 0.40824303 -0.274336308
v 0.669973195 0.32937941 -0.282149851
v 0.642200768 0.315526217 -0.377150327
v 0.653906822 0.223824441 -0.383143902
v 0.606939971 0.214753941 -0.465636939
v 0.604182124 0.120098703 -0.467484802
v 0.541492283 0.117412508 -0.534430981
v 0.529458702 0.0247163177 -0.524574995
v 0.453804225 0.026524663 -0.564243674
v 0.438834369 -0.0547431074 -0.53567636
v 0.366696954 -0.0544221401 -0.55712235
v 0.360725462 -0.124898434 -0.51963079
v 0.297694415 -0.052965641 -0.565660596
v 0.29939276 0.0290039778 -0.594560981
v 0.374299794 0.027407527 -0.587376237
v 0.378743798 0.117101721 -0.602281809
v 0.46223402 0.117059521 -0.578292489
v 0.46184805 0.207435772 -0.574657321
v 0.234386072 0.0305199623 -0.582983255
v 0.231468678 0.115894288 -0.598799348
v 0.540948749 0.209632084 -0.530902743
v 0.528705835 0.292500675 -0.516165614
v 0.299695194 0.117116056 -0.609841466
v 0.298310041 0.205777735 -0.610473156
v 0.18993032 0.116118036 -0.574554443
v 0.187418565 0.195167214 -0.572630525
v 0.146671951 0.188757792 -0.536547542
v 0.141334355 0.259644896 -0.518754721
v 0.378744662 0.206867903 -0.600473404
v 0.37473762 0.290009052 -0.582618237
v 0.227898762 0.200963289 -0.599835634
v 0.226237774 0.281356126 -0.578716516
v 0.185005665 0.271552473 -0.552860022
v 0.18245846 0.340024203 -0.51934278
v 0.136046767 0.325274587 -0.489982545
v 0.131774053 0.383054376 -0.451745212
v 0.454117835 0.289225042 -0.556077719
v 0.443962097 0.357328862 -0.526811004
v 0.295565188 0.289234102 -0.592273951
v 0.292308867 0.361588061 -0.555593014
v 0.225060821 0.351309776 -0.54073596
v 0.2244066 0.409120202 -0.489025444
v 0.180548668 0.397720546 -0.473209441
v 0.179888487 0.444811225 -0.415767193
v 0.128779173 0.432402521 -0.40433535
v 0.126221418 0.474810123 -0.347939342
v 0.369456351 0.361404628 -0.548849344
v 0.366927773 0.417902321 -0.49857077
v 0.29094106 0.41954273 -0.501352191
v 0.29354322 0.46196723 -0.431104779
v 0.225479424 0.454556614 -0.424543053
v 0.228359938 0.490719408 -0.349659681
v 0.179971755 0.484617829 -0.348969638
v 0.186416566 0.510722935 -0.270269692
v 0.13216567 0.501999021 -0.276986331
v 0.150465578 0.506973684 -0.197922543
v 0.201683939 0.51020354 -0.183576897
v 0.223583385 0.501317799 -0.0950755775
v 0.248607323 0.510333776 -0.173203349
v 0.173501551 0.498765737 -0.118576474
v 0.19408004 0.490199804 -0.0376673006
v 0.235758945 0.514525056 -0.264989078
v 0.308966458 0.513266742 -0.26047188
v 0.29978019 0.49472639 -0.350286663
v 0.382061541 0.491103172 -0.349874347
v 0.371744692 0.458711386 -0.430451155
v 0.448457599 0.444586098 -0.426940918
v 0.438201576 0.408397853 -0.486116022
v 0.489077896 0.398971349 -0.473854631
v 0.508424461 0.358116329 -0.494169176
v 0.559336722 0.372002393 -0.440851271
v 0.513024986 0.419615686 -0.428296924
v 0.541645825 0.444680214 -0.356732547
v 0.465776235 0.475415856 -0.351022363
v 0.48250109 0.496557236 -0.2614353
v 0.591213048 0.301386982 -0.455037445
v 0.602527499 0.39180401 -0.367071211
v 0.564473331 0.464629799 -0.267092288
v 0.394014418 0.51044631 -0.259034514
v 0.404161036 0.511341929 -0.16178222
v 0.492927611 0.503667831 -0.162796289
v 0.320146978 0.510856509 -0.165095806
v 0.331819117 0.506074011 -0.0667186677
v 0.411128342 0.506705105 -0.0615305901
v 0.266027093 0.503494978 -0.0786066353
v 0.284086227 0.495034546 0.0142304897
v 0.343022883 0.496163368 0.0286602061
v 0.239356935 0.492863029 -0.00716382265
v 0.257271171 0.484011382 0.0824760795
v 0.221222565 0.482124656 0.0468255542
v 0.248084709 0.474556506 0.101104051
v 0.276459455 0.475005776 0.132247552
v 0.291528642 0.485299319 0.106693856
v -0.366198868 0.0149402022 -0.624961436
v -0.393845737 0.0362369418 -0.623586535
v -0.395342678 0.0303321611 -0.62918973
v -0.403401166 -0.00682228804 -0.652131855
v -0.383148372 -0.0176442116 -0.646510899
v -0.393781543 -0.0527801774 -0.661462069
v -0.4087767 -0.0481839739 -0.667605102
v -0.409068257 -0.089703083 -0.675721526
v -0.396019369 -0.0879490897 -0.669383228
v -0.393455297 -0.109052896 -0.671638846
v -0.405203432 -0.116949819 -0.679217756
v -0.387854517 -0.131830126 -0.670655191
v -0.398254514 -0.142986357 -0.678154647
v -0.378783405 -0.152673006 -0.663542867
v -0.388407201 -0.165073812 -0.671450257
v -0.366625011 -0.170403302 -0.653151751
v -0.375970215 -0.182813644 -0.660898328
v -0.361591369 -0.196183085 -0.647422075
v -0.352336824 -0.184242353 -0.640829682
v -0.346971512 -0.205005124 -0.631593466
v -0.338027298 -0.192939103 -0.626810491
v -0.333406895 -0.210368842 -0.614849091
v -0.325234056 -0.198096856 -0.61298877
v -0.320929319 -0.213580504 -0.59764564
v -0.314329714 -0.200844854 -0.600033224
v -0.301143587 -0.21625194 -0.570976138
v -0.297398597 -0.20053567 -0.577034235
v -0.278663933 -0.209447891 -0.541187167
v -0.274786532 -0.19331491 -0.548817933
v -0.248856023 -0.174846053 -0.519777656
v -0.248533621 -0.187482566 -0.504238307
v -0.468310952 0.163572684 -0.666298747
v -0.442688167 0.128478393 -0.627079964
v -0.424913198 0.134888589 -0.636857212
v -0.477764457 0.157363847 -0.662267923
v -0.481062472 0.178589344 -0.676124156
v -0.512889147 0.158162951 -0.643027842
v -0.485324919 0.136508554 -0.596074104
v -0.542355001 0.171648175 -0.620505154
v -0.516685903 0.155649126 -0.57288444
v -0.543323457 0.183831379 -0.551519215
v -0.519682348 0.17162624 -0.659366608
v -0.490543991 0.171901792 -0.673822224
v -0.567268252 0.194582134 -0.598783195
v -0.557682574 0.20567213 -0.537974
v -0.49998641 0.188603282 -0.684282541
v -0.491532743 0.193765402 -0.685422897
v -0.50891608 0.20600912 -0.693202257
v -0.500653863 0.209363356 -0.693396866
v -0.509067774 0.226113424 -0.699834824
v -0.525824785 0.186769694 -0.673567057
v -0.547416687 0.181671143 -0.638849139
v -0.581764162 0.214206368 -0.586692333
v -0.568582833 0.230170086 -0.526260793
v -0.517637134 0.224170148 -0.700459421
v -0.516877592 0.244809568 -0.705022156
v -0.592989683 0.23729606 -0.576941311
v -0.595744371 0.241010711 -0.602666378
v -0.575306833 0.256676614 -0.517400801
v -0.584836781 0.219213247 -0.609429598
v -0.599828124 0.263003826 -0.569108844
v -0.601684272 0.290789723 -0.563194513
v -0.577061057 0.285108089 -0.5113765
v -0.568009973 0.314129293 -0.505004108
v -0.570960283 0.2010317 -0.619033337
v -0.571868598 0.208070651 -0.637543321
v -0.584141493 0.224471584 -0.630985558
v -0.550747037 0.192893714 -0.65514034
v -0.602682769 0.26543057 -0.597217917
v -0.598100126 0.319875449 -0.559400678
v -0.547075272 0.34095183 -0.499031901
v -0.571231723 0.214216784 -0.650445104
v -0.53267169 0.203284144 -0.684888422
v -0.553920746 0.204237565 -0.666121125
v -0.541032851 0.22206229 -0.692813158
v -0.568914354 0.226036012 -0.668215156
v -0.579127431 0.227575541 -0.650532126
v -0.525797009 0.243991181 -0.706071973
v -0.549862504 0.243626803 -0.697618484
v -0.532622635 0.266026437 -0.709108472
v -0.523471951 0.266051352 -0.707907081
v -0.594106317 0.244945213 -0.627376974
v -0.577667654 0.24681291 -0.670529306
v -0.557282984 0.267172933 -0.70000881
v -0.536410332 0.2896896 -0.70815587
v -0.527097523 0.289265215 -0.706551015
v -0.526360333 0.312760234 -0.701499403
v -0.561482668 0.29167217 -0.699540675
v -0.535719812 0.313552499 -0.702926874
v -0.521053672 0.335227042 -0.693440378
v -0.584470868 0.269502789 -0.671204448
v -0.588016689 0.247366473 -0.650191963
v -0.594426155 0.269415796 -0.649285257
v -0.597124934 0.29265058 -0.647482812
v -0.587724209 0.293073714 -0.670069098
v -0.600718737 0.26782617 -0.624347806
v -0.586394787 0.316705793 -0.666566074
v -0.603163898 0.292271912 -0.621433973
v -0.560952663 0.316281348 -0.695308208
v -0.580253065 0.339517117 -0.660540462
v -0.595374286 0.31627363 -0.644489825
v -0.555116296 0.340212584 -0.686884761
v -0.530282259 0.336582333 -0.694270253
v -0.544063509 0.362444609 -0.673999906
v -0.519935071 0.357423842 -0.680820704
v -0.511101782 0.355029732 -0.680729568
v -0.505964637 0.375489146 -0.664925456
v -0.497561872 0.371693522 -0.665914655
v -0.480895877 0.384952217 -0.64936024
v -0.529978216 0.382024646 -0.657611251
v -0.489073008 0.390246928 -0.647053421
v -0.462152362 0.395323187 -0.632956862
v -0.569897592 0.360503197 -0.65179956
v -0.515090466 0.39785099 -0.638394177
v -0.550638914 0.382302463 -0.641440749
v -0.470772803 0.402049959 -0.629068494
v -0.500154376 0.41022563 -0.617345512
v -0.541696966 0.394932359 -0.624758601
v -0.568307519 0.373896927 -0.629950523
v -0.57847929 0.359842896 -0.63484025
v -0.451874852 0.411366463 -0.612070382
v -0.442581236 0.402573794 -0.618156433
v -0.415553808 0.406837672 -0.596228063
v -0.421712041 0.418132454 -0.580275536
v -0.48177585 0.417347819 -0.592499793
v -0.450073838 0.419671118 -0.547146976
v -0.512084723 0.408830702 -0.573065639
v -0.476939082 0.404506862 -0.523244739
v -0.531208396 0.405485034 -0.602374077
v -0.548533797 0.391991675 -0.563048601
v -0.511847079 0.384800225 -0.511104405
v -0.565873802 0.381497413 -0.614099503
v -0.569001913 0.372515202 -0.557948232
v -0.530385375 0.365833491 -0.503070235
v -0.560887933 0.389294833 -0.59120506
v -0.579048097 0.370109051 -0.587795138
v -0.59327662 0.346032143 -0.587860703
v -0.581103325 0.364288181 -0.613247693
v -0.586582124 0.34778288 -0.557072759
v -0.593377948 0.342099249 -0.615688026
v -0.601930499 0.319237292 -0.589699388
v -0.588966906 0.339200586 -0.640220881
v -0.600810647 0.317500412 -0.618566096
v -0.604940534 0.291776717 -0.592861533
v -0.103677899 0.343874305 -0.566153646
v -0.102923207 0.337144017 -0.578050673
v -0.142220348 0.359006763 -0.579808593
v -0.143132389 0.366689742 -0.566707492
v -0.105448931 0.352546155 -0.547745645
v -0.16889964 0.390688121 -0.597906947
v -0.142910764 0.375120968 -0.546947777
v -0.101895645 0.364169717 -0.529741943
v -0.168310702 0.402585626 -0.579531372
v -0.135332063 0.382546306 -0.529429257
v -0.102582932 0.377322882 -0.517684579
v -0.129155517 0.393971771 -0.517745137
v -0.165377945 0.412222177 -0.553205073
v -0.15635328 0.414984107 -0.53207171
v -0.144358411 0.421616316 -0.517717361
v -0.169470191 0.443595648 -0.602868319
v -0.172980264 0.425178707 -0.630233586
v -0.16368641 0.455458313 -0.56563586
v -0.155628264 0.455104828 -0.537288308
v -0.141786873 0.454018503 -0.517588019
v -0.141891912 0.469433278 -0.540210485
v -0.132263228 0.465200365 -0.517503262
v -0.156300947 0.45829916 -0.615308523
v -0.161737412 0.436707497 -0.647171915
v -0.14942646 0.471186966 -0.572497249
v -0.124143064 0.480419964 -0.543283343
v -0.117718711 0.473644793 -0.51739037
v -0.137426391 0.467967838 -0.627023816
v -0.144520268 0.443032324 -0.661810338
v -0.130210936 0.482579976 -0.579845846
v -0.103169322 0.486196965 -0.546164572
v -0.100595899 0.477578431 -0.517301321
v -0.114434928 0.471484184 -0.636802077
v -0.123157822 0.444116771 -0.67385757
v -0.107304454 0.488267988 -0.586661756
v -0.0811368078 0.484662235 -0.548002839
v -0.082820259 0.476194024 -0.517221868
v -0.0894543305 0.468185425 -0.643529713
v -0.0994443074 0.440094531 -0.682862103
v -0.0829363614 0.485885084 -0.591104805
v -0.060501188 0.476039082 -0.548793197
v -0.0662202835 0.469133854 -0.51716274
v -0.0598540865 0.476073444 -0.593060255
v -0.0656891391 0.457943857 -0.645998657
v -0.075153321 0.429455936 -0.684901237
v -0.101895645 0.364169717 -0.529741943
v -0.102582932 0.377322882 -0.517684579
v -0.0708035678 0.378396988 -0.51753366
v -0.0640063286 0.366832316 -0.5334059
v -0.105448931 0.352546155 -0.547745645
v -0.0448192954 0.395313591 -0.517348111
v -0.0619265102 0.353143901 -0.556597471
v -0.103677899 0.343874305 -0.566153646
v -0.0332895517 0.387262523 -0.539080203
v -0.0394117832 0.408732861 -0.517272532
v -0.0595565103 0.342641413 -0.57998085
v -0.102923207 0.337144017 -0.578050673
v -0.0610208213 0.333219588 -0.595838249
v -0.0268975198 0.37506777 -0.570268631
v -0.0254534483 0.361841917 -0.602813482
v -0.0308497231 0.347263247 -0.625691116
v -0.0273066163 0.362251341 -0.642478466
v -0.0192707479 0.380279154 -0.61588788
v -0.0307499766 0.379550308 -0.658323944
v -0.0266090631 0.40413031 -0.542294264
v -0.0384151936 0.42542693 -0.517201245
v -0.0194788575 0.395086974 -0.577819824
v -0.0203367472 0.401284546 -0.628007293
v -0.0411560237 0.397404969 -0.672083855
v -0.0257715583 0.423906207 -0.545116663
v -0.0428477526 0.442278236 -0.517155707
v -0.0192145109 0.417466164 -0.584502816
v -0.0290488005 0.422776222 -0.637622893
v -0.0553331934 0.413961321 -0.682363093
v -0.0318883657 0.445349097 -0.547249794
v -0.0523771308 0.457424879 -0.517141938
v -0.0263947528 0.439976692 -0.589581609
v -0.0446878932 0.442397952 -0.643769503
v -0.075153321 0.429455936 -0.684901237
v -0.0656891391 0.457943857 -0.645998657
v -0.0403313041 0.460253805 -0.592552304
v -0.0598540865 0.476073444 -0.593060255
v -0.0433612131 0.462003887 -0.548548579
v -0.0662202835 0.469133854 -0.51716274
v -0.060501188 0.476039082 -0.548793197
v -0.183957264 0.320836902 -0.142655119
v -0.123334043 0.263038844 -0.225532115
v -0.169157907 0.254407525 -0.151057005
v -0.142575487 0.323981196 -0.215126663
v -0.201513648 0.375733554 -0.140771776
v -0.164207995 0.372073561 -0.211142197
v -0.185007647 0.41115436 -0.21645999
v -0.221017331 0.422700047 -0.146797612
v -0.207860261 0.445345402 -0.236416683
v -0.249898955 0.461723089 -0.16674982
v -0.241301537 0.472676873 -0.274746001
v -0.294670939 0.487401187 -0.205189764
v 0.031170873 0.449919075 -0.42721957
v 0.0285189431 0.442456692 -0.407583565
v -0.00332555175 0.441759944 -0.418259382
v 0.00460970402 0.449836791 -0.433870852
v 0.0275877118 0.418161571 -0.40068835
v -0.0185804665 0.448644668 -0.445906937
v -0.00557228923 0.418161571 -0.412187755
v -0.00333210826 0.385129511 -0.418260217
v -0.0317052007 0.418161571 -0.435711235
v 0.0285189431 0.383696049 -0.407583565
v 0.031170873 0.354041845 -0.42721957
v -0.0283483546 0.438628107 -0.438321978
v -0.038621664 0.441759944 -0.468015313
v -0.0232936144 0.449836791 -0.471857011
v -0.0128215253 0.449918926 -0.55586952
v -0.0273288488 0.442456663 -0.557828784
v -0.0291718841 0.41816023 -0.558069646
v -0.0430034995 0.418161571 -0.467160702
v -0.0396652222 0.385129511 -0.468156338
v -0.0299134254 0.383707523 -0.558085203
v -0.0147446394 0.35411334 -0.55585438
v -0.0283561349 0.390988201 -0.438323081
v -0.0186179578 0.365902394 -0.445912004
v -0.0238167644 0.357078314 -0.471927702
v 0.00263571739 0.340545237 -0.462443292
v 0.0139888525 0.334429324 -0.551768661
v 0.0479594469 0.327691734 -0.546767354
v 0.0351397991 0.334227681 -0.456607044
v 0.00458222628 0.357078314 -0.433874577
v 0.031170873 0.449919075 -0.42721957
v 0.0585449003 0.449836791 -0.426586598
v 0.0620545745 0.441759944 -0.409429461
v 0.0285189431 0.442456692 -0.407583565
v 0.0840970874 0.448644668 -0.432039797
v 0.0275877118 0.418161571 -0.40068835
v 0.0915029347 0.438628107 -0.422135472
v 0.10928499 0.441759944 -0.4480398
v 0.0940470099 0.418161571 -0.418727785
v 0.0955251753 0.449836791 -0.455809921
v 0.108978629 0.449918538 -0.539417982
v 0.123480201 0.442451656 -0.537444472
v 0.125290975 0.418113649 -0.536920667
v 0.0626102015 0.418161571 -0.402979374
v 0.0620611273 0.385129511 -0.409428596
v 0.0285189431 0.383696049 -0.407583565
v 0.031170873 0.354041845 -0.42721957
v 0.113283098 0.418161571 -0.446053386
v 0.110328555 0.385129511 -0.447898895
v 0.125491619 0.38385275 -0.535967946
v 0.109913796 0.354661882 -0.537034929
v 0.0915107131 0.390988231 -0.422134459
v 0.0841345489 0.365902394 -0.432034761
v 0.0585723817 0.357078314 -0.426582932
v 0.0680276155 0.340545237 -0.453611821
v 0.0351397991 0.334227681 -0.456607044
v 0.0479594469 0.327691734 -0.546767354
v 0.08160007 0.335139006 -0.541034162
v 0.0960483551 0.357078314 -0.45573929
v -0.0185804665 0.448644668 -0.445906937
v -0.0232936144 0.449836791 -0.471857011
v 0.00270155072 0.447892725 -0.462434411
v 0.00460970402 0.449836791 -0.433870852
v -0.0128215253 0.449918926 -0.55586952
v 0.031170873 0.449919075 -0.42721957
v 0.0140749514 0.445280671 -0.552236974
v 0.0351397991 0.445280701 -0.456607044
v 0.0480788313 0.440395951 -0.547644675
v 0.0480788313 0.440395951 -0.547644675
v 0.0679617822 0.447892725 -0.453620702
v 0.0351397991 0.445280701 -0.456607044
v 0.0820827186 0.445280761 -0.54305172
v 0.031170873 0.449919075 -0.42721957
v 0.108978629 0.449918538 -0.539417982
v 0.0585449003 0.449836791 -0.426586598
v 0.0955251753 0.449836791 -0.455809921
v 0.0840970874 0.448644668 -0.432039797
v -0.42166537 -0.00787591934 -0.649323165
v -0.4087767 -0.0481839739 -0.667605102
v -0.403401166 -0.00682228804 -0.652131855
v -0.395342678 0.0303321611 -0.62918973
v -0.417491913 0.0293880403 -0.622596145
v -0.393845737 0.0362369418 -0.623586535
v -0.416121155 0.0364231132 -0.615102887
v -0.457262605 0.0196691528 -0.587080836
v -0.460281432 0.00798905548 -0.601664305
v -0.487649024 -0.0116032502 -0.560161471
v -0.461209476 -0.0251097679 -0.633742034
v -0.49160105 -0.0265102088 -0.576190352
v -0.495467246 -0.0374495052 -0.535077214
v -0.422865093 -0.0499402545 -0.668057978
v -0.50240922 -0.052055195 -0.554083824
v -0.496497482 -0.0606487058 -0.516967535
v -0.42053321 -0.0922106504 -0.677651942
v -0.409068257 -0.089703083 -0.675721526
v -0.405203432 -0.116949819 -0.679217756
v -0.456588954 -0.063441202 -0.658072829
v -0.492693901 -0.0556770712 -0.607910335
v -0.416284621 -0.12113817 -0.680481255
v -0.398254514 -0.142986357 -0.678154647
v -0.448838234 -0.102116242 -0.669638872
v -0.409159869 -0.148065478 -0.678304732
v -0.444114327 -0.129360467 -0.670878053
v -0.471781909 -0.112804189 -0.65033555
v -0.399031639 -0.170796901 -0.671404123
v -0.388407201 -0.165073812 -0.671450257
v -0.437966973 -0.155275971 -0.667286515
v -0.386306912 -0.188726842 -0.660461128
v -0.375970215 -0.182813644 -0.660898328
v -0.361591369 -0.196183085 -0.647422075
v -0.483583122 -0.0855718777 -0.636456132
v -0.47128135 -0.130358219 -0.646273613
v -0.492182612 -0.111975007 -0.621342778
v -0.491235822 -0.135106713 -0.609385133
v -0.503921628 -0.0827614516 -0.588471174
v -0.50486505 -0.106933743 -0.57287699
v -0.504061341 -0.0757909715 -0.535738766
v -0.498528421 -0.13122347 -0.557779312
v -0.497959137 -0.100574128 -0.519221425
v -0.48563692 -0.124604516 -0.505394578
v -0.490372807 -0.0849763751 -0.500769436
v -0.478517681 -0.108803116 -0.487429291
v -0.462468743 -0.130438626 -0.47742033
v -0.467750877 -0.152598679 -0.638662159
v -0.460375041 -0.173317596 -0.628601491
v -0.484534323 -0.157585248 -0.596540809
v -0.468830913 -0.14609468 -0.494698048
v -0.442428261 -0.149439335 -0.470462829
v -0.48625809 -0.153834164 -0.544103742
v -0.428789347 -0.177688658 -0.659547389
v -0.416542679 -0.195831567 -0.648199975
v -0.44950825 -0.191057563 -0.61688745
v -0.371618599 -0.202005446 -0.646217167
v -0.346971512 -0.205005124 -0.631593466
v -0.469638467 -0.173309803 -0.532480001
v -0.472986102 -0.177679643 -0.583684564
v -0.401790082 -0.209556267 -0.633974791
v -0.385657042 -0.219571471 -0.61803472
v -0.43578735 -0.205281258 -0.604248345
v -0.457672715 -0.194391415 -0.571567178
v -0.35626936 -0.211225927 -0.629921794
v -0.34182772 -0.217095464 -0.612700343
v -0.333406895 -0.210368842 -0.614849091
v -0.3293446 -0.220418274 -0.594810903
v -0.320929319 -0.213580504 -0.59764564
v -0.301143587 -0.21625194 -0.570976138
v -0.420049578 -0.216058314 -0.591431081
v -0.439401805 -0.207496598 -0.560679078
v -0.370021433 -0.226391062 -0.601438046
v -0.401758373 -0.224453509 -0.581720948
v -0.449338794 -0.189256296 -0.523130715
v -0.447958142 -0.164613187 -0.487102151
v -0.419270724 -0.205103219 -0.515547872
v -0.41706267 -0.183654308 -0.481564313
v -0.383022755 -0.197278187 -0.480586261
v -0.412155151 -0.169356763 -0.465111345
v -0.378610522 -0.183901876 -0.464103013
v -0.336515337 -0.19471629 -0.468301356
v -0.413633257 -0.219665155 -0.551732242
v -0.381335407 -0.229501724 -0.578073382
v -0.386319578 -0.215823337 -0.51347661
v -0.340652466 -0.206789851 -0.484683096
v -0.280630797 -0.198596895 -0.483603567
v -0.345031112 -0.222476855 -0.518315732
v -0.350105584 -0.230462015 -0.554186642
v -0.385277927 -0.227326185 -0.548825026
v -0.357946694 -0.230123818 -0.584001899
v -0.286486417 -0.207836211 -0.49780342
v -0.26190722 -0.19664675 -0.492903918
v -0.248533621 -0.187482566 -0.504238307
v -0.29940778 -0.219648585 -0.530930817
v -0.278663933 -0.209447891 -0.541187167
v -0.314012825 -0.22351478 -0.565200329
v 0.0621530078 -0.346208096 0.524351478
v 0.0599538684 -0.426182747 0.428260952
v -0.0499014258 -0.416608155 0.427656978
v 0.0574449003 -0.485609502 0.318632156
v -0.0351538062 -0.340835631 0.521278143
v -0.04604223 -0.245597884 0.596282363
v -0.130403787 -0.324845374 0.507682562
v 0.0639578104 -0.24875848 0.603210866
v 0.0652988851 -0.137579143 0.66180867
v -0.0610173307 -0.473643184 0.320633799
v -0.0687167048 -0.509713888 0.202227488
v -0.175500825 -0.441162556 0.314013869
v 0.0547225177 -0.522204041 0.199677974
v 0.0518913269 -0.53456068 0.0759697482
v -0.0718169212 -0.522204041 0.0788009465
v -0.190771192 -0.485609502 0.081523329
v -0.187351242 -0.473643184 0.199953109
v -0.294770926 -0.416608155 0.193744928
v -0.300399929 -0.426182747 0.0840322971
v -0.396490514 -0.346208096 0.0862314403
v -0.156391308 -0.391256005 0.416470557
v -0.254336774 -0.351387888 0.396542817
v -0.278724462 -0.391256005 0.299611658
v -0.371029884 -0.324845374 0.277824014
v -0.388968855 -0.340835631 0.183295727
v -0.463396251 -0.245597884 0.197604075
v -0.475349844 -0.24875848 0.0880362093
v -0.533947766 -0.137579143 0.089377284
v -0.519437611 -0.136859998 0.207553223
v -0.554891169 -0.0166632533 0.213354141
v -0.484794676 -0.127494216 0.321092397
v -0.570031941 -0.0169425607 0.090203099
v -0.582216322 0.108515345 0.0904819667
v -0.435967624 -0.231788859 0.303210348
v -0.394425541 -0.209317744 0.399748832
v -0.343097717 -0.298615158 0.367582589
v -0.305832297 -0.262764752 0.45045054
v -0.2213462 -0.298615158 0.483885944
v -0.2511307 -0.209317744 0.536631703
v -0.340373635 -0.177904233 0.486610025
v -0.365646124 -0.0862758681 0.513066411
v -0.433230579 -0.110501401 0.422806263
v -0.457917511 -0.00282132626 0.43699488
v -0.152792618 -0.231788859 0.57371372
v -0.168422312 -0.127494216 0.623307705
v -0.51661104 -0.0116059184 0.331060559
v -0.528394163 0.108515345 0.332039744
v -0.272388667 -0.110501401 0.576450765
v -0.285433024 -0.00282132626 0.601760983
v -0.053417176 -0.136859998 0.652720094
v -0.0575900972 -0.0166632533 0.688401759
v 0.0661247075 -0.0169425607 0.697892964
v 0.0664035678 0.108515374 0.710077286
v -0.381052583 0.00995528698 0.529194474
v -0.38622877 0.108515374 0.534613252
v -0.176924467 -0.0116059184 0.655546784
v -0.177363634 0.108515374 0.667362332
v -0.0575835109 0.108515374 0.700724244
v -0.0575900972 0.233508199 0.688401759
v 0.0661247075 0.233781636 0.697892964
v 0.0652988851 0.343082219 0.66180867
v -0.467287362 0.108515374 0.440327436
v -0.457917511 0.219842181 0.436994821
v -0.288333446 0.108515374 0.611273408
v -0.285433024 0.219842181 0.601760983
v -0.176924467 0.228540689 0.655546784
v -0.168422312 0.334646761 0.623307705
v -0.053417176 0.342485219 0.652720094
v -0.04604223 0.424596697 0.596282244
v 0.0639578104 0.426723629 0.603210807
v 0.0621530078 0.484163344 0.524351478
v -0.0351538062 0.481435657 0.521278143
v -0.130403787 0.472996324 0.507682562
v -0.152792618 0.415123284 0.57371372
v -0.2511307 0.399092019 0.536631584
v -0.2213462 0.458150923 0.483885914
v -0.305832297 0.435960114 0.45045054
v -0.272388667 0.320133209 0.576450765
v -0.365646124 0.298804164 0.513066292
v -0.340373635 0.375447869 0.486609936
v -0.394425541 0.399092019 0.399748832
v -0.343097717 0.458150923 0.3675825
v -0.371029884 0.472996324 0.277823955
v -0.381052583 0.207075417 0.529194474
v -0.433230579 0.320133209 0.422806263
v -0.484794676 0.334646761 0.321092397
v -0.435967624 0.415123254 0.303210288
v -0.463396251 0.424596697 0.197604075
v -0.388968855 0.481435686 0.183295682
v -0.396490514 0.484163314 0.0862314105
v -0.475349844 0.426723599 0.0880361721
v -0.533947766 0.343082219 0.0893772468
v -0.519437611 0.342485189 0.207553223
v -0.554891169 0.233508155 0.213354066
v -0.570031941 0.233781606 0.090203099
v -0.51661104 0.228540644 0.331060559
v -0.56720072 0.108515345 0.213911325
v 0.500273108 -0.346208096 0.0657080412
v 0.404182494 -0.426182747 0.0679071844
v 0.40357855 -0.416608155 0.177762464
v 0.294553816 -0.485609502 0.0704161525
v 0.497199804 -0.340835631 0.16301477
v 0.572204053 -0.245597884 0.173903286
v 0.483604103 -0.324845374 0.25826475
v 0.579132617 -0.24875848 0.0639032423
v 0.637730181 -0.137579143 0.0625621676
v 0.2965554 -0.473643184 0.188878372
v 0.178149119 -0.509713888 0.196577698
v 0.28993547 -0.441162556 0.303361923
v 0.17559953 -0.522204041 0.0731385276
v 0.0518913269 -0.53456068 0.0759697482
v 0.0547225177 -0.522204041 0.199677974
v 0.0574449003 -0.485609502 0.318632156
v 0.17587471 -0.473643184 0.31521228
v 0.169666514 -0.416608155 0.422631949
v 0.0599538684 -0.426182747 0.428260952
v 0.0621530078 -0.346208096 0.524351478
v 0.392392069 -0.391256005 0.284252435
v 0.372464478 -0.351387888 0.382197767
v 0.27553314 -0.391256005 0.406585485
v 0.253745615 -0.324845374 0.498890907
v 0.159217358 -0.340835631 0.516829729
v 0.173525691 -0.245597884 0.591257334
v 0.0639578104 -0.24875848 0.603210866
v 0.0652988851 -0.137579143 0.66180867
v 0.183474839 -0.136859998 0.647298574
v 0.189275801 -0.0166632533 0.682752013
v 0.297013998 -0.127494216 0.61265564
v 0.0661247075 -0.0169425607 0.697892964
v 0.0664035678 0.108515374 0.710077286
v 0.27913183 -0.231788859 0.563828707
v 0.375670493 -0.209317744 0.522286654
v 0.343504131 -0.298615158 0.47095874
v 0.4263722 -0.262764752 0.43369326
v 0.459807575 -0.298615158 0.349207193
v 0.512553155 -0.209317744 0.378991604
v 0.462531626 -0.177904233 0.468234658
v 0.488987923 -0.0862758681 0.493507177
v 0.398727864 -0.110501401 0.561091661
v 0.412916481 -0.00282132626 0.585778475
v 0.549635351 -0.231788859 0.280653745
v 0.599229157 -0.127494216 0.296283334
v 0.30698216 -0.0116059184 0.644471943
v 0.307961404 0.108515374 0.656255126
v 0.552372396 -0.110501401 0.400249749
v 0.577682793 -0.00282132626 0.413294017
v 0.628641784 -0.136859998 0.181278184
v 0.664323509 -0.0166632533 0.185451061
v 0.673814595 -0.0169425607 0.0617363453
v 0.685999036 0.108515345 0.061457485
v 0.505116165 0.00995528698 0.508913457
v 0.510534823 0.108515374 0.514089823
v 0.631468356 -0.0116059184 0.30478552
v 0.643283725 0.108515345 0.305224568
v 0.676645815 0.108515345 0.185444564
v 0.664323509 0.233508155 0.185451061
v 0.673814595 0.233781606 0.0617363155
v 0.637730181 0.343082219 0.0625621378
v 0.416248947 0.108515374 0.595148325
v 0.412916481 0.219842181 0.585778475
v 0.587195098 0.108515374 0.416194439
v 0.577682793 0.219842181 0.413293988
v 0.631468356 0.228540644 0.30478552
v 0.599229157 0.334646761 0.296283334
v 0.628641784 0.342485189 0.181278184
v 0.572204053 0.424596727 0.173903257
v 0.579132617 0.426723629 0.0639032125
v 0.500273108 0.484163314 0.0657079741
v 0.497199804 0.481435686 0.16301474
v 0.483604103 0.472996324 0.258264691
v 0.549635351 0.415123254 0.280653745
v 0.512553155 0.399092019 0.378991604
v 0.459807575 0.458150923 0.349207193
v 0.4263722 0.435960114 0.4336932
v 0.552372396 0.320133209 0.40024966
v 0.488987923 0.298804164 0.493507177
v 0.462531626 0.375447869 0.468234658
v 0.375670493 0.399092019 0.522286534
v 0.343504131 0.458150923 0.47095874
v 0.253745615 0.472996324 0.498890907
v 0.505116165 0.207075417 0.508913457
v 0.398727864 0.320133209 0.561091661
v 0.297013998 0.334646761 0.61265564
v 0.27913183 0.415123284 0.563828707
v 0.173525691 0.424596697 0.591257215
v 0.159217358 0.481435657 0.516829729
v 0.0621530078 0.484163344 0.524351478
v 0.0639578104 0.426723629 0.603210807
v 0.0652988851 0.343082219 0.66180867
v 0.183474839 0.342485219 0.647298574
v 0.189275801 0.233508199 0.682752013
v 0.0661247075 0.233781636 0.697892964
v 0.30698216 0.228540689 0.644471943
v 0.189832911 0.108515374 0.695061803
v 0.0416296087 -0.346208096 -0.372412056
v 0.0438287519 -0.426182747 -0.276321501
v 0.15368405 -0.416608155 -0.275717527
v 0.0463377237 -0.485609502 -0.166692764
v 0.13893646 -0.340835631 -0.369338661
v 0.149824858 -0.245597884 -0.444342822
v 0.234186396 -0.324845374 -0.35574314
v 0.0398248136 -0.24875848 -0.451271385
v 0.0384837389 -0.137579143 -0.509869456
v 0.164799958 -0.473643184 -0.168694347
v 0.172499344 -0.509713888 -0.0502880178
v 0.279283464 -0.441162556 -0.162074417
v 0.0490601063 -0.522204041 -0.0477384925
v 0.0518913269 -0.53456068 0.0759697482
v 0.17559953 -0.522204041 0.0731385276
v 0.294553816 -0.485609502 0.0704161525
v 0.291133881 -0.473643184 -0.0480136275
v 0.39855352 -0.416608155 -0.041805476
v 0.404182494 -0.426182747 0.0679071844
v 0.500273108 -0.346208096 0.0657080412
v 0.260173976 -0.391256005 -0.264531106
v 0.358119428 -0.351387888 -0.244603381
v 0.382506996 -0.391256005 -0.147672102
v 0.474812418 -0.324845374 -0.125884518
v 0.49275142 -0.340835631 -0.0313562416
v 0.567179024 -0.245597884 -0.0456646681
v 0.579132617 -0.24875848 0.0639032423
v 0.637730181 -0.137579143 0.0625621676
v 0.623220265 -0.136859998 -0.0556137823
v 0.658673704 -0.0166632533 -0.061414659
v 0.588577092 -0.127494216 -0.16915296
v 0.673814595 -0.0169425607 0.0617363453
v 0.685999036 0.108515345 0.061457485
v 0.539750278 -0.231788859 -0.151270807
v 0.498208106 -0.209317744 -0.247809455
v 0.446880251 -0.298615158 -0.215643093
v 0.409614861 -0.262764752 -0.298511028
v 0.325128853 -0.298615158 -0.331946522
v 0.354913294 -0.209317744 -0.384692132
v 0.444156229 -0.177904233 -0.334670544
v 0.469428688 -0.0862758681 -0.3611269
v 0.537013173 -0.110501401 -0.270866871
v 0.561700284 -0.00282132626 -0.285055429
v 0.256575286 -0.231788859 -0.421774268
v 0.272204936 -0.127494216 -0.471368402
v 0.620393574 -0.0116059184 -0.179121122
v 0.632176578 0.108515345 -0.180100337
v 0.376171291 -0.110501401 -0.424511403
v 0.389215648 -0.00282132626 -0.449821651
v 0.1571998 -0.136859998 -0.500780821
v 0.161372721 -0.0166632533 -0.536462545
v 0.0376579165 -0.0169425607 -0.545953751
v 0.0373790525 0.108515315 -0.558137894
v 0.484835207 0.00995528698 -0.377254933
v 0.490011394 0.108515315 -0.3826738
v 0.280707121 -0.0116059184 -0.503607392
v 0.281146258 0.108515315 -0.515423059
v 0.16136615 0.108515315 -0.548784971
v 0.161372721 0.23350814 -0.536462545
v 0.0376579165 0.233781576 -0.545953751
v 0.0384837389 0.343082219 -0.509869456
v 0.571070015 0.108515315 -0.288387984
v 0.561700284 0.219842121 -0.285055459
v 0.39211601 0.108515315 -0.459333986
v 0.389215648 0.219842121 -0.449821651
v 0.280707121 0.228540629 -0.503607392
v 0.272204936 0.334646672 -0.471368402
v 0.1571998 0.34248516 -0.500780821
v 0.149824858 0.424596667 -0.444342911
v 0.0398248136 0.42672354 -0.451271504
v 0.0416296087 0.484163284 -0.372412115
v 0.13893646 0.481435627 -0.369338721
v 0.234186396 0.472996294 -0.35574317
v 0.256575286 0.415123194 -0.421774328
v 0.354913294 0.399092019 -0.384692192
v 0.325128853 0.458150923 -0.331946552
v 0.409614861 0.435960025 -0.298511058
v 0.376171291 0.320133209 -0.424511403
v 0.469428688 0.298804104 -0.36112693
v 0.444156229 0.375447869 -0.334670603
v 0.498208106 0.399092019 -0.2478095
v 0.446880251 0.458150923 -0.215643138
v 0.474812418 0.472996294 -0.125884563
v 0.484835207 0.207075343 -0.377254963
v 0.537013173 0.320133209 -0.270866901
v 0.588577092 0.334646672 -0.169152975
v 0.539750278 0.415123194 -0.151270837
v 0.567179024 0.424596697 -0.0456646942
v 0.49275142 0.481435686 -0.0313563049
v 0.500273108 0.484163314 0.0657079741
v 0.579132617 0.426723629 0.0639032125
v 0.637730181 0.343082219 0.0625621378
v 0.623220265 0.342485189 -0.0556138121
v 0.658673704 0.233508155 -0.0614146739
v 0.673814595 0.233781606 0.0617363155
v 0.620393574 0.228540644 -0.179121166
v 0.670983315 0.108515345 -0.061971914
v -0.396490514 0.484163314 0.0862314105
v -0.46842128 0.424596697 -0.0219638627
v -0.393417269 0.481435686 -0.0110753477
v -0.475349844 0.426723599 0.0880361721
v -0.379821569 0.472996294 -0.106325328
v -0.533947766 0.343082219 0.0893772468
v -0.445852727 0.415123194 -0.128714234
v -0.408770591 0.399092019 -0.227052301
v -0.495446742 0.334646702 -0.144343913
v -0.356024921 0.458150923 -0.197267801
v -0.322589606 0.435960025 -0.281753749
v -0.52485913 0.342485189 -0.0293387771
v -0.560540974 0.233508155 -0.0335116088
v -0.570031941 0.233781606 0.090203099
v -0.582216322 0.108515345 0.0904819667
v -0.358749002 0.375447869 -0.316295266
v -0.271887898 0.399092019 -0.370347142
v -0.385205328 0.298804104 -0.341567725
v -0.239721522 0.458150923 -0.319019318
v -0.149963006 0.472996294 -0.346951485
v -0.448589861 0.320133209 -0.248310298
v -0.47390002 0.219842121 -0.261354625
v -0.527685821 0.228540644 -0.152846098
v -0.539501369 0.108515345 -0.153285235
v -0.572863162 0.108515345 -0.0335051417
v -0.560540974 -0.0166632533 -0.0335116088
v -0.570031941 -0.0169425607 0.090203099
v -0.533947766 -0.137579143 0.089377284
v -0.175349206 0.415123194 -0.411889255
v -0.069743067 0.424596667 -0.439317882
v -0.193231374 0.334646672 -0.460716307
v -0.0554347299 0.481435627 -0.364890277
v 0.0416296087 0.484163284 -0.372412115
v 0.0398248136 0.42672354 -0.451271504
v 0.0384837389 0.343082219 -0.509869456
v -0.0796922147 0.34248516 -0.495359272
v -0.0854931399 0.23350814 -0.53081274
v 0.0376579165 0.233781576 -0.545953751
v 0.0373790525 0.108515315 -0.558137894
v -0.2949453 0.320133209 -0.40915218
v -0.309133857 0.219842121 -0.433839142
v -0.203199536 0.228540629 -0.492532581
v -0.204178765 0.108515315 -0.504315853
v -0.0860503167 0.108515315 -0.54312253
v -0.0854931399 -0.0166632533 -0.53081274
v 0.0376579165 -0.0169425607 -0.545953751
v 0.0384837389 -0.137579143 -0.509869456
v -0.401333541 0.207075343 -0.356974036
v -0.406752229 0.108515315 -0.362150371
v -0.312466413 0.108515315 -0.443208903
v -0.309133857 -0.00282132626 -0.433839142
v -0.203199536 -0.0116059184 -0.492532581
v -0.193231374 -0.127494216 -0.460716307
v -0.0796922147 -0.136859998 -0.495359272
v -0.069743067 -0.245597884 -0.439317822
v 0.0398248136 -0.24875848 -0.451271385
v 0.0416296087 -0.346208096 -0.372412056
v -0.483412415 0.108515315 -0.264255017
v -0.47390002 -0.00282132626 -0.261354595
v -0.401333541 0.00995528698 -0.356973976
v -0.385205328 -0.0862758681 -0.341567695
v -0.2949453 -0.110501401 -0.40915215
v -0.271887898 -0.209317744 -0.370347083
v -0.175349206 -0.231788859 -0.411889225
v -0.149963006 -0.324845374 -0.346951425
v -0.0554347299 -0.340835631 -0.364890277
v -0.0658839047 -0.416608155 -0.270692497
v 0.0438287519 -0.426182747 -0.276321501
v 0.0463377237 -0.485609502 -0.166692764
v -0.0720920563 -0.473643184 -0.163272813
v -0.0743665099 -0.509713888 -0.0446382128
v -0.186152831 -0.441162556 -0.151422411
v 0.0490601063 -0.522204041 -0.0477384925
v 0.0518913269 -0.53456068 0.0759697482
v -0.0718169212 -0.522204041 0.0788009465
v -0.190771192 -0.485609502 0.081523329
v -0.192772761 -0.473643184 -0.0369389057
v -0.299795955 -0.416608155 -0.0258229971
v -0.300399929 -0.426182747 0.0840322971
v -0.396490514 -0.346208096 0.0862314403
v -0.171750516 -0.391256005 -0.254646033
v -0.268681824 -0.351387888 -0.230258346
v -0.288609535 -0.391256005 -0.132312879
v -0.379821569 -0.324845374 -0.106325284
v -0.393417269 -0.340835631 -0.0110753179
v -0.46842128 -0.245597884 -0.0219638348
v -0.475349844 -0.24875848 0.0880362093
v -0.239721522 -0.298615158 -0.319019258
v -0.322589606 -0.262764752 -0.281753719
v -0.356024921 -0.298615158 -0.197267756
v -0.408770591 -0.209317744 -0.227052256
v -0.358749002 -0.177904233 -0.316295236
v -0.52485913 -0.136859998 -0.0293387454
v -0.495446742 -0.127494216 -0.144343898
v -0.445852727 -0.231788859 -0.128714189
v -0.448589861 -0.110501401 -0.248310253
v -0.527685821 -0.0116059184 -0.152846068
v 0.0416296087 0.484163284 -0.372412115
v 0.0438287519 0.517683148 -0.27632153
v -0.0658839047 0.514431179 -0.270692527
v -0.0554347299 0.481435627 -0.364890277
v 0.0463377237 0.53215313 -0.166692823
v -0.149963006 0.472996294 -0.346951485
v -0.0720920563 0.530127943 -0.163272873
v -0.0743665099 0.534500718 -0.0446382761
v -0.186152831 0.522300601 -0.151422456
v 0.0490601324 0.534560621 -0.0477385223
v 0.0518913269 0.533349097 0.075969696
v -0.0718169212 0.534560621 0.0788008869
v -0.190771192 0.53215313 0.0815232992
v -0.171750516 0.504766464 -0.254646063
v -0.268681824 0.486740679 -0.230258361
v -0.239721522 0.458150923 -0.319019318
v -0.322589606 0.435960025 -0.281753749
v -0.356024921 0.458150923 -0.197267801
v -0.379821569 0.472996294 -0.106325328
v -0.192772761 0.530127943 -0.0369389318
v -0.299795955 0.514431179 -0.025823025
v -0.300399929 0.517683148 0.0840322673
v -0.396490514 0.484163314 0.0862314105
v -0.393417269 0.481435686 -0.0110753477
v -0.288609535 0.504766464 -0.132312924
v 0.500273108 0.484163314 0.0657079741
v 0.404182494 0.517683148 0.0679071248
v 0.39855352 0.514431179 -0.0418055318
v 0.49275142 0.481435686 -0.0313563049
v 0.294553816 0.53215313 0.0704160929
v 0.474812418 0.472996294 -0.125884563
v 0.291133881 0.530127943 -0.0480136871
v 0.172499344 0.534500718 -0.0502880514
v 0.279283464 0.522300601 -0.162074462
v 0.175599575 0.534560621 0.0731385052
v 0.0518913269 0.533349097 0.075969696
v 0.0490601324 0.534560621 -0.0477385223
v 0.0463377237 0.53215313 -0.166692823
v 0.382506996 0.504766464 -0.147672147
v 0.358119428 0.486740679 -0.244603425
v 0.446880251 0.458150923 -0.215643138
v 0.409614861 0.435960025 -0.298511058
v 0.325128853 0.458150923 -0.331946552
v 0.234186396 0.472996294 -0.35574317
v 0.164799958 0.530127943 -0.168694392
v 0.15368405 0.514431179 -0.275717556
v 0.0438287519 0.517683148 -0.27632153
v 0.0416296087 0.484163284 -0.372412115
v 0.13893646 0.481435627 -0.369338721
v 0.260173976 0.504766464 -0.264531136
v 0.0621530078 0.484163344 0.524351478
v 0.0599538982 0.517683208 0.428260952
v 0.169666559 0.514431238 0.42263186
v 0.159217358 0.481435657 0.516829729
v 0.0574449003 0.53215307 0.318632156
v 0.253745615 0.472996324 0.498890907
v 0.17587471 0.530128002 0.31521228
v 0.178149164 0.534500718 0.196577698
v 0.28993547 0.522300601 0.303361833
v 0.0547225177 0.53456068 0.199677899
v 0.0518913269 0.533349097 0.075969696
v 0.175599575 0.534560621 0.0731385052
v 0.294553816 0.53215313 0.0704160929
v 0.27553314 0.504766464 0.406585485
v 0.372464478 0.486740679 0.382197708
v 0.343504131 0.458150923 0.47095874
v 0.4263722 0.435960114 0.4336932
v 0.459807575 0.458150923 0.349207193
v 0.483604103 0.472996324 0.258264691
v 0.2965554 0.530127943 0.188878328
v 0.40357855 0.514431179 0.177762404
v 0.404182494 0.517683148 0.0679071248
v 0.500273108 0.484163314 0.0657079741
v 0.497199804 0.481435686 0.16301474
v 0.392392069 0.504766464 0.284252435
v -0.396490514 0.484163314 0.0862314105
v -0.300399929 0.517683148 0.0840322673
v -0.294770926 0.514431179 0.193744928
v -0.388968855 0.481435686 0.183295682
v -0.190771192 0.53215313 0.0815232992
v -0.371029884 0.472996324 0.277823955
v -0.187351242 0.530127943 0.199953035
v -0.0687167048 0.534500718 0.202227429
v -0.175500825 0.522300601 0.314013869
v -0.0718169212 0.534560621 0.0788008869
v 0.0518913269 0.533349097 0.075969696
v 0.0547225177 0.53456068 0.199677899
v 0.0574449003 0.53215307 0.318632156
v -0.278724462 0.504766464 0.299611598
v -0.254336774 0.486740679 0.396542728
v -0.343097717 0.458150923 0.3675825
v -0.305832297 0.435960114 0.45045054
v -0.2213462 0.458150923 0.483885914
v -0.130403787 0.472996324 0.507682562
v -0.0610173009 0.530128002 0.320633799
v -0.0499013923 0.514431238 0.427656919
v 0.0599538982 0.517683208 0.428260952
v 0.0621530078 0.484163344 0.524351478
v -0.0351538062 0.481435657 0.521278143
v -0.156391308 0.504766464 0.416470557
v -0.0199725032 0.226296559 -0.602033854
v -0.0201297086 0.234273702 -0.610834122
v -0.0191546381 0.227349833 -0.612332225
v -0.0203781724 0.231819242 -0.600502551
v -0.024345696 0.239592582 -0.61005652
v -0.0231594443 0.236318201 -0.60229212
v -0.0287891906 0.237028345 -0.600310326
v -0.031826999 0.242917538 -0.609492481
v -0.0377690792 0.23765485 -0.599491417
v -0.0421993732 0.246217623 -0.609048009
v -0.0553691946 0.248525098 -0.60790813
v -0.0480566584 0.237760305 -0.598875463
v -0.0571865439 0.236208037 -0.597916365
v -0.0680790842 0.24326463 -0.606079698
v -0.0707122833 0.230771288 -0.604224086
v -0.0575865209 0.227501348 -0.595627487
v -0.0561370552 0.218674496 -0.595353007
v -0.0672574341 0.214457735 -0.604246855
v -0.0199725032 0.226296559 -0.602033854
v -0.0191546381 0.227349833 -0.612332225
v -0.0216493607 0.220204353 -0.613731742
v -0.0224203151 0.220955849 -0.605594873
v -0.0251333993 0.214006528 -0.614367962
v -0.0249763429 0.216566831 -0.608397782
v -0.0290922206 0.214179888 -0.606906533
v -0.0296985805 0.208632767 -0.614045203
v -0.0351672433 0.210578173 -0.605152011
v -0.0352541804 0.201966241 -0.612811327
v -0.0425429903 0.195290789 -0.610112369
v -0.0419911742 0.206697777 -0.602677524
v -0.0489949249 0.204037547 -0.599853575
v -0.0526746772 0.194803685 -0.606765389
v -0.0532661378 0.210749984 -0.596834242
v -0.0612325929 0.201759145 -0.605162263
v -0.0672574341 0.214457735 -0.604246855
v -0.0561370552 0.218674496 -0.595353007
v -0.0603064895 0.216250584 -0.620130181
v -0.0707122833 0.230771288 -0.604224086
v -0.0672574341 0.214457735 -0.604246855
v -0.0642874762 0.229794443 -0.619177282
v -0.0547712408 0.233996421 -0.624789298
v -0.0507765375 0.218548462 -0.626198232
v -0.0680790842 0.24326463 -0.606079698
v -0.0399928354 0.222037613 -0.628189504
v -0.0641325042 0.243200779 -0.616208196
v -0.0553691946 0.248525098 -0.60790813
v -0.0554683469 0.247082263 -0.61817199
v -0.0438825786 0.246332645 -0.619448304
v -0.0421993732 0.246217623 -0.609048009
v -0.031826999 0.242917538 -0.609492481
v -0.0428100191 0.236152202 -0.62626636
v -0.0320402384 0.236166134 -0.624347806
v -0.0305525344 0.225034654 -0.626489282
v -0.0233477633 0.226710737 -0.621854782
v -0.0334851742 0.243576363 -0.618568838
v -0.024345696 0.239592582 -0.61005652
v -0.0241531134 0.235351309 -0.619935453
v -0.0191546381 0.227349833 -0.612332225
v -0.0201297086 0.234273702 -0.610834122
v -0.0266244113 0.240879476 -0.617328107
v -0.0603064895 0.216250584 -0.620130181
v -0.0672574341 0.214457735 -0.604246855
v -0.0612325929 0.201759145 -0.605162263
v -0.0557729602 0.205432355 -0.619549453
v -0.0468685627 0.206616297 -0.623905599
v -0.0507765375 0.218548462 -0.626198232
v -0.0399928354 0.222037613 -0.628189504
v -0.0507435203 0.198242322 -0.617820799
v -0.0526746772 0.194803685 -0.606765389
v -0.0435270965 0.198777899 -0.619923413
v -0.0425429903 0.195290789 -0.610112369
v -0.0352541804 0.201966241 -0.612811327
v -0.0363045 0.203035623 -0.621046782
v -0.0296985805 0.208632767 -0.614045203
v -0.0382282138 0.210582748 -0.625485897
v -0.0306395888 0.214884162 -0.624781907
v -0.0305525344 0.225034654 -0.626489282
v -0.0233477633 0.226710737 -0.621854782
v -0.0302285235 0.208437338 -0.62107718
v -0.0260847807 0.212547302 -0.620140076
v -0.0251333993 0.214006528 -0.614367962
v -0.0216493607 0.220204353 -0.613731742
v -0.0247796476 0.218198925 -0.62147522
v -0.0191546381 0.227349833 -0.612332225
v -0.148483351 0.32967037 -0.683121562
v -0.145283222 0.324439794 -0.675757885
v -0.12510246 0.304859221 -0.636988282
v -0.468310952 0.163572684 -0.666298747
v -0.424913198 0.134888589 -0.636857212
v -0.427856445 0.157888383 -0.641758263
v -0.432807535 0.173626661 -0.641714692
v -0.445873946 0.199157178 -0.637470126
v -0.469899446 0.207460716 -0.657865644
v -0.481950819 0.215068653 -0.671442032
v -0.481062472 0.178589344 -0.676124156
v -0.491532743 0.193765402 -0.685422897
v -0.500653863 0.209363356 -0.693396866
v -0.509067774 0.226113424 -0.699834824
v -0.516877592 0.244809568 -0.705022156
v -0.490362257 0.234616578 -0.667857289
v -0.523471951 0.266051352 -0.707907081
v -0.478633106 0.2289754 -0.650934815
v -0.457423836 0.224385485 -0.628848314
v -0.488811016 0.253988415 -0.64451158
v -0.466868162 0.252791405 -0.619541466
v -0.499908477 0.257990003 -0.664353251
v -0.49444598 0.282966137 -0.638428271
v -0.470412046 0.279465973 -0.613709211
v -0.505946159 0.285559148 -0.660256922
v -0.527097523 0.289265215 -0.706551015
v -0.526360333 0.312760234 -0.701499403
v -0.487837255 0.314448535 -0.630191445
v -0.466104537 0.311161757 -0.60857904
v -0.455355436 0.340217054 -0.606182933
v -0.503873467 0.315226346 -0.654422581
v -0.491405278 0.342822939 -0.645798385
v -0.521053672 0.335227042 -0.693440378
v -0.511101782 0.355029732 -0.680729568
v -0.472668439 0.342918336 -0.622548819
v -0.443559438 0.362280637 -0.607007146
v -0.476223826 0.363204122 -0.638791621
v -0.497561872 0.371693522 -0.665914655
v -0.458098322 0.364318728 -0.61934042
v -0.442581236 0.402573794 -0.618156433
v -0.432075918 0.379021972 -0.608071208
v -0.415553808 0.406837672 -0.596228063
v -0.462152362 0.395323187 -0.632956862
v -0.480895877 0.384952217 -0.64936024
v -0.104869843 0.328932822 -0.586007357
v -0.0654770136 0.32196036 -0.606822252
v -0.0858316571 0.302720785 -0.625294566
v -0.115367122 0.310950577 -0.60555017
v -0.121217437 0.305330694 -0.619683862
v -0.0399675071 0.330710202 -0.641214907
v -0.0399141572 0.342974573 -0.659961104
v -0.0460181795 0.357519597 -0.675255656
v -0.0568522811 0.371744365 -0.687481761
v -0.0556808971 0.34672606 -0.680441976
v -0.070479922 0.384674668 -0.698945045
v -0.0972175896 0.34062618 -0.704240382
v -0.0889815986 0.397765845 -0.703635693
v -0.0999159962 0.375084043 -0.709509254
v -0.105079651 0.346425533 -0.709142923
v -0.113154009 0.347765267 -0.703112245
v -0.119053341 0.334538609 -0.697275519
v -0.114328228 0.330008 -0.70055449
v -0.122217044 0.326990843 -0.689821362
v -0.120558918 0.322994024 -0.69103092
v -0.125095755 0.320610255 -0.684800088
v -0.106812559 0.327713758 -0.696018577
v -0.115346067 0.317847729 -0.684094131
v -0.12510246 0.304859221 -0.636988282
v -0.0848432928 0.333037436 -0.696395218
v -0.078665182 0.328010887 -0.688836038
v -0.0968283415 0.322764724 -0.691767573
v -0.104482993 0.315981567 -0.686035573
v -0.0902013555 0.319048822 -0.686471462
v -0.100605436 0.314147532 -0.681531489
v -0.0771561861 0.328394681 -0.682867646
v -0.0729039162 0.320993543 -0.684297383
v -0.0883556902 0.320113778 -0.680838048
v -0.0699732825 0.314201295 -0.674245417
v -0.0856699944 0.31394738 -0.679715276
v -0.0967524499 0.317061424 -0.67724061
v -0.105211176 0.312900841 -0.670598745
v -0.0687318742 0.305709094 -0.656889379
v -0.0846100599 0.308354795 -0.671999216
v -0.095871076 0.311092138 -0.675357938
v -0.0949125439 0.307372808 -0.669840932
v -0.085745886 0.303337246 -0.659072399
v -0.112483412 0.303324014 -0.646316409
v -0.0992765874 0.300439477 -0.634751201
v -0.102266684 0.305363536 -0.660403371
v -0.148483351 0.32967037 -0.683121562
v -0.12510246 0.304859221 -0.636988282
v -0.125095755 0.320610255 -0.684800088
v -0.14328289 0.330425799 -0.68882376
v -0.154582471 0.341957092 -0.690322697
v -0.147790357 0.334055245 -0.678166628
v -0.145283222 0.324439794 -0.675757885
v -0.133909836 0.328400135 -0.688863993
v -0.126742169 0.325644284 -0.691787124
v -0.122217044 0.326990843 -0.689821362
v -0.119053341 0.334538609 -0.697275519
v -0.13396734 0.337141067 -0.700297296
v -0.123727635 0.334058821 -0.701974034
v -0.113154009 0.347765267 -0.703112245
v -0.116187409 0.349211812 -0.710077286
v -0.0999159962 0.375084043 -0.709509254
v -0.146278784 0.340881944 -0.696889699
v -0.130425334 0.354644448 -0.709694803
v -0.111461982 0.407615662 -0.701150954
v -0.0889815986 0.397765845 -0.703635693
v -0.134037599 0.413770616 -0.697931647
v -0.146367684 0.359625489 -0.703632474
v -0.153674394 0.415051639 -0.684503913
v -0.155985802 0.360931695 -0.695461631
v -0.168402404 0.411198974 -0.666254163
v -0.154197752 0.345687121 -0.684661031
v -0.158393309 0.389469534 -0.690455794
v -0.178190321 0.403676718 -0.647256255
v -0.171683028 0.376852632 -0.609532714
v -0.180007905 0.358901352 -0.660761297
v -0.152843982 0.32941395 -0.677783251
v -0.156673715 0.363067895 -0.688481688
v -0.173618004 0.361838341 -0.678579092
v -0.160307258 0.342252642 -0.68460989
v -0.164386854 0.361665785 -0.687874079
v -0.15847595 0.330341399 -0.672113836
v -0.138216302 0.31015116 -0.637581706
v -0.12510246 0.304859221 -0.636988282
v -0.121217437 0.305330694 -0.619683862
v -0.167299017 0.342273891 -0.675953329
v -0.171431005 0.339582145 -0.661904216
v -0.16406396 0.328493834 -0.63484025
v -0.155688912 0.325294793 -0.661778986
v -0.149061352 0.317032576 -0.645220995
v -0.145161763 0.316077739 -0.620781541
v -0.146927044 0.32669723 -0.60717082
v -0.115367122 0.310950577 -0.60555017
v -0.104869843 0.328932822 -0.586007357
v -0.171461582 0.344271034 -0.625995278
v -0.143745288 0.349750042 -0.58828944
v 0.0567008518 0.449961841 -0.616247594
v 0.0548428297 0.44844085 -0.597508729
v 0.0532307886 0.449943274 -0.616549969
v 0.0240609646 0.448893964 -0.601858139
v 0.032923758 0.449871898 -0.617026746
v 0.0294003766 0.449810237 -0.616871119
v 0.0259427112 0.449686468 -0.616378546
v 0.0038048923 0.448640049 -0.611637235
v -0.00762456656 0.449836522 -0.587724566
v 0.0199398696 0.447892398 -0.590058804
v 0.0527600944 0.445281148 -0.587074399
v 0.0601238273 0.449972779 -0.615628362
v 0.0567008518 0.449961841 -0.616247594
v 0.0594493151 0.442709297 -0.629296184
v 0.0671918392 0.442676127 -0.635380864
v 0.0602659583 0.417763233 -0.636416137
v 0.0863895938 0.442168027 -0.628461719
v 0.0798319578 0.449918061 -0.610681951
v 0.0831919238 0.44987011 -0.609612584
v 0.0661473796 0.417771667 -0.64182514
v 0.0589717329 0.388414651 -0.628485918
v 0.0901894867 0.441977143 -0.620116234
v 0.0863832533 0.449774116 -0.608227491
v 0.0654020607 0.388491899 -0.631781578
v 0.0569614433 0.372431874 -0.616021633
v 0.0882671177 0.417939097 -0.633061767
v 0.084325552 0.388838619 -0.6254251
v 0.0980221927 0.441686213 -0.623504877
v 0.106536441 0.448789597 -0.597814322
v 0.0923715755 0.417891353 -0.626329303
v 0.0856029093 0.373285681 -0.611284256
v 0.0836078823 0.346380234 -0.580092788
v 0.0525489412 0.340166211 -0.586399198
v 0.0891263485 0.389004081 -0.619326472
v 0.100982428 0.417892128 -0.628921509
v 0.119791746 0.418043971 -0.608050466
v 0.0956808254 0.389372021 -0.619318247
v 0.104575515 0.37078169 -0.596699893
v 0.109531693 0.359672129 -0.57266897
v 0.126051962 0.385692716 -0.575105667
v 0.114545822 0.390580803 -0.603492379
v 0.130628645 0.418060213 -0.576463521
v 0.126502395 0.441745639 -0.575661778
v 0.11119169 0.449835658 -0.571678936
v 0.116513193 0.438871294 -0.605536282
v 0.0601238273 0.449972779 -0.615628362
v 0.0548428297 0.44844085 -0.597508729
v 0.0567008518 0.449961841 -0.616247594
v 0.0798319578 0.449918061 -0.610681951
v 0.0834306479 0.448679149 -0.590693593
v 0.0831919238 0.44987011 -0.609612584
v 0.0863832533 0.449774116 -0.608227491
v 0.106536441 0.448789597 -0.597814322
v 0.0527600944 0.445281148 -0.587074399
v 0.11119169 0.449835658 -0.571678936
v 0.0851981044 0.447893411 -0.581247747
v 0.0602659583 0.417763233 -0.636416137
v 0.0524492823 0.388293177 -0.633789897
v 0.0589717329 0.388414651 -0.628485918
v 0.0569614433 0.372431874 -0.616021633
v 0.0545639992 0.417845637 -0.642867804
v 0.0594493151 0.442709297 -0.629296184
v 0.0323802233 0.388178587 -0.632984757
v 0.054728955 0.442673802 -0.636161327
v 0.0567008518 0.449961841 -0.616247594
v 0.0532307886 0.449943274 -0.616549969
v 0.031670332 0.441921294 -0.634575307
v 0.032923758 0.449871898 -0.617026746
v 0.0319019817 0.417832017 -0.640764832
v 0.0259919763 0.441735148 -0.626986742
v 0.0294003766 0.449810237 -0.616871119
v 0.0254366994 0.417850941 -0.633219957
v 0.0262278914 0.388333589 -0.626686335
v 0.0273158252 0.371673316 -0.615923762
v 0.0205330551 0.343655884 -0.589416265
v 0.0525489412 0.340166211 -0.586399198
v 0.0214342158 0.441447377 -0.632891536
v 0.0259427112 0.449686468 -0.616378546
v 0.0038048923 0.448640049 -0.611637235
v 0.0202205181 0.417908013 -0.638337255
v -0.00595405698 0.418066472 -0.624671817
v 0.0202136934 0.388694406 -0.630173564
v 0.00463682413 0.368763119 -0.610915184
v -0.00737601519 0.357850939 -0.588093638
v -0.0220329762 0.385291398 -0.595553875
v -0.00284036994 0.390585512 -0.620073438
v -0.025318563 0.418134749 -0.597596467
v -0.0213811677 0.441756725 -0.595640421
v -0.00762456656 0.449836522 -0.587724566
v -0.00357708335 0.438619256 -0.621506095
v -0.391135752 -0.0775692761 -0.650072098
v -0.393781543 -0.0527801774 -0.661462069
v -0.396019369 -0.0879490897 -0.669383228
v -0.393455297 -0.109052896 -0.671638846
v -0.383148372 -0.0176442116 -0.646510899
v -0.390236497 -0.100307494 -0.645062804
v -0.387854517 -0.131830126 -0.670655191
v -0.380720973 -0.0503923744 -0.629595876
v -0.366198868 0.0149402022 -0.624961436
v -0.366280496 -0.0246393085 -0.608487129
v -0.366236985 -0.0474305414 -0.596555233
v -0.383505046 -0.0722167939 -0.620053291
v -0.361035824 -0.0732500106 -0.582997322
v -0.378565669 -0.0995636284 -0.608192086
v -0.350204378 -0.0975801647 -0.570252061
v -0.383521408 -0.126153171 -0.635610938
v -0.378783405 -0.152673006 -0.663542867
v -0.36578232 -0.124979496 -0.594875932
v -0.370010644 -0.149202526 -0.623437762
v -0.366625011 -0.170403302 -0.653151751
v -0.352336824 -0.184242353 -0.640829682
v -0.351605982 -0.165589973 -0.610673547
v -0.338027298 -0.192939103 -0.626810491
v -0.346176147 -0.143753499 -0.582181931
v -0.32832554 -0.118999802 -0.556479812
v -0.31017679 -0.132511705 -0.548597038
v -0.332124025 -0.175876677 -0.598671794
v -0.323527813 -0.156639814 -0.571341753
v -0.282149732 -0.14942947 -0.538173676
v -0.301112384 -0.167788565 -0.562074065
v -0.248856023 -0.174846053 -0.519777656
v -0.274786532 -0.19331491 -0.548817933
v -0.297398597 -0.20053567 -0.577034235
v -0.315376431 -0.18315509 -0.588695884
v -0.325234056 -0.198096856 -0.61298877
v -0.314329714 -0.200844854 -0.600033224
vt 0.97265625 0.410888672
vt 0.96484375 0.416259766
vt 0.974609375 0.417480469
vt 0.963867188 0.409912109
vt 0.962402344 0.404052734
vt 0.955566406 0.408447266
vt 0.970214844 0.404785156
vt 0.955566406 0.414550781
vt 0.967773438 0.398925781
vt 0.947265625 0.412353516
vt 0.9609375 0.3984375
vt 0.959960938 0.393310547
vt 0.954589844 0.397460938
vt 0.965820312 0.393798828
vt 0.964355469 0.388916016
vt 0.955078125 0.402832031
vt 0.948730469 0.401855469
vt 0.948730469 0.406982422
vt 0.942382812 0.405761719
vt 0.94140625 0.410400391
vt 0.935058594 0.409667969
vt 0.959472656 0.388671875
vt 0.958984375 0.384033203
vt 0.954101562 0.388183594
vt 0.963378906 0.384277344
vt 0.962890625 0.379638672
vt 0.954101562 0.392578125
vt 0.948730469 0.392089844
vt 0.948730469 0.396728516
vt 0.943359375 0.395996094
vt 0.942871094 0.400878906
vt 0.9375 0.399902344
vt 0.936523438 0.404785156
vt 0.930664062 0.403808594
vt 0.928222656 0.408447266
vt 0.922363281 0.406494141
vt 0.924804688 0.402587891
vt 0.918945312 0.401611328
vt 0.926269531 0.398193359
vt 0.917480469 0.405029297
vt 0.912109375 0.404785156
vt 0.932128906 0.399169922
vt 0.933105469 0.394775391
vt 0.938476562 0.395507812
vt 0.938964844 0.391113281
vt 0.943847656 0.391601562
vt 0.944335938 0.386962891
vt 0.94921875 0.387451172
vt 0.949707031 0.3828125
vt 0.954589844 0.383544922
vt 0.955078125 0.379150391
vt 0.958984375 0.379638672
vt 0.958984375 0.375488281
vt 0.962890625 0.375244141
vt 0.961914062 0.37109375
vt 0.958496094 0.371582031
vt 0.958007812 0.367431641
vt 0.955078125 0.371582031
vt 0.961425781 0.366943359
vt 0.959960938 0.363037109
vt 0.955078125 0.375244141
vt 0.951660156 0.374755859
vt 0.950683594 0.378417969
vt 0.945800781 0.376464844
vt 0.9453125 0.382080078
vt 0.940429688 0.381835938
vt 0.939941406 0.38671875
vt 0.935546875 0.386230469
vt 0.934570312 0.390625
vt 0.9296875 0.390136719
vt 0.927734375 0.394042969
vt 0.920898438 0.392822266
vt 0.919921875 0.397460938
vt 0.913085938 0.396972656
vt 0.912597656 0.400878906
vt 0.905761719 0.400878906
vt 0.906738281 0.404785156
vt 0.900390625 0.40625
vt 0.897949219 0.401123047
vt 0.889160156 0.401855469
vt 0.896972656 0.395751953
vt 0.892089844 0.408203125
vt 0.881347656 0.409179688
vt 0.905761719 0.396240234
vt 0.906738281 0.391113281
vt 0.913574219 0.392822266
vt 0.914550781 0.390380859
vt 0.87890625 0.402099609
vt 0.868652344 0.402099609
vt 0.876953125 0.395019531
vt 0.87109375 0.409179688
vt 0.861328125 0.408691406
vt 0.887695312 0.395019531
vt 0.887695312 0.386962891
vt 0.897460938 0.389892578
vt 0.898925781 0.385498047
vt 0.859375 0.401367188
vt 0.850097656 0.400146484
vt 0.857910156 0.394287109
vt 0.851074219 0.408203125
vt 0.83984375 0.407470703
vt 0.8671875 0.395019531
vt 0.865722656 0.387451172
vt 0.875488281 0.387451172
vt 0.874023438 0.378662109
vt 0.838867188 0.398193359
vt 0.82421875 0.395263672
vt 0.840332031 0.389404297
vt 0.825195312 0.40625
vt 0.810546875 0.404785156
vt 0.801757812 0.391113281
vt 0.802246094 0.416992188
vt 0.795410156 0.417480469
vt 0.794433594 0.390380859
vt 0.794921875 0.376953125
vt 0.849609375 0.392822266
vt 0.850097656 0.387695312
vt 0.856445312 0.387451172
vt 0.853027344 0.380371094
vt 0.844726562 0.383544922
vt 0.831542969 0.373291016
vt 0.86328125 0.379394531
vt 0.860839844 0.369628906
vt 0.827636719 0.384521484
vt 0.8046875 0.365966797
vt 0.812011719 0.380615234
vt 0.802246094 0.377197266
vt 0.797363281 0.364990234
vt 0.798828125 0.348144531
vt 0.805664062 0.349853516
vt 0.80859375 0.337646484
vt 0.802246094 0.335449219
vt 0.8125 0.305908203
vt 0.818359375 0.309082031
vt 0.830566406 0.27734375
vt 0.8359375 0.281494141
vt 0.830078125 0.357666016
vt 0.845703125 0.358398438
vt 0.861816406 0.255126953
vt 0.855957031 0.24987793
vt 0.829589844 0.343261719
vt 0.848144531 0.370605469
vt 0.8203125 0.326171875
vt 0.833007812 0.330322266
vt 0.846191406 0.333740234
vt 0.844726562 0.345703125
vt 0.857910156 0.346191406
vt 0.858886719 0.358154297
vt 0.870605469 0.356933594
vt 0.836914062 0.317626953
vt 0.872558594 0.368652344
vt 0.884277344 0.367675781
vt 0.884277344 0.378173828
vt 0.891601562 0.377929688
vt 0.894042969 0.383056641
vt 0.896972656 0.381103516
vt 0.844726562 0.306884766
vt 0.856445312 0.315185547
vt 0.833496094 0.299804688
vt 0.849609375 0.323486328
vt 0.857421875 0.327392578
vt 0.854003906 0.295654297
vt 0.857421875 0.335205078
vt 0.8671875 0.333496094
vt 0.864746094 0.323486328
vt 0.877441406 0.318115234
vt 0.866210938 0.306640625
vt 0.877441406 0.298339844
vt 0.877441406 0.330810547
vt 0.883789062 0.329589844
vt 0.881347656 0.342285156
vt 0.869140625 0.344970703
vt 0.866699219 0.286132812
vt 0.883300781 0.276367188
vt 0.85546875 0.275146484
vt 0.881835938 0.35546875
vt 0.890625 0.354248047
vt 0.862792969 0.256347656
vt 0.862792969 0.255126953
vt 0.862304688 0.25390625
vt 0.883300781 0.224243164
vt 0.87890625 0.219238281
vt 0.899414062 0.242797852
vt 0.887207031 0.25390625
vt 0.897460938 0.266113281
vt 0.90625 0.275878906
vt 0.912597656 0.259765625
vt 0.924316406 0.275878906
vt 0.918945312 0.281738281
vt 0.899414062 0.281982422
vt 0.901367188 0.290771484
vt 0.906738281 0.284912109
vt 0.912109375 0.282714844
vt 0.916015625 0.288818359
vt 0.889648438 0.292236328
vt 0.896972656 0.303466797
vt 0.885742188 0.307861328
vt 0.891113281 0.312255859
vt 0.909667969 0.290283203
vt 0.913574219 0.296630859
vt 0.90625 0.298828125
vt 0.912597656 0.305175781
vt 0.921386719 0.287841797
vt 0.925292969 0.293212891
vt 0.92578125 0.287597656
vt 0.924316406 0.275878906
vt 0.933105469 0.287597656
vt 0.9296875 0.291503906
vt 0.934082031 0.297363281
vt 0.937988281 0.294677734
vt 0.942382812 0.301757812
vt 0.919921875 0.294921875
vt 0.924804688 0.301025391
vt 0.918945312 0.302734375
vt 0.923339844 0.30859375
vt 0.9296875 0.299316406
vt 0.934082031 0.305419922
vt 0.938476562 0.303710938
vt 0.942382812 0.310302734
vt 0.946289062 0.30859375
vt 0.94921875 0.315429688
vt 0.929199219 0.306884766
vt 0.932617188 0.312744141
vt 0.937988281 0.311523438
vt 0.940429688 0.317382812
vt 0.9453125 0.31640625
vt 0.947265625 0.322509766
vt 0.951660156 0.321777344
vt 0.953125 0.327880859
vt 0.948730469 0.328369141
vt 0.949707031 0.333984375
vt 0.943847656 0.328369141
vt 0.954101562 0.333496094
vt 0.955078125 0.338867188
vt 0.942871094 0.322998047
vt 0.9375 0.323486328
vt 0.935546875 0.318115234
vt 0.930175781 0.319335938
vt 0.927246094 0.314208984
vt 0.921386719 0.315917969
vt 0.917480469 0.310791016
vt 0.912109375 0.313476562
vt 0.90625 0.30859375
vt 0.902832031 0.312744141
vt 0.897460938 0.310302734
vt 0.897460938 0.313720703
vt 0.932128906 0.323974609
vt 0.926757812 0.325683594
vt 0.93359375 0.329345703
vt 0.924316406 0.320800781
vt 0.918945312 0.322998047
vt 0.916015625 0.318359375
vt 0.911132812 0.321044922
vt 0.907714844 0.316650391
vt 0.903320312 0.319335938
vt 0.938964844 0.328613281
vt 0.939941406 0.333740234
vt 0.900390625 0.315917969
vt 0.896484375 0.317871094
vt 0.944824219 0.333740234
vt 0.9453125 0.339111328
vt 0.894042969 0.315185547
vt 0.891113281 0.317138672
vt 0.950195312 0.339111328
vt 0.950683594 0.344238281
vt 0.955566406 0.34375
vt 0.956542969 0.348144531
vt 0.887207031 0.316894531
vt 0.888671875 0.321044922
vt 0.892578125 0.319580078
vt 0.895019531 0.323242188
vt 0.884277344 0.323486328
vt 0.887695312 0.325683594
vt 0.899414062 0.321777344
vt 0.901367188 0.325927734
vt 0.890625 0.324462891
vt 0.892089844 0.328369141
vt 0.888183594 0.329101562
vt 0.889160156 0.332519531
vt 0.90625 0.323486328
vt 0.908203125 0.327880859
vt 0.896484375 0.327636719
vt 0.897949219 0.332275391
vt 0.88671875 0.335449219
vt 0.892089844 0.337890625
vt 0.892578125 0.332763672
vt 0.913574219 0.325439453
vt 0.915527344 0.329589844
vt 0.903320312 0.330322266
vt 0.904785156 0.335205078
vt 0.891113281 0.344970703
vt 0.899902344 0.344970703
vt 0.8984375 0.337646484
vt 0.920898438 0.327148438
vt 0.922363281 0.331542969
vt 0.91015625 0.332275391
vt 0.912109375 0.336669922
vt 0.906738281 0.340332031
vt 0.909667969 0.344482422
vt 0.928222656 0.330078125
vt 0.929199219 0.334472656
vt 0.916992188 0.333740234
vt 0.918945312 0.337890625
vt 0.9140625 0.340820312
vt 0.916503906 0.344726562
vt 0.934570312 0.334228516
vt 0.935058594 0.338623047
vt 0.923828125 0.3359375
vt 0.925292969 0.340332031
vt 0.920410156 0.342041016
vt 0.922363281 0.345947266
vt 0.940429688 0.338867188
vt 0.940429688 0.34375
vt 0.930175781 0.339111328
vt 0.930664062 0.343505859
vt 0.926269531 0.344482422
vt 0.927246094 0.348388672
vt 0.9453125 0.344238281
vt 0.944824219 0.349609375
vt 0.950683594 0.348876953
vt 0.951660156 0.352539062
vt 0.95703125 0.352050781
vt 0.957519531 0.35546875
vt 0.953125 0.356201172
vt 0.955078125 0.359863281
vt 0.958984375 0.359130859
vt 0.947753906 0.357421875
vt 0.946777344 0.353515625
vt 0.942382812 0.354736328
vt 0.956542969 0.363525391
vt 0.953125 0.364257812
vt 0.951171875 0.360839844
vt 0.948242188 0.362060547
vt 0.954589844 0.367919922
vt 0.951660156 0.368408203
vt 0.950195312 0.365234375
vt 0.947753906 0.366210938
vt 0.952148438 0.371582031
vt 0.950195312 0.371337891
vt 0.94921875 0.369140625
vt 0.946777344 0.370361328
vt 0.948730469 0.373291016
vt 0.945800781 0.36328125
vt 0.943847656 0.364013672
vt 0.944824219 0.361328125
vt 0.944824219 0.3671875
vt 0.941894531 0.367919922
vt 0.943847656 0.371826172
vt 0.939941406 0.372558594
vt 0.945800781 0.359863281
vt 0.942871094 0.359130859
vt 0.942871094 0.361328125
vt 0.939941406 0.361572266
vt 0.940917969 0.377197266
vt 0.936523438 0.377197266
vt 0.940917969 0.364501953
vt 0.937988281 0.364990234
vt 0.942871094 0.356933594
vt 0.939453125 0.357177734
vt 0.938964844 0.368652344
vt 0.935546875 0.368896484
vt 0.936035156 0.381835938
vt 0.932128906 0.381591797
vt 0.939453125 0.359130859
vt 0.936523438 0.359619141
vt 0.936035156 0.372802734
vt 0.932617188 0.373046875
vt 0.937011719 0.361816406
vt 0.934082031 0.362304688
vt 0.931152344 0.385986328
vt 0.926757812 0.385498047
vt 0.932128906 0.377197266
vt 0.928710938 0.377197266
vt 0.935058594 0.365234375
vt 0.931640625 0.365478516
vt 0.927734375 0.381347656
vt 0.924316406 0.381103516
vt 0.924804688 0.389160156
vt 0.921386719 0.387939453
vt 0.932128906 0.369140625
vt 0.928710938 0.369140625
vt 0.928710938 0.373046875
vt 0.925292969 0.373046875
vt 0.924804688 0.376953125
vt 0.920898438 0.376953125
vt 0.922851562 0.384765625
vt 0.919433594 0.384033203
vt 0.920410156 0.380615234
vt 0.916992188 0.380371094
vt 0.928710938 0.365722656
vt 0.925292969 0.365966797
vt 0.928222656 0.363037109
vt 0.925292969 0.369384766
vt 0.921875 0.369140625
vt 0.921386719 0.373046875
vt 0.91796875 0.372558594
vt 0.917480469 0.376464844
vt 0.913574219 0.375976562
vt 0.931152344 0.362792969
vt 0.931152344 0.360351562
vt 0.93359375 0.359863281
vt 0.93359375 0.357910156
vt 0.936523438 0.357421875
vt 0.936523438 0.355712891
vt 0.938964844 0.35546875
vt 0.938964844 0.354003906
vt 0.940917969 0.352539062
vt 0.937988281 0.3515625
vt 0.937011719 0.354003906
vt 0.934082031 0.354003906
vt 0.93359375 0.355957031
vt 0.931152344 0.356201172
vt 0.939453125 0.348144531
vt 0.935058594 0.34765625
vt 0.930664062 0.358154297
vt 0.928222656 0.358642578
vt 0.934570312 0.351318359
vt 0.931152344 0.351318359
vt 0.935546875 0.343261719
vt 0.931152344 0.347900391
vt 0.931152344 0.354248047
vt 0.928222656 0.354492188
vt 0.927734375 0.351806641
vt 0.924804688 0.352783203
vt 0.928222656 0.356445312
vt 0.92578125 0.356689453
vt 0.923828125 0.349609375
vt 0.920410156 0.351318359
vt 0.92578125 0.354980469
vt 0.923828125 0.355224609
vt 0.922363281 0.353759766
vt 0.920898438 0.35546875
vt 0.918457031 0.348144531
vt 0.915527344 0.351074219
vt 0.923339844 0.356689453
vt 0.922851562 0.358398438
vt 0.91796875 0.353515625
vt 0.916503906 0.356201172
vt 0.912597656 0.347900391
vt 0.909667969 0.351806641
vt 0.92578125 0.358642578
vt 0.925292969 0.360839844
vt 0.919921875 0.357666016
vt 0.918945312 0.359863281
vt 0.913085938 0.354003906
vt 0.911621094 0.357421875
vt 0.905273438 0.348876953
vt 0.903320312 0.354492188
vt 0.928222656 0.360839844
vt 0.915527344 0.358886719
vt 0.914550781 0.361816406
vt 0.907714844 0.355957031
vt 0.906738281 0.360107422
vt 0.897460938 0.353515625
vt 0.897460938 0.360107422
vt 0.925292969 0.363037109
vt 0.921875 0.363037109
vt 0.910644531 0.360839844
vt 0.910644531 0.364257812
vt 0.90234375 0.359619141
vt 0.90234375 0.363769531
vt 0.891601562 0.362304688
vt 0.895019531 0.366943359
vt 0.921875 0.365966797
vt 0.918457031 0.365478516
vt 0.90625 0.363769531
vt 0.90625 0.367431641
vt 0.8984375 0.364501953
vt 0.899902344 0.366943359
vt 0.892089844 0.371582031
vt 0.896972656 0.373291016
vt 0.91796875 0.368896484
vt 0.9140625 0.368408203
vt 0.902832031 0.366943359
vt 0.90234375 0.370361328
vt 0.8984375 0.369384766
vt 0.896484375 0.377685547
vt 0.900878906 0.378173828
vt 0.9140625 0.372070312
vt 0.91015625 0.371582031
vt 0.901367188 0.374023438
vt 0.905761719 0.374755859
vt 0.900390625 0.381835938
vt 0.904785156 0.382568359
vt 0.90625 0.370849609
vt 0.905273438 0.378662109
vt 0.909179688 0.379394531
vt 0.904785156 0.386474609
vt 0.909179688 0.386230469
vt 0.91015625 0.367919922
vt 0.909667969 0.375488281
vt 0.914550781 0.364990234
vt 0.918457031 0.362548828
vt 0.922363281 0.360595703
vt 0.913085938 0.379882812
vt 0.912597656 0.383300781
vt 0.909179688 0.383056641
vt 0.916015625 0.383544922
vt 0.915527344 0.386474609
vt 0.912597656 0.386230469
vt 0.913085938 0.387939453
vt 0.918457031 0.386962891
vt 0.917480469 0.388671875
vt 0.910644531 0.389160156
vt 0.915039062 0.388427734
vt 0.918457031 0.390136719
vt 0.537597656 0.838378906
vt 0.531738281 0.841308594
vt 0.53125 0.849609375
vt 0.537597656 0.848632812
vt 0.543945312 0.845703125
vt 0.543945312 0.835449219
vt 0.551269531 0.831054688
vt 0.537109375 0.860839844
vt 0.530273438 0.858886719
vt 0.528808594 0.866210938
vt 0.551269531 0.841796875
vt 0.559082031 0.838378906
vt 0.551757812 0.853027344
vt 0.559570312 0.827148438
vt 0.569335938 0.823730469
vt 0.544921875 0.856933594
vt 0.547363281 0.867675781
vt 0.533203125 0.868652344
vt 0.536621094 0.875
vt 0.53125 0.872558594
vt 0.527832031 0.872070312
vt 0.527832031 0.877441406
vt 0.532714844 0.877441406
vt 0.534667969 0.886230469
vt 0.528808594 0.883789062
vt 0.528808594 0.889160156
vt 0.541503906 0.87109375
vt 0.545410156 0.880371094
vt 0.540527344 0.883789062
vt 0.544921875 0.892578125
vt 0.532714844 0.891601562
vt 0.536132812 0.896484375
vt 0.531738281 0.894042969
vt 0.529296875 0.894042969
vt 0.530761719 0.8984375
vt 0.533203125 0.897460938
vt 0.53515625 0.901367188
vt 0.533203125 0.903320312
vt 0.537109375 0.907714844
vt 0.538085938 0.902832031
vt 0.544433594 0.905273438
vt 0.542480469 0.913085938
vt 0.548828125 0.919921875
vt 0.540039062 0.895019531
vt 0.551757812 0.913574219
vt 0.558105469 0.919921875
vt 0.5546875 0.908691406
vt 0.556152344 0.926269531
vt 0.562988281 0.931640625
vt 0.549316406 0.900878906
vt 0.553710938 0.897949219
vt 0.549804688 0.889648438
vt 0.555175781 0.88671875
vt 0.55078125 0.877441406
vt 0.557128906 0.874511719
vt 0.553710938 0.863769531
vt 0.561035156 0.860351562
vt 0.559570312 0.849609375
vt 0.568359375 0.845703125
vt 0.568359375 0.834472656
vt 0.580078125 0.831054688
vt 0.581054688 0.8203125
vt 0.595214844 0.817382812
vt 0.593261719 0.828125
vt 0.61328125 0.814453125
vt 0.60546875 0.826660156
vt 0.612304688 0.837402344
vt 0.618652344 0.813964844
vt 0.617675781 0.836914062
vt 0.612304688 0.862304688
vt 0.617675781 0.861816406
vt 0.59375 0.83984375
vt 0.579589844 0.842773438
vt 0.580078125 0.854492188
vt 0.592773438 0.852050781
vt 0.604980469 0.850585938
vt 0.612304688 0.88671875
vt 0.618164062 0.886230469
vt 0.594726562 0.863769531
vt 0.569824219 0.857421875
vt 0.571777344 0.867675781
vt 0.605957031 0.875
vt 0.595214844 0.886230469
vt 0.611816406 0.911132812
vt 0.617675781 0.911132812
vt 0.581542969 0.865722656
vt 0.582519531 0.875976562
vt 0.594238281 0.875488281
vt 0.563964844 0.87109375
vt 0.567382812 0.880371094
vt 0.604980469 0.8984375
vt 0.589355469 0.909667969
vt 0.592285156 0.897460938
vt 0.580566406 0.893066406
vt 0.57421875 0.876953125
vt 0.583007812 0.884765625
vt 0.576171875 0.883789062
vt 0.561523438 0.884277344
vt 0.566894531 0.895019531
vt 0.572265625 0.888183594
vt 0.576660156 0.901855469
vt 0.571777344 0.908691406
vt 0.559082031 0.895507812
vt 0.560546875 0.901367188
vt 0.565429688 0.903808594
vt 0.562988281 0.909667969
vt 0.558105469 0.904785156
vt 0.560546875 0.914550781
vt 0.565917969 0.918945312
vt 0.568359375 0.9140625
vt 0.572265625 0.916992188
vt 0.564453125 0.924804688
vt 0.571777344 0.928710938
vt 0.5703125 0.935546875
vt 0.579589844 0.939453125
vt 0.578125 0.915039062
vt 0.580078125 0.922851562
vt 0.572265625 0.921875
vt 0.580566406 0.931152344
vt 0.593261719 0.933105469
vt 0.591796875 0.943359375
vt 0.604492188 0.945800781
vt 0.612304688 0.935058594
vt 0.591308594 0.922851562
vt 0.604003906 0.923339844
vt 0.618652344 0.935058594
vt 0.948242188 0.0142745972
vt 0.945800781 0.00712585449
vt 0.936035156 0.00629806519
vt 0.938964844 0.0134963989
vt 0.942871094 0.0205383301
vt 0.950683594 0.0213012695
vt 0.952636719 0.0279083252
vt 0.928710938 0.0136795044
vt 0.926269531 0.00552749634
vt 0.916015625 0.00277900696
vt 0.9453125 0.0269622803
vt 0.947753906 0.0328369141
vt 0.939453125 0.0271759033
vt 0.953613281 0.0339050293
vt 0.954101562 0.0393676758
vt 0.935546875 0.0210418701
vt 0.930664062 0.0233917236
vt 0.916992188 0.0104980469
vt 0.905761719 0.00968170166
vt 0.917480469 0.0172424316
vt 0.904296875 0.00044631958
vt 0.891601562 0.000646114349
vt 0.925292969 0.01902771
vt 0.923828125 0.0222320557
vt 0.94921875 0.0383911133
vt 0.949707031 0.043762207
vt 0.943847656 0.0381164551
vt 0.954101562 0.0445556641
vt 0.954101562 0.0494689941
vt 0.941894531 0.0327453613
vt 0.936523438 0.0333557129
vt 0.934082031 0.028427124
vt 0.929199219 0.0299835205
vt 0.926757812 0.0255279541
vt 0.921875 0.0269317627
vt 0.919433594 0.0223999023
vt 0.913085938 0.0237121582
vt 0.908691406 0.0174560547
vt 0.900878906 0.0200042725
vt 0.895507812 0.0112075806
vt 0.883789062 0.0157470703
vt 0.87890625 0.00225639343
vt 0.864746094 0.00256156921
vt 0.868164062 0.0137863159
vt 0.853515625 0.0127029419
vt 0.869140625 0.0255584717
vt 0.851074219 0.00246047974
vt 0.836914062 0.00198936462
vt 0.838378906 0.0118560791
vt 0.83984375 0.0230712891
vt 0.821289062 0.0110473633
vt 0.821777344 0.00121021271
vt 0.800292969 0.0102157593
vt 0.808105469 0.000354290009
vt 0.854980469 0.0240478516
vt 0.856445312 0.0360107422
vt 0.823730469 0.0224914551
vt 0.809082031 0.022277832
vt 0.80078125 0.0353088379
vt 0.794433594 0.00921630859
vt 0.794433594 0.0348205566
vt 0.802734375 0.0646972656
vt 0.795898438 0.0648803711
vt 0.808105469 0.094909668
vt 0.801269531 0.0960693359
vt 0.817871094 0.123291016
vt 0.811523438 0.125854492
vt 0.829101562 0.154174805
vt 0.834960938 0.150146484
vt 0.854003906 0.182617188
vt 0.859863281 0.177124023
vt 0.880371094 0.218505859
vt 0.885253906 0.213256836
vt 0.885742188 0.178588867
vt 0.901367188 0.194091797
vt 0.915039062 0.176635742
vt 0.896484375 0.165161133
vt 0.906738281 0.152832031
vt 0.882324219 0.153564453
vt 0.854492188 0.156494141
vt 0.916992188 0.157226562
vt 0.920898438 0.145629883
vt 0.92578125 0.159423828
vt 0.92578125 0.159423828
vt 0.927734375 0.146240234
vt 0.930664062 0.13684082
vt 0.932128906 0.145874023
vt 0.935546875 0.137817383
vt 0.937988281 0.129516602
vt 0.853027344 0.135620117
vt 0.866210938 0.14440918
vt 0.875976562 0.131469727
vt 0.93359375 0.128295898
vt 0.936523438 0.120483398
vt 0.928222656 0.127075195
vt 0.940429688 0.121826172
vt 0.942871094 0.114868164
vt 0.924804688 0.135864258
vt 0.91796875 0.134399414
vt 0.913574219 0.143310547
vt 0.908203125 0.14074707
vt 0.899902344 0.145507812
vt 0.900390625 0.135131836
vt 0.91015625 0.133422852
vt 0.913085938 0.123046875
vt 0.921386719 0.125488281
vt 0.92578125 0.117614746
vt 0.888183594 0.136108398
vt 0.892578125 0.124938965
vt 0.931640625 0.11920166
vt 0.934570312 0.112243652
vt 0.902832031 0.125244141
vt 0.903320312 0.117431641
vt 0.938964844 0.11340332
vt 0.94140625 0.107055664
vt 0.9453125 0.108398438
vt 0.947265625 0.102416992
vt 0.943359375 0.101074219
vt 0.9453125 0.0955810547
vt 0.939453125 0.100158691
vt 0.94921875 0.0968017578
vt 0.951171875 0.0914916992
vt 0.937011719 0.105957031
vt 0.932617188 0.104064941
vt 0.9296875 0.110839844
vt 0.924316406 0.108398438
vt 0.919921875 0.115234375
vt 0.915039062 0.111450195
vt 0.91015625 0.115905762
vt 0.908203125 0.111877441
vt 0.940917969 0.0938720703
vt 0.936523438 0.0933227539
vt 0.941894531 0.0894775391
vt 0.935058594 0.0985107422
vt 0.929199219 0.0979003906
vt 0.927246094 0.102783203
vt 0.921386719 0.101074219
vt 0.918457031 0.106262207
vt 0.913085938 0.103393555
vt 0.946289062 0.0902709961
vt 0.947753906 0.0853271484
vt 0.952148438 0.0866088867
vt 0.953613281 0.0822143555
vt 0.910644531 0.108215332
vt 0.905273438 0.106018066
vt 0.903808594 0.111450195
vt 0.897460938 0.110351562
vt 0.895507812 0.116821289
vt 0.888183594 0.114318848
vt 0.8828125 0.12121582
vt 0.874511719 0.113769531
vt 0.865234375 0.124267578
vt 0.856445312 0.116271973
vt 0.844726562 0.124633789
vt 0.833496094 0.132080078
vt 0.836914062 0.114318848
vt 0.833007812 0.102294922
vt 0.845703125 0.0977783203
vt 0.820800781 0.106628418
vt 0.849609375 0.10760498
vt 0.858886719 0.102233887
vt 0.864746094 0.108642578
vt 0.869140625 0.102050781
vt 0.828613281 0.0900878906
vt 0.828125 0.0765380859
vt 0.842773438 0.0748291016
vt 0.813964844 0.0786132812
vt 0.843261719 0.0869140625
vt 0.854492188 0.085144043
vt 0.85546875 0.0942993164
vt 0.862304688 0.0920410156
vt 0.864746094 0.0979614258
vt 0.825683594 0.0626831055
vt 0.867675781 0.0952758789
vt 0.825683594 0.0485839844
vt 0.842285156 0.0484008789
vt 0.810546875 0.0493164062
vt 0.823242188 0.0350341797
vt 0.841308594 0.0353088379
vt 0.843261719 0.0618896484
vt 0.859375 0.0627441406
vt 0.85546875 0.0747680664
vt 0.86328125 0.0770263672
vt 0.857910156 0.0486755371
vt 0.870605469 0.0484313965
vt 0.862304688 0.084777832
vt 0.868164062 0.0850219727
vt 0.869628906 0.037109375
vt 0.880371094 0.0389099121
vt 0.867675781 0.0909423828
vt 0.872070312 0.0911865234
vt 0.881347656 0.0282745361
vt 0.890625 0.0330200195
vt 0.87109375 0.0966186523
vt 0.876464844 0.09765625
vt 0.89453125 0.0250091553
vt 0.901367188 0.0316772461
vt 0.875488281 0.104370117
vt 0.881835938 0.103881836
vt 0.90625 0.0270080566
vt 0.911132812 0.0328063965
vt 0.8828125 0.109924316
vt 0.887207031 0.10736084
vt 0.916503906 0.0292816162
vt 0.919921875 0.033996582
vt 0.891601562 0.108886719
vt 0.892578125 0.103393555
vt 0.887207031 0.103149414
vt 0.887207031 0.0975341797
vt 0.924316406 0.0316772461
vt 0.927734375 0.0356445312
vt 0.898925781 0.104248047
vt 0.899902344 0.0970458984
vt 0.893066406 0.0974121094
vt 0.892578125 0.0919189453
vt 0.881835938 0.0977783203
vt 0.882324219 0.0919189453
vt 0.932128906 0.0343322754
vt 0.934570312 0.0387878418
vt 0.907226562 0.100524902
vt 0.91015625 0.095703125
vt 0.887695312 0.0919799805
vt 0.888183594 0.0867919922
vt 0.939453125 0.038269043
vt 0.940917969 0.0434875488
vt 0.916015625 0.0985717773
vt 0.918945312 0.0940551758
vt 0.9453125 0.0434265137
vt 0.946289062 0.048614502
vt 0.923828125 0.0962524414
vt 0.926269531 0.0916748047
vt 0.950195312 0.0489196777
vt 0.950195312 0.0537109375
vt 0.954101562 0.0539855957
vt 0.954101562 0.0582885742
vt 0.931152344 0.0930175781
vt 0.932617188 0.0883789062
vt 0.9375 0.0889892578
vt 0.938476562 0.0842895508
vt 0.942871094 0.0844726562
vt 0.943359375 0.079284668
vt 0.948242188 0.0808105469
vt 0.94921875 0.0771484375
vt 0.954101562 0.0783691406
vt 0.954589844 0.0747680664
vt 0.950195312 0.0737915039
vt 0.950683594 0.0702514648
vt 0.946289062 0.0728149414
vt 0.954589844 0.0709228516
vt 0.954101562 0.0668334961
vt 0.9453125 0.0757446289
vt 0.942382812 0.07421875
vt 0.950683594 0.06640625
vt 0.950683594 0.0623168945
vt 0.947265625 0.0659790039
vt 0.954101562 0.0625610352
vt 0.947265625 0.0696411133
vt 0.943847656 0.0689697266
vt 0.943359375 0.0718383789
vt 0.940917969 0.071105957
vt 0.950683594 0.0581054688
vt 0.947265625 0.0578918457
vt 0.947265625 0.0620422363
vt 0.944335938 0.0617675781
vt 0.944335938 0.0655517578
vt 0.94140625 0.0651245117
vt 0.940917969 0.068359375
vt 0.937988281 0.0679321289
vt 0.946777344 0.0534667969
vt 0.942871094 0.0534667969
vt 0.943847656 0.0577697754
vt 0.940429688 0.0578613281
vt 0.940917969 0.0615539551
vt 0.937988281 0.0614624023
vt 0.937988281 0.0648193359
vt 0.935058594 0.0645141602
vt 0.941894531 0.0486755371
vt 0.937988281 0.0491027832
vt 0.938964844 0.0538024902
vt 0.935058594 0.0546264648
vt 0.937011719 0.0581359863
vt 0.934570312 0.0586242676
vt 0.934570312 0.0612182617
vt 0.931152344 0.0603027344
vt 0.936523438 0.0437927246
vt 0.931640625 0.0443115234
vt 0.932128906 0.0564880371
vt 0.933105469 0.0500183105
vt 0.92578125 0.0522155762
vt 0.926269531 0.0595092773
vt 0.927734375 0.0642700195
vt 0.920898438 0.0612792969
vt 0.931640625 0.0642089844
vt 0.932128906 0.0674438477
vt 0.930664062 0.0395812988
vt 0.927246094 0.0404968262
vt 0.926757812 0.0444641113
vt 0.921386719 0.0416259766
vt 0.924316406 0.0378112793
vt 0.935058594 0.0676269531
vt 0.935058594 0.0701904297
vt 0.916503906 0.0375976562
vt 0.912597656 0.042175293
vt 0.918457031 0.0467834473
vt 0.913574219 0.0511779785
vt 0.937988281 0.0705566406
vt 0.937988281 0.0728759766
vt 0.907226562 0.0372314453
vt 0.903320312 0.0423278809
vt 0.91796875 0.0560302734
vt 0.911621094 0.0596618652
vt 0.939941406 0.0733032227
vt 0.939453125 0.0746459961
vt 0.908691406 0.0467224121
vt 0.904296875 0.0511169434
vt 0.897949219 0.0378112793
vt 0.895019531 0.0442504883
vt 0.940917969 0.0761108398
vt 0.937988281 0.076965332
vt 0.937988281 0.0747070312
vt 0.935058594 0.0747070312
vt 0.908203125 0.0551757812
vt 0.903320312 0.0583496094
vt 0.889160156 0.0413513184
vt 0.888671875 0.0489501953
vt 0.935058594 0.0726318359
vt 0.932128906 0.0724487305
vt 0.880859375 0.048828125
vt 0.883789062 0.058807373
vt 0.872070312 0.0592346191
vt 0.874023438 0.0675048828
vt 0.932128906 0.0700073242
vt 0.929199219 0.0699462891
vt 0.8671875 0.0702514648
vt 0.870117188 0.0741577148
vt 0.928710938 0.067565918
vt 0.925292969 0.068359375
vt 0.869140625 0.0787963867
vt 0.874023438 0.0794677734
vt 0.875 0.0736694336
vt 0.880859375 0.0739746094
vt 0.923339844 0.0656738281
vt 0.918945312 0.0688476562
vt 0.915039062 0.0642700195
vt 0.909667969 0.0673217773
vt 0.873046875 0.0853881836
vt 0.878417969 0.0858154297
vt 0.881835938 0.0673828125
vt 0.888671875 0.0692138672
vt 0.905761719 0.0628662109
vt 0.898925781 0.0657348633
vt 0.891601562 0.0632324219
vt 0.894042969 0.0586547852
vt 0.877441406 0.0916748047
vt 0.890136719 0.0551147461
vt 0.893554688 0.0536193848
vt 0.883300781 0.0862426758
vt 0.884765625 0.0807495117
vt 0.894042969 0.0498962402
vt 0.897949219 0.0520324707
vt 0.895996094 0.055480957
vt 0.8984375 0.0568847656
vt 0.879394531 0.0799560547
vt 0.900390625 0.0475158691
vt 0.900878906 0.0547485352
vt 0.898925781 0.0600280762
vt 0.88671875 0.0751342773
vt 0.892089844 0.0768432617
vt 0.895019531 0.0715942383
vt 0.899902344 0.0747680664
vt 0.889648438 0.0818481445
vt 0.894042969 0.0832519531
vt 0.903808594 0.0706176758
vt 0.908203125 0.0745239258
vt 0.896484375 0.0790405273
vt 0.900390625 0.0816650391
vt 0.892578125 0.0873413086
vt 0.895507812 0.0878295898
vt 0.913085938 0.071472168
vt 0.916015625 0.075012207
vt 0.904296875 0.0780029297
vt 0.908203125 0.081237793
vt 0.897460938 0.0852050781
vt 0.900878906 0.0883178711
vt 0.896972656 0.0911254883
vt 0.911621094 0.0779418945
vt 0.915527344 0.0811157227
vt 0.904296875 0.0848388672
vt 0.908691406 0.0881958008
vt 0.904785156 0.0922241211
vt 0.912109375 0.0845336914
vt 0.916503906 0.0874023438
vt 0.913574219 0.0913696289
vt 0.921386719 0.08984375
vt 0.923828125 0.0858764648
vt 0.919433594 0.0837402344
vt 0.921875 0.0804443359
vt 0.928222656 0.0874023438
vt 0.9296875 0.0833129883
vt 0.918457031 0.078125
vt 0.921875 0.0758666992
vt 0.92578125 0.0821533203
vt 0.927246094 0.078918457
vt 0.934082031 0.083984375
vt 0.934570312 0.080078125
vt 0.919921875 0.073059082
vt 0.922851562 0.0724487305
vt 0.924316406 0.0776977539
vt 0.92578125 0.0755615234
vt 0.931152344 0.0797119141
vt 0.931640625 0.0768432617
vt 0.938476562 0.080078125
vt 0.935058594 0.0770874023
vt 0.923828125 0.0744628906
vt 0.928710938 0.0763549805
vt 0.929199219 0.0743408203
vt 0.932128906 0.0745849609
vt 0.925292969 0.0736694336
vt 0.929199219 0.072265625
vt 0.926757812 0.0721435547
vt 0.926757812 0.0739746094
vt 0.924804688 0.0722045898
vt 0.926757812 0.0701904297
vt 0.924804688 0.0706176758
vt 0.923339844 0.0699462891
vt 0.695800781 0.912597656
vt 0.688964844 0.915527344
vt 0.696289062 0.918945312
vt 0.687988281 0.909667969
vt 0.686035156 0.902832031
vt 0.694824219 0.905761719
vt 0.693359375 0.897460938
vt 0.682617188 0.907714844
vt 0.681640625 0.912109375
vt 0.674804688 0.90625
vt 0.679199219 0.90234375
vt 0.673339844 0.891601562
vt 0.66796875 0.898925781
vt 0.659667969 0.892089844
vt 0.68359375 0.894042969
vt 0.682617188 0.884277344
vt 0.692382812 0.888183594
vt 0.691894531 0.877929688
vt 0.663574219 0.883300781
vt 0.65625 0.875976562
vt 0.666015625 0.874023438
vt 0.651855469 0.884765625
vt 0.645507812 0.874511719
vt 0.673828125 0.879882812
vt 0.674316406 0.868652344
vt 0.682617188 0.873535156
vt 0.682617188 0.861816406
vt 0.691894531 0.865722656
vt 0.692871094 0.8515625
vt 0.68359375 0.848632812
vt 0.695800781 0.833496094
vt 0.650390625 0.867675781
vt 0.646484375 0.858398438
vt 0.653808594 0.861328125
vt 0.640625 0.863769531
vt 0.63671875 0.852050781
vt 0.659179688 0.867675781
vt 0.660644531 0.858886719
vt 0.666992188 0.863769531
vt 0.667480469 0.853027344
vt 0.674804688 0.856933594
vt 0.67578125 0.84375
vt 0.677734375 0.826660156
vt 0.685058594 0.836425781
vt 0.678222656 0.821777344
vt 0.696289062 0.828125
vt 0.663085938 0.81640625
vt 0.662597656 0.821289062
vt 0.649902344 0.818847656
vt 0.649902344 0.813964844
vt 0.636230469 0.819824219
vt 0.635742188 0.814941406
vt 0.668457031 0.840820312
vt 0.668945312 0.829589844
vt 0.620117188 0.824707031
vt 0.619140625 0.819335938
vt 0.630371094 0.828125
vt 0.633300781 0.839355469
vt 0.662109375 0.836425781
vt 0.639648438 0.835449219
vt 0.661621094 0.848632812
vt 0.65625 0.845703125
vt 0.65625 0.835449219
vt 0.65625 0.825195312
vt 0.643066406 0.848144531
vt 0.647949219 0.845214844
vt 0.645996094 0.834472656
vt 0.644042969 0.82421875
vt 0.650878906 0.833007812
vt 0.650390625 0.854003906
vt 0.65234375 0.844238281
vt 0.652832031 0.851074219
vt 0.65625 0.854492188
vt 0.678710938 0.582519531
vt 0.715820312 0.609863281
vt 0.713378906 0.582519531
vt 0.681640625 0.609863281
vt 0.717773438 0.639648438
vt 0.647460938 0.584960938
vt 0.684082031 0.638671875
vt 0.717773438 0.669921875
vt 0.651367188 0.611816406
vt 0.685058594 0.666992188
vt 0.715820312 0.699707031
vt 0.623046875 0.615234375
vt 0.618652344 0.589355469
vt 0.655273438 0.639160156
vt 0.629394531 0.642578125
vt 0.594726562 0.623046875
vt 0.58984375 0.595703125
vt 0.55859375 0.608398438
vt 0.603515625 0.651367188
vt 0.614746094 0.676757812
vt 0.564453125 0.63671875
vt 0.527832031 0.626464844
vt 0.532714844 0.654785156
vt 0.575195312 0.666015625
vt 0.544433594 0.685546875
vt 0.590820312 0.692871094
vt 0.563476562 0.71484375
vt 0.586914062 0.740234375
vt 0.609863281 0.715820312
vt 0.636230469 0.666503906
vt 0.658691406 0.665039062
vt 0.641113281 0.68359375
vt 0.68359375 0.693359375
vt 0.633789062 0.734375
vt 0.649414062 0.709472656
vt 0.61328125 0.763183594
vt 0.62890625 0.696289062
vt 0.657714844 0.6875
vt 0.676269531 0.720703125
vt 0.709960938 0.73046875
vt 0.69921875 0.764160156
vt 0.663574219 0.75
vt 0.645507812 0.783691406
vt 0.68359375 0.80078125
vt 0.780761719 0.777832031
vt 0.750976562 0.740722656
vt 0.750976562 0.778808594
vt 0.778808594 0.743164062
vt 0.752441406 0.706542969
vt 0.798828125 0.743652344
vt 0.790527344 0.779296875
vt 0.801757812 0.777832031
vt 0.821289062 0.741699219
vt 0.815429688 0.776367188
vt 0.827148438 0.774414062
vt 0.777832031 0.712890625
vt 0.754882812 0.676757812
vt 0.796386719 0.71484375
vt 0.776367188 0.684082031
vt 0.844726562 0.735351562
vt 0.854492188 0.767089844
vt 0.776855469 0.655761719
vt 0.755859375 0.647460938
vt 0.870605469 0.723632812
vt 0.884765625 0.755859375
vt 0.918457031 0.739746094
vt 0.8984375 0.706054688
vt 0.954101562 0.71875
vt 0.930175781 0.682128906
vt 0.85546875 0.698730469
vt 0.877441406 0.679199219
vt 0.902832031 0.652832031
vt 0.854980469 0.659179688
vt 0.873535156 0.630859375
vt 0.843261719 0.613769531
vt 0.83984375 0.681152344
vt 0.8359375 0.7109375
vt 0.829589844 0.645019531
vt 0.830078125 0.694824219
vt 0.81640625 0.71484375
vt 0.8203125 0.670410156
vt 0.803710938 0.634277344
vt 0.811523438 0.600585938
vt 0.814941406 0.692382812
vt 0.795898438 0.688964844
vt 0.798339844 0.662597656
vt 0.778808594 0.625
vt 0.780761719 0.590332031
vt 0.756347656 0.615722656
vt 0.754882812 0.582519531
vt 0.778808594 0.811523438
vt 0.750976562 0.778808594
vt 0.752441406 0.8125
vt 0.780761719 0.777832031
vt 0.790527344 0.779296875
vt 0.791503906 0.811523438
vt 0.803222656 0.812011719
vt 0.801757812 0.777832031
vt 0.815429688 0.776367188
vt 0.819335938 0.809570312
vt 0.83203125 0.807128906
vt 0.827148438 0.774414062
vt 0.854492188 0.767089844
vt 0.86328125 0.798828125
vt 0.884765625 0.755859375
vt 0.897460938 0.788574219
vt 0.934082031 0.774414062
vt 0.918457031 0.739746094
vt 0.967285156 0.751953125
vt 0.954101562 0.71875
vt 0.878417969 0.962402344
vt 0.877929688 0.932617188
vt 0.853515625 0.934082031
vt 0.854003906 0.963378906
vt 0.828613281 0.935546875
vt 0.829589844 0.962890625
vt 0.802734375 0.935546875
vt 0.8046875 0.962890625
vt 0.77734375 0.935546875
vt 0.779785156 0.962402344
vt 0.753417969 0.935058594
vt 0.756835938 0.961425781
vt 0.735351562 0.774414062
vt 0.68359375 0.80078125
vt 0.715332031 0.812988281
vt 0.69921875 0.764160156
vt 0.743652344 0.73828125
vt 0.709960938 0.73046875
vt 0.748046875 0.705078125
vt 0.715820312 0.699707031
vt 0.717773438 0.669921875
vt 0.75 0.672851562
vt 0.717773438 0.639648438
vt 0.75 0.640625
vt 0.715820312 0.609863281
vt 0.748046875 0.609863281
vt 0.713378906 0.582519531
vt 0.745117188 0.583984375
vt 0.750976562 0.904785156
vt 0.753417969 0.935058594
vt 0.77734375 0.935546875
vt 0.775878906 0.904785156
vt 0.750976562 0.877441406
vt 0.802734375 0.935546875
vt 0.775878906 0.877441406
vt 0.75390625 0.854003906
vt 0.801269531 0.904785156
vt 0.828613281 0.935546875
vt 0.779785156 0.85546875
vt 0.760253906 0.833496094
vt 0.826171875 0.904296875
vt 0.853515625 0.934082031
vt 0.80078125 0.87890625
vt 0.788085938 0.836914062
vt 0.770019531 0.812988281
vt 0.800292969 0.819824219
vt 0.849609375 0.90234375
vt 0.877929688 0.932617188
vt 0.873046875 0.898925781
vt 0.803222656 0.858886719
vt 0.8125 0.844238281
vt 0.826660156 0.831054688
vt 0.822753906 0.879394531
vt 0.842773438 0.875488281
vt 0.86328125 0.870117188
vt 0.819335938 0.86328125
vt 0.831054688 0.856445312
vt 0.84765625 0.84765625
vt 0.856933594 0.427978516
vt 0.885742188 0.44140625
vt 0.888183594 0.418212891
vt 0.859375 0.450683594
vt 0.884765625 0.464111328
vt 0.830566406 0.444335938
vt 0.861816406 0.471679688
vt 0.885742188 0.489013672
vt 0.838867188 0.463378906
vt 0.86328125 0.493652344
vt 0.887207031 0.518066406
vt 0.825683594 0.477783203
vt 0.811035156 0.46484375
vt 0.84375 0.479248047
vt 0.864746094 0.518554688
vt 0.888183594 0.549804688
vt 0.866699219 0.547851562
vt 0.833007812 0.485595703
vt 0.845703125 0.497558594
vt 0.846679688 0.51953125
vt 0.848632812 0.545898438
vt 0.833496094 0.545410156
vt 0.831054688 0.520019531
vt 0.817382812 0.547363281
vt 0.831542969 0.499023438
vt 0.815429688 0.51953125
vt 0.797851562 0.551757812
vt 0.794433594 0.51953125
vt 0.818359375 0.49609375
vt 0.799316406 0.489990234
vt 0.234130859 0.63671875
vt 0.24597168 0.672851562
vt 0.240966797 0.650878906
vt 0.224975586 0.666992188
vt 0.210205078 0.659179688
vt 0.212158203 0.699707031
vt 0.223144531 0.626953125
vt 0.214233398 0.6171875
vt 0.225219727 0.715332031
vt 0.209716797 0.748046875
vt 0.234130859 0.740234375
vt 0.247558594 0.712890625
vt 0.252929688 0.764648438
vt 0.232666016 0.802246094
vt 0.252929688 0.819824219
vt 0.219970703 0.772460938
vt 0.205688477 0.797851562
vt 0.237792969 0.840332031
vt 0.221191406 0.859375
vt 0.246948242 0.872070312
vt 0.216064453 0.826660156
vt 0.197265625 0.842285156
vt 0.222900391 0.892089844
vt 0.218994141 0.923828125
vt 0.204711914 0.899902344
vt 0.237182617 0.915527344
vt 0.226806641 0.946289062
vt 0.202758789 0.87109375
vt 0.183959961 0.87890625
vt 0.211669922 0.949707031
vt 0.201416016 0.969238281
vt 0.196411133 0.94921875
vt 0.214599609 0.96875
vt 0.198486328 0.984863281
vt 0.202636719 0.926269531
vt 0.186035156 0.926269531
vt 0.187011719 0.903808594
vt 0.169921875 0.906738281
vt 0.188964844 0.983886719
vt 0.175170898 0.982421875
vt 0.17578125 0.99609375
vt 0.186645508 0.967285156
vt 0.170532227 0.963378906
vt 0.180175781 0.946289062
vt 0.16418457 0.940917969
vt 0.170410156 0.924804688
vt 0.161743164 0.993164062
vt 0.144897461 0.989257812
vt 0.147460938 0.999511719
vt 0.158569336 0.977539062
vt 0.140869141 0.969238281
vt 0.158691406 0.923339844
vt 0.133178711 0.994140625
vt 0.11505127 0.985839844
vt 0.120544434 0.998046875
vt 0.0996704102 0.990722656
vt 0.0809326172 0.979003906
vt 0.153686523 0.956054688
vt 0.137817383 0.944824219
vt 0.150268555 0.932617188
vt 0.139404297 0.918457031
vt 0.127075195 0.979980469
vt 0.109130859 0.967285156
vt 0.0969848633 0.973632812
vt 0.0794067383 0.95703125
vt 0.0630493164 0.962890625
vt 0.0462341309 0.942871094
vt 0.154174805 0.91015625
vt 0.147338867 0.891601562
vt 0.123657227 0.956542969
vt 0.107727051 0.939941406
vt 0.0920410156 0.950683594
vt 0.0768432617 0.929199219
vt 0.0633544922 0.936035156
vt 0.0498352051 0.912109375
vt 0.0318603516 0.918457031
vt 0.0209350586 0.892089844
vt 0.165405273 0.885253906
vt 0.158691406 0.862792969
vt 0.177978516 0.854003906
vt 0.169921875 0.830078125
vt 0.188964844 0.815917969
vt 0.178466797 0.793457031
vt 0.194580078 0.7734375
vt 0.183227539 0.75390625
vt 0.198852539 0.729003906
vt 0.184936523 0.712890625
vt 0.198730469 0.687011719
vt 0.183227539 0.673339844
vt 0.195556641 0.648925781
vt 0.179321289 0.633789062
vt 0.199951172 0.607421875
vt 0.179077148 0.595214844
vt 0.160400391 0.615234375
vt 0.139526367 0.601074219
vt 0.14453125 0.643066406
vt 0.155151367 0.584960938
vt 0.133544922 0.582519531
vt 0.165283203 0.658691406
vt 0.14855957 0.684082031
vt 0.168212891 0.698242188
vt 0.151977539 0.72265625
vt 0.168823242 0.737304688
vt 0.152587891 0.7578125
vt 0.166503906 0.773925781
vt 0.149536133 0.790039062
vt 0.160400391 0.80859375
vt 0.142089844 0.820800781
vt 0.150756836 0.840820312
vt 0.131347656 0.850097656
vt 0.139404297 0.87109375
vt 0.120178223 0.879394531
vt 0.129394531 0.899902344
vt 0.11138916 0.909667969
vt 0.123718262 0.929199219
vt 0.0936279297 0.919433594
vt 0.0818481445 0.896972656
vt 0.100830078 0.888183594
vt 0.0918579102 0.866699219
vt 0.111755371 0.858398438
vt 0.104370117 0.838378906
vt 0.0640258789 0.905761719
vt 0.053527832 0.880859375
vt 0.123474121 0.830566406
vt 0.115966797 0.812988281
vt 0.072265625 0.874023438
vt 0.0649414062 0.851074219
vt 0.0392456055 0.886230469
vt 0.0313415527 0.861328125
vt 0.0126037598 0.866210938
vt 0.00580215454 0.839355469
vt 0.0845947266 0.845214844
vt 0.0789794922 0.825195312
vt 0.0461425781 0.856933594
vt 0.0405578613 0.833496094
vt 0.0255432129 0.836425781
vt 0.0218200684 0.812011719
vt 0.00184822083 0.8125
vt 0.000354290009 0.786621094
vt 0.0980224609 0.8203125
vt 0.0933837891 0.803222656
vt 0.059753418 0.829589844
vt 0.0561218262 0.809082031
vt 0.0369567871 0.811035156
vt 0.0350036621 0.788085938
vt 0.0198059082 0.787597656
vt 0.0196990967 0.762695312
vt 0.000623703003 0.761230469
vt 0.00208473206 0.734375
vt 0.0752563477 0.806640625
vt 0.07421875 0.788085938
vt 0.0545349121 0.788574219
vt 0.0556335449 0.765625
vt 0.0351867676 0.764160156
vt 0.0385742188 0.737304688
vt 0.022064209 0.735839844
vt 0.0294494629 0.70703125
vt 0.00878143311 0.706054688
vt 0.0229034424 0.677734375
vt 0.0430603027 0.678222656
vt 0.0624694824 0.650390625
vt 0.0602111816 0.680175781
vt 0.0414733887 0.651367188
vt 0.0615539551 0.625488281
vt 0.0466918945 0.708984375
vt 0.0700683594 0.713867188
vt 0.060760498 0.740722656
vt 0.0838623047 0.745605469
vt 0.076965332 0.768066406
vt 0.0963745117 0.771484375
vt 0.0919189453 0.788085938
vt 0.104248047 0.788085938
vt 0.109191895 0.798339844
vt 0.122924805 0.788574219
vt 0.111755371 0.777832031
vt 0.122924805 0.762207031
vt 0.105102539 0.752929688
vt 0.1171875 0.731933594
vt 0.1328125 0.803222656
vt 0.137207031 0.774902344
vt 0.136474609 0.743652344
vt 0.094543457 0.721679688
vt 0.108703613 0.696289062
vt 0.131958008 0.708984375
vt 0.0839233398 0.686523438
vt 0.10168457 0.658203125
vt 0.125732422 0.669433594
vt 0.0791015625 0.651367188
vt 0.100646973 0.624511719
vt 0.121826172 0.630859375
vt 0.0822143555 0.623535156
vt 0.104736328 0.596679688
vt 0.0859375 0.6015625
vt 0.105102539 0.587890625
vt 0.120849609 0.583496094
vt 0.120788574 0.595703125
vt 0.87890625 0.95703125
vt 0.891113281 0.958984375
vt 0.890625 0.956542969
vt 0.887695312 0.942382812
vt 0.879882812 0.941894531
vt 0.880371094 0.928222656
vt 0.885742188 0.928222656
vt 0.884765625 0.915039062
vt 0.879882812 0.916015625
vt 0.879394531 0.908203125
vt 0.884277344 0.90625
vt 0.87890625 0.899414062
vt 0.884765625 0.897460938
vt 0.87890625 0.890625
vt 0.884765625 0.889648438
vt 0.879394531 0.881347656
vt 0.885742188 0.882324219
vt 0.886230469 0.875
vt 0.880859375 0.872558594
vt 0.887695312 0.867675781
vt 0.8828125 0.864257812
vt 0.889648438 0.860351562
vt 0.885253906 0.857421875
vt 0.892089844 0.853515625
vt 0.887207031 0.8515625
vt 0.896972656 0.843261719
vt 0.891113281 0.841308594
vt 0.901855469 0.831542969
vt 0.895996094 0.828613281
vt 0.900390625 0.812988281
vt 0.907714844 0.812988281
vt 0.944824219 0.545410156
vt 0.932617188 0.562988281
vt 0.939453125 0.56640625
vt 0.940429688 0.543945312
vt 0.947265625 0.538085938
vt 0.930175781 0.535644531
vt 0.916992188 0.551269531
vt 0.921386719 0.52734375
vt 0.90625 0.5390625
vt 0.897460938 0.524902344
vt 0.935058594 0.530273438
vt 0.943359375 0.536621094
vt 0.9140625 0.517578125
vt 0.893066406 0.515136719
vt 0.946777344 0.530273438
vt 0.950195312 0.53125
vt 0.94921875 0.522949219
vt 0.952148438 0.524414062
vt 0.954101562 0.517089844
vt 0.938964844 0.524902344
vt 0.926269531 0.5234375
vt 0.910644531 0.510253906
vt 0.890136719 0.504882812
vt 0.951171875 0.516113281
vt 0.955078125 0.509765625
vt 0.908203125 0.502441406
vt 0.915527344 0.501953125
vt 0.889160156 0.494873047
vt 0.916992188 0.508789062
vt 0.907226562 0.494628906
vt 0.906738281 0.486816406
vt 0.889160156 0.484619141
vt 0.889160156 0.473632812
vt 0.919921875 0.515136719
vt 0.925292969 0.513183594
vt 0.922851562 0.507324219
vt 0.931152344 0.51953125
vt 0.914550781 0.495117188
vt 0.907714844 0.479003906
vt 0.889160156 0.461425781
vt 0.928710938 0.51171875
vt 0.941894531 0.519042969
vt 0.934082031 0.516113281
vt 0.943847656 0.512695312
vt 0.934082031 0.508789062
vt 0.928710938 0.507324219
vt 0.952148438 0.508300781
vt 0.944824219 0.505859375
vt 0.952636719 0.500488281
vt 0.955566406 0.501464844
vt 0.922363281 0.501464844
vt 0.934082031 0.502441406
vt 0.944824219 0.498535156
vt 0.952636719 0.492675781
vt 0.955566406 0.492675781
vt 0.955078125 0.484130859
vt 0.944335938 0.491699219
vt 0.952148438 0.484619141
vt 0.954101562 0.475585938
vt 0.934570312 0.496337891
vt 0.928222656 0.501464844
vt 0.928222656 0.495605469
vt 0.928222656 0.489746094
vt 0.934082031 0.490478516
vt 0.921875 0.495361328
vt 0.934082031 0.484619141
vt 0.921875 0.489013672
vt 0.943847656 0.484863281
vt 0.934082031 0.478515625
vt 0.928222656 0.484130859
vt 0.943359375 0.477783203
vt 0.951171875 0.4765625
vt 0.942382812 0.470214844
vt 0.949707031 0.468017578
vt 0.952636719 0.466552734
vt 0.947753906 0.458984375
vt 0.950683594 0.457519531
vt 0.948242188 0.448242188
vt 0.940429688 0.462158203
vt 0.9453125 0.449707031
vt 0.945800781 0.438964844
vt 0.93359375 0.472412109
vt 0.9375 0.454345703
vt 0.93359375 0.464599609
vt 0.941894531 0.440673828
vt 0.93359375 0.446777344
vt 0.930664062 0.459228516
vt 0.928710938 0.468017578
vt 0.928710938 0.472412109
vt 0.938964844 0.432128906
vt 0.943359375 0.430419922
vt 0.939941406 0.418457031
vt 0.932617188 0.418212891
vt 0.928710938 0.438476562
vt 0.91796875 0.423339844
vt 0.919921875 0.445556641
vt 0.90625 0.431152344
vt 0.926269531 0.453369141
vt 0.9140625 0.455810547
vt 0.8984375 0.443603516
vt 0.92578125 0.46484375
vt 0.911132812 0.463134766
vt 0.893554688 0.451904297
vt 0.920898438 0.4609375
vt 0.91796875 0.467285156
vt 0.916503906 0.474121094
vt 0.923828125 0.470458984
vt 0.908691406 0.470947266
vt 0.922851562 0.4765625
vt 0.915039062 0.480957031
vt 0.928710938 0.478271484
vt 0.922363281 0.482910156
vt 0.914550781 0.488037109
vt 0.384521484 0.938476562
vt 0.389404297 0.940429688
vt 0.390625 0.923828125
vt 0.385742188 0.922363281
vt 0.377197266 0.936035156
vt 0.39453125 0.91015625
vt 0.37890625 0.919921875
vt 0.368896484 0.93359375
vt 0.388671875 0.908203125
vt 0.371826172 0.919433594
vt 0.363037109 0.9296875
vt 0.365478516 0.917480469
vt 0.380615234 0.90625
vt 0.373291016 0.90625
vt 0.366210938 0.904785156
vt 0.393310547 0.895996094
vt 0.401123047 0.899414062
vt 0.383056641 0.893554688
vt 0.374267578 0.893554688
vt 0.365966797 0.892089844
vt 0.374511719 0.88671875
vt 0.365234375 0.886230469
vt 0.396240234 0.890625
vt 0.404785156 0.895019531
vt 0.384521484 0.887695312
vt 0.374755859 0.879882812
vt 0.364746094 0.879394531
vt 0.399414062 0.884765625
vt 0.409179688 0.891113281
vt 0.386230469 0.880859375
vt 0.375488281 0.872558594
vt 0.364501953 0.872558594
vt 0.403320312 0.87890625
vt 0.4140625 0.88671875
vt 0.388427734 0.874023438
vt 0.375976562 0.864746094
vt 0.363769531 0.865722656
vt 0.408203125 0.872558594
vt 0.420410156 0.882324219
vt 0.391113281 0.866699219
vt 0.376220703 0.856445312
vt 0.363037109 0.858398438
vt 0.393554688 0.857910156
vt 0.413574219 0.865234375
vt 0.427978516 0.877441406
vt 0.678222656 0.92578125
vt 0.676269531 0.919433594
vt 0.665527344 0.923339844
vt 0.665527344 0.930664062
vt 0.681640625 0.933105469
vt 0.653808594 0.924316406
vt 0.66796875 0.938964844
vt 0.682617188 0.940429688
vt 0.653808594 0.933105469
vt 0.6484375 0.923828125
vt 0.668457031 0.947265625
vt 0.683105469 0.9453125
vt 0.669921875 0.952636719
vt 0.655273438 0.943359375
vt 0.657226562 0.952636719
vt 0.659667969 0.958984375
vt 0.655273438 0.962402344
vt 0.651367188 0.955078125
vt 0.650878906 0.966308594
vt 0.647949219 0.93359375
vt 0.642578125 0.922851562
vt 0.648925781 0.944335938
vt 0.645507812 0.957519531
vt 0.645996094 0.970703125
vt 0.642089844 0.93359375
vt 0.636230469 0.922363281
vt 0.642578125 0.9453125
vt 0.639160156 0.960449219
vt 0.640625 0.975585938
vt 0.634765625 0.933105469
vt 0.629882812 0.920898438
vt 0.635253906 0.946289062
vt 0.631835938 0.963378906
vt 0.633789062 0.980957031
vt 0.623535156 0.966308594
vt 0.627929688 0.946777344
vt 0.619140625 0.946777344
vt 0.628417969 0.932128906
vt 0.623535156 0.919433594
vt 0.620605469 0.931152344
vt 0.866699219 0.547851562
vt 0.888183594 0.578125
vt 0.888183594 0.549804688
vt 0.867675781 0.57421875
vt 0.848632812 0.545898438
vt 0.851074219 0.570800781
vt 0.836914062 0.569824219
vt 0.833496094 0.545410156
vt 0.822753906 0.572753906
vt 0.817382812 0.547363281
vt 0.805175781 0.579101562
vt 0.797851562 0.551757812
vt 0.352050781 0.856445312
vt 0.343994141 0.856445312
vt 0.346435547 0.868164062
vt 0.353027344 0.866699219
vt 0.334228516 0.858886719
vt 0.353759766 0.876953125
vt 0.338867188 0.870117188
vt 0.329833984 0.875
vt 0.342285156 0.879882812
vt 0.322753906 0.865722656
vt 0.313964844 0.875976562
vt 0.348144531 0.877929688
vt 0.3515625 0.88671875
vt 0.357177734 0.886230469
vt 0.362548828 0.913574219
vt 0.356933594 0.9140625
vt 0.349365234 0.9140625
vt 0.344970703 0.888671875
vt 0.336425781 0.890625
vt 0.339355469 0.914550781
vt 0.330322266 0.916015625
vt 0.335449219 0.882324219
vt 0.328369141 0.885253906
vt 0.328369141 0.893066406
vt 0.319335938 0.890625
vt 0.320068359 0.91796875
vt 0.308105469 0.920410156
vt 0.308105469 0.888183594
vt 0.321777344 0.880859375
vt 0.263183594 0.856445312
vt 0.262207031 0.8671875
vt 0.269042969 0.868164062
vt 0.271484375 0.856445312
vt 0.26171875 0.876953125
vt 0.281005859 0.858886719
vt 0.267333984 0.877929688
vt 0.264160156 0.887207031
vt 0.273193359 0.879882812
vt 0.258300781 0.886230469
vt 0.253662109 0.913574219
vt 0.259033203 0.9140625
vt 0.266601562 0.9140625
vt 0.276611328 0.870117188
vt 0.285644531 0.874511719
vt 0.292724609 0.865722656
vt 0.301757812 0.875488281
vt 0.270751953 0.888671875
vt 0.279296875 0.890625
vt 0.276611328 0.914550781
vt 0.285400391 0.915039062
vt 0.280273438 0.882324219
vt 0.287109375 0.885253906
vt 0.293945312 0.880859375
vt 0.296386719 0.890625
vt 0.307617188 0.887695312
vt 0.307617188 0.919921875
vt 0.295410156 0.916992188
vt 0.287353516 0.893066406
vt 0.480712891 0.859375
vt 0.478027344 0.8671875
vt 0.486328125 0.865722656
vt 0.48828125 0.856933594
vt 0.477050781 0.892578125
vt 0.496582031 0.856445312
vt 0.485351562 0.893066406
vt 0.496337891 0.865234375
vt 0.495849609 0.893066406
vt 0.495849609 0.893066406
vt 0.506347656 0.866210938
vt 0.496337891 0.865234375
vt 0.506347656 0.893554688
vt 0.496582031 0.856445312
vt 0.514648438 0.893554688
vt 0.504882812 0.857421875
vt 0.514648438 0.868164062
vt 0.512207031 0.860351562
vt 0.893554688 0.940429688
vt 0.885742188 0.928222656
vt 0.887695312 0.942382812
vt 0.890625 0.956542969
vt 0.897949219 0.954589844
vt 0.891113281 0.958984375
vt 0.898925781 0.957519531
vt 0.916015625 0.951171875
vt 0.912597656 0.945800781
vt 0.9296875 0.939941406
vt 0.905273438 0.93359375
vt 0.925292969 0.934082031
vt 0.939453125 0.930664062
vt 0.890136719 0.926757812
vt 0.932617188 0.925292969
vt 0.9453125 0.921875
vt 0.888183594 0.9140625
vt 0.884765625 0.915039062
vt 0.884277344 0.90625
vt 0.899902344 0.922363281
vt 0.916503906 0.924316406
vt 0.887695312 0.905273438
vt 0.884765625 0.897460938
vt 0.896484375 0.911621094
vt 0.888183594 0.897460938
vt 0.895996094 0.904785156
vt 0.904296875 0.909667969
vt 0.888671875 0.890136719
vt 0.884765625 0.889648438
vt 0.896484375 0.897949219
vt 0.889160156 0.883300781
vt 0.885742188 0.882324219
vt 0.886230469 0.875
vt 0.908691406 0.916503906
vt 0.905273438 0.905273438
vt 0.913085938 0.909667969
vt 0.915039062 0.903808594
vt 0.922363281 0.916503906
vt 0.92578125 0.909667969
vt 0.937988281 0.917480469
vt 0.928222656 0.90234375
vt 0.941894531 0.908203125
vt 0.943847656 0.8984375
vt 0.949707031 0.911621094
vt 0.952636719 0.900390625
vt 0.953613281 0.889648438
vt 0.90625 0.899414062
vt 0.907226562 0.894042969
vt 0.916992188 0.897460938
vt 0.944824219 0.889160156
vt 0.952636719 0.87890625
vt 0.930175781 0.89453125
vt 0.896972656 0.891601562
vt 0.897460938 0.885742188
vt 0.908203125 0.888183594
vt 0.889648438 0.876464844
vt 0.887695312 0.867675781
vt 0.930664062 0.887207031
vt 0.918457031 0.891113281
vt 0.8984375 0.879394531
vt 0.899414062 0.873046875
vt 0.909179688 0.8828125
vt 0.918945312 0.884765625
vt 0.890625 0.869140625
vt 0.892578125 0.862304688
vt 0.889648438 0.860351562
vt 0.895019531 0.85546875
vt 0.892089844 0.853515625
vt 0.896972656 0.843261719
vt 0.91015625 0.876953125
vt 0.919433594 0.878417969
vt 0.900878906 0.866699219
vt 0.909667969 0.87109375
vt 0.930664062 0.879394531
vt 0.944335938 0.879394531
vt 0.929199219 0.869140625
vt 0.941894531 0.8671875
vt 0.9375 0.854980469
vt 0.949707031 0.865234375
vt 0.944824219 0.852050781
vt 0.936035156 0.837402344
vt 0.918457031 0.870605469
vt 0.907714844 0.865722656
vt 0.92578125 0.859375
vt 0.9296875 0.841796875
vt 0.920898438 0.821777344
vt 0.918945312 0.848632812
vt 0.909667969 0.854980469
vt 0.915527344 0.86328125
vt 0.903320312 0.861328125
vt 0.916992188 0.826660156
vt 0.914550781 0.816894531
vt 0.907714844 0.812988281
vt 0.908691406 0.836914062
vt 0.901855469 0.831542969
vt 0.901367188 0.846679688
vt 0.248535156 0.286865234
vt 0.280517578 0.285888672
vt 0.278076172 0.256835938
vt 0.315429688 0.284912109
vt 0.247436523 0.262695312
vt 0.217773438 0.261230469
vt 0.245361328 0.23815918
vt 0.218139648 0.287597656
vt 0.188232422 0.288330078
vt 0.311279297 0.250732422
vt 0.349121094 0.243774414
vt 0.304199219 0.216918945
vt 0.353515625 0.283935547
vt 0.396728516 0.282714844
vt 0.392333984 0.236328125
vt 0.379638672 0.190185547
vt 0.338867188 0.204467773
vt 0.323974609 0.167236328
vt 0.357910156 0.147827148
vt 0.330322266 0.110107422
vt 0.273681641 0.227783203
vt 0.267089844 0.19934082
vt 0.293945312 0.184326172
vt 0.280029297 0.15222168
vt 0.303955078 0.132202148
vt 0.272460938 0.106506348
vt 0.297607422 0.0762939453
vt 0.259277344 0.0473327637
vt 0.237915039 0.0849609375
vt 0.200073242 0.0672607422
vt 0.219238281 0.117492676
vt 0.215942383 0.0260925293
vt 0.170776367 0.0119781494
vt 0.250488281 0.133422852
vt 0.230957031 0.157592773
vt 0.258300781 0.170776367
vt 0.237792969 0.188232422
vt 0.2421875 0.213378906
vt 0.215209961 0.207763672
vt 0.213012695 0.180297852
vt 0.187988281 0.173583984
vt 0.202880859 0.146362305
vt 0.173339844 0.137084961
vt 0.216674805 0.23449707
vt 0.188476562 0.231567383
vt 0.185668945 0.104125977
vt 0.150634766 0.0930175781
vt 0.188354492 0.203125
vt 0.160522461 0.19921875
vt 0.188476562 0.260253906
vt 0.158447266 0.259521484
vt 0.158325195 0.289306641
vt 0.127929688 0.290039062
vt 0.162597656 0.16809082
vt 0.13659668 0.163452148
vt 0.159179688 0.229370117
vt 0.12890625 0.227905273
vt 0.127685547 0.259277344
vt 0.0953369141 0.258300781
vt 0.095703125 0.290771484
vt 0.0639648438 0.291748047
vt 0.142700195 0.129272461
vt 0.110534668 0.124328613
vt 0.131958008 0.196166992
vt 0.102111816 0.192504883
vt 0.0975952148 0.225219727
vt 0.0663452148 0.223266602
vt 0.0637817383 0.257568359
vt 0.0332946777 0.257324219
vt 0.0333862305 0.292480469
vt 0.000354290009 0.293457031
vt 0.000354290009 0.2578125
vt 0.00416183472 0.221557617
vt 0.0364685059 0.221923828
vt 0.0432434082 0.187255859
vt 0.0125045776 0.185791016
vt 0.0259552002 0.151611328
vt 0.0721435547 0.189575195
vt 0.0817260742 0.15625
vt 0.0545654297 0.153808594
vt 0.0485229492 0.118530273
vt 0.0175323486 0.116088867
vt 0.0126266479 0.0798339844
vt 0.109375 0.159423828
vt 0.0786743164 0.120788574
vt 0.0781860352 0.0838012695
vt 0.0457458496 0.0816650391
vt 0.0441589355 0.0430603027
vt 0.00943756104 0.0434265137
vt 0.00601577759 0.00713729858
vt 0.0422668457 0.0027141571
vt 0.0808105469 0.000354290009
vt 0.079284668 0.0438537598
vt 0.118408203 0.0470275879
vt 0.124450684 0.00304603577
vt 0.113708496 0.0874023438
vt 0.16015625 0.0543212891
vt 0.339599609 0.458740234
vt 0.365234375 0.419677734
vt 0.330322266 0.402099609
vt 0.384765625 0.376220703
vt 0.312255859 0.438232422
vt 0.282226562 0.465576172
vt 0.287353516 0.419433594
vt 0.308837891 0.494384766
vt 0.272216797 0.525390625
vt 0.343261719 0.364257812
vt 0.351318359 0.32421875
vt 0.307861328 0.353759766
vt 0.394775391 0.329589844
vt 0.396728516 0.282714844
vt 0.353515625 0.283935547
vt 0.315429688 0.284912109
vt 0.312988281 0.319335938
vt 0.279785156 0.315185547
vt 0.280517578 0.285888672
vt 0.248535156 0.286865234
vt 0.299316406 0.38671875
vt 0.271728516 0.373046875
vt 0.276855469 0.344238281
vt 0.247924805 0.335449219
vt 0.248779297 0.311035156
vt 0.219116211 0.313964844
vt 0.218139648 0.287597656
vt 0.188232422 0.288330078
vt 0.189941406 0.316650391
vt 0.16003418 0.318847656
vt 0.19140625 0.345214844
vt 0.158325195 0.289306641
vt 0.127929688 0.290039062
vt 0.219482422 0.340820312
vt 0.219482422 0.367431641
vt 0.24609375 0.360351562
vt 0.243041992 0.385742188
vt 0.264404297 0.402099609
vt 0.237915039 0.416748047
vt 0.21875 0.395019531
vt 0.194091797 0.403076172
vt 0.192871094 0.373535156
vt 0.165283203 0.37890625
vt 0.258544922 0.439941406
vt 0.228271484 0.457275391
vt 0.162353516 0.348876953
vt 0.132202148 0.352050781
vt 0.210449219 0.429443359
vt 0.181518555 0.440429688
vt 0.248657227 0.488769531
vt 0.211791992 0.508789062
vt 0.229980469 0.548828125
vt 0.185546875 0.565429688
vt 0.169067383 0.409912109
vt 0.143310547 0.416015625
vt 0.195556641 0.47265625
vt 0.161132812 0.485595703
vt 0.172607422 0.5234375
vt 0.131347656 0.533203125
vt 0.139770508 0.576660156
vt 0.0963745117 0.581542969
vt 0.136962891 0.383544922
vt 0.10736084 0.388671875
vt 0.151367188 0.449707031
vt 0.119384766 0.456298828
vt 0.124572754 0.493164062
vt 0.0892944336 0.498535156
vt 0.0925292969 0.538574219
vt 0.0574645996 0.541015625
vt 0.0577392578 0.581542969
vt 0.0212860107 0.579101562
vt 0.0227661133 0.542480469
vt 0.024017334 0.505859375
vt 0.0569763184 0.502441406
vt 0.0577697754 0.465576172
vt 0.0269775391 0.469482422
vt 0.0335083008 0.43359375
vt 0.0877685547 0.461669922
vt 0.0889282227 0.426025391
vt 0.0619506836 0.429931641
vt 0.0488586426 0.397216797
vt 0.0182342529 0.400146484
vt 0.00798797607 0.364990234
vt 0.116394043 0.421386719
vt 0.0775756836 0.393310547
vt 0.0700073242 0.359863281
vt 0.040222168 0.362792969
vt 0.03515625 0.327636719
vt 0.00225639343 0.329101562
vt 0.000354290009 0.293457031
vt 0.0333862305 0.292480469
vt 0.0639648438 0.291748047
vt 0.065612793 0.325683594
vt 0.0970458984 0.323486328
vt 0.095703125 0.290771484
vt 0.101135254 0.356201172
vt 0.129272461 0.320800781
vt 0.545410156 0.286865234
vt 0.513671875 0.285888672
vt 0.514160156 0.315185547
vt 0.478759766 0.284912109
vt 0.545410156 0.311035156
vt 0.574707031 0.313964844
vt 0.545898438 0.335449219
vt 0.575683594 0.287597656
vt 0.605957031 0.288330078
vt 0.480957031 0.319335938
vt 0.442871094 0.32421875
vt 0.486328125 0.353759766
vt 0.440429688 0.283935547
vt 0.397460938 0.282714844
vt 0.399169922 0.329589844
vt 0.409423828 0.376220703
vt 0.450927734 0.364257812
vt 0.463867188 0.402099609
vt 0.428955078 0.419677734
vt 0.454589844 0.458740234
vt 0.517089844 0.344238281
vt 0.522460938 0.373046875
vt 0.494873047 0.38671875
vt 0.506835938 0.419433594
vt 0.481933594 0.438232422
vt 0.51171875 0.465576172
vt 0.485107422 0.494384766
vt 0.521972656 0.525390625
vt 0.545410156 0.488769531
vt 0.58203125 0.508789062
vt 0.565917969 0.457275391
vt 0.563964844 0.548828125
vt 0.608398438 0.565429688
vt 0.535644531 0.439941406
vt 0.556152344 0.416748047
vt 0.529785156 0.402099609
vt 0.55078125 0.385742188
vt 0.547851562 0.360351562
vt 0.574707031 0.367431641
vt 0.575195312 0.395019531
vt 0.600097656 0.403076172
vt 0.583496094 0.429443359
vt 0.612792969 0.440429688
vt 0.574707031 0.340820312
vt 0.602539062 0.345214844
vt 0.598632812 0.47265625
vt 0.6328125 0.485595703
vt 0.601074219 0.373535156
vt 0.62890625 0.37890625
vt 0.604003906 0.316650391
vt 0.634277344 0.318847656
vt 0.635742188 0.289306641
vt 0.666015625 0.290039062
vt 0.625 0.409912109
vt 0.650878906 0.416015625
vt 0.631835938 0.348876953
vt 0.662109375 0.352050781
vt 0.664550781 0.320800781
vt 0.696777344 0.323486328
vt 0.698242188 0.290771484
vt 0.729980469 0.291748047
vt 0.642578125 0.449707031
vt 0.674804688 0.456298828
vt 0.657226562 0.383544922
vt 0.686523438 0.388671875
vt 0.692871094 0.356201172
vt 0.724121094 0.359863281
vt 0.728515625 0.325683594
vt 0.758789062 0.327636719
vt 0.760742188 0.292480469
vt 0.793945312 0.293457031
vt 0.791992188 0.329101562
vt 0.786132812 0.364990234
vt 0.75390625 0.362792969
vt 0.745117188 0.397216797
vt 0.775878906 0.400146484
vt 0.760742188 0.43359375
vt 0.716308594 0.393310547
vt 0.705078125 0.426025391
vt 0.731933594 0.429931641
vt 0.736328125 0.465576172
vt 0.767089844 0.469482422
vt 0.770019531 0.505859375
vt 0.677734375 0.421386719
vt 0.706542969 0.461669922
vt 0.704589844 0.498535156
vt 0.737304688 0.502441406
vt 0.736816406 0.541015625
vt 0.771484375 0.542480469
vt 0.772949219 0.579101562
vt 0.736328125 0.581542969
vt 0.697753906 0.581542969
vt 0.701660156 0.538574219
vt 0.662597656 0.533203125
vt 0.654296875 0.576660156
vt 0.669433594 0.493164062
vt 0.621582031 0.5234375
vt 0.788085938 0.00713729858
vt 0.75 0.0430603027
vt 0.784667969 0.0434265137
vt 0.751953125 0.0027141571
vt 0.78125 0.0798339844
vt 0.713378906 0.000354290009
vt 0.748535156 0.0816650391
vt 0.745605469 0.118530273
vt 0.715820312 0.0838012695
vt 0.776367188 0.116088867
vt 0.768066406 0.151611328
vt 0.71484375 0.0438537598
vt 0.67578125 0.0470275879
vt 0.669433594 0.00304603577
vt 0.623046875 0.0119781494
vt 0.739746094 0.153808594
vt 0.750976562 0.187255859
vt 0.712402344 0.15625
vt 0.781738281 0.185791016
vt 0.790039062 0.221557617
vt 0.715332031 0.120788574
vt 0.68359375 0.124328613
vt 0.680175781 0.0874023438
vt 0.643554688 0.0930175781
vt 0.633789062 0.0543212891
vt 0.594238281 0.0672607422
vt 0.578125 0.0260925293
vt 0.534667969 0.0473327637
vt 0.7578125 0.221923828
vt 0.760742188 0.257324219
vt 0.727539062 0.223266602
vt 0.793945312 0.2578125
vt 0.793945312 0.293457031
vt 0.760742188 0.292480469
vt 0.729980469 0.291748047
vt 0.73046875 0.257568359
vt 0.698730469 0.258300781
vt 0.698242188 0.290771484
vt 0.666015625 0.290039062
vt 0.721679688 0.189575195
vt 0.691894531 0.192504883
vt 0.696289062 0.225219727
vt 0.665039062 0.227905273
vt 0.666503906 0.259277344
vt 0.635742188 0.259521484
vt 0.635742188 0.289306641
vt 0.605957031 0.288330078
vt 0.684570312 0.159423828
vt 0.657226562 0.163452148
vt 0.662109375 0.196166992
vt 0.633300781 0.19921875
vt 0.634765625 0.229370117
vt 0.60546875 0.231567383
vt 0.60546875 0.260253906
vt 0.576171875 0.261230469
vt 0.575683594 0.287597656
vt 0.545410156 0.286865234
vt 0.651367188 0.129272461
vt 0.620605469 0.137084961
vt 0.631347656 0.16809082
vt 0.605957031 0.173583984
vt 0.605957031 0.203125
vt 0.578613281 0.207763672
vt 0.577148438 0.23449707
vt 0.548828125 0.23815918
vt 0.546386719 0.262695312
vt 0.516113281 0.256835938
vt 0.513671875 0.285888672
vt 0.478759766 0.284912109
vt 0.482910156 0.250732422
vt 0.444824219 0.243774414
vt 0.489990234 0.216918945
vt 0.440429688 0.283935547
vt 0.397460938 0.282714844
vt 0.401855469 0.236328125
vt 0.414306641 0.190185547
vt 0.455078125 0.204467773
vt 0.470214844 0.167236328
vt 0.436035156 0.147827148
vt 0.463867188 0.110107422
vt 0.520507812 0.227783203
vt 0.526855469 0.19934082
vt 0.5 0.184326172
vt 0.514160156 0.15222168
vt 0.489990234 0.132202148
vt 0.521484375 0.106506348
vt 0.496337891 0.0762939453
vt 0.551757812 0.213378906
vt 0.556152344 0.188232422
vt 0.535644531 0.170776367
vt 0.562988281 0.157592773
vt 0.581054688 0.180297852
vt 0.556152344 0.0849609375
vt 0.574707031 0.117492676
vt 0.543457031 0.133422852
vt 0.591308594 0.146362305
vt 0.608398438 0.104125977
vt 0.253662109 0.725585938
vt 0.284423828 0.724121094
vt 0.283691406 0.690917969
vt 0.253662109 0.695800781
vt 0.317626953 0.72265625
vt 0.256591797 0.666503906
vt 0.316162109 0.687011719
vt 0.3515625 0.684082031
vt 0.317138672 0.652832031
vt 0.353271484 0.720703125
vt 0.390380859 0.719238281
vt 0.388427734 0.682128906
vt 0.38671875 0.646484375
vt 0.286132812 0.658691406
vt 0.290527344 0.628417969
vt 0.262451172 0.637695312
vt 0.270263672 0.610351562
vt 0.297119141 0.599609375
vt 0.324951172 0.591308594
vt 0.351318359 0.6484375
vt 0.352294922 0.615722656
vt 0.385253906 0.61328125
vt 0.383789062 0.582519531
vt 0.354003906 0.585449219
vt 0.3203125 0.62109375
vt 0.396972656 0.85546875
vt 0.395507812 0.824707031
vt 0.362304688 0.825683594
vt 0.3671875 0.85546875
vt 0.393798828 0.791503906
vt 0.337646484 0.852539062
vt 0.358398438 0.79296875
vt 0.355224609 0.7578125
vt 0.323974609 0.791992188
vt 0.392089844 0.756347656
vt 0.390380859 0.719238281
vt 0.353271484 0.720703125
vt 0.317626953 0.72265625
vt 0.330078125 0.823242188
vt 0.299804688 0.818847656
vt 0.309082031 0.847167969
vt 0.28125 0.838867188
vt 0.270751953 0.8125
vt 0.262451172 0.784179688
vt 0.319580078 0.7578125
vt 0.287109375 0.757324219
vt 0.284423828 0.724121094
vt 0.253662109 0.725585938
vt 0.256591797 0.755371094
vt 0.292480469 0.7890625
vt 0.526855469 0.712402344
vt 0.49609375 0.713867188
vt 0.496826172 0.747070312
vt 0.526855469 0.7421875
vt 0.462890625 0.715820312
vt 0.523925781 0.771972656
vt 0.464355469 0.750976562
vt 0.428955078 0.754394531
vt 0.463378906 0.785644531
vt 0.427246094 0.717285156
vt 0.390380859 0.719238281
vt 0.392089844 0.756347656
vt 0.393798828 0.791503906
vt 0.494628906 0.779296875
vt 0.489990234 0.809570312
vt 0.518066406 0.800292969
vt 0.510253906 0.828125
vt 0.483642578 0.838867188
vt 0.455566406 0.847167969
vt 0.429199219 0.789550781
vt 0.428466797 0.822265625
vt 0.395507812 0.824707031
vt 0.396972656 0.85546875
vt 0.426513672 0.853027344
vt 0.460205078 0.816894531
vt 0.383789062 0.582519531
vt 0.385253906 0.61328125
vt 0.418212891 0.612792969
vt 0.413574219 0.582519531
vt 0.38671875 0.646484375
vt 0.442871094 0.585449219
vt 0.422363281 0.645019531
vt 0.425537109 0.680175781
vt 0.456542969 0.645996094
vt 0.388427734 0.682128906
vt 0.390380859 0.719238281
vt 0.427246094 0.717285156
vt 0.462890625 0.715820312
vt 0.450439453 0.614746094
vt 0.480712891 0.619628906
vt 0.471679688 0.591308594
vt 0.499267578 0.599121094
vt 0.509765625 0.625976562
vt 0.518066406 0.653808594
vt 0.4609375 0.680175781
vt 0.493652344 0.681152344
vt 0.49609375 0.713867188
vt 0.526855469 0.712402344
vt 0.523925781 0.682617188
vt 0.48828125 0.648925781
vt 0.704589844 0.903808594
vt 0.705566406 0.908203125
vt 0.708007812 0.90625
vt 0.702636719 0.905273438
vt 0.704101562 0.91015625
vt 0.702148438 0.907714844
vt 0.700195312 0.909179688
vt 0.703125 0.912109375
vt 0.698242188 0.912597656
vt 0.702148438 0.915527344
vt 0.702148438 0.918457031
vt 0.697265625 0.916992188
vt 0.697265625 0.920898438
vt 0.702148438 0.920898438
vt 0.702148438 0.923339844
vt 0.697265625 0.924804688
vt 0.697753906 0.928710938
vt 0.703613281 0.928710938
vt 0.724121094 0.903808594
vt 0.720214844 0.904296875
vt 0.720703125 0.906738281
vt 0.723632812 0.90625
vt 0.720703125 0.909179688
vt 0.72265625 0.908203125
vt 0.723632812 0.91015625
vt 0.721191406 0.911621094
vt 0.724609375 0.912597656
vt 0.721191406 0.9140625
vt 0.721191406 0.916503906
vt 0.725097656 0.915527344
vt 0.725097656 0.918945312
vt 0.721191406 0.918457031
vt 0.725097656 0.922363281
vt 0.720703125 0.920410156
vt 0.719726562 0.924804688
vt 0.725097656 0.925292969
vt 0.708984375 0.924804688
vt 0.702148438 0.923339844
vt 0.703613281 0.928710938
vt 0.706054688 0.922363281
vt 0.70703125 0.919433594
vt 0.711425781 0.921386719
vt 0.702148438 0.920898438
vt 0.712402344 0.916992188
vt 0.703613281 0.920410156
vt 0.702148438 0.918457031
vt 0.704101562 0.918457031
vt 0.704589844 0.916015625
vt 0.702148438 0.915527344
vt 0.703125 0.912109375
vt 0.707519531 0.916503906
vt 0.708007812 0.913574219
vt 0.711914062 0.913085938
vt 0.710449219 0.909667969
vt 0.705078125 0.913574219
vt 0.704101562 0.91015625
vt 0.707519531 0.910644531
vt 0.708007812 0.90625
vt 0.705566406 0.908203125
vt 0.705566406 0.911621094
vt 0.71484375 0.920898438
vt 0.719726562 0.924804688
vt 0.720703125 0.920410156
vt 0.717773438 0.918457031
vt 0.717285156 0.916015625
vt 0.712890625 0.916503906
vt 0.713378906 0.912109375
vt 0.719238281 0.917480469
vt 0.721191406 0.918457031
vt 0.719238281 0.916015625
vt 0.721191406 0.916503906
vt 0.721191406 0.9140625
vt 0.719238281 0.9140625
vt 0.721191406 0.911621094
vt 0.716796875 0.913574219
vt 0.717285156 0.910644531
vt 0.714355469 0.908691406
vt 0.716796875 0.905761719
vt 0.719238281 0.912109375
vt 0.719238281 0.91015625
vt 0.720703125 0.909179688
vt 0.720703125 0.906738281
vt 0.718261719 0.908691406
vt 0.720214844 0.904296875
vt 0.422607422 0.916992188
vt 0.421630859 0.919433594
vt 0.416259766 0.93359375
vt 0.713378906 0.822265625
vt 0.697265625 0.813964844
vt 0.698730469 0.820800781
vt 0.700195312 0.825683594
vt 0.703125 0.833984375
vt 0.712890625 0.8359375
vt 0.71875 0.837402344
vt 0.718261719 0.826171875
vt 0.723144531 0.830566406
vt 0.727050781 0.834960938
vt 0.730957031 0.83984375
vt 0.734375 0.845214844
vt 0.720214844 0.84375
vt 0.736816406 0.8515625
vt 0.713867188 0.843261719
vt 0.704101562 0.842773438
vt 0.71484375 0.8515625
vt 0.705078125 0.852050781
vt 0.721679688 0.8515625
vt 0.715820312 0.860351562
vt 0.705078125 0.860351562
vt 0.723144531 0.859863281
vt 0.73828125 0.858398438
vt 0.737792969 0.865722656
vt 0.713867188 0.869628906
vt 0.704589844 0.870605469
vt 0.703613281 0.879882812
vt 0.72265625 0.868652344
vt 0.719726562 0.877929688
vt 0.735839844 0.873046875
vt 0.731933594 0.879882812
vt 0.7109375 0.879394531
vt 0.702636719 0.887207031
vt 0.716308594 0.884765625
vt 0.727050781 0.885742188
vt 0.708496094 0.88671875
vt 0.70703125 0.899414062
vt 0.701171875 0.893066406
vt 0.697265625 0.902832031
vt 0.713867188 0.895507812
vt 0.720703125 0.891113281
vt 0.684570312 0.94921875
vt 0.671875 0.956542969
vt 0.677246094 0.963867188
vt 0.687988281 0.959472656
vt 0.688476562 0.965332031
vt 0.663085938 0.963867188
vt 0.659667969 0.967773438
vt 0.65625 0.972167969
vt 0.653320312 0.9765625
vt 0.659667969 0.974121094
vt 0.649902344 0.982421875
vt 0.664550781 0.986328125
vt 0.645996094 0.989257812
vt 0.655273438 0.9921875
vt 0.6640625 0.989746094
vt 0.666015625 0.992675781
vt 0.671386719 0.990722656
vt 0.670410156 0.988769531
vt 0.675292969 0.989257812
vt 0.674804688 0.987304688
vt 0.677734375 0.986816406
vt 0.670410156 0.985839844
vt 0.675292969 0.984375
vt 0.6875 0.972167969
vt 0.665039062 0.981445312
vt 0.666015625 0.979003906
vt 0.669433594 0.982421875
vt 0.672851562 0.981933594
vt 0.669433594 0.979980469
vt 0.672851562 0.98046875
vt 0.666015625 0.977539062
vt 0.666992188 0.975585938
vt 0.669921875 0.978027344
vt 0.66796875 0.973144531
vt 0.670410156 0.9765625
vt 0.672363281 0.978515625
vt 0.67578125 0.978515625
vt 0.670410156 0.969726562
vt 0.671386719 0.974609375
vt 0.672851562 0.977050781
vt 0.673828125 0.975585938
vt 0.673828125 0.972167969
vt 0.681640625 0.973144531
vt 0.6796875 0.967773438
vt 0.677246094 0.974609375
vt 0.422607422 0.916992188
vt 0.416259766 0.93359375
vt 0.429199219 0.921386719
vt 0.424560547 0.916503906
vt 0.422119141 0.913574219
vt 0.421142578 0.916503906
vt 0.421630859 0.919433594
vt 0.427001953 0.91796875
vt 0.4296875 0.918457031
vt 0.431152344 0.918945312
vt 0.433105469 0.915039062
vt 0.427978516 0.913574219
vt 0.431152344 0.9140625
vt 0.435058594 0.91015625
vt 0.432861328 0.908691406
vt 0.435546875 0.899414062
vt 0.424560547 0.913085938
vt 0.428710938 0.908203125
vt 0.426513672 0.892578125
vt 0.434326172 0.890625
vt 0.420410156 0.895019531
vt 0.424072266 0.908203125
vt 0.415039062 0.897460938
vt 0.421142578 0.909179688
vt 0.410400391 0.900390625
vt 0.420654297 0.913574219
vt 0.417724609 0.903320312
vt 0.40625 0.903808594
vt 0.398925781 0.913085938
vt 0.411865234 0.912109375
vt 0.419921875 0.917480469
vt 0.419677734 0.909179688
vt 0.415283203 0.91015625
vt 0.418945312 0.9140625
vt 0.41796875 0.909667969
vt 0.41796875 0.917480469
vt 0.414306641 0.929199219
vt 0.416259766 0.93359375
vt 0.410644531 0.9375
vt 0.416748047 0.914550781
vt 0.4140625 0.916015625
vt 0.409912109 0.921875
vt 0.416748047 0.920410156
vt 0.414306641 0.924804688
vt 0.408447266 0.928710938
vt 0.403564453 0.927734375
vt 0.405029297 0.939941406
vt 0.393798828 0.94140625
vt 0.406005859 0.918945312
vt 0.39453125 0.925292969
vt 0.495117188 0.9140625
vt 0.495361328 0.908203125
vt 0.493896484 0.9140625
vt 0.486083984 0.908203125
vt 0.487792969 0.913085938
vt 0.486816406 0.913085938
vt 0.485839844 0.912597656
vt 0.479492188 0.91015625
vt 0.477050781 0.90234375
vt 0.485351562 0.904296875
vt 0.495361328 0.904785156
vt 0.259033203 0.954589844
vt 0.259277344 0.956054688
vt 0.264404297 0.954589844
vt 0.265380859 0.951660156
vt 0.272705078 0.953613281
vt 0.264160156 0.946289062
vt 0.257568359 0.947265625
vt 0.257324219 0.946289062
vt 0.271972656 0.951171875
vt 0.282470703 0.949707031
vt 0.262451172 0.944335938
vt 0.257080078 0.944824219
vt 0.280761719 0.948242188
vt 0.2890625 0.946289062
vt 0.270507812 0.9453125
vt 0.278564453 0.942382812
vt 0.263427734 0.941894531
vt 0.256591797 0.935546875
vt 0.270019531 0.942871094
vt 0.282958984 0.937988281
vt 0.291503906 0.928710938
vt 0.30078125 0.934570312
vt 0.278076172 0.940429688
vt 0.269287109 0.940429688
vt 0.268066406 0.934082031
vt 0.277099609 0.938964844
vt 0.28125 0.931640625
vt 0.283691406 0.924804688
vt 0.275634766 0.924316406
vt 0.275146484 0.932617188
vt 0.267089844 0.925292969
vt 0.260009766 0.92578125
vt 0.254150391 0.92578125
vt 0.262207031 0.935058594
vt 0.49609375 0.9140625
vt 0.495361328 0.908203125
vt 0.495117188 0.9140625
vt 0.502441406 0.913574219
vt 0.504394531 0.907714844
vt 0.503417969 0.913574219
vt 0.504394531 0.913085938
vt 0.510742188 0.911132812
vt 0.495361328 0.904785156
vt 0.513671875 0.903320312
vt 0.505371094 0.904785156
vt 0.343505859 0.954589844
vt 0.335449219 0.948730469
vt 0.333740234 0.950683594
vt 0.327392578 0.947265625
vt 0.343994141 0.951660156
vt 0.351806641 0.955078125
vt 0.337646484 0.942871094
vt 0.350830078 0.952636719
vt 0.357421875 0.955566406
vt 0.357666016 0.954589844
vt 0.352294922 0.946777344
vt 0.358398438 0.946777344
vt 0.345703125 0.945800781
vt 0.353759766 0.944335938
vt 0.358398438 0.945800781
vt 0.346435547 0.942871094
vt 0.337890625 0.940429688
vt 0.332275391 0.937988281
vt 0.324707031 0.929199219
vt 0.314941406 0.935546875
vt 0.352783203 0.942382812
vt 0.358642578 0.944824219
vt 0.359375 0.935546875
vt 0.346923828 0.940917969
vt 0.347900391 0.934082031
vt 0.339111328 0.938964844
vt 0.334716797 0.931640625
vt 0.332275391 0.924316406
vt 0.340576172 0.924804688
vt 0.341064453 0.932617188
vt 0.349121094 0.925292969
vt 0.355957031 0.92578125
vt 0.361816406 0.925292969
vt 0.353759766 0.934570312
vt 0.460693359 0.918945312
vt 0.459228516 0.927246094
vt 0.467529297 0.919921875
vt 0.471679688 0.915039062
vt 0.448730469 0.933105469
vt 0.463378906 0.912597656
vt 0.475097656 0.908691406
vt 0.450439453 0.921875
vt 0.436035156 0.936523438
vt 0.439453125 0.923828125
vt 0.440917969 0.916015625
vt 0.452392578 0.915039062
vt 0.442138672 0.907226562
vt 0.454101562 0.90625
vt 0.442626953 0.897949219
vt 0.465087891 0.904296875
vt 0.476318359 0.901367188
vt 0.454589844 0.897460938
vt 0.465332031 0.895996094
vt 0.476074219 0.894042969
vt 0.474853516 0.887207031
vt 0.464111328 0.887695312
vt 0.471923828 0.880859375
vt 0.453369141 0.888671875
vt 0.44140625 0.887695312
vt 0.440429688 0.880371094
vt 0.461669922 0.880859375
vt 0.451171875 0.880371094
vt 0.438476562 0.870117188
vt 0.44921875 0.872558594
vt 0.436035156 0.856445312
vt 0.448730469 0.860351562
vt 0.458496094 0.866210938
vt 0.459472656 0.874511719
vt 0.468505859 0.875976562
vt 0.465087891 0.872070312
vn 0.952148438 0.0797729492 0.295898438
vn 0.950195312 0.0525512695 0.307617188
vn 0.950683594 0.073059082 0.301025391
vn 0.9453125 0.0621643066 0.319580078
vn 0.952148438 0.101928711 0.287597656
vn 0.933105469 0.0804443359 0.350097656
vn 0.958496094 0.0955200195 0.268066406
vn 0.942382812 0.0658569336 0.328369141
vn 0.989746094 0.128662109 0.0638427734
vn 0.927734375 0.0759277344 0.365722656
vn 0.973144531 0.224853516 0.0510864258
vn 0.889160156 0.362304688 -0.280273438
vn 0.965820312 0.239990234 0.0966186523
vn 0.944824219 0.174072266 -0.278320312
vn 0.81640625 0.219116211 -0.534667969
vn 0.936035156 0.11932373 0.330322266
vn 0.930664062 0.114929199 0.347900391
vn 0.920898438 0.0968017578 0.377441406
vn 0.923828125 0.0472106934 0.379394531
vn 0.919921875 0.034362793 0.390136719
vn 0.922363281 -0.0474853516 0.383300781
vn 0.749023438 0.450439453 -0.486083984
vn 0.571289062 0.5234375 -0.631835938
vn 0.770019531 0.417236328 -0.482666016
vn 0.629882812 0.278320312 -0.725097656
vn 0.415527344 0.319335938 -0.8515625
vn 0.896484375 0.362548828 -0.255371094
vn 0.920410156 0.276367188 -0.276123047
vn 0.977539062 0.187255859 0.0989990234
vn 0.99609375 0.0702514648 0.0574645996
vn 0.948730469 0.0445251465 0.313476562
vn 0.964355469 -0.0403442383 0.260742188
vn 0.93359375 -0.0400390625 0.35546875
vn 0.9375 -0.0879516602 0.337158203
vn 0.923828125 -0.0897827148 0.372070312
vn 0.92578125 -0.0930786133 0.366699219
vn 0.94140625 -0.0958251953 0.323486328
vn 0.94921875 -0.0674438477 0.308105469
vn 0.9765625 -0.116088867 0.181518555
vn 0.923828125 -0.0603027344 0.377929688
vn 0.919921875 -0.013420105 0.391845703
vn 0.969726562 -0.0834960938 0.229003906
vn 0.995605469 -0.0858764648 -0.0349731445
vn 0.999511719 -0.0272521973 0.0144271851
vn 0.94140625 0.0041847229 -0.336669922
vn 0.940917969 0.13293457 -0.311035156
vn 0.785644531 0.174560547 -0.59375
vn 0.783691406 0.317626953 -0.533691406
vn 0.597167969 0.325927734 -0.732910156
vn 0.608398438 0.44921875 -0.654296875
vn 0.384277344 0.473144531 -0.79296875
vn 0.350830078 0.575195312 -0.738769531
vn 0.129638672 0.57421875 -0.80859375
vn 0.220092773 0.327880859 -0.918945312
vn 0.0791015625 0.307128906 -0.948242188
vn -0.0523681641 0.485595703 -0.872558594
vn -0.157836914 0.321533203 -0.93359375
vn -0.119262695 0.413085938 -0.902832031
vn -0.014755249 0.234741211 -0.972167969
vn -0.0384521484 0.154663086 -0.987304688
vn 0.126220703 0.472900391 -0.872070312
vn 0.0955810547 0.34375 -0.934082031
vn 0.349853516 0.327392578 -0.877929688
vn 0.215454102 0.14050293 -0.966308594
vn 0.553710938 0.172485352 -0.814941406
vn 0.521484375 0.0162963867 -0.853027344
vn 0.771484375 0.0231628418 -0.635742188
vn 0.730957031 -0.123413086 -0.671386719
vn 0.916015625 -0.102172852 -0.387939453
vn 0.848144531 -0.210693359 -0.486083984
vn 0.977050781 -0.158081055 -0.143188477
vn 0.947265625 -0.149658203 -0.282714844
vn 0.987792969 -0.0975952148 0.12097168
vn 0.994628906 -0.0713500977 0.0727539062
vn 0.956054688 -0.0331420898 0.291748047
vn 0.958007812 -0.0423583984 0.283935547
vn 0.916992188 -0.0117263794 0.398681641
vn 0.904785156 -0.0367431641 0.424560547
vn 0.946289062 -0.0736694336 0.314697266
vn 0.916503906 -0.130859375 0.377685547
vn 0.990234375 -0.134643555 0.0339050293
vn 0.884277344 -0.0827026367 0.459716797
vn 0.862304688 -0.152832031 0.482910156
vn 0.995605469 -0.0903320312 0.0302734375
vn 0.939941406 -0.110229492 -0.323730469
vn 0.963867188 -0.0950317383 -0.248413086
vn 0.83984375 -0.0758056641 -0.537597656
vn 0.875488281 -0.194213867 0.442138672
vn 0.866210938 -0.212036133 0.452636719
vn 0.935546875 -0.262695312 0.235839844
vn 0.860351562 -0.187988281 0.473388672
vn 0.842285156 -0.220214844 0.491943359
vn 0.974609375 -0.203491211 0.0938720703
vn 0.869628906 -0.297363281 -0.394287109
vn 0.934570312 -0.169433594 -0.313476562
vn 0.8203125 -0.136108398 -0.555664062
vn 0.840332031 -0.252197266 0.479980469
vn 0.790039062 -0.312744141 0.52734375
vn 0.85546875 -0.344482422 0.386962891
vn 0.794433594 -0.281494141 0.538085938
vn 0.771484375 -0.3203125 0.549316406
vn 0.89453125 -0.297119141 0.334472656
vn 0.833007812 -0.543457031 -0.103271484
vn 0.868164062 -0.420410156 -0.264404297
vn 0.541503906 -0.508789062 -0.669433594
vn 0.756835938 -0.371582031 0.538085938
vn 0.688476562 -0.494384766 0.530273438
vn 0.719238281 -0.606933594 0.337890625
vn 0.743652344 -0.373779297 0.554199219
vn 0.700683594 -0.436767578 0.563964844
vn 0.654296875 -0.599121094 0.461425781
vn 0.740722656 -0.387451172 0.549316406
vn 0.741699219 -0.397949219 0.540039062
vn 0.673339844 -0.624511719 0.395751953
vn 0.452392578 -0.881835938 0.134521484
vn 0.805175781 -0.416748047 0.421875
vn 0.765136719 -0.634765625 0.105529785
vn 0.797363281 -0.603027344 0.0140609741
vn 0.515136719 -0.768066406 -0.380615234
vn 0.594238281 -0.799804688 -0.0863037109
vn 0.368408203 -0.905273438 -0.211181641
vn 0.521972656 -0.666015625 -0.532714844
vn 0.319091797 -0.648925781 -0.690917969
vn 0.578613281 -0.774414062 0.256835938
vn 0.259033203 -0.962402344 -0.0791015625
vn 0.483642578 -0.83984375 0.245483398
vn 0.451171875 -0.875488281 0.172241211
vn 0.220703125 -0.973632812 -0.0564880371
vn 0.00390625 -0.974609375 -0.224365234
vn 0.0598144531 -0.956054688 -0.286865234
vn -0.120056152 -0.885742188 -0.448486328
vn -0.174316406 -0.90625 -0.385009766
vn -0.302490234 -0.779296875 -0.548828125
vn -0.281005859 -0.744628906 -0.60546875
vn -0.410400391 -0.579589844 -0.704101562
vn -0.383056641 -0.536621094 -0.751953125
vn 0.167236328 -0.873046875 -0.458007812
vn 0.211547852 -0.736816406 -0.642089844
vn -0.422119141 -0.344970703 -0.838378906
vn -0.481201172 -0.381347656 -0.7890625
vn 0.0176086426 -0.805175781 -0.592773438
vn 0.339111328 -0.781738281 -0.522949219
vn -0.166625977 -0.8125 -0.55859375
vn -0.0673828125 -0.735839844 -0.673828125
vn 0.0149536133 -0.651855469 -0.758300781
vn 0.0972900391 -0.688476562 -0.71875
vn 0.149902344 -0.578613281 -0.801757812
vn 0.221069336 -0.609375 -0.761230469
vn 0.227661133 -0.4765625 -0.849121094
vn -0.158569336 -0.659179688 -0.735351562
vn 0.321044922 -0.502929688 -0.802246094
vn 0.317138672 -0.357421875 -0.878417969
vn 0.563476562 -0.387451172 -0.729492188
vn 0.57421875 -0.297607422 -0.762695312
vn 0.753417969 -0.240478516 -0.612304688
vn 0.679199219 -0.157958984 -0.716796875
vn -0.217041016 -0.562988281 -0.797363281
vn -0.118835449 -0.509277344 -0.852539062
vn -0.312988281 -0.616210938 -0.72265625
vn -0.0672607422 -0.595214844 -0.80078125
vn 0.00657272339 -0.542480469 -0.840332031
vn -0.261962891 -0.468017578 -0.84375
vn 0.0809936523 -0.560546875 -0.82421875
vn 0.11541748 -0.467041016 -0.876464844
vn -0.00222969055 -0.471679688 -0.881835938
vn -0.0140686035 -0.393066406 -0.919433594
vn -0.150634766 -0.425048828 -0.892578125
vn -0.180908203 -0.337402344 -0.923828125
vn 0.132446289 -0.412353516 -0.901367188
vn 0.152832031 -0.381835938 -0.911621094
vn 0.236450195 -0.365478516 -0.900390625
vn 0.1875 -0.463623047 -0.866210938
vn -0.279785156 -0.368652344 -0.886230469
vn -0.282714844 -0.272949219 -0.919433594
vn -0.358886719 -0.409912109 -0.838378906
vn 0.238037109 -0.344238281 -0.908203125
vn 0.266357422 -0.217041016 -0.938964844
vn -0.327148438 -0.296386719 -0.897460938
vn -0.370117188 -0.252929688 -0.894042969
vn -0.459960938 -0.262451172 -0.848144531
vn -0.47265625 -0.216430664 -0.854492188
vn -0.529296875 -0.244262695 -0.8125
vn -0.355224609 -0.156494141 -0.921386719
vn -0.356201172 -0.220458984 -0.908203125
vn -0.294921875 -0.194946289 -0.935546875
vn -0.223999023 -0.169799805 -0.959472656
vn -0.286865234 -0.133911133 -0.948730469
vn -0.135131836 -0.0451965332 -0.989746094
vn -0.108154297 -0.128662109 -0.985839844
vn -0.215820312 -0.199462891 -0.956054688
vn -0.142822266 -0.190307617 -0.971191406
vn -0.158935547 -0.155151367 -0.975097656
vn -0.137329102 -0.145874023 -0.979492188
vn -0.0764770508 -0.116516113 -0.990234375
vn -0.183105469 -0.25390625 -0.949707031
vn -0.0717163086 -0.206787109 -0.975585938
vn -0.0888671875 -0.306640625 -0.947753906
vn -0.0283050537 -0.268310547 -0.962890625
vn -0.0985717773 -0.141723633 -0.984863281
vn -0.0167236328 -0.116638184 -0.993164062
vn -0.0461120605 -0.153198242 -0.987304688
vn 0.0585327148 -0.099609375 -0.993164062
vn -0.0536499023 -0.111572266 -0.9921875
vn 0.0205535889 -0.0813598633 -0.996582031
vn -0.0248718262 -0.0859985352 -0.99609375
vn -0.135131836 -0.0451965332 -0.989746094
vn 0.00953674316 -0.0513000488 -0.998535156
vn 0.0230560303 -0.0563659668 -0.998046875
vn 0.116027832 -0.0349731445 -0.992675781
vn 0.0981445312 -0.0223999023 -0.995117188
vn 0.237182617 0.0132522583 -0.971191406
vn 0.00492858887 -0.0962524414 -0.995117188
vn 0.104980469 -0.0665283203 -0.9921875
vn 0.083190918 -0.0808105469 -0.993164062
vn 0.201538086 -0.0401916504 -0.978515625
vn 0.120117188 -0.0541992188 -0.991210938
vn 0.2421875 -0.0231170654 -0.969726562
vn 0.247436523 -0.00981140137 -0.96875
vn 0.3671875 0.0205993652 -0.930175781
vn 0.366943359 0.0485229492 -0.928710938
vn 0.453369141 0.0797119141 -0.887695312
vn 0.224487305 -0.0305023193 -0.974121094
vn 0.339111328 0.00308227539 -0.940917969
vn 0.356933594 0.00728225708 -0.934082031
vn 0.438964844 0.030456543 -0.897949219
vn 0.448730469 0.046875 -0.892578125
vn 0.497314453 0.0637207031 -0.865234375
vn 0.498046875 0.100952148 -0.861328125
vn 0.528320312 0.108398438 -0.842285156
vn 0.534179688 0.0669555664 -0.842773438
vn 0.584472656 0.0584106445 -0.809570312
vn 0.53515625 0.0459594727 -0.843261719
vn 0.574707031 0.104980469 -0.811523438
vn 0.635253906 0.101806641 -0.765625
vn 0.492675781 0.0433044434 -0.869140625
vn 0.502441406 0.0195770264 -0.864257812
vn 0.425048828 0.0263214111 -0.904785156
vn 0.429199219 0.0103302002 -0.903320312
vn 0.317626953 -0.00219917297 -0.948242188
vn 0.313720703 -0.0126724243 -0.94921875
vn 0.175537109 -0.0464782715 -0.983398438
vn 0.14440918 -0.0482788086 -0.98828125
vn 0.0374755859 -0.118530273 -0.9921875
vn 0.0430908203 -0.130371094 -0.990722656
vn -0.017364502 -0.197387695 -0.979980469
vn 0.0210571289 -0.19934082 -0.979492188
vn 0.514648438 0.00513076782 -0.857421875
vn 0.437255859 0.110412598 -0.892578125
vn 0.507324219 0.0411376953 -0.860839844
vn 0.407470703 0.0214233398 -0.913085938
vn 0.304199219 0.114074707 -0.945800781
vn 0.272949219 0.0328674316 -0.961425781
vn 0.197753906 0.0256347656 -0.979980469
vn 0.120117188 -0.0668945312 -0.990722656
vn 0.110229492 -0.120300293 -0.986816406
vn 0.542480469 -0.00215148926 -0.840332031
vn 0.549804688 0.0234222412 -0.834960938
vn 0.059173584 -0.163208008 -0.984863281
vn 0.0654907227 -0.212890625 -0.975097656
vn 0.584472656 0.0433959961 -0.810058594
vn 0.640136719 0.0429077148 -0.767089844
vn 0.0211791992 -0.236694336 -0.971191406
vn 0.0304870605 -0.270751953 -0.961914062
vn 0.641601562 0.045715332 -0.765625
vn 0.661132812 0.033416748 -0.749511719
vn 0.658691406 0.111022949 -0.744140625
vn 0.588378906 0.13269043 -0.797363281
vn 0.00465011597 -0.319335938 -0.947753906
vn 0.0634155273 -0.315185547 -0.946777344
vn 0.0682373047 -0.262695312 -0.962402344
vn 0.115356445 -0.253417969 -0.960449219
vn 0.0780029297 -0.365234375 -0.927734375
vn 0.121826172 -0.336669922 -0.93359375
vn 0.11126709 -0.190673828 -0.975097656
vn 0.166870117 -0.173095703 -0.970703125
vn 0.117553711 -0.301269531 -0.946289062
vn 0.174804688 -0.301025391 -0.9375
vn 0.168945312 -0.343017578 -0.923828125
vn 0.222412109 -0.340576172 -0.913574219
vn 0.163452148 -0.0764770508 -0.983398438
vn 0.220825195 -0.0430297852 -0.974121094
vn 0.174194336 -0.249633789 -0.952636719
vn 0.252929688 -0.252929688 -0.934082031
vn 0.245849609 -0.356445312 -0.901367188
vn 0.317871094 -0.302001953 -0.898925781
vn 0.245361328 -0.305664062 -0.919921875
vn 0.217895508 0.106628418 -0.970214844
vn 0.244506836 0.131469727 -0.9609375
vn 0.239868164 -0.165527344 -0.956542969
vn 0.341552734 -0.163574219 -0.925292969
vn 0.327392578 -0.263671875 -0.907226562
vn 0.431640625 -0.17956543 -0.883789062
vn 0.354736328 -0.248046875 -0.901367188
vn 0.277587891 0.208374023 -0.937988281
vn 0.299316406 0.271728516 -0.914550781
vn 0.298828125 -0.0247802734 -0.954101562
vn 0.404541016 -0.0106506348 -0.914550781
vn 0.461181641 -0.142578125 -0.875976562
vn 0.573730469 -0.0798339844 -0.814941406
vn 0.380615234 0.221435547 -0.897949219
vn 0.361328125 0.293457031 -0.884765625
vn 0.338378906 0.144042969 -0.9296875
vn 0.448486328 0.15637207 -0.879882812
vn 0.525390625 0.0164337158 -0.850585938
vn 0.639160156 0.0527648926 -0.767578125
vn 0.458007812 0.133056641 -0.87890625
vn 0.518066406 0.216186523 -0.827636719
vn 0.375 0.274658203 -0.885253906
vn 0.515625 0.266601562 -0.814453125
vn 0.578125 0.162719727 -0.799316406
vn 0.69140625 0.166381836 -0.703125
vn 0.599121094 0.0980224609 -0.794433594
vn 0.661621094 0.150268555 -0.734375
vn 0.480957031 0.305664062 -0.821777344
vn 0.612792969 0.290771484 -0.734863281
vn 0.64453125 0.250732422 -0.72265625
vn 0.7421875 0.226806641 -0.630859375
vn 0.670898438 0.0408935547 -0.740722656
vn 0.622558594 -0.000703811646 -0.782714844
vn 0.584472656 0.020980835 -0.811035156
vn 0.392822266 0.0276641846 -0.919433594
vn 0.4140625 0.150146484 -0.897949219
vn 0.208740234 0.146362305 -0.966796875
vn 0.176269531 0.0621948242 -0.982421875
vn -0.000782966614 0.11315918 -0.993652344
vn 0.0455322266 0.133178711 -0.990234375
vn 0.0325317383 -0.0212554932 -0.999023438
vn 0.362304688 -0.0883789062 -0.927734375
vn 0.341796875 -0.174072266 -0.923339844
vn -0.135253906 0.184082031 -0.973632812
vn -0.251708984 0.202636719 -0.946289062
vn -0.118774414 0.115661621 -0.986328125
vn -0.270996094 0.13684082 -0.952636719
vn -0.268066406 0.301757812 -0.915039062
vn -0.313720703 0.261230469 -0.913085938
vn -0.3359375 0.202636719 -0.919921875
vn -0.357666016 0.164306641 -0.919433594
vn -0.150024414 0.326416016 -0.933105469
vn -0.175048828 0.244140625 -0.953613281
vn -0.294189453 0.197753906 -0.935058594
vn -0.197143555 0.11907959 -0.973144531
vn -0.00968170166 0.202636719 -0.979003906
vn -0.364501953 0.122253418 -0.923339844
vn -0.390136719 0.0580749512 -0.918945312
vn -0.365234375 0.0608215332 -0.928710938
vn -0.328857422 0.0933227539 -0.939941406
vn -0.286132812 0.00844573975 -0.958007812
vn -0.0974121094 0.039855957 -0.994628906
vn -0.0591430664 -0.0496826172 -0.997070312
vn -0.250244141 0.0223388672 -0.967773438
vn -0.332275391 -0.0886230469 -0.938964844
vn -0.41015625 -0.00484085083 -0.912109375
vn -0.455078125 -0.0670776367 -0.888183594
vn 0.217895508 -0.0113220215 -0.976074219
vn 0.209838867 -0.141357422 -0.967285156
vn -0.395751953 -0.0202484131 -0.91796875
vn -0.394287109 -0.0905151367 -0.914550781
vn -0.0585021973 -0.172729492 -0.983398438
vn -0.139770508 -0.215820312 -0.966308594
vn -0.258789062 -0.0731811523 -0.962890625
vn -0.243286133 -0.147216797 -0.958496094
vn 0.486816406 -0.136108398 -0.862792969
vn 0.444824219 -0.271972656 -0.853515625
vn -0.438232422 -0.141845703 -0.887695312
vn -0.522460938 -0.145019531 -0.840332031
vn -0.0453186035 -0.145507812 -0.98828125
vn -0.0321350098 -0.23815918 -0.970703125
vn -0.48046875 -0.109191895 -0.870117188
vn -0.477783203 -0.133544922 -0.868164062
vn 0.659179688 -0.258300781 -0.706542969
vn 0.586914062 -0.309570312 -0.748046875
vn 0.202148438 -0.260253906 -0.944335938
vn 0.203979492 -0.330566406 -0.921386719
vn -0.383056641 -0.143310547 -0.912597656
vn -0.351806641 -0.174194336 -0.919921875
vn 0.407958984 -0.340087891 -0.847167969
vn 0.400878906 -0.280029297 -0.872070312
vn 0.766113281 -0.240356445 -0.596191406
vn 0.690429688 -0.1796875 -0.700683594
vn -0.219604492 -0.210693359 -0.952636719
vn -0.167358398 -0.223144531 -0.960449219
vn -0.00133419037 -0.289306641 -0.95703125
vn 0.0684814453 -0.21496582 -0.974121094
vn 0.234985352 -0.273681641 -0.932617188
vn 0.300537109 -0.0803833008 -0.950195312
vn 0.546875 -0.243530273 -0.80078125
vn 0.543457031 -0.107788086 -0.832519531
vn 0.428955078 -0.110473633 -0.896484375
vn 0.468994141 0.0426025391 -0.882324219
vn -0.286621094 -0.138305664 -0.948242188
vn -0.172607422 0.0230560303 -0.984863281
vn -0.378417969 -0.048614502 -0.924316406
vn -0.0673828125 -0.107971191 -0.991699219
vn 0.0632324219 0.109619141 -0.9921875
vn 0.173583984 -0.00387763977 -0.984863281
vn 0.264404297 0.17175293 -0.94921875
vn 0.366699219 0.0978393555 -0.925292969
vn 0.414794922 0.155029297 -0.896484375
vn -0.446533203 -0.131469727 -0.884765625
vn -0.549316406 -0.101989746 -0.829101562
vn -0.556152344 -0.133056641 -0.8203125
vn -0.0117263794 -0.0690917969 -0.997558594
vn -0.125854492 -0.153076172 -0.979980469
vn 0.573730469 -0.019241333 -0.818847656
vn 0.397705078 -0.155517578 -0.904296875
vn 0.698242188 0.00127124786 -0.715820312
vn 0.649414062 -0.0149383545 -0.760253906
vn 0.758789062 0.172729492 -0.627929688
vn 0.794921875 0.126342773 -0.59375
vn 0.845703125 0.194091797 -0.497314453
vn 0.737792969 0.0982055664 -0.66796875
vn 0.853515625 0.136962891 -0.502441406
vn 0.70703125 0.166748047 -0.6875
vn 0.704589844 0.264160156 -0.658691406
vn 0.142211914 -0.0148925781 -0.989746094
vn 0.277099609 0.176147461 -0.944335938
vn 0.780273438 0.238769531 -0.578613281
vn 0.796386719 0.230224609 -0.559082031
vn 0.626464844 0.257324219 -0.735839844
vn 0.715332031 0.264648438 -0.646484375
vn 0.860839844 0.205688477 -0.465576172
vn 0.861816406 0.201904297 -0.465332031
vn 0.809082031 0.209350586 -0.548828125
vn 0.817382812 0.177124023 -0.548339844
vn 0.906738281 0.165405273 -0.387939453
vn 0.904785156 0.193359375 -0.379394531
vn 0.767578125 0.170410156 -0.618164062
vn 0.782714844 0.125610352 -0.609863281
vn 0.857910156 0.186401367 -0.479003906
vn 0.849609375 0.172973633 -0.498291016
vn 0.820800781 0.153808594 -0.549804688
vn 0.817382812 0.178833008 -0.547851562
vn 0.726074219 0.0912475586 -0.681640625
vn 0.728027344 0.0717163086 -0.681640625
vn 0.869628906 0.194702148 -0.453613281
vn 0.478027344 0.422363281 -0.770019531
vn 0.772460938 0.136108398 -0.620117188
vn 0.609375 0.275146484 -0.743652344
vn 0.664550781 -0.00306510925 -0.747070312
vn 0.598144531 0.0491027832 -0.799804688
vn 0.38671875 0.381347656 -0.83984375
vn -0.323730469 0.277099609 -0.904785156
vn 0.557617188 0.375488281 -0.740234375
vn 0.106262207 0.468017578 -0.877441406
vn 0.622070312 0.161621094 -0.766113281
vn 0.352539062 0.281005859 -0.892578125
vn 0.537109375 -0.061340332 -0.841308594
vn 0.378417969 0.0302734375 -0.925292969
vn -0.490234375 0.0427856445 -0.870605469
vn 0.260253906 0.396972656 -0.880371094
vn 0.0814208984 0.373046875 -0.924316406
vn 0.389160156 0.154541016 -0.908203125
vn 0.196655273 0.185546875 -0.962890625
vn 0.327148438 -0.095703125 -0.939941406
vn 0.207885742 -0.0584106445 -0.9765625
vn -0.264160156 0.144775391 -0.953613281
vn -0.127319336 0.331054688 -0.935058594
vn 0.152954102 0.292724609 -0.943847656
vn 0.160888672 0.252441406 -0.954101562
vn 0.21105957 0.0687866211 -0.975097656
vn 0.18359375 0.0629272461 -0.980957031
vn 0.225463867 -0.202514648 -0.953125
vn 0.266845703 -0.169311523 -0.948730469
vn -0.0347900391 0.229003906 -0.97265625
vn 0.0681762695 0.327636719 -0.942382812
vn 0.177246094 0.163696289 -0.970703125
vn 0.256591797 0.142944336 -0.956054688
vn 0.201782227 -0.051361084 -0.978027344
vn 0.254882812 -0.0278320312 -0.966796875
vn 0.389404297 -0.264404297 -0.882324219
vn 0.447265625 -0.135375977 -0.884277344
vn 0.164550781 0.252441406 -0.953613281
vn 0.220092773 0.265625 -0.938476562
vn 0.257080078 0.0549621582 -0.96484375
vn 0.362060547 0.024597168 -0.931640625
vn 0.334472656 -0.0830688477 -0.938964844
vn 0.569335938 -0.162109375 -0.806152344
vn 0.573730469 -0.0408325195 -0.817871094
vn 0.318603516 0.212280273 -0.923828125
vn 0.347900391 0.180053711 -0.919921875
vn 0.469238281 -0.0129241943 -0.8828125
vn 0.465820312 0.0780639648 -0.881347656
vn 0.692382812 -0.0772094727 -0.717285156
vn 0.675292969 -0.0140686035 -0.737304688
vn 0.361083984 0.114990234 -0.925292969
vn 0.566894531 0.0367126465 -0.823242188
vn 0.541503906 0.0868530273 -0.836425781
vn 0.807128906 -0.0763549805 -0.585449219
vn 0.745605469 -0.0332336426 -0.665527344
vn 0.247070312 0.217773438 -0.944335938
vn 0.446777344 0.135864258 -0.884277344
vn 0.127685547 0.315673828 -0.940429688
vn -0.0106658936 0.399902344 -0.916503906
vn -0.0974121094 0.438232422 -0.893554688
vn 0.507324219 0.0989990234 -0.855957031
vn 0.592773438 0.0487670898 -0.803710938
vn 0.635253906 0.0321044922 -0.771484375
vn 0.5625 0.00687408447 -0.826660156
vn 0.641113281 -0.0144882202 -0.767578125
vn 0.670410156 0.0051651001 -0.7421875
vn 0.736328125 -0.0249328613 -0.676269531
vn 0.638183594 -0.0913085938 -0.764160156
vn 0.70703125 -0.0729980469 -0.703613281
vn 0.834472656 -0.0736083984 -0.545898438
vn 0.722167969 -0.0375671387 -0.690429688
vn 0.800292969 -0.112060547 -0.588867188
vn 0.943359375 0.082824707 0.321044922
vn 0.950683594 0.073059082 0.301025391
vn 0.950195312 0.0525512695 0.307617188
vn 0.950195312 0.0522766113 0.306640625
vn 0.939941406 0.0576477051 0.3359375
vn 0.935546875 0.0889892578 0.341552734
vn 0.927734375 0.0789794922 0.364501953
vn 0.942382812 0.0282287598 0.333007812
vn 0.942382812 0.0658569336 0.328369141
vn 0.927734375 0.0759277344 0.365722656
vn 0.926757812 0.0591430664 0.37109375
vn 0.908691406 0.0417175293 0.415771484
vn 0.921875 -0.00943756104 0.386962891
vn 0.90625 0.0715942383 0.416992188
vn 0.875488281 0.0756835938 0.477539062
vn 0.939453125 0.00455093384 0.342041016
vn 0.923339844 -0.061706543 0.378662109
vn 0.92578125 0.0285644531 0.376708984
vn 0.9140625 -0.0456237793 0.402832031
vn 0.917480469 0.00769042969 0.398193359
vn 0.919921875 0.034362793 0.390136719
vn 0.922363281 -0.0474853516 0.383300781
vn 0.916015625 -0.0553283691 0.397705078
vn 0.915527344 -0.0869750977 0.393310547
vn 0.923828125 -0.0897827148 0.372070312
vn 0.92578125 -0.0930786133 0.366699219
vn 0.922363281 -0.0448303223 0.383300781
vn 0.907714844 -0.0915527344 0.409912109
vn 0.906738281 -0.0868530273 0.412597656
vn 0.903808594 -0.0786132812 0.421142578
vn 0.922851562 -0.0844726562 0.375732422
vn 0.916503906 -0.0517883301 0.396240234
vn 0.921875 -0.0578308105 0.383789062
vn 0.923828125 -0.0603027344 0.377929688
vn 0.919921875 -0.013420105 0.391845703
vn 0.916015625 -0.0247802734 0.400634766
vn 0.907226562 -0.00740814209 0.420898438
vn 0.916992188 -0.0117263794 0.398681641
vn 0.904785156 -0.0367431641 0.424560547
vn 0.899902344 -0.0289459229 0.435546875
vn 0.891113281 -0.0622253418 0.449951172
vn 0.884277344 -0.0827026367 0.459716797
vn 0.862304688 -0.152832031 0.482910156
vn 0.907226562 -0.0682373047 0.414794922
vn 0.872070312 -0.120727539 0.474121094
vn 0.861328125 -0.169677734 0.478515625
vn 0.883300781 -0.115844727 0.453857422
vn 0.860351562 -0.187988281 0.473388672
vn 0.842285156 -0.220214844 0.491943359
vn 0.897949219 -0.0769042969 0.432861328
vn 0.897949219 -0.0833129883 0.432128906
vn 0.903320312 -0.0879516602 0.419921875
vn 0.898925781 -0.0991210938 0.426513672
vn 0.907226562 -0.0993041992 0.408447266
vn 0.900390625 -0.105285645 0.422363281
vn 0.91015625 -0.0762329102 0.406982422
vn 0.89453125 -0.0811157227 0.439453125
vn 0.90234375 -0.0194396973 0.430419922
vn 0.88671875 -0.0263061523 0.461914062
vn 0.885742188 0.0279083252 0.463623047
vn 0.870117188 0.0316162109 0.491699219
vn 0.858398438 0.0936889648 0.504394531
vn 0.852539062 0.109985352 0.510742188
vn 0.86328125 0.0395812988 0.502929688
vn 0.838867188 0.1015625 0.534667969
vn 0.848144531 0.0362243652 0.528320312
vn 0.83984375 -0.0473632812 0.540527344
vn 0.843261719 0.0856323242 0.530761719
vn 0.830566406 -0.0686645508 0.552734375
vn 0.823730469 -0.158569336 0.544433594
vn 0.809082031 -0.176757812 0.560546875
vn 0.8671875 -0.0258178711 0.497070312
vn 0.875976562 -0.0254058838 0.481933594
vn 0.875976562 -0.0794067383 0.475830078
vn 0.865234375 -0.0881347656 0.493408203
vn 0.845703125 -0.105163574 0.522949219
vn 0.804199219 -0.229370117 0.548339844
vn 0.787109375 -0.24987793 0.563964844
vn 0.857421875 -0.131591797 0.497314453
vn 0.884277344 -0.0794067383 0.460205078
vn 0.881835938 -0.107543945 0.458984375
vn 0.829589844 -0.182739258 0.52734375
vn 0.839355469 -0.193725586 0.5078125
vn 0.778808594 -0.293457031 0.5546875
vn 0.762207031 -0.317382812 0.563964844
vn 0.871582031 -0.115356445 0.476318359
vn 0.864746094 -0.140014648 0.482666016
vn 0.850585938 -0.161743164 0.500488281
vn 0.891113281 -0.106384277 0.44140625
vn 0.88671875 -0.11932373 0.446533203
vn 0.809570312 -0.246582031 0.533203125
vn 0.814453125 -0.236450195 0.529785156
vn 0.831054688 -0.216918945 0.512207031
vn 0.852539062 -0.181640625 0.489990234
vn 0.877441406 -0.124755859 0.463378906
vn 0.856445312 -0.166259766 0.488525391
vn 0.870117188 -0.14465332 0.470947266
vn 0.891601562 -0.112121582 0.438720703
vn 0.87109375 -0.130371094 0.473388672
vn 0.873046875 -0.146240234 0.465087891
vn 0.844238281 -0.174804688 0.506835938
vn 0.839355469 -0.164428711 0.518066406
vn 0.888183594 -0.0977783203 0.448974609
vn 0.877441406 -0.108825684 0.467041016
vn 0.859375 -0.134521484 0.493652344
vn 0.862792969 -0.147827148 0.483398438
vn 0.8828125 -0.112243652 0.455810547
vn 0.865234375 -0.158325195 0.475830078
vn 0.84765625 -0.188232422 0.496337891
vn 0.845703125 -0.173706055 0.504882812
vn 0.828613281 -0.200683594 0.522949219
vn 0.845214844 -0.201660156 0.494873047
vn 0.807617188 -0.253417969 0.532714844
vn 0.794433594 -0.281494141 0.538085938
vn 0.771484375 -0.3203125 0.549316406
vn 0.818359375 -0.208984375 0.535644531
vn 0.799316406 -0.259033203 0.542480469
vn 0.8203125 -0.225830078 0.525390625
vn 0.783691406 -0.295166016 0.546875
vn 0.768066406 -0.329833984 0.548828125
vn 0.743652344 -0.373779297 0.554199219
vn 0.700683594 -0.436767578 0.563964844
vn 0.740722656 -0.387451172 0.549316406
vn 0.788574219 -0.286132812 0.544433594
vn 0.774902344 -0.313232422 0.549316406
vn 0.741699219 -0.397949219 0.540039062
vn 0.952148438 0.0797729492 0.295898438
vn 0.950683594 0.073059082 0.301025391
vn 0.948242188 0.098449707 0.301513672
vn 0.954589844 0.108764648 0.278076172
vn 0.953613281 0.0970458984 0.284423828
vn 0.958496094 0.0955200195 0.268066406
vn 0.989746094 0.128662109 0.0638427734
vn 0.956054688 0.141967773 0.255615234
vn 0.950683594 0.0922851562 0.295654297
vn 0.941894531 0.115600586 0.315917969
vn 0.984375 0.0384216309 0.172973633
vn 0.987792969 -0.0554199219 -0.145874023
vn 0.958984375 0.0274963379 0.281738281
vn 0.944824219 0.174072266 -0.278320312
vn 0.81640625 0.219116211 -0.534667969
vn 0.942382812 0.111450195 0.315185547
vn 0.922851562 0.14440918 0.357421875
vn 0.960449219 0.166137695 0.224365234
vn 0.913574219 0.324951172 0.244995117
vn 0.960449219 0.22265625 0.167114258
vn 0.903808594 0.23059082 0.360107422
vn 0.8359375 0.415771484 0.358398438
vn 0.946777344 0.192504883 0.257080078
vn 0.926269531 0.241333008 0.288818359
vn 0.87890625 -0.141479492 -0.455810547
vn 0.702148438 -0.197875977 -0.684082031
vn 0.903808594 -0.209594727 -0.372558594
vn 0.629882812 0.278320312 -0.725097656
vn 0.415527344 0.319335938 -0.8515625
vn 0.995605469 -0.0955200195 -0.0102996826
vn 1 0.0130767822 0.0134048462
vn 0.941894531 0.0822143555 0.324951172
vn 0.931152344 0.24230957 0.271728516
vn 0.900390625 0.235595703 0.366210938
vn 0.888183594 0.370117188 0.272949219
vn 0.934082031 0.292236328 0.204589844
vn 0.919433594 0.375488281 0.116210938
vn 0.919433594 0.368652344 0.137207031
vn 0.825683594 0.544433594 0.146972656
vn 0.816894531 0.525878906 0.237548828
vn 0.682128906 0.703125 0.202026367
vn 0.731445312 0.595703125 0.332275391
vn 0.612304688 0.716308594 0.334716797
vn 0.547363281 0.805664062 0.226074219
vn 0.455322266 0.854980469 0.248535156
vn 0.443603516 0.88671875 0.130004883
vn 0.522949219 0.779785156 0.344238281
vn 0.502929688 0.797363281 0.333251953
vn 0.428955078 0.869140625 0.247070312
vn 0.319091797 0.938964844 0.127197266
vn 0.435302734 0.874511719 0.213745117
vn 0.519042969 0.806152344 0.283691406
vn 0.392089844 0.907714844 0.150878906
vn 0.511230469 0.824707031 0.241455078
vn 0.354736328 0.924804688 0.137817383
vn 0.217407227 0.976074219 0.0125656128
vn 0.3125 0.944824219 0.100219727
vn 0.265625 0.958007812 0.107971191
vn 0.163208008 0.986328125 -0.00812530518
vn 0.37890625 0.920898438 0.0930175781
vn 0.160400391 0.986816406 -0.0194091797
vn 0.0238342285 0.995117188 -0.0980224609
vn -0.013458252 0.993652344 -0.11126709
vn -0.192504883 0.959960938 -0.203125
vn -0.224365234 0.9453125 -0.236083984
vn -0.471435547 0.748046875 -0.466796875
vn -0.487792969 0.739746094 -0.463378906
vn -0.623535156 0.393066406 -0.67578125
vn -0.584960938 0.369873047 -0.721679688
vn -0.617675781 0.103881836 -0.779785156
vn -0.531738281 0.0825195312 -0.842773438
vn -0.529296875 -0.244262695 -0.8125
vn -0.47265625 -0.216430664 -0.854492188
vn -0.400390625 -0.015625 -0.916015625
vn -0.355224609 -0.156494141 -0.921386719
vn -0.286865234 -0.133911133 -0.948730469
vn -0.321289062 -0.0122070312 -0.946777344
vn -0.221679688 -0.0107040405 -0.975097656
vn -0.339355469 0.0891723633 -0.936523438
vn -0.503417969 0.193481445 -0.842285156
vn -0.201416016 -0.0370178223 -0.979003906
vn -0.0767822266 -0.00758361816 -0.997070312
vn -0.135131836 -0.0451965332 -0.989746094
vn -0.135131836 -0.0451965332 -0.989746094
vn -0.028503418 -0.0386657715 -0.999023438
vn 0.0748291016 -0.00353431702 -0.997070312
vn 0.00953674316 -0.0513000488 -0.998535156
vn 0.0981445312 -0.0223999023 -0.995117188
vn 0.237182617 0.0132522583 -0.971191406
vn -0.405761719 0.365722656 -0.837402344
vn -0.379394531 0.204956055 -0.90234375
vn -0.259277344 0.240600586 -0.935546875
vn 0.215454102 0.0477905273 -0.975585938
vn 0.355957031 0.0895385742 -0.930175781
vn 0.192749023 0.0801391602 -0.978027344
vn 0.366943359 0.0485229492 -0.928710938
vn 0.453369141 0.0797119141 -0.887695312
vn 0.050201416 0.0286407471 -0.998535156
vn 0.0312194824 0.0531921387 -0.998046875
vn -0.0977172852 0.00778198242 -0.995117188
vn -0.113708496 0.0432128906 -0.992675781
vn -0.218994141 0.0564880371 -0.974121094
vn -0.119934082 0.108703613 -0.986816406
vn -0.0116043091 0.0793457031 -0.996582031
vn 0.119995117 0.0969848633 -0.987792969
vn 0.168212891 0.0958251953 -0.980957031
vn 0.326904297 0.139160156 -0.934570312
vn -0.218383789 0.150268555 -0.964355469
vn -0.0980834961 0.182983398 -0.978027344
vn 0.336914062 0.115844727 -0.934570312
vn 0.453125 0.159667969 -0.876953125
vn -0.00480651855 0.130126953 -0.991699219
vn 0.0620117188 0.12890625 -0.989746094
vn 0.449951172 0.116760254 -0.885253906
vn 0.495361328 0.127929688 -0.859375
vn 0.498046875 0.100952148 -0.861328125
vn 0.528320312 0.108398438 -0.842285156
vn 0.538574219 0.172485352 -0.824707031
vn 0.548828125 0.202148438 -0.811035156
vn 0.538085938 0.221679688 -0.813476562
vn 0.574707031 0.104980469 -0.811523438
vn 0.635253906 0.101806641 -0.765625
vn 0.489501953 0.203125 -0.848144531
vn 0.465332031 0.110778809 -0.878417969
vn 0.453857422 0.170532227 -0.874511719
vn 0.420898438 -0.00124263763 -0.907226562
vn 0.307128906 0.0727539062 -0.948730469
vn 0.262939453 0.0118026733 -0.96484375
vn 0.152587891 0.0813598633 -0.984863281
vn 0.155639648 0.0758666992 -0.984863281
vn 0.506835938 0.159667969 -0.847167969
vn 0.516601562 -0.107543945 -0.849609375
vn 0.564453125 0.100158691 -0.819335938
vn 0.513183594 -0.0204315186 -0.857910156
vn 0.426025391 -0.204711914 -0.881347656
vn 0.391357422 -0.124633789 -0.911621094
vn 0.348144531 -0.130615234 -0.928222656
vn 0.330322266 -0.0816650391 -0.940429688
vn 0.259277344 0.0185699463 -0.965820312
vn 0.603515625 0.171386719 -0.778808594
vn 0.677246094 0.176269531 -0.714355469
vn 0.658691406 0.111022949 -0.744140625
vn 0.588378906 0.13269043 -0.797363281
vn 0.201171875 0.0478820801 -0.978515625
vn 0.145629883 0.0965576172 -0.984375
vn 0.10168457 0.117004395 -0.987792969
vn 0.0401000977 0.173217773 -0.983886719
vn -0.0118255615 0.185424805 -0.982421875
vn -0.0690307617 0.25390625 -0.96484375
vn -0.152099609 0.265136719 -0.952148438
vn -0.178833008 0.383056641 -0.90625
vn -0.276367188 0.378662109 -0.883300781
vn -0.281494141 0.556152344 -0.782226562
vn -0.383789062 0.569824219 -0.7265625
vn -0.544921875 0.562011719 -0.622070312
vn -0.329833984 0.762207031 -0.556640625
vn -0.219360352 0.897460938 -0.383056641
vn -0.164794922 0.888671875 -0.427978516
vn -0.330322266 0.894042969 -0.302490234
vn -0.254394531 0.741210938 -0.62109375
vn -0.209472656 0.715332031 -0.666992188
vn -0.217529297 0.539550781 -0.813476562
vn -0.17956543 0.549316406 -0.815917969
vn -0.0775756836 0.974121094 -0.211181641
vn 0.0508422852 0.991699219 -0.116455078
vn 0.0949707031 0.988769531 -0.115112305
vn -0.0236663818 0.993652344 -0.108825684
vn -0.0177764893 0.97265625 -0.230957031
vn 0.0156402588 0.96484375 -0.262207031
vn -0.127685547 0.872070312 -0.472412109
vn -0.0938110352 0.849609375 -0.51953125
vn -0.174560547 0.700195312 -0.692382812
vn 0.0980834961 0.989746094 -0.104431152
vn -0.135375977 0.698730469 -0.702636719
vn 0.11505127 0.988769531 -0.095703125
vn 0.104614258 0.990234375 -0.0911254883
vn 0.100341797 0.991210938 -0.0864257812
vn 0.185180664 0.982421875 -0.0247955322
vn 0.188232422 0.981933594 -0.0040512085
vn 0.103820801 0.989257812 -0.104553223
vn 0.0855712891 0.989257812 -0.119812012
vn 0.10949707 0.984863281 -0.135498047
vn 0.110656738 0.973144531 -0.200683594
vn 0.104248047 0.991210938 -0.0832519531
vn 0.151977539 0.985351562 -0.0761108398
vn 0.032043457 0.943359375 -0.330566406
vn 0.0449829102 0.897460938 -0.438232422
vn 0.294189453 0.955566406 0.0234832764
vn 0.392089844 0.919433594 0.0253448486
vn -0.057800293 0.803710938 -0.592285156
vn -0.0360412598 0.713867188 -0.69921875
vn 0.541015625 0.833007812 0.116760254
vn 0.618164062 0.782226562 0.0772094727
vn -0.126953125 0.602050781 -0.788085938
vn -0.100402832 0.500976562 -0.859375
vn 0.732910156 0.666015625 0.137695312
vn 0.787109375 0.615234375 0.0479736328
vn -0.144897461 0.435791016 -0.888183594
vn -0.094909668 0.358886719 -0.928710938
vn 0.859863281 0.50390625 0.0802001953
vn 0.869140625 0.493408203 -0.031036377
vn -0.100646973 0.319091797 -0.942382812
vn -0.0531616211 0.280517578 -0.958496094
vn 0.883789062 0.455322266 0.10760498
vn 0.828125 0.555664062 -0.0772094727
vn -0.0150527954 0.232299805 -0.97265625
vn 0.0204925537 0.227050781 -0.973632812
vn -0.0397033691 0.293701172 -0.955078125
vn 0.00338554382 0.332275391 -0.943359375
vn 0.876953125 0.466308594 0.114196777
vn 0.869140625 0.453613281 -0.196533203
vn 0.0847167969 0.16003418 -0.983398438
vn 0.177856445 0.169799805 -0.969238281
vn 0.0744018555 0.252197266 -0.96484375
vn 0.153076172 0.318359375 -0.935546875
vn -0.0547790527 0.412109375 -0.909667969
vn 0.0333251953 0.500976562 -0.864746094
vn 0.971679688 0.225097656 -0.0690307617
vn 0.876953125 0.148071289 -0.457519531
vn 0.215820312 0.0807495117 -0.973144531
vn 0.336425781 0.0726318359 -0.938964844
vn 0.0899047852 0.404541016 -0.91015625
vn 0.195068359 0.471435547 -0.859863281
vn 0.917480469 -0.0717163086 -0.390869141
vn 0.733398438 -0.140258789 -0.665039062
vn 0.345214844 0.000993728638 -0.938476562
vn 0.456787109 0.00796508789 -0.889648438
vn 0.727050781 -0.295898438 -0.619628906
vn 0.523925781 -0.364501953 -0.76953125
vn 0.428222656 -0.0921020508 -0.898925781
vn 0.554199219 -0.0412597656 -0.831054688
vn 0.506347656 -0.23840332 -0.828613281
vn 0.318603516 -0.243408203 -0.916015625
vn 0.220092773 0.327880859 -0.918945312
vn 0.0791015625 0.307128906 -0.948242188
vn 0.537109375 -0.189941406 -0.821777344
vn 0.625976562 -0.116882324 -0.770996094
vn 0.576171875 -0.0911254883 -0.8125
vn 0.747558594 -0.00787353516 -0.664550781
vn 0.721191406 0.12298584 -0.681640625
vn 0.713867188 0.231445312 -0.660644531
vn 0.620605469 0.236083984 -0.747558594
vn 0.406738281 0.271728516 -0.872070312
vn 0.4140625 0.150146484 -0.897949219
vn 0.208740234 0.146362305 -0.966796875
vn 0.154907227 0.230712891 -0.960449219
vn 0.0145797729 0.149780273 -0.988769531
vn 0.0271759033 0.270507812 -0.962402344
vn 0.0455322266 0.133178711 -0.990234375
vn -0.0384521484 0.154663086 -0.987304688
vn 0.362304688 0.369628906 -0.85546875
vn 0.187133789 0.378662109 -0.90625
vn -0.0188903809 0.0726318359 -0.997070312
vn 0.0433044434 -0.0328063965 -0.998535156
vn -0.102294922 -0.0861206055 -0.991210938
vn -0.014755249 0.234741211 -0.972167969
vn -0.0877685547 0.102111816 -0.990722656
vn -0.238891602 -0.0491027832 -0.969726562
vn -0.170898438 0.176025391 -0.969238281
vn -0.370605469 -0.0444030762 -0.927734375
vn 0.161865234 -0.165161133 -0.973144531
vn 0.116760254 -0.397949219 -0.91015625
vn -0.034362793 -0.28125 -0.958984375
vn -0.128295898 -0.344238281 -0.930175781
vn -0.226928711 -0.239868164 -0.943847656
vn -0.308349609 -0.297851562 -0.903320312
vn -0.364746094 -0.209838867 -0.907226562
vn -0.431152344 -0.260253906 -0.863769531
vn 0.316650391 -0.408935547 -0.855957031
vn 0.291748047 -0.282958984 -0.913574219
vn 0.0626831055 -0.34375 -0.937011719
vn 0.0331420898 -0.24597168 -0.96875
vn -0.172363281 -0.304443359 -0.937011719
vn -0.194091797 -0.234008789 -0.952636719
vn -0.343994141 -0.266845703 -0.900390625
vn -0.351318359 -0.203857422 -0.9140625
vn 0.517089844 -0.208129883 -0.830078125
vn 0.480712891 -0.0242462158 -0.876464844
vn 0.261962891 -0.141235352 -0.954589844
vn 0.222900391 -0.011177063 -0.974609375
vn 0.00602722168 -0.161865234 -0.986816406
vn -0.0241241455 -0.0991821289 -0.994628906
vn -0.189453125 -0.151977539 -0.970214844
vn -0.0990600586 -0.0254974365 -0.994628906
vn 0.690917969 0.0670776367 -0.719726562
vn 0.616210938 0.273925781 -0.73828125
vn 0.138183594 0.0677490234 -0.98828125
vn 0.425537109 0.165283203 -0.889648438
vn 0.387695312 0.252197266 -0.88671875
vn 0.024887085 0.0424804688 -0.999023438
vn -0.278076172 -0.136230469 -0.950683594
vn 0.0911254883 -0.0523986816 -0.994628906
vn -0.329589844 -0.142089844 -0.93359375
vn -0.464111328 -0.203125 -0.862304688
vn 0.780761719 0.363525391 -0.508300781
vn 0.700195312 0.489501953 -0.520019531
vn 0.592773438 0.419433594 -0.6875
vn 0.699707031 0.505371094 -0.504882812
vn 0.756835938 0.561035156 -0.335449219
vn -0.459960938 -0.232543945 -0.856933594
vn -0.523925781 -0.231445312 -0.819824219
vn 0.818847656 0.516601562 -0.250488281
vn 0.797851562 0.462158203 -0.386962891
vn 0.6484375 0.387939453 -0.654785156
vn 0.611328125 0.302490234 -0.731445312
vn -0.48046875 -0.203613281 -0.853027344
vn -0.047668457 -0.12109375 -0.991699219
vn 0.827636719 0.545898438 -0.129272461
vn 0.747558594 0.622070312 -0.232666016
vn 0.394042969 0.15234375 -0.90625
vn 0.388916016 0.0866699219 -0.916992188
vn -0.040222168 0.149902344 -0.987792969
vn 0.581054688 0.209716797 -0.786621094
vn 0.733398438 0.466552734 -0.494384766
vn 0.631347656 0.514648438 -0.579589844
vn 0.692871094 0.720703125 -0.0318603516
vn 0.584472656 0.797851562 -0.148071289
vn 0.715820312 0.288085938 -0.636230469
vn 0.904296875 0.050201416 -0.424072266
vn 0.729980469 0.0064125061 -0.683105469
vn 0.8203125 -0.0105819702 -0.572265625
vn 0.543457031 0.300292969 -0.783691406
vn 0.454589844 0.384521484 -0.803222656
vn 0.494873047 0.868652344 -0.021697998
vn 0.377685547 0.911621094 -0.161499023
vn 0.055847168 -0.170532227 -0.983886719
vn 0.129638672 -0.107421875 -0.985839844
vn 0.249633789 0.963378906 -0.0997314453
vn 0.175537109 0.934082031 -0.310546875
vn 0.0790405273 0.983886719 -0.159423828
vn 0.0774536133 0.966308594 -0.245605469
vn -0.540039062 -0.222900391 -0.811523438
vn -0.538574219 -0.246704102 -0.805664062
vn 0.0928344727 0.98046875 -0.172485352
vn 0.109802246 0.961425781 -0.251220703
vn -0.444824219 -0.223388672 -0.8671875
vn -0.3984375 -0.319335938 -0.859863281
vn 0.109313965 0.943847656 -0.311523438
vn 0.121032715 0.890136719 -0.439208984
vn 0.112854004 0.932617188 -0.343017578
vn 0.155883789 0.84765625 -0.507324219
vn -0.201782227 -0.242553711 -0.948730469
vn -0.00593566895 -0.40234375 -0.915527344
vn 0.174438477 -0.151977539 -0.97265625
vn 0.243530273 -0.0953979492 -0.965332031
vn 0.061920166 0.822753906 -0.565429688
vn 0.0919189453 0.717285156 -0.690917969
vn 0.13659668 0.895019531 -0.424072266
vn 0.21875 0.708984375 -0.670410156
vn 0.346191406 0.177124023 -0.921386719
vn 0.29296875 0.394775391 -0.870605469
vn 0.240356445 0.735839844 -0.6328125
vn 0.303466797 0.745117188 -0.59375
vn -0.0113296509 0.607421875 -0.794433594
vn 0.298095703 0.884277344 -0.359130859
vn 0.403808594 0.826660156 -0.392333984
vn 0.139038086 0.591308594 -0.794433594
vn 0.214111328 0.650878906 -0.728515625
vn 0.483886719 0.830566406 -0.275634766
vn 0.532714844 0.722167969 -0.441162109
vn 0.419189453 0.740234375 -0.525390625
vn 0.437255859 0.627929688 -0.643554688
vn 0.157348633 0.795410156 -0.585449219
vn 0.637207031 0.688964844 -0.345458984
vn 0.528320312 0.571289062 -0.628417969
vn 0.359375 0.541992188 -0.759765625
vn 0.224853516 0.681152344 -0.696777344
vn 0.295898438 0.473632812 -0.829589844
vn 0.278320312 0.436767578 -0.85546875
vn 0.345214844 0.190185547 -0.918945312
vn 0.277587891 0.494384766 -0.823730469
vn 0.341064453 0.368652344 -0.864746094
vn 0.291015625 0.0598754883 -0.954589844
vn 0.404541016 -0.100158691 -0.909179688
vn 0.373779297 0.300292969 -0.877441406
vn 0.457763672 0.206420898 -0.864746094
vn 0.251464844 0.376953125 -0.891601562
vn 0.301025391 0.309326172 -0.901855469
vn 0.266601562 -0.296630859 -0.916992188
vn 0.579101562 -0.158813477 -0.799804688
vn 0.465332031 0.0778198242 -0.881835938
vn 0.584960938 0.103820801 -0.804199219
vn 0.389160156 0.278808594 -0.877929688
vn 0.381591797 0.212890625 -0.899414062
vn 0.243652344 0.247314453 -0.937988281
vn 0.609863281 -0.00784301758 -0.792480469
vn 0.703613281 0.130249023 -0.698730469
vn 0.508789062 0.175292969 -0.842773438
vn 0.506835938 0.146240234 -0.849609375
vn 0.346679688 0.148803711 -0.926269531
vn 0.623535156 0.142333984 -0.768554688
vn 0.604003906 0.111328125 -0.789550781
vn 0.479736328 0.0842895508 -0.873535156
vn 0.572265625 0.0386352539 -0.819335938
vn 0.672363281 0.080078125 -0.735839844
vn 0.696289062 0.138061523 -0.704101562
vn 0.766113281 0.157836914 -0.623046875
vn 0.654296875 -0.00691604614 -0.755859375
vn 0.747070312 0.0337524414 -0.6640625
vn 0.770507812 0.117431641 -0.626464844
vn 0.8359375 0.119445801 -0.535644531
vn 0.75390625 0.117553711 -0.646484375
vn 0.818359375 0.143798828 -0.556640625
vn 0.746582031 -0.0426330566 -0.6640625
vn 0.834472656 -0.0117797852 -0.551269531
vn 0.500976562 -0.299804688 -0.812011719
vn 0.413085938 -0.334472656 -0.847167969
vn 0.822753906 0.17199707 -0.541503906
vn 0.869628906 0.184448242 -0.458251953
vn 0.823242188 0.0673217773 -0.563476562
vn 0.886230469 0.0884399414 -0.454589844
vn 0.837890625 0.026473999 -0.545410156
vn 0.903808594 0.0132369995 -0.427246094
vn 0.881835938 0.145629883 -0.448242188
vn 0.871582031 0.16027832 -0.463378906
vn 0.859863281 0.161499023 -0.484619141
vn 0.852539062 0.083984375 -0.515625
vn 0.882324219 0.189575195 -0.430664062
vn 0.165283203 -0.0725708008 -0.983398438
vn 0.184936523 -0.0888061523 -0.978515625
vn 0.865234375 0.19909668 -0.460449219
vn 0.272216797 -0.217163086 -0.9375
vn -0.525390625 -0.314941406 -0.790527344
vn -0.490478516 -0.418457031 -0.764160156
vn -0.312011719 -0.484619141 -0.816894531
vn 0.943359375 0.082824707 0.321044922
vn 0.948242188 0.098449707 0.301513672
vn 0.950683594 0.073059082 0.301025391
vn 0.9375 0.0809936523 0.337890625
vn 0.935546875 0.0772705078 0.344970703
vn 0.935546875 0.0889892578 0.341552734
vn 0.927734375 0.0789794922 0.364501953
vn 0.938964844 0.0519714355 0.340332031
vn 0.950683594 0.0922851562 0.295654297
vn 0.941894531 0.115600586 0.315917969
vn 0.928710938 0.0813598633 0.361572266
vn 0.89453125 0.165039062 0.415771484
vn 0.903808594 0.23059082 0.360107422
vn 0.8359375 0.415771484 0.358398438
vn 0.919921875 0.0953369141 0.380615234
vn 0.889160156 0.117919922 0.442382812
vn 0.90625 0.0715942383 0.416992188
vn 0.875488281 0.0756835938 0.477539062
vn 0.837402344 0.311767578 0.448486328
vn 0.760742188 0.471679688 0.445800781
vn 0.819335938 0.285644531 0.496826172
vn 0.731445312 0.595703125 0.332275391
vn 0.612304688 0.716308594 0.334716797
vn 0.859375 0.192993164 0.473144531
vn 0.830566406 0.21081543 0.515625
vn 0.854980469 0.139038086 0.499511719
vn 0.841796875 0.162475586 0.514648438
vn 0.858398438 0.0936889648 0.504394531
vn 0.852539062 0.109985352 0.510742188
vn 0.837402344 0.179321289 0.516113281
vn 0.838867188 0.1015625 0.534667969
vn 0.660644531 0.612304688 0.43359375
vn 0.577148438 0.697753906 0.424804688
vn 0.6875 0.533691406 0.492431641
vn 0.522949219 0.779785156 0.344238281
vn 0.502929688 0.797363281 0.333251953
vn 0.766113281 0.402587891 0.501464844
vn 0.755859375 0.387207031 0.527832031
vn 0.801269531 0.288085938 0.524414062
vn 0.790039062 0.314208984 0.526367188
vn 0.8203125 0.233886719 0.521484375
vn 0.815429688 0.257080078 0.518554688
vn 0.819335938 0.257324219 0.512207031
vn 0.824707031 0.182617188 0.53515625
vn 0.839355469 0.243652344 0.486328125
vn 0.843261719 0.0856323242 0.530761719
vn 0.822265625 0.388671875 0.416015625
vn 0.7890625 0.424560547 0.444335938
vn 0.743164062 0.5703125 0.349121094
vn 0.767089844 0.553222656 0.324951172
vn 0.614257812 0.74609375 0.256835938
vn 0.611816406 0.762207031 0.21105957
vn 0.787109375 0.33984375 0.515136719
vn 0.784179688 0.341796875 0.518066406
vn 0.392089844 0.907714844 0.150878906
vn 0.37890625 0.920898438 0.0930175781
vn 0.511230469 0.824707031 0.241455078
vn 0.519042969 0.806152344 0.283691406
vn 0.74609375 0.44921875 0.491455078
vn 0.606933594 0.71875 0.339111328
vn 0.742675781 0.416992188 0.523925781
vn 0.688964844 0.515136719 0.509765625
vn 0.711914062 0.525878906 0.465576172
vn 0.744628906 0.509277344 0.431396484
vn 0.56640625 0.719238281 0.40234375
vn 0.611816406 0.649414062 0.451660156
vn 0.654296875 0.645507812 0.393554688
vn 0.682617188 0.643066406 0.346923828
vn 0.6953125 0.585449219 0.416748047
vn 0.616699219 0.625488281 0.478027344
vn 0.649414062 0.590820312 0.478515625
vn 0.638671875 0.580078125 0.505371094
vn 0.691894531 0.500976562 0.520507812
vn 0.0942993164 0.966308594 0.238647461
vn 0.0690917969 0.997558594 0.0136566162
vn 0.268798828 0.956054688 0.117431641
vn -0.0958251953 0.985351562 0.139526367
vn -0.101196289 0.991210938 -0.0860595703
vn -0.0861816406 0.903320312 0.420410156
vn -0.270263672 0.962402344 0.0327148438
vn -0.319824219 0.920410156 -0.225830078
vn -0.289794922 0.900878906 0.322753906
vn -0.498535156 0.858398438 -0.121765137
vn -0.570800781 0.703125 -0.423828125
vn -0.489013672 0.695800781 0.525878906
vn -0.232788086 0.715332031 0.659179688
vn -0.482177734 0.848632812 0.217041016
vn -0.690429688 0.605957031 0.395507812
vn -0.620117188 0.389160156 0.681152344
vn -0.271728516 0.406982422 0.872070312
vn -0.204345703 0.0713500977 0.976074219
vn -0.814453125 0.305664062 0.492919922
vn -0.92578125 0.221557617 0.305908203
vn -0.635742188 0.076171875 0.768066406
vn -0.0666503906 -0.190917969 0.979492188
vn -0.542480469 -0.189086914 0.818359375
vn -0.844726562 0.0484619141 0.533203125
vn -0.80859375 -0.190917969 0.556152344
vn -0.947753906 0.0113449097 0.318115234
vn -0.924804688 -0.208374023 0.317626953
vn -0.971191406 -0.223999023 0.0794067383
vn -0.996582031 -0.00804138184 0.0842285156
vn -0.844238281 0.479980469 0.237426758
vn -0.690429688 0.720703125 0.0599975586
vn -0.928222656 0.363525391 0.0788574219
vn -0.730957031 0.618652344 -0.287597656
vn -0.984863281 0.010383606 -0.17199707
vn -0.959472656 0.23425293 -0.158081055
vn -0.958496094 -0.223022461 -0.178833008
vn -0.979492188 0.182739258 0.083984375
vn -0.865722656 0.490478516 -0.0978393555
vn -0.862792969 0.322265625 -0.389160156
vn -0.710449219 0.383789062 -0.58984375
vn -0.73046875 0.0981445312 -0.67578125
vn -0.899902344 0.0560302734 -0.432861328
vn -0.872070312 -0.202880859 -0.445068359
vn -0.694335938 -0.166625977 -0.700195312
vn 0.566894531 -0.724609375 0.391601562
vn 0.65625 -0.405517578 0.636230469
vn 0.715820312 -0.401123047 0.571777344
vn 0.420166016 -0.771484375 0.477783203
vn 0.585449219 -0.410888672 0.69921875
vn -0.0436401367 -0.994140625 0.0999755859
vn 0.341308594 -0.928710938 0.145874023
vn 0.123962402 -0.9921875 -0.0252227783
vn -0.307373047 -0.942382812 -0.130859375
vn -0.0710449219 -0.979980469 -0.185546875
vn -0.197265625 -0.934082031 -0.297851562
vn 0.25 -0.761230469 0.598632812
vn 0.463378906 -0.419921875 0.780273438
vn -0.235473633 -0.937011719 0.257324219
vn 0.0455932617 -0.684570312 0.727539062
vn -0.475341797 -0.837890625 -0.268066406
vn -0.352050781 -0.819335938 -0.452636719
vn -0.182983398 -0.56640625 0.803222656
vn 0.286621094 -0.404296875 0.868652344
vn -0.639648438 -0.673828125 -0.369873047
vn -0.489990234 -0.638183594 -0.594238281
vn -0.601074219 -0.420410156 -0.6796875
vn -0.780273438 -0.455810547 -0.427734375
vn -0.694335938 -0.166625977 -0.700195312
vn -0.872070312 -0.202880859 -0.445068359
vn -0.740722656 -0.654785156 -0.150512695
vn -0.873535156 -0.455078125 -0.172851562
vn -0.958496094 -0.223022461 -0.178833008
vn -0.893066406 -0.444091797 0.0723266602
vn -0.971191406 -0.223999023 0.0794067383
vn -0.924804688 -0.208374023 0.317626953
vn -0.774414062 -0.62890625 0.0677490234
vn -0.583007812 -0.808105469 -0.085144043
vn -0.845703125 -0.439208984 0.303710938
vn -0.651367188 -0.755859375 0.0635375977
vn -0.446533203 -0.893554688 0.041809082
vn -0.722167969 -0.635253906 0.274169922
vn -0.713378906 -0.432861328 0.551269531
vn -0.80859375 -0.190917969 0.556152344
vn -0.58203125 -0.789550781 0.196044922
vn -0.426025391 -0.80859375 0.405517578
vn -0.583984375 -0.637207031 0.502929688
vn -0.380859375 -0.405029297 0.831054688
vn -0.542480469 -0.189086914 0.818359375
vn 0.106506348 -0.336914062 0.935546875
vn -0.0666503906 -0.190917969 0.979492188
vn 0.673339844 -0.624511719 0.395751953
vn 0.715820312 -0.401123047 0.571777344
vn 0.741699219 -0.397949219 0.540039062
vn 0.566894531 -0.724609375 0.391601562
vn 0.341308594 -0.928710938 0.145874023
vn 0.452392578 -0.881835938 0.134521484
vn 0.220703125 -0.973632812 -0.0564880371
vn 0.123962402 -0.9921875 -0.0252227783
vn -0.0710449219 -0.979980469 -0.185546875
vn 0.00390625 -0.974609375 -0.224365234
vn -0.174316406 -0.90625 -0.385009766
vn -0.197265625 -0.934082031 -0.297851562
vn -0.352050781 -0.819335938 -0.452636719
vn -0.302490234 -0.779296875 -0.548828125
vn -0.489990234 -0.638183594 -0.594238281
vn -0.410400391 -0.579589844 -0.704101562
vn -0.481201172 -0.381347656 -0.7890625
vn -0.601074219 -0.420410156 -0.6796875
vn -0.529296875 -0.244262695 -0.8125
vn -0.694335938 -0.166625977 -0.700195312
vn 0.741699219 -0.397949219 0.540039062
vn 0.715820312 -0.401123047 0.571777344
vn 0.731933594 -0.342529297 0.589355469
vn 0.762207031 -0.317382812 0.563964844
vn 0.753417969 -0.279785156 0.595214844
vn 0.787109375 -0.24987793 0.563964844
vn 0.775390625 -0.210327148 0.595703125
vn 0.809082031 -0.176757812 0.560546875
vn 0.798339844 -0.117004395 0.590820312
vn 0.830566406 -0.0686645508 0.552734375
vn 0.820800781 0.0218811035 0.571289062
vn 0.843261719 0.0856323242 0.530761719
vn -0.617675781 0.103881836 -0.779785156
vn -0.694335938 -0.166625977 -0.700195312
vn -0.529296875 -0.244262695 -0.8125
vn -0.73046875 0.0981445312 -0.67578125
vn -0.623535156 0.393066406 -0.67578125
vn -0.710449219 0.383789062 -0.58984375
vn -0.487792969 0.739746094 -0.463378906
vn -0.570800781 0.703125 -0.423828125
vn -0.319824219 0.920410156 -0.225830078
vn -0.224365234 0.9453125 -0.236083984
vn -0.101196289 0.991210938 -0.0860595703
vn -0.013458252 0.993652344 -0.11126709
vn 0.0690917969 0.997558594 0.0136566162
vn 0.160400391 0.986816406 -0.0194091797
vn 0.268798828 0.956054688 0.117431641
vn 0.37890625 0.920898438 0.0930175781
vn 0.749023438 -0.0716552734 0.658691406
vn 0.820800781 0.0218811035 0.571289062
vn 0.798339844 -0.117004395 0.590820312
vn 0.720703125 -0.181152344 0.669433594
vn 0.660644531 -0.143066406 0.736816406
vn 0.775390625 -0.210327148 0.595703125
vn 0.64453125 -0.227661133 0.729980469
vn 0.5625 -0.17565918 0.808105469
vn 0.701660156 -0.251953125 0.666503906
vn 0.753417969 -0.279785156 0.595214844
vn 0.577148438 -0.254638672 0.775878906
vn 0.368652344 -0.184326172 0.911132812
vn 0.687011719 -0.310058594 0.657226562
vn 0.731933594 -0.342529297 0.589355469
vn 0.637207031 -0.275634766 0.719726562
vn 0.448242188 -0.279296875 0.849121094
vn -0.0666503906 -0.190917969 0.979492188
vn 0.106506348 -0.336914062 0.935546875
vn 0.671386719 -0.361572266 0.646972656
vn 0.715820312 -0.401123047 0.571777344
vn 0.65625 -0.405517578 0.636230469
vn 0.586914062 -0.290771484 0.755371094
vn 0.509765625 -0.321289062 0.797851562
vn 0.286621094 -0.404296875 0.868652344
vn 0.6328125 -0.320556641 0.705078125
vn 0.618164062 -0.364746094 0.696289062
vn 0.585449219 -0.410888672 0.69921875
vn 0.596679688 -0.319091797 0.736328125
vn 0.56640625 -0.352539062 0.744628906
vn 0.463378906 -0.419921875 0.780273438
vn -0.204345703 0.0713500977 0.976074219
vn 0.368652344 -0.184326172 0.911132812
vn -0.0666503906 -0.190917969 0.979492188
vn 0.264892578 0.0197143555 0.963867188
vn 0.5625 -0.17565918 0.808105469
vn -0.271728516 0.406982422 0.872070312
vn 0.534179688 -0.0358886719 0.844726562
vn 0.660644531 -0.143066406 0.736816406
vn 0.139892578 0.299316406 0.943847656
vn 0.678710938 -0.01902771 0.734375
vn 0.749023438 -0.0716552734 0.658691406
vn 0.0850830078 0.624023438 0.776367188
vn -0.232788086 0.715332031 0.659179688
vn 0.478759766 0.158447266 0.863769531
vn 0.777832031 0.0654907227 0.625488281
vn 0.820800781 0.0218811035 0.571289062
vn 0.833496094 0.170776367 0.525878906
vn 0.411621094 0.437988281 0.799316406
vn 0.685546875 0.157348633 0.7109375
vn 0.780273438 0.24206543 0.576660156
vn 0.827148438 0.322509766 0.460449219
vn 0.747070312 0.548828125 0.374755859
vn 0.66796875 0.548339844 0.503417969
vn 0.529296875 0.811523438 0.247558594
vn 0.548828125 0.518554688 0.655273438
vn 0.379150391 0.84765625 0.371582031
vn 0.268798828 0.956054688 0.117431641
vn 0.0942993164 0.966308594 0.238647461
vn 0.204589844 0.819824219 0.53515625
vn -0.0861816406 0.903320312 0.420410156
vn 0.881835938 0.140625 0.450195312
vn 0.853027344 -0.28125 0.439697266
vn 0.888183594 -0.149536133 0.434814453
vn 0.903320312 0.0429992676 0.427246094
vn 0.770996094 0.545410156 0.328613281
vn 0.943359375 0.0674438477 0.325439453
vn 0.75 0.566894531 0.340576172
vn 0.390625 0.901855469 0.184448242
vn 0.838867188 -0.373046875 0.395996094
vn 0.914550781 -0.269775391 0.301025391
vn 0.773925781 -0.464111328 0.431152344
vn 0.727050781 -0.528808594 0.437988281
vn 0.787109375 -0.422119141 0.449951172
vn 0.818847656 -0.380126953 0.430175781
vn 0.817382812 -0.365722656 0.4453125
vn 0.830566406 -0.395507812 0.392089844
vn 0.908203125 -0.325927734 0.263183594
vn 0.828125 -0.362792969 0.427490234
vn 0.875 -0.36328125 0.319335938
vn 0.833007812 -0.369873047 0.411865234
vn 0.877441406 -0.359619141 0.317138672
vn 0.939941406 -0.331054688 0.0849609375
vn 0.862792969 -0.412109375 0.293457031
vn 0.791992188 -0.571777344 0.213500977
vn 0.877441406 -0.478515625 0.028427124
vn 0.800292969 -0.465820312 0.377197266
vn 0.676757812 -0.673339844 0.297607422
vn 0.920898438 -0.379882812 0.0874023438
vn 0.889648438 -0.407958984 -0.204223633
vn 0.628417969 -0.772460938 0.0936889648
vn 0.405761719 -0.9140625 0.00801849365
vn 0.567382812 -0.796386719 -0.209960938
vn 0.469970703 -0.857421875 0.21081543
vn 0.182250977 -0.958984375 0.218139648
vn 0.758789062 -0.645996094 -0.0819091797
vn 0.660644531 -0.672363281 -0.334228516
vn 0.810058594 -0.528808594 -0.25390625
vn 0.668457031 -0.543945312 -0.5078125
vn 0.0775756836 -0.995605469 0.0495605469
vn 0.135742188 -0.935546875 -0.326416016
vn -0.106567383 -0.9921875 -0.0614624023
vn 0.374267578 -0.873535156 -0.310791016
vn 0.294921875 -0.817871094 -0.494384766
vn 0.470703125 -0.775390625 -0.420898438
vn 0.380371094 -0.715820312 -0.5859375
vn 0.540039062 -0.650390625 -0.534179688
vn -0.240234375 -0.954101562 -0.177612305
vn -0.124633789 -0.859375 -0.495605469
vn -0.342041016 -0.900390625 -0.268310547
vn 0.120239258 -0.834960938 -0.537109375
vn 0.0690917969 -0.747558594 -0.660644531
vn 0.435791016 -0.604980469 -0.666503906
vn -0.362060547 -0.843261719 -0.397705078
vn -0.277099609 -0.70703125 -0.650878906
vn -0.375244141 -0.770507812 -0.515136719
vn -0.316894531 -0.648925781 -0.69140625
vn -0.324462891 -0.519042969 -0.791015625
vn 0.228027344 -0.741699219 -0.630859375
vn 0.193725586 -0.63671875 -0.74609375
vn 0.324707031 -0.623535156 -0.711425781
vn 0.321289062 -0.529296875 -0.78515625
vn -0.11138916 -0.735839844 -0.66796875
vn -0.156005859 -0.616210938 -0.771972656
vn -0.283203125 -0.574707031 -0.768066406
vn -0.336181641 -0.439453125 -0.833007812
vn -0.378662109 -0.387695312 -0.840332031
vn -0.455566406 -0.261962891 -0.850585938
vn 0.480957031 -0.533203125 -0.695800781
vn 0.534667969 -0.433349609 -0.725585938
vn 0.0247955322 -0.638183594 -0.76953125
vn -0.00705337524 -0.523925781 -0.8515625
vn -0.212280273 -0.493652344 -0.843261719
vn -0.266845703 -0.363769531 -0.892578125
vn -0.412841797 -0.306884766 -0.857421875
vn -0.490966797 -0.188842773 -0.850585938
vn -0.540527344 -0.151977539 -0.827636719
vn -0.615722656 -0.0423278809 -0.787109375
vn 0.753417969 -0.428222656 -0.498779297
vn 0.809082031 -0.282226562 -0.515625
vn 0.928710938 -0.304443359 -0.210571289
vn 0.9453125 -0.17590332 -0.274902344
vn 0.966796875 -0.255126953 0.01953125
vn 0.994140625 -0.0638427734 -0.0864868164
vn 0.976074219 -0.157104492 0.150634766
vn 0.977050781 0.211547852 0.0219573975
vn 0.975097656 0.131835938 0.178466797
vn 0.799804688 0.596679688 0.0635375977
vn 0.785644531 0.583007812 0.207519531
vn 0.449951172 0.882324219 0.137207031
vn 0.413818359 0.887695312 0.200805664
vn 0.132324219 0.98046875 0.144287109
vn 0.132568359 0.984863281 0.111999512
vn 0.0559997559 0.9921875 0.110473633
vn 0.0356750488 0.991210938 0.127929688
vn -0.0555419922 0.989257812 0.135742188
vn 0.0195007324 0.992675781 0.11932373
vn -0.0325927734 0.990234375 0.13671875
vn -0.15246582 0.968261719 0.197021484
vn 0.156005859 0.979980469 0.124816895
vn 0.185180664 0.981933594 0.0385437012
vn 0.488037109 0.872558594 0.0260009766
vn 0.502441406 0.861816406 -0.0706787109
vn 0.791503906 0.608398438 -0.0577697754
vn 0.759277344 0.612792969 -0.219848633
vn 0.9453125 0.270263672 -0.181396484
vn 0.855957031 0.300292969 -0.421386719
vn 0.931640625 0.0208740234 -0.36328125
vn 0.790527344 0.0868530273 -0.605957031
vn 0.821289062 -0.110351562 -0.560058594
vn 0.610351562 -0.0746459961 -0.788574219
vn 0.588378906 -0.271484375 -0.76171875
vn 0.360351562 -0.267089844 -0.893554688
vn 0.336425781 -0.426513672 -0.839355469
vn 0.180541992 -0.414550781 -0.892089844
vn 0.184082031 -0.530761719 -0.827148438
vn -0.0269775391 -0.397705078 -0.916992188
vn -0.0353088379 -0.253173828 -0.966796875
vn 0.181762695 -0.26171875 -0.947753906
vn 0.192260742 -0.076171875 -0.978515625
vn 0.381835938 -0.0680541992 -0.921875
vn 0.385986328 0.130249023 -0.913085938
vn -0.307373047 -0.235961914 -0.921875
vn -0.334716797 -0.0935058594 -0.9375
vn 0.593261719 0.123168945 -0.795410156
vn 0.546875 0.315673828 -0.775390625
vn -0.0286254883 -0.087890625 -0.995605469
vn -0.0281066895 0.111022949 -0.993652344
vn -0.559082031 -0.068359375 -0.826171875
vn -0.598144531 0.0879516602 -0.796386719
vn -0.649902344 0.086730957 -0.754882812
vn -0.630371094 0.233398438 -0.740234375
vn 0.204956055 0.120117188 -0.971191406
vn 0.199707031 0.328125 -0.923339844
vn -0.363037109 0.100830078 -0.926269531
vn -0.381103516 0.317626953 -0.868164062
vn -0.587402344 0.261230469 -0.766113281
vn -0.528320312 0.439697266 -0.726074219
vn -0.56640625 0.400878906 -0.720214844
vn -0.456542969 0.586425781 -0.668945312
vn 0.3671875 0.3203125 -0.873535156
vn 0.318359375 0.513183594 -0.796875
vn -0.0539855957 0.338378906 -0.939453125
vn -0.0864257812 0.563964844 -0.821289062
vn -0.367675781 0.51953125 -0.770996094
vn -0.306396484 0.708496094 -0.635742188
vn -0.427246094 0.625976562 -0.65234375
vn -0.290039062 0.779785156 -0.5546875
vn -0.312255859 0.745117188 -0.589355469
vn -0.193969727 0.875488281 -0.442626953
vn 0.166381836 0.549804688 -0.818847656
vn 0.127319336 0.759765625 -0.637695312
vn -0.0874023438 0.764160156 -0.639160156
vn -0.05078125 0.886230469 -0.460693359
vn -0.203491211 0.845214844 -0.494384766
vn -0.0963134766 0.933105469 -0.346435547
vn -0.165405273 0.899414062 -0.405029297
vn -0.0983276367 0.984375 -0.145141602
vn -0.132568359 0.971191406 -0.196777344
vn -0.10949707 0.993164062 0.039855957
vn -0.0788574219 0.994628906 0.0695800781
vn -0.0933837891 0.989257812 0.113952637
vn -0.032043457 0.997558594 0.0603027344
vn -0.110168457 0.985839844 0.127685547
vn -0.134521484 0.982421875 0.12890625
vn -0.0348510742 0.993164062 -0.110107422
vn 0.01171875 0.995117188 -0.0985107422
vn -0.00549316406 0.951660156 -0.306396484
vn 0.103881836 0.946289062 -0.305664062
vn 0.109924316 0.883789062 -0.455078125
vn 0.240600586 0.8515625 -0.465820312
vn 0.259033203 0.723144531 -0.640136719
vn 0.383544922 0.674804688 -0.630371094
vn 0.478027344 0.499267578 -0.72265625
vn 0.607910156 0.539550781 -0.58203125
vn 0.424560547 0.749023438 -0.508789062
vn 0.457519531 0.806152344 -0.375
vn 0.247558594 0.909667969 -0.333251953
vn 0.243286133 0.954589844 -0.171020508
vn 0.719238281 0.310546875 -0.621582031
vn 0.690429688 0.590820312 -0.417480469
vn 0.491210938 0.845214844 -0.210327148
vn 0.0838012695 0.988769531 -0.122741699
vn 0.0479125977 0.999023438 0.00567626953
vn 0.21862793 0.975097656 -0.0402526855
vn -0.00709152222 0.999023438 0.0386962891
vn -0.0308685303 0.996582031 0.0786743164
vn 0.0179443359 0.998046875 0.0619506836
vn -0.0616760254 0.993652344 0.0934448242
vn -0.0778198242 0.990722656 0.109558105
vn -0.0378112793 0.993652344 0.106140137
vn -0.12902832 0.983886719 0.123840332
vn -0.223510742 0.952148438 0.208007812
vn -0.187866211 0.969726562 0.157226562
vn -0.333740234 0.896972656 0.290527344
vn -0.232666016 0.9375 0.258056641
vn -0.13659668 0.974609375 0.176147461
vn 0.775878906 0.621582031 -0.108154297
vn 0.271972656 0.960449219 -0.0620727539
vn 0.0880737305 0.603027344 -0.79296875
vn 0.112487793 0.432861328 -0.89453125
vn 0.693359375 0.118286133 -0.7109375
vn 0.711425781 0.0957641602 -0.696289062
vn 0.185302734 0.274169922 -0.943847656
vn 0.246582031 0.172363281 -0.953613281
vn 0.739746094 0.126831055 -0.661132812
vn 0.782714844 0.136474609 -0.607421875
vn 0.281738281 0.0858764648 -0.955566406
vn 0.801757812 0.148803711 -0.578613281
vn 0.330322266 -0.0537719727 -0.942382812
vn 0.812988281 0.184448242 -0.552734375
vn 0.395751953 -0.178344727 -0.900878906
vn 0.781738281 0.23425293 -0.578125
vn 0.446533203 -0.281982422 -0.849121094
vn 0.489501953 -0.388671875 -0.780761719
vn 0.748046875 0.226196289 -0.623535156
vn 0.536621094 -0.480957031 -0.693359375
vn 0.738769531 0.169799805 -0.65234375
vn 0.572753906 -0.55859375 -0.600097656
vn 0.753417969 0.0651245117 -0.654296875
vn 0.584960938 -0.634277344 -0.505859375
vn 0.786621094 -0.0360107422 -0.616210938
vn 0.608886719 -0.698242188 -0.376708984
vn 0.790527344 -0.0465698242 -0.610839844
vn 0.659667969 -0.716308594 -0.228149414
vn 0.78515625 -0.0875244141 -0.612792969
vn 0.955566406 0.29296875 0.0386047363
vn 0.881347656 -0.116088867 0.457763672
vn 0.358642578 -0.317871094 -0.877929688
vn 0.439208984 -0.857910156 0.266601562
vn 0.92578125 -0.375732422 -0.0372314453
vn -0.138183594 -0.778320312 -0.612304688
vn 0.469238281 -0.217651367 -0.855957031
vn -0.430664062 -0.84375 -0.320068359
vn 0.161987305 -0.804199219 0.572265625
vn -0.617675781 -0.780761719 -0.0943603516
vn 0.0162658691 -0.685058594 0.728515625
vn -0.0546875 -0.594726562 0.801757812
vn -0.429931641 -0.742675781 -0.513183594
vn -0.106689453 -0.642578125 -0.758789062
vn -0.732910156 -0.677734375 0.0555725098
vn -0.105957031 -0.515625 0.850585938
vn -0.0712280273 -0.546386719 -0.834472656
vn 0.473876953 -0.18347168 -0.861328125
vn -0.0609741211 -0.449951172 -0.891113281
vn 0.466552734 -0.142578125 -0.873046875
vn 0.497070312 -0.0143432617 -0.867675781
vn -0.408691406 -0.661132812 -0.629394531
vn -0.640136719 -0.711425781 -0.289794922
vn -0.819335938 -0.555664062 0.140991211
vn -0.162109375 -0.411865234 0.896484375
vn -0.0718994141 -0.343261719 -0.936523438
vn 0.528320312 0.0703735352 -0.846191406
vn -0.89453125 -0.400146484 0.198852539
vn -0.935058594 -0.352539062 -0.0314331055
vn -0.209228516 -0.276855469 0.937988281
vn -0.861816406 -0.502441406 -0.0706787109
vn -0.9453125 -0.216918945 0.242553711
vn -0.959960938 -0.00573348999 0.280273438
vn -0.267333984 -0.155761719 0.951171875
vn -0.211791992 -0.0425720215 0.9765625
vn -0.770019531 -0.622558594 -0.140991211
vn -0.771972656 -0.579101562 -0.261962891
vn -0.862304688 -0.460205078 -0.2109375
vn -0.630859375 -0.659179688 -0.408935547
vn -0.983886719 -0.17956543 0.000781059265
vn -0.91796875 0.236694336 0.318115234
vn -0.0174713135 0.0202178955 0.999511719
vn -0.759277344 -0.536621094 -0.367919922
vn -0.409912109 -0.554199219 -0.724609375
vn -0.636230469 -0.572753906 -0.517089844
vn -0.453125 -0.432373047 -0.779785156
vn -0.716308594 -0.444580078 -0.538085938
vn -0.825195312 -0.4375 -0.357177734
vn -0.0968017578 -0.224975586 -0.969726562
vn -0.508300781 -0.306640625 -0.8046875
vn -0.109802246 -0.0717773438 -0.991210938
vn 0.546875 0.120300293 -0.828613281
vn -0.92578125 -0.325683594 -0.191650391
vn -0.7734375 -0.319824219 -0.546875
vn -0.546386719 -0.151245117 -0.823730469
vn -0.0924072266 0.10748291 -0.989746094
vn 0.568847656 0.14855957 -0.809082031
vn 0.571777344 0.138427734 -0.80859375
vn -0.550292969 0.0531616211 -0.833007812
vn -0.0604553223 0.275634766 -0.959472656
vn 0.549804688 0.16003418 -0.819824219
vn -0.819824219 -0.174072266 -0.545410156
vn -0.883300781 -0.314453125 -0.347167969
vn -0.928710938 -0.167602539 -0.330322266
vn -0.950683594 0.0119171143 -0.309326172
vn -0.844238281 0.0181121826 -0.535644531
vn -0.971679688 -0.166870117 -0.167236328
vn -0.822753906 0.237670898 -0.516113281
vn -0.989257812 0.0130310059 -0.14440918
vn -0.51171875 0.27734375 -0.812988281
vn -0.748535156 0.448242188 -0.488769531
vn -0.933105469 0.209472656 -0.292236328
vn -0.430908203 0.489013672 -0.758300781
vn -0.0243377686 0.440917969 -0.897460938
vn -0.322021484 0.651855469 -0.686523438
vn 0.0254974365 0.58203125 -0.812988281
vn 0.534667969 0.210693359 -0.818359375
vn 0.0805664062 0.675292969 -0.732910156
vn 0.514160156 0.297851562 -0.804199219
vn 0.539550781 0.323730469 -0.77734375
vn -0.21472168 0.765625 -0.606445312
vn 0.121887207 0.745117188 -0.655761719
vn 0.533203125 0.307373047 -0.788085938
vn -0.633300781 0.621582031 -0.460449219
vn -0.14074707 0.855957031 -0.497558594
vn -0.483398438 0.768066406 -0.419921875
vn 0.132446289 0.809570312 -0.572265625
vn -0.115783691 0.939941406 -0.321044922
vn -0.423095703 0.853515625 -0.304199219
vn -0.658691406 0.694824219 -0.289550781
vn -0.767089844 0.57421875 -0.286132812
vn 0.153686523 0.891113281 -0.427246094
vn 0.506835938 0.358398438 -0.783691406
vn 0.979980469 0.0711669922 -0.186279297
vn 0.772949219 0.579589844 0.257324219
vn -0.112854004 0.989746094 -0.0886230469
vn 0.507324219 0.62890625 0.589355469
vn -0.306884766 0.936523438 0.169189453
vn 0.356689453 0.337158203 0.87109375
vn -0.365722656 0.926757812 -0.0880737305
vn -0.500488281 0.815429688 0.291503906
vn 0.174682617 0.356933594 0.917480469
vn -0.647949219 0.740234375 -0.178588867
vn -0.688964844 0.629882812 0.358886719
vn 0.0531921387 0.233764648 0.970703125
vn -0.599609375 0.799804688 0.0303344727
vn -0.786621094 0.614257812 0.0672607422
vn -0.904296875 0.422851562 0.0595397949
vn -0.80859375 0.572753906 -0.134277344
vn -0.817382812 0.453125 0.355957031
vn -0.908203125 0.398193359 -0.12902832
vn -0.976074219 0.212158203 0.042388916
vn -0.870117188 0.403076172 -0.283203125
vn -0.970214844 0.204956055 -0.130859375
vn -0.999511719 0.00829315186 0.0247650146
vn -0.182250977 -0.87890625 0.440673828
vn -0.108886719 -0.785644531 0.608886719
vn -0.633300781 -0.581542969 0.510742188
vn -0.676757812 -0.656738281 0.333251953
vn -0.199829102 -0.860839844 0.467529297
vn -0.939941406 -0.189697266 0.283691406
vn -0.669433594 -0.625 0.401123047
vn -0.135986328 -0.772460938 0.620605469
vn -0.95703125 -0.220336914 0.189575195
vn -0.559082031 -0.564941406 0.606933594
vn -0.108032227 -0.42578125 0.8984375
vn -0.321044922 -0.290527344 0.901367188
vn -0.940429688 -0.176635742 0.290527344
vn -0.830078125 -0.174804688 0.529296875
vn -0.471679688 -0.0748901367 0.878417969
vn -0.937988281 0.345458984 -0.0323791504
vn -0.954589844 0.288330078 -0.0736694336
vn -0.895019531 0.422363281 0.142456055
vn -0.825683594 0.394042969 0.403320312
vn -0.486816406 0.258789062 0.834472656
vn -0.578125 0.765625 0.282226562
vn -0.354492188 0.477050781 0.804199219
vn -0.687011719 0.692382812 -0.219116211
vn -0.738769531 0.574707031 -0.352294922
vn -0.626464844 0.778808594 0.0240478516
vn -0.354003906 0.909667969 0.216796875
vn -0.219360352 0.577148438 0.786621094
vn -0.438232422 0.833496094 -0.337158203
vn -0.498291016 0.697753906 -0.514648438
vn -0.388671875 0.919921875 -0.0524902344
vn -0.0695800781 0.982910156 0.171142578
vn -0.04296875 0.628417969 0.776855469
vn -0.157470703 0.890625 -0.426269531
vn -0.218505859 0.729003906 -0.648925781
vn -0.0968017578 0.987792969 -0.12310791
vn 0.241210938 0.959960938 0.143554688
vn 0.153686523 0.619628906 0.76953125
vn 0.151123047 0.867675781 -0.473876953
vn 0.0665893555 0.668945312 -0.740234375
vn 0.219726562 0.961914062 -0.162597656
vn 0.513671875 0.846679688 0.139282227
vn 0.327636719 0.543945312 0.772460938
vn 0.499023438 0.850585938 -0.165527344
vn 0.441650391 0.761230469 -0.474609375
vn 0.342529297 0.555664062 -0.7578125
vn -0.135986328 -0.772460938 0.620605469
vn -0.108032227 -0.42578125 0.8984375
vn 0.166381836 -0.448242188 0.878417969
vn 0.338867188 -0.759277344 0.555664062
vn -0.199829102 -0.860839844 0.467529297
vn 0.430664062 -0.313964844 0.846191406
vn 0.357421875 -0.823242188 0.440917969
vn -0.182250977 -0.87890625 0.440673828
vn 0.746582031 -0.486328125 0.453613281
vn 0.541992188 -0.08984375 0.835449219
vn 0.398925781 -0.818847656 0.413085938
vn -0.108886719 -0.785644531 0.608886719
vn 0.452880859 -0.757324219 0.470214844
vn 0.808105469 -0.506347656 0.301513672
vn 0.841308594 -0.507324219 0.186889648
vn 0.846679688 -0.5234375 0.0946044922
vn 0.937988281 -0.236206055 -0.253662109
vn 0.986328125 -0.155395508 -0.0574645996
vn 0.8828125 -0.0271148682 -0.468994141
vn 0.928710938 -0.133666992 0.346191406
vn 0.57421875 0.0844116211 0.814453125
vn 0.982421875 -0.123962402 0.137817383
vn 0.967773438 0.110778809 -0.225708008
vn 0.777832031 0.156616211 -0.608398438
vn 0.951660156 0.149414062 0.268310547
vn 0.544433594 0.260986328 0.797363281
vn 0.985839844 0.165527344 0.0224151611
vn 0.864746094 0.360839844 -0.348876953
vn 0.603027344 0.357421875 -0.713378906
vn 0.87890625 0.431396484 0.204101562
vn 0.458740234 0.423339844 0.78125
vn 0.895507812 0.439453125 -0.0720825195
vn 0.685546875 0.586914062 -0.430419922
vn 0.342529297 0.555664062 -0.7578125
vn 0.441650391 0.761230469 -0.474609375
vn 0.725097656 0.674804688 -0.136352539
vn 0.499023438 0.850585938 -0.165527344
vn 0.727539062 0.667480469 0.16003418
vn 0.327636719 0.543945312 0.772460938
vn 0.513671875 0.846679688 0.139282227
vn 0.833496094 0.170776367 0.525878906
vn 0.843261719 0.0856323242 0.530761719
vn 0.820800781 0.0218811035 0.571289062
vn 0.839355469 0.243652344 0.486328125
vn 0.827148438 0.322509766 0.460449219
vn 0.822265625 0.388671875 0.416015625
vn 0.767089844 0.553222656 0.324951172
vn 0.747070312 0.548828125 0.374755859
vn 0.611816406 0.762207031 0.21105957
vn 0.529296875 0.811523438 0.247558594
vn 0.37890625 0.920898438 0.0930175781
vn 0.268798828 0.956054688 0.117431641
vn -0.0206756592 0.987792969 0.153076172
vn -0.102539062 0.642578125 0.759277344
vn -0.399414062 0.610839844 0.68359375
vn -0.101135254 0.979003906 0.176879883
vn -0.133789062 0.037689209 0.990234375
vn -0.276367188 0.94140625 0.194091797
vn -0.497558594 0.0338439941 0.866699219
vn -0.472412109 -0.35546875 0.806640625
vn -0.821777344 0.0315551758 0.568847656
vn -0.124084473 -0.374511719 0.918945312
vn -0.0946655273 -0.70703125 0.700683594
vn -0.696777344 0.530761719 0.482421875
vn -0.830566406 0.547851562 0.100097656
vn -0.236206055 0.971191406 0.0310668945
vn -0.181518555 0.982910156 -0.0220184326
vn -0.813964844 0.569824219 -0.112487793
vn -0.989746094 0.0433349609 -0.136108398
vn -0.992675781 0.0390930176 0.11315918
vn -0.948242188 -0.287841797 0.133544922
vn -0.951660156 -0.267089844 -0.150756836
vn -0.714355469 -0.68359375 -0.149414062
vn -0.779296875 -0.294189453 0.552734375
vn -0.661621094 -0.570800781 0.486328125
vn -0.734375 -0.6640625 0.140258789
vn -0.399658203 -0.882324219 0.247924805
vn -0.342285156 -0.930175781 -0.131347656
vn 0.0327148438 -0.994140625 -0.104248047
vn -0.040222168 -0.94921875 0.312255859
vn -0.401367188 -0.671386719 0.623046875
vn -0.0206756592 0.987792969 0.153076172
vn 0.0506286621 0.979003906 0.197265625
vn 0.203735352 0.610839844 0.765136719
vn -0.102539062 0.642578125 0.759277344
vn 0.21496582 0.94140625 0.260498047
vn -0.133789062 0.037689209 0.990234375
vn 0.543945312 0.530761719 0.649902344
vn 0.771484375 0.548339844 0.321777344
vn 0.641601562 0.0315551758 0.766601562
vn 0.217529297 0.971679688 0.0938720703
vn 0.185302734 0.982421875 0.0251312256
vn 0.817871094 0.566894531 0.0991210938
vn 0.9921875 0.0357666016 0.118164062
vn 0.249755859 0.0338439941 0.967773438
vn 0.241455078 -0.35546875 0.902832031
vn -0.124084473 -0.374511719 0.918945312
vn -0.0946655273 -0.70703125 0.700683594
vn 0.924804688 0.0375976562 0.378417969
vn 0.875976562 -0.290771484 0.384277344
vn 0.956054688 -0.280761719 0.0866088867
vn 0.726074219 -0.687011719 0.0212860107
vn 0.604980469 -0.294189453 0.739746094
vn 0.508789062 -0.570800781 0.64453125
vn 0.221557617 -0.671386719 0.707519531
vn 0.321289062 -0.881835938 0.344970703
vn -0.040222168 -0.94921875 0.312255859
vn 0.0327148438 -0.994140625 -0.104248047
vn 0.384521484 -0.921875 -0.0505981445
vn 0.668945312 -0.665039062 0.331542969
vn -0.276367188 0.94140625 0.194091797
vn -0.236206055 0.971191406 0.0310668945
vn 0.0776367188 0.996582031 -0.0350341797
vn -0.101135254 0.979003906 0.176879883
vn -0.181518555 0.982910156 -0.0220184326
vn -0.0206756592 0.987792969 0.153076172
vn 0.114257812 0.992675781 0.0349121094
vn 0.0110931396 0.996582031 -0.0803222656
vn -0.00454711914 0.999511719 0.0273895264
vn -0.00454711914 0.999511719 0.0273895264
vn -0.0654296875 0.99609375 -0.0552062988
vn 0.0110931396 0.996582031 -0.0803222656
vn -0.119812012 0.992675781 0.00426101685
vn -0.0206756592 0.987792969 0.153076172
vn 0.185302734 0.982421875 0.0251312256
vn 0.0506286621 0.979003906 0.197265625
vn 0.217529297 0.971679688 0.0938720703
vn 0.21496582 0.94140625 0.260498047
vn -0.336669922 0.497070312 -0.799804688
vn 0.185302734 0.274169922 -0.943847656
vn 0.112487793 0.432861328 -0.89453125
vn 0.0880737305 0.603027344 -0.79296875
vn -0.399658203 0.649902344 -0.646484375
vn 0.271972656 0.960449219 -0.0620727539
vn -0.0893554688 0.993164062 0.0740356445
vn -0.292480469 0.924804688 0.242797852
vn -0.691894531 0.564941406 -0.449707031
vn -0.485107422 0.787109375 0.381103516
vn -0.6484375 0.443115234 -0.618652344
vn -0.891113281 0.396728516 -0.220947266
vn -0.473876953 0.645019531 0.599609375
vn -0.218383789 0.313232422 -0.924316406
vn -0.976074219 0.217529297 0.001537323
vn -0.477294922 0.506835938 0.717773438
vn -0.130126953 0.144042969 -0.980957031
vn 0.246582031 0.172363281 -0.953613281
vn 0.281738281 0.0858764648 -0.955566406
vn -0.564453125 0.261474609 -0.782714844
vn -0.874511719 0.278076172 -0.397460938
vn -0.113342285 -0.0215454102 -0.993164062
vn 0.330322266 -0.0537719727 -0.942382812
vn -0.492431641 0.0503234863 -0.868652344
vn -0.0939941406 -0.224609375 -0.969726562
vn -0.485351562 -0.152099609 -0.860839844
vn -0.721679688 -0.0524902344 -0.689941406
vn -0.0325927734 -0.427490234 -0.903320312
vn 0.395751953 -0.178344727 -0.900878906
vn -0.477050781 -0.355957031 -0.803710938
vn 0.0476074219 -0.600585938 -0.797851562
vn 0.446533203 -0.281982422 -0.849121094
vn 0.489501953 -0.388671875 -0.780761719
vn -0.806640625 0.113647461 -0.580078125
vn -0.745605469 -0.21875 -0.629394531
vn -0.900878906 -0.113220215 -0.419189453
vn -0.900878906 -0.311279297 -0.302734375
vn -0.9765625 0.0631103516 -0.205932617
vn -0.98828125 -0.145141602 -0.0508422852
vn -0.983398438 0.0319519043 0.179199219
vn -0.941894531 -0.326660156 0.0790405273
vn -0.934570312 -0.15625 0.319824219
vn -0.848632812 -0.316650391 0.423828125
vn -0.432861328 0.368408203 0.822753906
vn -0.367919922 0.249023438 0.895996094
vn -0.286376953 0.139038086 0.947753906
vn -0.741699219 -0.397705078 -0.540527344
vn -0.695800781 -0.571289062 -0.434814453
vn -0.856933594 -0.480224609 -0.187744141
vn -0.732421875 -0.458251953 0.503417969
vn -0.18371582 0.0370788574 0.982421875
vn -0.857910156 -0.479003906 0.186157227
vn -0.423095703 -0.562011719 -0.710449219
vn -0.329101562 -0.736816406 -0.590820312
vn -0.609863281 -0.721679688 -0.327880859
vn 0.128051758 -0.727539062 -0.673828125
vn 0.536621094 -0.480957031 -0.693359375
vn -0.742675781 -0.610351562 0.276123047
vn -0.775878906 -0.625488281 -0.0829467773
vn -0.219604492 -0.854980469 -0.470214844
vn -0.117919922 -0.91796875 -0.378662109
vn -0.499755859 -0.834472656 -0.231689453
vn -0.666015625 -0.745605469 0.00953674316
vn 0.212402344 -0.801269531 -0.559570312
vn 0.296875 -0.83984375 -0.454589844
vn 0.572753906 -0.55859375 -0.600097656
vn 0.329101562 -0.887207031 -0.323974609
vn 0.584960938 -0.634277344 -0.505859375
vn 0.608886719 -0.698242188 -0.376708984
vn -0.394042969 -0.90625 -0.151977539
vn -0.537109375 -0.838378906 0.0935058594
vn -0.0159759521 -0.952148438 -0.305175781
vn -0.282470703 -0.954589844 -0.0932006836
vn -0.595214844 -0.723144531 0.351074219
vn -0.585449219 -0.585449219 0.560546875
vn -0.412841797 -0.819335938 0.398193359
vn -0.410400391 -0.698242188 0.586425781
vn -0.220336914 -0.790527344 0.571777344
vn -0.059387207 -0.0521850586 0.997070312
vn 0.0780029297 -0.122619629 0.989257812
vn 0.232177734 -0.181884766 0.955566406
vn -0.376464844 -0.913085938 0.157470703
vn -0.143798828 -0.987792969 -0.0619812012
vn -0.209838867 -0.895019531 0.393554688
vn -0.0109100342 -0.861816406 0.506835938
vn 0.403320312 -0.207763672 0.891113281
vn 0.0136947632 -0.950683594 0.309814453
vn 0.0574645996 -0.995605469 0.0758056641
vn -0.180053711 -0.968261719 0.172729492
vn 0.0679321289 -0.985351562 -0.157836914
vn 0.276123047 -0.90234375 0.331298828
vn 0.650390625 -0.294189453 0.700195312
vn 0.881347656 -0.116088867 0.457763672
vn 0.297607422 -0.946289062 0.124450684
vn 0.659667969 -0.716308594 -0.228149414
vn 0.305664062 -0.945800781 -0.111206055
vn 0.0162811279 -0.702148438 0.711425781
vn 0.0127639771 -0.830078125 0.557617188
vn -0.159912109 -0.815917969 0.556152344
vn 0.00881195068 -0.922851562 0.385009766
vn -0.141357422 -0.693359375 0.706542969
vn -0.152832031 -0.541992188 0.826171875
vn -0.295166016 -0.667480469 0.68359375
vn 0.0191497803 -0.547363281 0.836425781
vn 0.021194458 -0.376464844 0.926269531
vn -0.178710938 -0.904785156 0.38671875
vn -0.19140625 -0.9609375 0.200439453
vn -0.358398438 -0.854980469 0.375244141
vn 0.00450897217 -0.98046875 0.197143555
vn -0 -1 0
vn -0.197143555 -0.98046875 0.00450897217
vn -0.385009766 -0.922851562 0.00881195068
vn -0.377929688 -0.904785156 0.196166992
vn -0.547851562 -0.815917969 0.185180664
vn -0.557617188 -0.830078125 0.0127639771
vn -0.711425781 -0.702148438 0.0162811279
vn -0.327148438 -0.776855469 0.538085938
vn -0.482666016 -0.715332031 0.505371094
vn -0.522460938 -0.776855469 0.3515625
vn -0.669433594 -0.667480469 0.326171875
vn -0.69921875 -0.693359375 0.173461914
vn -0.818359375 -0.541992188 0.190429688
vn -0.836425781 -0.547363281 0.0191497803
vn -0.926269531 -0.376464844 0.021194458
vn -0.904296875 -0.374023438 0.206542969
vn -0.957519531 -0.191162109 0.215698242
vn -0.851074219 -0.359130859 0.383544922
vn -0.980957031 -0.192138672 0.0224609375
vn -0.999511719 7.27176666E-05 0.0228729248
vn -0.775878906 -0.520996094 0.355712891
vn -0.7109375 -0.485839844 0.508789062
vn -0.623046875 -0.625488281 0.469482422
vn -0.56640625 -0.571777344 0.593261719
vn -0.440673828 -0.625488281 0.644042969
vn -0.475585938 -0.485839844 0.733398438
vn -0.617675781 -0.447753906 0.646484375
vn -0.657714844 -0.304931641 0.688476562
vn -0.770019531 -0.332763672 0.544433594
vn -0.807128906 -0.168823242 0.565917969
vn -0.319824219 -0.520996094 0.791503906
vn -0.344238281 -0.359130859 0.867675781
vn -0.8984375 -0.183105469 0.399169922
vn -0.915527344 3.80277634E-05 0.401855469
vn -0.508789062 -0.332763672 0.793945312
vn -0.528320312 -0.168823242 0.83203125
vn -0.164916992 -0.374023438 0.912597656
vn -0.171630859 -0.191162109 0.966308594
vn 0.0224609375 -0.192138672 0.980957031
vn 0.0228729248 7.27176666E-05 0.999511719
vn -0.682617188 -0.154296875 0.714355469
vn -0.690917969 0 0.723144531
vn -0.357666016 -0.183105469 0.915527344
vn -0.359375 3.79681587E-05 0.933105469
vn -0.172119141 6.37173653E-05 0.984863281
vn -0.171020508 0.204345703 0.963867188
vn 0.0223846436 0.205810547 0.978515625
vn 0.0204925537 0.444580078 0.895507812
vn -0.8203125 1.15036964E-05 0.571777344
vn -0.805664062 0.177490234 0.564941406
vn -0.533691406 1.14440918E-05 0.845703125
vn -0.52734375 0.177490234 0.831054688
vn -0.356445312 0.194580078 0.9140625
vn -0.334228516 0.419433594 0.844238281
vn -0.159179688 0.440673828 0.883300781
vn -0.131713867 0.686523438 0.71484375
vn 0.0164642334 0.694335938 0.719238281
vn 0.0107803345 0.881835938 0.471191406
vn -0.0925292969 0.874023438 0.476806641
vn -0.206298828 0.848632812 0.487304688
vn -0.282226562 0.656738281 0.69921875
vn -0.432861328 0.604980469 0.66796875
vn -0.335205078 0.80078125 0.49609375
vn -0.468017578 0.735351562 0.489990234
vn -0.498046875 0.382080078 0.778320312
vn -0.6484375 0.345214844 0.678710938
vn -0.575683594 0.552734375 0.602539062
vn -0.647460938 0.604980469 0.462890625
vn -0.480224609 0.80078125 0.357666016
vn -0.477294922 0.848632812 0.228393555
vn -0.681640625 0.160766602 0.713867188
vn -0.754882812 0.382080078 0.533203125
vn -0.827636719 0.419433594 0.372314453
vn -0.686035156 0.656738281 0.313720703
vn -0.708007812 0.686523438 0.164306641
vn -0.472167969 0.874023438 0.114257812
vn -0.471191406 0.881835938 0.0107803345
vn -0.719238281 0.694335938 0.0164642334
vn -0.895507812 0.444580078 0.0204925537
vn -0.875 0.440673828 0.199462891
vn -0.955078125 0.204345703 0.21484375
vn -0.978515625 0.205810547 0.0223846436
vn -0.896484375 0.194580078 0.397949219
vn -0.976074219 6.37173653E-05 0.217041016
vn 0.711425781 -0.702148438 -0.0162811279
vn 0.557617188 -0.830078125 -0.0127639771
vn 0.556152344 -0.815917969 0.159912109
vn 0.385009766 -0.922851562 -0.00881195068
vn 0.706542969 -0.693359375 0.141357422
vn 0.826171875 -0.541992188 0.152832031
vn 0.68359375 -0.667480469 0.295166016
vn 0.836425781 -0.547363281 -0.0191497803
vn 0.926269531 -0.376464844 -0.021194458
vn 0.38671875 -0.904785156 0.178710938
vn 0.200439453 -0.9609375 0.19140625
vn 0.375244141 -0.854980469 0.358398438
vn 0.197143555 -0.98046875 -0.00450897217
vn -0 -1 0
vn 0.00450897217 -0.98046875 0.197143555
vn 0.00881195068 -0.922851562 0.385009766
vn 0.196166992 -0.904785156 0.377929688
vn 0.185180664 -0.815917969 0.547851562
vn 0.0127639771 -0.830078125 0.557617188
vn 0.0162811279 -0.702148438 0.711425781
vn 0.538085938 -0.776855469 0.327148438
vn 0.505371094 -0.715332031 0.482666016
vn 0.3515625 -0.776855469 0.522460938
vn 0.326171875 -0.667480469 0.669433594
vn 0.173461914 -0.693359375 0.69921875
vn 0.190429688 -0.541992188 0.818359375
vn 0.0191497803 -0.547363281 0.836425781
vn 0.021194458 -0.376464844 0.926269531
vn 0.206542969 -0.374023438 0.904296875
vn 0.215698242 -0.191162109 0.957519531
vn 0.383544922 -0.359130859 0.851074219
vn 0.0224609375 -0.192138672 0.980957031
vn 0.0228729248 7.27176666E-05 0.999511719
vn 0.355712891 -0.520996094 0.775878906
vn 0.508789062 -0.485839844 0.7109375
vn 0.469482422 -0.625488281 0.623046875
vn 0.593261719 -0.571777344 0.56640625
vn 0.644042969 -0.625488281 0.440673828
vn 0.733398438 -0.485839844 0.475585938
vn 0.646484375 -0.447753906 0.617675781
vn 0.688476562 -0.304931641 0.657714844
vn 0.544433594 -0.332763672 0.770019531
vn 0.565917969 -0.168823242 0.807128906
vn 0.791503906 -0.520996094 0.319824219
vn 0.867675781 -0.359130859 0.344238281
vn 0.399169922 -0.183105469 0.8984375
vn 0.401855469 3.80277634E-05 0.915527344
vn 0.793945312 -0.332763672 0.508789062
vn 0.83203125 -0.168823242 0.528320312
vn 0.912597656 -0.374023438 0.164916992
vn 0.966308594 -0.191162109 0.171630859
vn 0.980957031 -0.192138672 -0.0224609375
vn 0.999511719 7.2658062E-05 -0.0228729248
vn 0.714355469 -0.154296875 0.682617188
vn 0.723144531 0 0.690917969
vn 0.915527344 -0.183105469 0.357666016
vn 0.933105469 3.79681587E-05 0.359375
vn 0.984863281 6.37173653E-05 0.172119141
vn 0.963867188 0.204345703 0.171020508
vn 0.978515625 0.205810547 -0.0223846436
vn 0.895507812 0.444580078 -0.0204925537
vn 0.571777344 1.14440918E-05 0.8203125
vn 0.564941406 0.177490234 0.805664062
vn 0.845703125 1.14440918E-05 0.533691406
vn 0.831054688 0.177490234 0.52734375
vn 0.9140625 0.194580078 0.356445312
vn 0.844238281 0.419433594 0.334228516
vn 0.883300781 0.440673828 0.159179688
vn 0.71484375 0.686523438 0.131713867
vn 0.719238281 0.694335938 -0.0164642334
vn 0.471191406 0.881835938 -0.0107803345
vn 0.476806641 0.874023438 0.0925292969
vn 0.487304688 0.848632812 0.206298828
vn 0.69921875 0.656738281 0.282226562
vn 0.66796875 0.604980469 0.432861328
vn 0.49609375 0.80078125 0.335205078
vn 0.489990234 0.735351562 0.468017578
vn 0.778320312 0.382080078 0.498046875
vn 0.678710938 0.345214844 0.6484375
vn 0.602539062 0.552734375 0.575683594
vn 0.462890625 0.604980469 0.647460938
vn 0.357666016 0.80078125 0.480224609
vn 0.228393555 0.848632812 0.477294922
vn 0.713867188 0.160766602 0.681640625
vn 0.533203125 0.382080078 0.754882812
vn 0.372314453 0.419433594 0.827636719
vn 0.313720703 0.656738281 0.686035156
vn 0.164306641 0.686523438 0.708007812
vn 0.114257812 0.874023438 0.472167969
vn 0.0107803345 0.881835938 0.471191406
vn 0.0164642334 0.694335938 0.719238281
vn 0.0204925537 0.444580078 0.895507812
vn 0.199462891 0.440673828 0.875
vn 0.21484375 0.204345703 0.955078125
vn 0.0223846436 0.205810547 0.978515625
vn 0.397949219 0.194580078 0.896484375
vn 0.217041016 6.37769699E-05 0.976074219
vn -0.0162811279 -0.702148438 -0.711425781
vn -0.0127639771 -0.830078125 -0.557617188
vn 0.159912109 -0.815917969 -0.556152344
vn -0.00881195068 -0.922851562 -0.385009766
vn 0.141357422 -0.693359375 -0.706542969
vn 0.152832031 -0.541992188 -0.826171875
vn 0.295166016 -0.667480469 -0.68359375
vn -0.0191497803 -0.547363281 -0.836425781
vn -0.021194458 -0.376464844 -0.926269531
vn 0.178710938 -0.904785156 -0.38671875
vn 0.19140625 -0.9609375 -0.200439453
vn 0.358398438 -0.854980469 -0.375244141
vn -0.00450897217 -0.98046875 -0.197143555
vn -0 -1 0
vn 0.197143555 -0.98046875 -0.00450897217
vn 0.385009766 -0.922851562 -0.00881195068
vn 0.377929688 -0.904785156 -0.196166992
vn 0.547851562 -0.815917969 -0.185180664
vn 0.557617188 -0.830078125 -0.0127639771
vn 0.711425781 -0.702148438 -0.0162811279
vn 0.327148438 -0.776855469 -0.538085938
vn 0.482666016 -0.715332031 -0.505371094
vn 0.522460938 -0.776855469 -0.3515625
vn 0.669433594 -0.667480469 -0.326171875
vn 0.69921875 -0.693359375 -0.173461914
vn 0.818359375 -0.541992188 -0.190429688
vn 0.836425781 -0.547363281 -0.0191497803
vn 0.926269531 -0.376464844 -0.021194458
vn 0.904296875 -0.374023438 -0.206542969
vn 0.957519531 -0.191162109 -0.215698242
vn 0.851074219 -0.359130859 -0.383544922
vn 0.980957031 -0.192138672 -0.0224609375
vn 0.999511719 7.2658062E-05 -0.0228729248
vn 0.775878906 -0.520996094 -0.355712891
vn 0.7109375 -0.485839844 -0.508789062
vn 0.623046875 -0.625488281 -0.469482422
vn 0.56640625 -0.571777344 -0.593261719
vn 0.440673828 -0.625488281 -0.644042969
vn 0.475585938 -0.485839844 -0.733398438
vn 0.617675781 -0.447753906 -0.646484375
vn 0.657714844 -0.304931641 -0.688476562
vn 0.770019531 -0.332763672 -0.544433594
vn 0.807128906 -0.168823242 -0.565917969
vn 0.319824219 -0.520996094 -0.791503906
vn 0.344238281 -0.359130859 -0.867675781
vn 0.8984375 -0.183105469 -0.399169922
vn 0.915527344 3.79085541E-05 -0.401855469
vn 0.508789062 -0.332763672 -0.793945312
vn 0.528320312 -0.168823242 -0.83203125
vn 0.164916992 -0.374023438 -0.912597656
vn 0.171630859 -0.191162109 -0.966308594
vn -0.0224609375 -0.192138672 -0.980957031
vn -0.0228729248 7.2658062E-05 -0.999511719
vn 0.682617188 -0.154296875 -0.714355469
vn 0.690917969 0 -0.723144531
vn 0.357666016 -0.183105469 -0.915527344
vn 0.359375 3.78489494E-05 -0.933105469
vn 0.172119141 6.3598156E-05 -0.984863281
vn 0.171020508 0.204345703 -0.963867188
vn -0.0223846436 0.205810547 -0.978515625
vn -0.0204925537 0.444580078 -0.895507812
vn 0.8203125 1.12652779E-05 -0.571777344
vn 0.805664062 0.177490234 -0.564941406
vn 0.533691406 1.13248825E-05 -0.845703125
vn 0.52734375 0.177490234 -0.831054688
vn 0.356445312 0.194580078 -0.9140625
vn 0.334228516 0.419433594 -0.844238281
vn 0.159179688 0.440673828 -0.883300781
vn 0.131713867 0.686523438 -0.71484375
vn -0.0164642334 0.694335938 -0.719238281
vn -0.0107803345 0.881835938 -0.471191406
vn 0.0925292969 0.874023438 -0.476806641
vn 0.206298828 0.848632812 -0.487304688
vn 0.282226562 0.656738281 -0.69921875
vn 0.432861328 0.604980469 -0.66796875
vn 0.335205078 0.80078125 -0.49609375
vn 0.468017578 0.735351562 -0.489990234
vn 0.498046875 0.382080078 -0.778320312
vn 0.6484375 0.345214844 -0.678710938
vn 0.575683594 0.552734375 -0.602539062
vn 0.647460938 0.604980469 -0.462890625
vn 0.480224609 0.80078125 -0.357666016
vn 0.477294922 0.848632812 -0.228393555
vn 0.681640625 0.160766602 -0.713867188
vn 0.754882812 0.382080078 -0.533203125
vn 0.827636719 0.419433594 -0.372314453
vn 0.686035156 0.656738281 -0.313720703
vn 0.708007812 0.686523438 -0.164306641
vn 0.472167969 0.874023438 -0.114257812
vn 0.471191406 0.881835938 -0.0107803345
vn 0.719238281 0.694335938 -0.0164642334
vn 0.895507812 0.444580078 -0.0204925537
vn 0.875 0.440673828 -0.199462891
vn 0.955078125 0.204345703 -0.21484375
vn 0.978515625 0.205810547 -0.0223846436
vn 0.896484375 0.194580078 -0.397949219
vn 0.976074219 6.37173653E-05 -0.217041016
vn -0.471191406 0.881835938 0.0107803345
vn -0.71484375 0.686523438 -0.131713867
vn -0.476806641 0.874023438 -0.0925292969
vn -0.719238281 0.694335938 0.0164642334
vn -0.487304688 0.848632812 -0.206298828
vn -0.895507812 0.444580078 0.0204925537
vn -0.69921875 0.656738281 -0.282226562
vn -0.66796875 0.604980469 -0.432861328
vn -0.844238281 0.419433594 -0.334228516
vn -0.49609375 0.80078125 -0.335205078
vn -0.489990234 0.735351562 -0.468017578
vn -0.883300781 0.440673828 -0.159179688
vn -0.963867188 0.204345703 -0.171020508
vn -0.978515625 0.205810547 0.0223846436
vn -0.999511719 7.27176666E-05 0.0228729248
vn -0.602539062 0.552734375 -0.575683594
vn -0.462890625 0.604980469 -0.647460938
vn -0.678710938 0.345214844 -0.6484375
vn -0.357666016 0.80078125 -0.480224609
vn -0.228393555 0.848632812 -0.477294922
vn -0.778320312 0.382080078 -0.498046875
vn -0.831054688 0.177490234 -0.52734375
vn -0.9140625 0.194580078 -0.356445312
vn -0.933105469 3.79681587E-05 -0.359375
vn -0.984863281 6.37173653E-05 -0.172119141
vn -0.966308594 -0.191162109 -0.171630859
vn -0.980957031 -0.192138672 0.0224609375
vn -0.926269531 -0.376464844 0.021194458
vn -0.313720703 0.656738281 -0.686035156
vn -0.164306641 0.686523438 -0.708007812
vn -0.372314453 0.419433594 -0.827636719
vn -0.114257812 0.874023438 -0.472167969
vn -0.0107803345 0.881835938 -0.471191406
vn -0.0164642334 0.694335938 -0.719238281
vn -0.0204925537 0.444580078 -0.895507812
vn -0.199462891 0.440673828 -0.875
vn -0.21484375 0.204345703 -0.955078125
vn -0.0223846436 0.205810547 -0.978515625
vn -0.0228729248 7.2658062E-05 -0.999511719
vn -0.533203125 0.382080078 -0.754882812
vn -0.564941406 0.177490234 -0.805664062
vn -0.397949219 0.194580078 -0.896484375
vn -0.401855469 3.79681587E-05 -0.915527344
vn -0.217041016 6.37173653E-05 -0.976074219
vn -0.215698242 -0.191162109 -0.957519531
vn -0.0224609375 -0.192138672 -0.980957031
vn -0.021194458 -0.376464844 -0.926269531
vn -0.713867188 0.160766602 -0.681640625
vn -0.723144531 0 -0.690917969
vn -0.571777344 1.12652779E-05 -0.8203125
vn -0.565917969 -0.168823242 -0.807128906
vn -0.399169922 -0.183105469 -0.8984375
vn -0.383544922 -0.359130859 -0.851074219
vn -0.206542969 -0.374023438 -0.904296875
vn -0.190429688 -0.541992188 -0.818359375
vn -0.0191497803 -0.547363281 -0.836425781
vn -0.0162811279 -0.702148438 -0.711425781
vn -0.845703125 1.12652779E-05 -0.533691406
vn -0.83203125 -0.168823242 -0.528320312
vn -0.714355469 -0.154296875 -0.682617188
vn -0.688476562 -0.304931641 -0.657714844
vn -0.544433594 -0.332763672 -0.770019531
vn -0.508789062 -0.485839844 -0.7109375
vn -0.355712891 -0.520996094 -0.775878906
vn -0.326171875 -0.667480469 -0.669433594
vn -0.173461914 -0.693359375 -0.69921875
vn -0.185180664 -0.815917969 -0.547851562
vn -0.0127639771 -0.830078125 -0.557617188
vn -0.00881195068 -0.922851562 -0.385009766
vn -0.196166992 -0.904785156 -0.377929688
vn -0.200439453 -0.9609375 -0.19140625
vn -0.375244141 -0.854980469 -0.358398438
vn -0.00450897217 -0.98046875 -0.197143555
vn -0 -1 0
vn -0.197143555 -0.98046875 0.00450897217
vn -0.385009766 -0.922851562 0.00881195068
vn -0.38671875 -0.904785156 -0.178710938
vn -0.556152344 -0.815917969 -0.159912109
vn -0.557617188 -0.830078125 0.0127639771
vn -0.711425781 -0.702148438 0.0162811279
vn -0.3515625 -0.776855469 -0.522460938
vn -0.505371094 -0.715332031 -0.482666016
vn -0.538085938 -0.776855469 -0.327148438
vn -0.68359375 -0.667480469 -0.295166016
vn -0.706542969 -0.693359375 -0.141357422
vn -0.826171875 -0.541992188 -0.152832031
vn -0.836425781 -0.547363281 0.0191497803
vn -0.469482422 -0.625488281 -0.623046875
vn -0.593261719 -0.571777344 -0.56640625
vn -0.644042969 -0.625488281 -0.440673828
vn -0.733398438 -0.485839844 -0.475585938
vn -0.646484375 -0.447753906 -0.617675781
vn -0.912597656 -0.374023438 -0.164916992
vn -0.867675781 -0.359130859 -0.344238281
vn -0.791503906 -0.520996094 -0.319824219
vn -0.793945312 -0.332763672 -0.508789062
vn -0.915527344 -0.183105469 -0.357666016
vn -0.0107803345 0.881835938 -0.471191406
vn -0.00545120239 0.971191406 -0.23815918
vn -0.0814819336 0.965332031 -0.248901367
vn -0.114257812 0.874023438 -0.472167969
vn -0.00192165375 0.996582031 -0.083984375
vn -0.228393555 0.848632812 -0.477294922
vn -0.0495300293 0.994140625 -0.0979614258
vn -0.0231018066 0.999511719 -0.022064209
vn -0.137329102 0.981933594 -0.131103516
vn -0.000275850296 1 -0.012046814
vn -0 1 0
vn -0.012046814 1 0.000275611877
vn -0.083984375 0.996582031 0.00192260742
vn -0.182128906 0.944335938 -0.274658203
vn -0.319091797 0.897460938 -0.3046875
vn -0.357666016 0.80078125 -0.480224609
vn -0.489990234 0.735351562 -0.468017578
vn -0.49609375 0.80078125 -0.335205078
vn -0.487304688 0.848632812 -0.206298828
vn -0.100097656 0.994140625 -0.0449829102
vn -0.252441406 0.965332031 -0.0700073242
vn -0.23815918 0.971191406 0.00545120239
vn -0.471191406 0.881835938 0.0107803345
vn -0.476806641 0.874023438 -0.0925292969
vn -0.282714844 0.944335938 -0.169433594
vn 0.471191406 0.881835938 -0.0107803345
vn 0.23815918 0.971191406 -0.00545120239
vn 0.248901367 0.965332031 -0.0814819336
vn 0.472167969 0.874023438 -0.114257812
vn 0.083984375 0.996582031 -0.00192260742
vn 0.477294922 0.848632812 -0.228393555
vn 0.0979614258 0.994140625 -0.0495300293
vn 0.022064209 0.999511719 -0.0231018066
vn 0.131103516 0.981933594 -0.137329102
vn 0.012046814 1 -0.000275850296
vn -0 1 0
vn -0.000275850296 1 -0.012046814
vn -0.00192165375 0.996582031 -0.083984375
vn 0.274658203 0.944335938 -0.182128906
vn 0.3046875 0.897460938 -0.319091797
vn 0.480224609 0.80078125 -0.357666016
vn 0.468017578 0.735351562 -0.489990234
vn 0.335205078 0.80078125 -0.49609375
vn 0.206298828 0.848632812 -0.487304688
vn 0.0449829102 0.994140625 -0.100097656
vn 0.0700073242 0.965332031 -0.252441406
vn -0.00545120239 0.971191406 -0.23815918
vn -0.0107803345 0.881835938 -0.471191406
vn 0.0925292969 0.874023438 -0.476806641
vn 0.169433594 0.944335938 -0.282714844
vn 0.0107803345 0.881835938 0.471191406
vn 0.00545120239 0.971191406 0.23815918
vn 0.0814819336 0.965332031 0.248901367
vn 0.114257812 0.874023438 0.472167969
vn 0.00192260742 0.996582031 0.083984375
vn 0.228393555 0.848632812 0.477294922
vn 0.0495300293 0.994140625 0.0979614258
vn 0.0231018066 0.999511719 0.022064209
vn 0.137329102 0.981933594 0.131103516
vn 0.000275850296 1 0.012046814
vn -0 1 0
vn 0.012046814 1 -0.000275850296
vn 0.083984375 0.996582031 -0.00192260742
vn 0.182128906 0.944335938 0.274658203
vn 0.319091797 0.897460938 0.3046875
vn 0.357666016 0.80078125 0.480224609
vn 0.489990234 0.735351562 0.468017578
vn 0.49609375 0.80078125 0.335205078
vn 0.487304688 0.848632812 0.206298828
vn 0.100097656 0.994140625 0.0449829102
vn 0.252441406 0.965332031 0.0700073242
vn 0.23815918 0.971191406 -0.00545120239
vn 0.471191406 0.881835938 -0.0107803345
vn 0.476806641 0.874023438 0.0925292969
vn 0.282714844 0.944335938 0.169433594
vn -0.471191406 0.881835938 0.0107803345
vn -0.23815918 0.971191406 0.00545120239
vn -0.248901367 0.965332031 0.0814819336
vn -0.472167969 0.874023438 0.114257812
vn -0.083984375 0.996582031 0.00192260742
vn -0.477294922 0.848632812 0.228393555
vn -0.0979614258 0.994140625 0.0495300293
vn -0.022064209 0.999511719 0.0231018066
vn -0.131103516 0.981933594 0.137329102
vn -0.012046814 1 0.000275611877
vn -0 1 0
vn 0.000275850296 1 0.012046814
vn 0.00192260742 0.996582031 0.083984375
vn -0.274658203 0.944335938 0.182128906
vn -0.3046875 0.897460938 0.319091797
vn -0.480224609 0.80078125 0.357666016
vn -0.468017578 0.735351562 0.489990234
vn -0.335205078 0.80078125 0.49609375
vn -0.206298828 0.848632812 0.487304688
vn -0.0449829102 0.994140625 0.100097656
vn -0.0700073242 0.965332031 0.252441406
vn 0.00545120239 0.971191406 0.23815918
vn 0.0107803345 0.881835938 0.471191406
vn -0.0925292969 0.874023438 0.476806641
vn -0.169433594 0.944335938 0.282714844
vn 0.903808594 -0.263427734 0.337646484
vn 0.922851562 0.372802734 -0.0991210938
vn 0.984375 -0.0729980469 -0.158691406
vn 0.831542969 0.322753906 0.452392578
vn 0.618164062 0.78125 0.0850219727
vn 0.569335938 0.720214844 0.395751953
vn 0.256347656 0.759765625 0.597167969
vn 0.305908203 0.917480469 0.254150391
vn 0.0903320312 0.693847656 0.714355469
vn 0.191040039 0.932128906 0.307617188
vn -0.107910156 0.940917969 0.321533203
vn -0.0058555603 0.580078125 0.814453125
vn -0.230834961 0.425292969 0.875
vn -0.750488281 0.59765625 0.281738281
vn -0.954101562 0.0305786133 0.297119141
vn -0.333496094 0.104797363 0.937011719
vn -0.299072266 -0.181884766 0.937011719
vn -0.909667969 -0.322021484 0.261962891
vn 0.903808594 -0.263427734 0.337646484
vn 0.984375 -0.0729980469 -0.158691406
vn 0.921875 -0.376220703 -0.0947875977
vn 0.778320312 -0.562011719 0.280273438
vn 0.81640625 -0.571289062 0.0852050781
vn 0.711914062 -0.619140625 0.331542969
vn 0.581054688 -0.640625 0.501953125
vn 0.712890625 -0.670898438 0.204223633
vn 0.534667969 -0.559570312 0.6328125
vn 0.67578125 -0.710449219 0.196411133
vn 0.391357422 -0.897949219 0.201538086
vn 0.445556641 -0.488525391 0.75
vn 0.128417969 -0.508300781 0.8515625
vn -0.245239258 -0.927246094 0.282714844
vn -0.132568359 -0.378417969 0.916015625
vn -0.744628906 -0.611328125 0.267089844
vn -0.909667969 -0.322021484 0.261962891
vn -0.299072266 -0.181884766 0.937011719
vn -0.704589844 -0.240112305 -0.667480469
vn -0.954101562 0.0305786133 0.297119141
vn -0.909667969 -0.322021484 0.261962891
vn -0.75390625 0.00733184814 -0.657226562
vn -0.334960938 0.208129883 -0.918945312
vn -0.3046875 -0.12902832 -0.943847656
vn -0.750488281 0.59765625 0.281738281
vn 0.0276947021 -0.0393676758 -0.999023438
vn -0.676269531 0.527832031 -0.513671875
vn -0.107910156 0.940917969 0.321533203
vn -0.244262695 0.80859375 -0.534667969
vn 0.106933594 0.854003906 -0.509277344
vn 0.191040039 0.932128906 0.307617188
vn 0.305908203 0.917480469 0.254150391
vn 0.00249862671 0.348632812 -0.937011719
vn 0.311035156 0.404785156 -0.859863281
vn 0.362304688 0.0302124023 -0.931640625
vn 0.760742188 0.0272827148 -0.6484375
vn 0.328369141 0.845214844 -0.421386719
vn 0.618164062 0.78125 0.0850219727
vn 0.704101562 0.404785156 -0.583496094
vn 0.984375 -0.0729980469 -0.158691406
vn 0.922851562 0.372802734 -0.0991210938
vn 0.556152344 0.755859375 -0.345214844
vn -0.704589844 -0.240112305 -0.667480469
vn -0.909667969 -0.322021484 0.261962891
vn -0.744628906 -0.611328125 0.267089844
vn -0.604003906 -0.451171875 -0.657226562
vn -0.180786133 -0.373535156 -0.909667969
vn -0.3046875 -0.12902832 -0.943847656
vn 0.0276947021 -0.0393676758 -0.999023438
vn -0.353515625 -0.752441406 -0.555664062
vn -0.245239258 -0.927246094 0.282714844
vn 0.117126465 -0.767578125 -0.629882812
vn 0.391357422 -0.897949219 0.201538086
vn 0.67578125 -0.710449219 0.196411133
vn 0.453613281 -0.668457031 -0.589355469
vn 0.712890625 -0.670898438 0.204223633
vn 0.134521484 -0.332275391 -0.93359375
vn 0.412841797 -0.273925781 -0.868652344
vn 0.362304688 0.0302124023 -0.931640625
vn 0.760742188 0.0272827148 -0.6484375
vn 0.62890625 -0.599609375 -0.495117188
vn 0.774902344 -0.506835938 -0.377929688
vn 0.81640625 -0.571289062 0.0852050781
vn 0.921875 -0.376220703 -0.0947875977
vn 0.776367188 -0.26953125 -0.569824219
vn 0.984375 -0.0729980469 -0.158691406
vn -0.766113281 -0.629882812 -0.128173828
vn -0.424316406 -0.828613281 -0.364990234
vn -0.286865234 -0.954101562 -0.0856323242
vn 0.358642578 -0.317871094 -0.877929688
vn 0.92578125 -0.375732422 -0.0372314453
vn 0.972167969 0.234619141 -0.00841522217
vn 0.975097656 0.219726562 -0.0298614502
vn 0.961425781 0.275146484 -0.0096206665
vn 0.706054688 0.306640625 -0.638183594
vn 0.778320312 0.263427734 -0.5703125
vn 0.469238281 -0.217651367 -0.855957031
vn 0.473876953 -0.18347168 -0.861328125
vn 0.466552734 -0.142578125 -0.873046875
vn 0.497070312 -0.0143432617 -0.867675781
vn 0.528320312 0.0703735352 -0.846191406
vn 0.809082031 0.368652344 -0.458007812
vn 0.546875 0.120300293 -0.828613281
vn 0.745605469 0.441650391 -0.499023438
vn 0.941894531 0.314208984 0.119934082
vn 0.784179688 0.343505859 -0.517089844
vn 0.975585938 0.193359375 0.103881836
vn 0.854980469 0.296142578 -0.426025391
vn 0.80859375 0.133300781 -0.572753906
vn 0.999023438 -0.0288848877 0.0384216309
vn 0.886230469 0.125976562 -0.446044922
vn 0.568847656 0.14855957 -0.809082031
vn 0.571777344 0.138427734 -0.80859375
vn 0.767089844 -0.0985107422 -0.633789062
vn 0.945800781 -0.323974609 -0.0296325684
vn 0.889648438 -0.453125 -0.0586547852
vn 0.865722656 -0.0841674805 -0.493164062
vn 0.798339844 -0.239257812 -0.552246094
vn 0.549804688 0.16003418 -0.819824219
vn 0.534667969 0.210693359 -0.818359375
vn 0.696777344 -0.2734375 -0.663085938
vn 0.887695312 -0.442626953 -0.12487793
vn 0.734863281 -0.243408203 -0.6328125
vn 0.514160156 0.297851562 -0.804199219
vn 0.640136719 -0.265625 -0.721191406
vn 0.506835938 0.358398438 -0.783691406
vn 0.84375 -0.503417969 -0.187133789
vn 0.979980469 0.0711669922 -0.186279297
vn 0.533203125 0.307373047 -0.788085938
vn 0.539550781 0.323730469 -0.77734375
vn -0.0587463379 -0.701171875 0.7109375
vn 0.450683594 -0.763671875 0.462158203
vn 0.258056641 -0.916503906 0.306396484
vn -0.135498047 -0.795898438 0.590332031
vn -0.247680664 -0.924804688 0.288818359
vn 0.77734375 -0.62890625 -0.0208587646
vn 0.818847656 -0.393798828 -0.417724609
vn 0.737792969 -0.219360352 -0.638671875
vn 0.626953125 -0.0933837891 -0.7734375
vn 0.628417969 -0.322021484 -0.708007812
vn 0.489257812 0.0413818359 -0.87109375
vn 0.302978516 -0.361816406 -0.881835938
vn 0.210449219 0.240112305 -0.947753906
vn 0.137939453 0.0527954102 -0.989257812
vn -0.11907959 -0.150024414 -0.981445312
vn 0.0956420898 -0.393066406 -0.914550781
vn -0.0553894043 -0.561035156 -0.825683594
vn -0.296386719 -0.495117188 -0.816894531
vn -0.19543457 -0.604003906 -0.772949219
vn -0.438476562 -0.627929688 -0.643066406
vn -0.265869141 -0.875488281 -0.403320312
vn 0.0634155273 -0.662597656 -0.74609375
vn -0.127075195 -0.8515625 -0.508300781
vn -0.286865234 -0.954101562 -0.0856323242
vn 0.389892578 -0.407470703 -0.825683594
vn 0.578125 -0.634765625 -0.512695312
vn 0.11340332 -0.665527344 -0.737304688
vn -0.085144043 -0.814453125 -0.573730469
vn 0.3984375 -0.83984375 -0.368652344
vn 0.169921875 -0.953125 -0.250488281
vn 0.376220703 -0.526367188 -0.762207031
vn 0.246826172 -0.344970703 -0.905761719
vn 0.189575195 -0.731933594 -0.654785156
vn 0.501464844 -0.692871094 -0.518066406
vn -0.0603942871 -0.559570312 -0.826660156
vn 0.102355957 -0.862304688 -0.49609375
vn -0.265136719 -0.876464844 -0.401855469
vn 0.481689453 -0.862792969 -0.154541016
vn 0.102783203 -0.872558594 -0.478027344
vn -0.302001953 -0.623046875 -0.721191406
vn -0.184082031 -0.87890625 -0.439941406
vn 0.0817260742 -0.971679688 -0.220947266
vn -0.182739258 -0.963378906 -0.195068359
vn -0.0175323486 -0.998046875 0.0628051758
vn -0.252685547 -0.90234375 -0.348876953
vn -0.766113281 -0.629882812 -0.128173828
vn -0.286865234 -0.954101562 -0.0856323242
vn -0.265869141 -0.875488281 -0.403320312
vn -0.392089844 -0.755371094 -0.524902344
vn -0.8828125 -0.370849609 -0.288330078
vn -0.652832031 -0.497558594 -0.571289062
vn -0.424316406 -0.828613281 -0.364990234
vn -0.340576172 -0.799804688 -0.494384766
vn 0.00887298584 -0.830078125 -0.558105469
vn -0.19543457 -0.604003906 -0.772949219
vn -0.0553894043 -0.561035156 -0.825683594
vn -0.330322266 -0.545898438 -0.770019531
vn 0.134277344 -0.667480469 -0.732421875
vn 0.0956420898 -0.393066406 -0.914550781
vn 0.311523438 -0.340576172 -0.887207031
vn 0.137939453 0.0527954102 -0.989257812
vn -0.486816406 -0.471435547 -0.735351562
vn -0.223022461 -0.0894165039 -0.970703125
vn -0.0530700684 0.365478516 -0.929199219
vn 0.210449219 0.240112305 -0.947753906
vn -0.302978516 0.421630859 -0.854492188
vn -0.444580078 -0.0397949219 -0.895019531
vn -0.606933594 0.434570312 -0.665527344
vn -0.859863281 -0.0493164062 -0.508300781
vn -0.821777344 0.363037109 -0.439453125
vn -0.672851562 -0.362548828 -0.645019531
vn -0.663574219 0.192749023 -0.72265625
vn -0.979003906 0.180297852 -0.0948486328
vn -0.912597656 -0.158203125 0.377441406
vn -0.979980469 -0.146118164 -0.135864258
vn -0.240112305 -0.653808594 -0.717773438
vn -0.706054688 -0.145996094 -0.692871094
vn -0.861328125 -0.0492248535 -0.505859375
vn -0.321289062 -0.421142578 -0.848144531
vn -0.477294922 -0.0854492188 -0.874511719
vn -0.586914062 -0.734863281 -0.340087891
vn -0.436035156 -0.896484375 -0.078125
vn -0.286865234 -0.954101562 -0.0856323242
vn -0.247680664 -0.924804688 0.288818359
vn -0.751464844 -0.478759766 -0.453857422
vn -0.82421875 -0.54296875 -0.159545898
vn -0.751464844 -0.646972656 0.130004883
vn -0.552734375 -0.804199219 -0.21875
vn -0.536132812 -0.834960938 -0.124633789
vn -0.538574219 -0.783203125 0.310546875
vn -0.564941406 -0.576171875 0.590820312
vn -0.135498047 -0.795898438 0.590332031
vn -0.0587463379 -0.701171875 0.7109375
vn -0.881347656 -0.344482422 0.322998047
vn -0.571777344 -0.476806641 0.66796875
vn 0.0210876465 0.984375 -0.17565918
vn -0.0180664062 0.992675781 0.120727539
vn 0.0728149414 0.987304688 -0.140869141
vn 0.0115890503 0.997558594 0.0719604492
vn -0.102172852 0.981933594 -0.159545898
vn -0.0442810059 0.969726562 -0.239135742
vn 0.0336303711 0.962890625 -0.267333984
vn -0.218505859 0.939941406 -0.261962891
vn -0.216918945 0.972167969 -0.0889892578
vn 0.0584411621 0.995605469 0.0732421875
vn -0.0142745972 0.993652344 0.110534668
vn -0.0511474609 0.985839844 -0.159301758
vn 0.0210876465 0.984375 -0.17565918
vn 0.0614318848 0.772949219 -0.631835938
vn -0.0982666016 0.601074219 -0.79296875
vn 0.0808105469 -0.0280761719 -0.99609375
vn 0.52734375 0.584472656 -0.6171875
vn 0.117736816 0.986328125 -0.113586426
vn 0.105651855 0.976074219 -0.189575195
vn -0.13659668 -0.0293273926 -0.990234375
vn 0.0787963867 -0.499023438 -0.862792969
vn 0.241210938 0.720214844 -0.650390625
vn 0.0545959473 0.971191406 -0.231079102
vn -0.0880737305 -0.474365234 -0.875976562
vn 0.102600098 -0.702148438 -0.704589844
vn 0.630859375 -0.037689209 -0.774902344
vn 0.5078125 -0.453369141 -0.732421875
vn 0.216430664 0.558105469 -0.801269531
vn 0.275634766 0.9453125 -0.173706055
vn 0.377441406 -0.0410461426 -0.925292969
vn 0.340087891 -0.662109375 -0.66796875
vn 0.362304688 -0.83203125 -0.419921875
vn 0.0875854492 -0.859375 -0.50390625
vn 0.395263672 -0.404296875 -0.824707031
vn 0.289306641 -0.0381774902 -0.956542969
vn 0.844238281 -0.0222930908 -0.53515625
vn 0.301269531 -0.418212891 -0.856933594
vn 0.577636719 -0.623046875 -0.526855469
vn 0.681640625 -0.6796875 -0.270751953
vn 0.926269531 -0.328125 -0.184448242
vn 0.750976562 -0.383544922 -0.537597656
vn 0.991210938 0.0126495361 -0.133056641
vn 0.830078125 0.546875 -0.109924316
vn 0.227905273 0.973144531 -0.0287017822
vn 0.717773438 0.536621094 -0.443603516
vn -0.0511474609 0.985839844 -0.159301758
vn -0.0180664062 0.992675781 0.120727539
vn 0.0210876465 0.984375 -0.17565918
vn 0.117736816 0.986328125 -0.113586426
vn -0.0344238281 0.996582031 0.0725708008
vn 0.105651855 0.976074219 -0.189575195
vn 0.0545959473 0.971191406 -0.231079102
vn 0.275634766 0.9453125 -0.173706055
vn -0.0142745972 0.993652344 0.110534668
vn 0.227905273 0.973144531 -0.0287017822
vn -0.0772705078 0.995117188 0.0574645996
vn 0.0808105469 -0.0280761719 -0.99609375
vn 0.278320312 -0.483398438 -0.830078125
vn 0.0787963867 -0.499023438 -0.862792969
vn 0.102600098 -0.702148438 -0.704589844
vn 0.352783203 -0.0186004639 -0.935546875
vn 0.0614318848 0.772949219 -0.631835938
vn -0.355712891 -0.452148438 -0.817871094
vn 0.316894531 0.592285156 -0.740722656
vn 0.0210876465 0.984375 -0.17565918
vn 0.0728149414 0.987304688 -0.140869141
vn -0.375976562 0.576660156 -0.725585938
vn -0.102172852 0.981933594 -0.159545898
vn -0.430664062 -0.00748443604 -0.90234375
vn -0.00373268127 0.705078125 -0.708984375
vn -0.0442810059 0.969726562 -0.239135742
vn -0.0550537109 -0.0222015381 -0.998046875
vn -0.123474121 -0.430419922 -0.894042969
vn -0.120239258 -0.666992188 -0.735351562
vn -0.215332031 -0.838378906 -0.500488281
vn 0.0875854492 -0.859375 -0.50390625
vn 0.124755859 0.526855469 -0.840820312
vn 0.0336303711 0.962890625 -0.267333984
vn -0.218505859 0.939941406 -0.261962891
vn 0.119750977 -0.0175628662 -0.992675781
vn -0.641113281 0.00467681885 -0.767578125
vn 0.0620422363 -0.393554688 -0.916992188
vn -0.393310547 -0.610839844 -0.6875
vn -0.60546875 -0.673828125 -0.423583984
vn -0.860351562 -0.302001953 -0.41015625
vn -0.563476562 -0.349853516 -0.748535156
vn -0.924316406 0.0287475586 -0.380859375
vn -0.774414062 0.545898438 -0.320068359
vn -0.216918945 0.972167969 -0.0889892578
vn -0.550292969 0.522949219 -0.650878906
vn 0.965332031 -0.0250549316 -0.260253906
vn 0.711425781 0.0957641602 -0.696289062
vn 0.739746094 0.126831055 -0.661132812
vn 0.782714844 0.136474609 -0.607421875
vn 0.693359375 0.118286133 -0.7109375
vn 0.971191406 0.0975952148 -0.216674805
vn 0.801757812 0.148803711 -0.578613281
vn 0.919433594 -0.16027832 -0.359375
vn 0.775878906 0.621582031 -0.108154297
vn 0.933105469 0.290039062 0.212768555
vn 0.937011719 0.300048828 0.179321289
vn 0.928710938 -0.0912475586 -0.359619141
vn 0.903808594 0.420410156 0.0790405273
vn 0.887207031 0.0869750977 -0.453125
vn 0.843261719 0.536132812 -0.0393981934
vn 0.924804688 0.267822266 -0.26953125
vn 0.812988281 0.184448242 -0.552734375
vn 0.793457031 0.266113281 -0.547851562
vn 0.826660156 0.432373047 -0.359863281
vn 0.781738281 0.23425293 -0.578125
vn 0.748046875 0.226196289 -0.623535156
vn 0.705566406 0.541015625 -0.457275391
vn 0.738769531 0.169799805 -0.65234375
vn 0.6640625 0.408935547 -0.625976562
vn 0.731933594 0.680664062 -0.0321960449
vn 0.668945312 0.7421875 -0.0401611328
vn 0.62890625 0.562988281 -0.536621094
vn 0.571777344 0.478271484 -0.666992188
vn 0.708984375 0.704589844 -0.032989502
vn 0.607421875 0.403076172 -0.684570312
vn 0.955566406 0.29296875 0.0386047363
vn 0.78515625 -0.0875244141 -0.612792969
vn 0.790527344 -0.0465698242 -0.610839844
vn 0.660644531 0.475830078 -0.580566406
vn 0.753417969 0.0651245117 -0.654296875
vn 0.786621094 -0.0360107422 -0.616210938
g S_Cat_0
f 3/3/3 2/2/2 1/1/1
f 2/2/2 4/4/4 1/1/1
f 4/4/4 5/5/5 1/1/1
f 4/4/4 2/2/2 6/6/6
f 5/5/5 4/4/4 6/6/6
f 5/5/5 7/7/7 1/1/1
f 2/2/2 8/8/8 6/6/6
f 7/7/7 5/5/5 9/9/9
f 8/8/8 10/10/10 6/6/6
f 5/5/5 11/11/11 9/9/9
f 11/11/11 12/12/12 9/9/9
f 11/11/11 5/5/5 13/13/13
f 12/12/12 11/11/11 13/13/13
f 12/12/12 14/14/14 9/9/9
f 14/14/14 12/12/12 15/15/15
f 16/16/16 5/5/5 6/6/6
f 5/5/5 16/16/16 13/13/13
f 17/17/17 16/16/16 6/6/6
f 16/16/16 17/17/17 13/13/13
f 10/10/10 18/18/18 6/6/6
f 18/18/18 17/17/17 6/6/6
f 18/18/18 10/10/10 19/19/19
f 17/17/17 18/18/18 19/19/19
f 10/10/10 20/20/20 19/19/19
f 20/20/20 21/21/21 19/19/19
f 12/12/12 22/22/22 15/15/15
f 22/22/22 23/23/23 15/15/15
f 22/22/22 12/12/12 24/24/24
f 23/23/23 22/22/22 24/24/24
f 23/23/23 25/25/25 15/15/15
f 25/25/25 23/23/23 26/26/26
f 27/27/27 12/12/12 13/13/13
f 12/12/12 27/27/27 24/24/24
f 28/28/28 27/27/27 13/13/13
f 27/27/27 28/28/28 24/24/24
f 17/17/17 29/29/29 13/13/13
f 29/29/29 28/28/28 13/13/13
f 29/29/29 17/17/17 30/30/30
f 28/28/28 29/29/29 30/30/30
f 31/31/31 17/17/17 19/19/19
f 17/17/17 31/31/31 30/30/30
f 32/32/32 31/31/31 19/19/19
f 31/31/31 32/32/32 30/30/30
f 33/33/33 32/32/32 19/19/19
f 32/32/32 33/33/33 34/34/34
f 21/21/21 33/33/33 19/19/19
f 33/33/33 21/21/21 34/34/34
f 21/21/21 35/35/35 34/34/34
f 35/35/35 36/36/36 34/34/34
f 36/36/36 37/37/37 34/34/34
f 37/37/37 36/36/36 38/38/38
f 37/37/37 39/39/39 34/34/34
f 39/39/39 37/37/37 38/38/38
f 36/36/36 40/40/40 38/38/38
f 40/40/40 41/41/41 38/38/38
f 42/42/42 32/32/32 34/34/34
f 39/39/39 42/42/42 34/34/34
f 32/32/32 42/42/42 43/43/43
f 42/42/42 39/39/39 43/43/43
f 32/32/32 44/44/44 30/30/30
f 44/44/44 32/32/32 43/43/43
f 44/44/44 45/45/45 30/30/30
f 45/45/45 44/44/44 43/43/43
f 45/45/45 46/46/46 30/30/30
f 46/46/46 45/45/45 47/47/47
f 46/46/46 28/28/28 30/30/30
f 28/28/28 46/46/46 47/47/47
f 48/48/48 28/28/28 47/47/47
f 49/49/49 48/48/48 47/47/47
f 28/28/28 48/48/48 24/24/24
f 48/48/48 49/49/49 24/24/24
f 49/49/49 50/50/50 24/24/24
f 50/50/50 49/49/49 51/51/51
f 50/50/50 23/23/23 24/24/24
f 23/23/23 50/50/50 51/51/51
f 52/52/52 23/23/23 51/51/51
f 53/53/53 52/52/52 51/51/51
f 23/23/23 52/52/52 26/26/26
f 52/52/52 53/53/53 26/26/26
f 53/53/53 54/54/54 26/26/26
f 54/54/54 53/53/53 55/55/55
f 53/53/53 56/56/56 55/55/55
f 56/56/56 57/57/57 55/55/55
f 56/56/56 53/53/53 58/58/58
f 57/57/57 56/56/56 58/58/58
f 57/57/57 59/59/59 55/55/55
f 59/59/59 57/57/57 60/60/60
f 61/61/61 53/53/53 51/51/51
f 53/53/53 61/61/61 58/58/58
f 62/62/62 61/61/61 51/51/51
f 61/61/61 62/62/62 58/58/58
f 63/63/63 62/62/62 51/51/51
f 49/49/49 63/63/63 51/51/51
f 63/63/63 49/49/49 64/64/64
f 62/62/62 63/63/63 64/64/64
f 49/49/49 65/65/65 64/64/64
f 65/65/65 66/66/66 64/64/64
f 65/65/65 49/49/49 47/47/47
f 66/66/66 65/65/65 47/47/47
f 67/67/67 66/66/66 47/47/47
f 66/66/66 67/67/67 68/68/68
f 45/45/45 67/67/67 47/47/47
f 67/67/67 45/45/45 68/68/68
f 45/45/45 69/69/69 68/68/68
f 69/69/69 70/70/70 68/68/68
f 69/69/69 45/45/45 43/43/43
f 70/70/70 69/69/69 43/43/43
f 71/71/71 70/70/70 43/43/43
f 39/39/39 71/71/71 43/43/43
f 71/71/71 39/39/39 72/72/72
f 70/70/70 71/71/71 72/72/72
f 39/39/39 73/73/73 72/72/72
f 73/73/73 74/74/74 72/72/72
f 73/73/73 39/39/39 38/38/38
f 74/74/74 73/73/73 38/38/38
f 75/75/75 74/74/74 38/38/38
f 74/74/74 75/75/75 76/76/76
f 41/41/41 75/75/75 38/38/38
f 75/75/75 41/41/41 76/76/76
f 41/41/41 77/77/77 76/76/76
f 77/77/77 78/78/78 76/76/76
f 78/78/78 79/79/79 76/76/76
f 79/79/79 78/78/78 80/80/80
f 79/79/79 81/81/81 76/76/76
f 81/81/81 79/79/79 80/80/80
f 78/78/78 82/82/82 80/80/80
f 82/82/82 83/83/83 80/80/80
f 84/84/84 74/74/74 76/76/76
f 81/81/81 84/84/84 76/76/76
f 74/74/74 84/84/84 85/85/85
f 84/84/84 81/81/81 85/85/85
f 86/86/86 74/74/74 85/85/85
f 87/87/87 86/86/86 85/85/85
f 74/74/74 86/86/86 72/72/72
f 86/86/86 87/87/87 72/72/72
f 83/83/83 88/88/88 80/80/80
f 88/88/88 83/83/83 89/89/89
f 88/88/88 90/90/90 80/80/80
f 90/90/90 88/88/88 89/89/89
f 83/83/83 91/91/91 89/89/89
f 91/91/91 92/92/92 89/89/89
f 93/93/93 81/81/81 80/80/80
f 90/90/90 93/93/93 80/80/80
f 81/81/81 93/93/93 94/94/94
f 93/93/93 90/90/90 94/94/94
f 95/95/95 81/81/81 94/94/94
f 81/81/81 95/95/95 85/85/85
f 96/96/96 95/95/95 94/94/94
f 95/95/95 96/96/96 85/85/85
f 92/92/92 97/97/97 89/89/89
f 97/97/97 92/92/92 98/98/98
f 97/97/97 99/99/99 89/89/89
f 99/99/99 97/97/97 98/98/98
f 92/92/92 100/100/100 98/98/98
f 100/100/100 101/101/101 98/98/98
f 102/102/102 90/90/90 89/89/89
f 99/99/99 102/102/102 89/89/89
f 90/90/90 102/102/102 103/103/103
f 102/102/102 99/99/99 103/103/103
f 90/90/90 104/104/104 94/94/94
f 104/104/104 90/90/90 103/103/103
f 104/104/104 105/105/105 94/94/94
f 105/105/105 104/104/104 103/103/103
f 101/101/101 106/106/106 98/98/98
f 106/106/106 101/101/101 107/107/107
f 106/106/106 108/108/108 98/98/98
f 108/108/108 106/106/106 107/107/107
f 101/101/101 109/109/109 107/107/107
f 109/109/109 110/110/110 107/107/107
f 110/110/110 111/111/111 107/107/107
f 110/110/110 112/112/112 111/111/111
f 112/112/112 113/113/113 111/111/111
f 113/113/113 114/114/114 111/111/111
f 111/111/111 114/114/114 115/115/115
f 108/108/108 116/116/116 98/98/98
f 116/116/116 99/99/99 98/98/98
f 99/99/99 116/116/116 117/117/117
f 116/116/116 108/108/108 117/117/117
f 118/118/118 99/99/99 117/117/117
f 119/119/119 118/118/118 117/117/117
f 99/99/99 118/118/118 103/103/103
f 118/118/118 119/119/119 103/103/103
f 108/108/108 120/120/120 117/117/117
f 120/120/120 119/119/119 117/117/117
f 120/120/120 108/108/108 121/121/121
f 119/119/119 120/120/120 121/121/121
f 119/119/119 122/122/122 103/103/103
f 122/122/122 119/119/119 123/123/123
f 122/122/122 105/105/105 103/103/103
f 105/105/105 122/122/122 123/123/123
f 108/108/108 124/124/124 121/121/121
f 125/125/125 121/121/121 124/124/124
f 124/124/124 108/108/108 107/107/107
f 126/126/126 124/124/124 107/107/107
f 124/124/124 126/126/126 125/125/125
f 111/111/111 126/126/126 107/107/107
f 126/126/126 111/111/111 127/127/127
f 126/126/126 127/127/127 125/125/125
f 127/127/127 111/111/111 115/115/115
f 127/127/127 115/115/115 125/125/125
f 115/115/115 128/128/128 125/125/125
f 125/125/125 128/128/128 129/129/129
f 130/130/130 125/125/125 129/129/129
f 121/121/121 125/125/125 130/130/130
f 130/130/130 129/129/129 131/131/131
f 129/129/129 132/132/132 131/131/131
f 131/131/131 132/132/132 133/133/133
f 134/134/134 131/131/131 133/133/133
f 134/134/134 133/133/133 135/135/135
f 136/136/136 134/134/134 135/135/135
f 137/137/137 121/121/121 130/130/130
f 130/130/130 131/131/131 137/137/137
f 137/137/137 138/138/138 121/121/121
f 136/136/136 135/135/135 139/139/139
f 135/135/135 140/140/140 139/139/139
f 131/131/131 141/141/141 137/137/137
f 138/138/138 137/137/137 141/141/141
f 138/138/138 142/142/142 121/121/121
f 142/142/142 119/119/119 121/121/121
f 119/119/119 142/142/142 123/123/123
f 142/142/142 138/138/138 123/123/123
f 143/143/143 131/131/131 134/134/134
f 143/143/143 144/144/144 131/131/131
f 144/144/144 141/141/141 131/131/131
f 144/144/144 143/143/143 134/134/134
f 144/144/144 145/145/145 141/141/141
f 146/146/146 138/138/138 141/141/141
f 145/145/145 146/146/146 141/141/141
f 138/138/138 146/146/146 147/147/147
f 146/146/146 145/145/145 147/147/147
f 138/138/138 148/148/148 123/123/123
f 148/148/148 138/138/138 147/147/147
f 148/148/148 149/149/149 123/123/123
f 149/149/149 148/148/148 147/147/147
f 150/150/150 144/144/144 134/134/134
f 145/145/145 144/144/144 150/150/150
f 149/149/149 151/151/151 123/123/123
f 151/151/151 105/105/105 123/123/123
f 105/105/105 151/151/151 152/152/152
f 151/151/151 149/149/149 152/152/152
f 153/153/153 105/105/105 152/152/152
f 154/154/154 153/153/153 152/152/152
f 105/105/105 153/153/153 94/94/94
f 153/153/153 154/154/154 94/94/94
f 154/154/154 155/155/155 94/94/94
f 155/155/155 96/96/96 94/94/94
f 155/155/155 154/154/154 156/156/156
f 96/96/96 155/155/155 156/156/156
f 157/157/157 150/150/150 134/134/134
f 157/157/157 158/158/158 150/150/150
f 159/159/159 157/157/157 134/134/134
f 136/136/136 159/159/159 134/134/134
f 157/157/157 159/159/159 136/136/136
f 158/158/158 160/160/160 150/150/150
f 160/160/160 145/145/145 150/150/150
f 145/145/145 160/160/160 161/161/161
f 160/160/160 158/158/158 161/161/161
f 162/162/162 157/157/157 136/136/136
f 158/158/158 157/157/157 162/162/162
f 163/163/163 145/145/145 161/161/161
f 164/164/164 163/163/163 161/161/161
f 145/145/145 163/163/163 147/147/147
f 163/163/163 164/164/164 147/147/147
f 158/158/158 165/165/165 161/161/161
f 165/165/165 164/164/164 161/161/161
f 165/165/165 158/158/158 166/166/166
f 164/164/164 165/165/165 166/166/166
f 158/158/158 167/167/167 166/166/166
f 167/167/167 158/158/158 162/162/162
f 167/167/167 168/168/168 166/166/166
f 168/168/168 167/167/167 162/162/162
f 169/169/169 164/164/164 166/166/166
f 170/170/170 169/169/169 166/166/166
f 164/164/164 169/169/169 171/171/171
f 169/169/169 170/170/170 171/171/171
f 172/172/172 164/164/164 171/171/171
f 164/164/164 172/172/172 147/147/147
f 172/172/172 149/149/149 147/147/147
f 149/149/149 172/172/172 171/171/171
f 173/173/173 168/168/168 162/162/162
f 173/173/173 162/162/162 136/136/136
f 168/168/168 173/173/173 174/174/174
f 174/174/174 173/173/173 175/175/175
f 175/175/175 173/173/173 136/136/136
f 139/139/139 175/175/175 136/136/136
f 176/176/176 149/149/149 171/171/171
f 177/177/177 176/176/176 171/171/171
f 149/149/149 176/176/176 152/152/152
f 176/176/176 177/177/177 152/152/152
f 175/175/175 178/178/178 174/174/174
f 175/175/175 139/139/139 178/178/178
f 178/178/178 139/139/139 179/179/179
f 180/180/180 179/179/179 139/139/139
f 180/180/180 139/139/139 140/140/140
f 140/140/140 181/181/181 180/180/180
f 179/179/179 180/180/180 181/181/181
f 140/140/140 182/182/182 181/181/181
f 179/179/179 181/181/181 183/183/183
f 178/178/178 179/179/179 184/184/184
f 183/183/183 184/184/184 179/179/179
f 178/178/178 184/184/184 185/185/185
f 185/185/185 184/184/184 183/183/183
f 185/185/185 174/174/174 178/178/178
f 185/185/185 186/186/186 174/174/174
f 187/187/187 185/185/185 183/183/183
f 186/186/186 185/185/185 187/187/187
f 188/188/188 186/186/186 187/187/187
f 186/186/186 188/188/188 189/189/189
f 186/186/186 190/190/190 174/174/174
f 190/190/190 191/191/191 174/174/174
f 190/190/190 186/186/186 192/192/192
f 191/191/191 190/190/190 192/192/192
f 193/193/193 186/186/186 189/189/189
f 186/186/186 193/193/193 192/192/192
f 193/193/193 194/194/194 192/192/192
f 194/194/194 193/193/193 189/189/189
f 191/191/191 195/195/195 174/174/174
f 195/195/195 168/168/168 174/174/174
f 168/168/168 195/195/195 196/196/196
f 195/195/195 191/191/191 196/196/196
f 197/197/197 168/168/168 196/196/196
f 198/198/198 197/197/197 196/196/196
f 168/168/168 197/197/197 166/166/166
f 197/197/197 198/198/198 166/166/166
f 194/194/194 199/199/199 192/192/192
f 199/199/199 191/191/191 192/192/192
f 191/191/191 199/199/199 200/200/200
f 199/199/199 194/194/194 200/200/200
f 191/191/191 201/201/201 196/196/196
f 201/201/201 191/191/191 200/200/200
f 201/201/201 202/202/202 196/196/196
f 202/202/202 201/201/201 200/200/200
f 203/203/203 194/194/194 189/189/189
f 194/194/194 203/203/203 204/204/204
f 205/205/205 203/203/203 189/189/189
f 203/203/203 205/205/205 204/204/204
f 206/206/206 205/205/205 189/189/189
f 205/205/205 206/206/206 207/207/207
f 208/208/208 205/205/205 207/207/207
f 205/205/205 208/208/208 204/204/204
f 209/209/209 208/208/208 207/207/207
f 208/208/208 209/209/209 204/204/204
f 210/210/210 209/209/209 207/207/207
f 209/209/209 210/210/210 211/211/211
f 194/194/194 212/212/212 200/200/200
f 212/212/212 194/194/194 204/204/204
f 212/212/212 213/213/213 200/200/200
f 213/213/213 212/212/212 204/204/204
f 214/214/214 202/202/202 200/200/200
f 213/213/213 214/214/214 200/200/200
f 202/202/202 214/214/214 215/215/215
f 214/214/214 213/213/213 215/215/215
f 209/209/209 216/216/216 204/204/204
f 216/216/216 213/213/213 204/204/204
f 216/216/216 209/209/209 217/217/217
f 213/213/213 216/216/216 217/217/217
f 218/218/218 209/209/209 211/211/211
f 209/209/209 218/218/218 217/217/217
f 219/219/219 218/218/218 211/211/211
f 218/218/218 219/219/219 217/217/217
f 220/220/220 219/219/219 211/211/211
f 219/219/219 220/220/220 221/221/221
f 213/213/213 222/222/222 215/215/215
f 222/222/222 213/213/213 217/217/217
f 223/223/223 222/222/222 217/217/217
f 222/222/222 223/223/223 215/215/215
f 219/219/219 224/224/224 217/217/217
f 224/224/224 223/223/223 217/217/217
f 224/224/224 219/219/219 225/225/225
f 223/223/223 224/224/224 225/225/225
f 226/226/226 219/219/219 221/221/221
f 219/219/219 226/226/226 225/225/225
f 227/227/227 226/226/226 221/221/221
f 226/226/226 227/227/227 225/225/225
f 228/228/228 227/227/227 221/221/221
f 227/227/227 228/228/228 229/229/229
f 230/230/230 227/227/227 229/229/229
f 231/231/231 230/230/230 229/229/229
f 227/227/227 230/230/230 232/232/232
f 230/230/230 231/231/231 232/232/232
f 233/233/233 231/231/231 229/229/229
f 231/231/231 233/233/233 234/234/234
f 227/227/227 235/235/235 225/225/225
f 235/235/235 227/227/227 232/232/232
f 235/235/235 236/236/236 225/225/225
f 236/236/236 235/235/235 232/232/232
f 237/237/237 223/223/223 225/225/225
f 236/236/236 237/237/237 225/225/225
f 223/223/223 237/237/237 238/238/238
f 237/237/237 236/236/236 238/238/238
f 239/239/239 223/223/223 238/238/238
f 240/240/240 239/239/239 238/238/238
f 223/223/223 239/239/239 215/215/215
f 239/239/239 240/240/240 215/215/215
f 240/240/240 241/241/241 215/215/215
f 241/241/241 240/240/240 242/242/242
f 241/241/241 202/202/202 215/215/215
f 202/202/202 241/241/241 242/242/242
f 243/243/243 202/202/202 242/242/242
f 244/244/244 243/243/243 242/242/242
f 202/202/202 243/243/243 196/196/196
f 243/243/243 244/244/244 196/196/196
f 244/244/244 245/245/245 196/196/196
f 245/245/245 198/198/198 196/196/196
f 245/245/245 244/244/244 246/246/246
f 198/198/198 245/245/245 246/246/246
f 236/236/236 247/247/247 238/238/238
f 247/247/247 248/248/248 238/238/238
f 247/247/247 236/236/236 249/249/249
f 248/248/248 247/247/247 249/249/249
f 250/250/250 240/240/240 238/238/238
f 248/248/248 250/250/250 238/238/238
f 240/240/240 250/250/250 251/251/251
f 250/250/250 248/248/248 251/251/251
f 240/240/240 252/252/252 242/242/242
f 252/252/252 240/240/240 251/251/251
f 252/252/252 253/253/253 242/242/242
f 253/253/253 252/252/252 251/251/251
f 254/254/254 244/244/244 242/242/242
f 253/253/253 254/254/254 242/242/242
f 244/244/244 254/254/254 255/255/255
f 254/254/254 253/253/253 255/255/255
f 236/236/236 256/256/256 249/249/249
f 256/256/256 257/257/257 249/249/249
f 256/256/256 236/236/236 232/232/232
f 257/257/257 256/256/256 232/232/232
f 258/258/258 244/244/244 255/255/255
f 259/259/259 258/258/258 255/255/255
f 244/244/244 258/258/258 246/246/246
f 258/258/258 259/259/259 246/246/246
f 260/260/260 257/257/257 232/232/232
f 257/257/257 260/260/260 261/261/261
f 231/231/231 260/260/260 232/232/232
f 260/260/260 231/231/231 261/261/261
f 259/259/259 262/262/262 246/246/246
f 262/262/262 198/198/198 246/246/246
f 198/198/198 262/262/262 263/263/263
f 262/262/262 259/259/259 263/263/263
f 231/231/231 264/264/264 261/261/261
f 264/264/264 265/265/265 261/261/261
f 264/264/264 231/231/231 234/234/234
f 265/265/265 264/264/264 234/234/234
f 266/266/266 265/265/265 234/234/234
f 265/265/265 266/266/266 267/267/267
f 268/268/268 198/198/198 263/263/263
f 269/269/269 268/268/268 263/263/263
f 198/198/198 268/268/268 166/166/166
f 268/268/268 269/269/269 166/166/166
f 259/259/259 270/270/270 263/263/263
f 270/270/270 269/269/269 263/263/263
f 270/270/270 259/259/259 271/271/271
f 269/269/269 270/270/270 271/271/271
f 269/269/269 272/272/272 166/166/166
f 272/272/272 170/170/170 166/166/166
f 272/272/272 269/269/269 273/273/273
f 170/170/170 272/272/272 273/273/273
f 259/259/259 274/274/274 271/271/271
f 274/274/274 275/275/275 271/271/271
f 274/274/274 259/259/259 255/255/255
f 275/275/275 274/274/274 255/255/255
f 276/276/276 269/269/269 271/271/271
f 269/269/269 276/276/276 273/273/273
f 277/277/277 276/276/276 271/271/271
f 276/276/276 277/277/277 273/273/273
f 278/278/278 170/170/170 273/273/273
f 277/277/277 278/278/278 273/273/273
f 170/170/170 278/278/278 279/279/279
f 278/278/278 277/277/277 279/279/279
f 280/280/280 275/275/275 255/255/255
f 275/275/275 280/280/280 281/281/281
f 253/253/253 280/280/280 255/255/255
f 280/280/280 253/253/253 281/281/281
f 282/282/282 277/277/277 271/271/271
f 275/275/275 282/282/282 271/271/271
f 277/277/277 282/282/282 283/283/283
f 282/282/282 275/275/275 283/283/283
f 284/284/284 170/170/170 279/279/279
f 285/285/285 284/284/284 279/279/279
f 170/170/170 284/284/284 171/171/171
f 284/284/284 285/285/285 171/171/171
f 277/277/277 286/286/286 279/279/279
f 286/286/286 277/277/277 283/283/283
f 286/286/286 285/285/285 279/279/279
f 285/285/285 286/286/286 283/283/283
f 253/253/253 287/287/287 281/281/281
f 287/287/287 288/288/288 281/281/281
f 287/287/287 253/253/253 251/251/251
f 288/288/288 287/287/287 251/251/251
f 289/289/289 275/275/275 281/281/281
f 275/275/275 289/289/289 283/283/283
f 290/290/290 289/289/289 281/281/281
f 289/289/289 290/290/290 283/283/283
f 285/285/285 291/291/291 171/171/171
f 291/291/291 177/177/177 171/171/171
f 291/291/291 285/285/285 292/292/292
f 177/177/177 291/291/291 292/292/292
f 285/285/285 293/293/293 292/292/292
f 293/293/293 285/285/285 283/283/283
f 290/290/290 293/293/293 283/283/283
f 293/293/293 290/290/290 292/292/292
f 294/294/294 288/288/288 251/251/251
f 288/288/288 294/294/294 295/295/295
f 248/248/248 294/294/294 251/251/251
f 294/294/294 248/248/248 295/295/295
f 288/288/288 296/296/296 281/281/281
f 296/296/296 290/290/290 281/281/281
f 296/296/296 288/288/288 297/297/297
f 290/290/290 296/296/296 297/297/297
f 290/290/290 298/298/298 292/292/292
f 298/298/298 290/290/290 297/297/297
f 298/298/298 299/299/299 292/292/292
f 299/299/299 298/298/298 297/297/297
f 248/248/248 300/300/300 295/295/295
f 300/300/300 301/301/301 295/295/295
f 300/300/300 248/248/248 249/249/249
f 301/301/301 300/300/300 249/249/249
f 302/302/302 288/288/288 295/295/295
f 288/288/288 302/302/302 297/297/297
f 303/303/303 302/302/302 295/295/295
f 302/302/302 303/303/303 297/297/297
f 304/304/304 299/299/299 297/297/297
f 303/303/303 304/304/304 297/297/297
f 299/299/299 304/304/304 305/305/305
f 304/304/304 303/303/303 305/305/305
f 306/306/306 301/301/301 249/249/249
f 301/301/301 306/306/306 307/307/307
f 257/257/257 306/306/306 249/249/249
f 306/306/306 257/257/257 307/307/307
f 308/308/308 303/303/303 295/295/295
f 301/301/301 308/308/308 295/295/295
f 303/303/303 308/308/308 309/309/309
f 308/308/308 301/301/301 309/309/309
f 303/303/303 310/310/310 305/305/305
f 310/310/310 303/303/303 309/309/309
f 310/310/310 311/311/311 305/305/305
f 311/311/311 310/310/310 309/309/309
f 257/257/257 312/312/312 307/307/307
f 312/312/312 313/313/313 307/307/307
f 312/312/312 257/257/257 261/261/261
f 313/313/313 312/312/312 261/261/261
f 314/314/314 301/301/301 307/307/307
f 301/301/301 314/314/314 309/309/309
f 315/315/315 314/314/314 307/307/307
f 314/314/314 315/315/315 309/309/309
f 316/316/316 311/311/311 309/309/309
f 315/315/315 316/316/316 309/309/309
f 311/311/311 316/316/316 317/317/317
f 316/316/316 315/315/315 317/317/317
f 318/318/318 313/313/313 261/261/261
f 265/265/265 318/318/318 261/261/261
f 318/318/318 265/265/265 319/319/319
f 313/313/313 318/318/318 319/319/319
f 265/265/265 320/320/320 319/319/319
f 320/320/320 321/321/321 319/319/319
f 320/320/320 265/265/265 267/267/267
f 321/321/321 320/320/320 267/267/267
f 322/322/322 321/321/321 267/267/267
f 321/321/321 322/322/322 323/323/323
f 324/324/324 321/321/321 323/323/323
f 325/325/325 324/324/324 323/323/323
f 326/326/326 325/325/325 323/323/323
f 325/325/325 326/326/326 60/60/60
f 321/321/321 324/324/324 327/327/327
f 324/324/324 325/325/325 327/327/327
f 328/328/328 321/321/321 327/327/327
f 321/321/321 328/328/328 319/319/319
f 329/329/329 328/328/328 327/327/327
f 328/328/328 329/329/329 319/319/319
f 330/330/330 325/325/325 60/60/60
f 325/325/325 330/330/330 331/331/331
f 57/57/57 330/330/330 60/60/60
f 330/330/330 57/57/57 331/331/331
f 325/325/325 332/332/332 327/327/327
f 332/332/332 325/325/325 331/331/331
f 332/332/332 333/333/333 327/327/327
f 333/333/333 332/332/332 331/331/331
f 57/57/57 334/334/334 331/331/331
f 334/334/334 335/335/335 331/331/331
f 334/334/334 57/57/57 58/58/58
f 335/335/335 334/334/334 58/58/58
f 336/336/336 333/333/333 331/331/331
f 335/335/335 336/336/336 331/331/331
f 333/333/333 336/336/336 337/337/337
f 336/336/336 335/335/335 337/337/337
f 338/338/338 335/335/335 58/58/58
f 62/62/62 338/338/338 58/58/58
f 335/335/335 338/338/338 339/339/339
f 338/338/338 62/62/62 339/339/339
f 335/335/335 340/340/340 337/337/337
f 340/340/340 335/335/335 339/339/339
f 341/341/341 340/340/340 339/339/339
f 340/340/340 341/341/341 337/337/337
f 62/62/62 342/342/342 339/339/339
f 342/342/342 341/341/341 339/339/339
f 342/342/342 62/62/62 64/64/64
f 341/341/341 342/342/342 64/64/64
f 343/343/343 333/333/333 337/337/337
f 344/344/344 343/343/343 337/337/337
f 333/333/333 343/343/343 345/345/345
f 343/343/343 344/344/344 345/345/345
f 341/341/341 346/346/346 337/337/337
f 346/346/346 344/344/344 337/337/337
f 346/346/346 341/341/341 347/347/347
f 344/344/344 346/346/346 347/347/347
f 348/348/348 341/341/341 64/64/64
f 341/341/341 348/348/348 347/347/347
f 349/349/349 348/348/348 64/64/64
f 348/348/348 349/349/349 347/347/347
f 350/350/350 333/333/333 345/345/345
f 351/351/351 350/350/350 345/345/345
f 333/333/333 350/350/350 327/327/327
f 350/350/350 351/351/351 327/327/327
f 344/344/344 352/352/352 345/345/345
f 352/352/352 351/351/351 345/345/345
f 352/352/352 344/344/344 353/353/353
f 351/351/351 352/352/352 353/353/353
f 354/354/354 349/349/349 64/64/64
f 349/349/349 354/354/354 355/355/355
f 66/66/66 354/354/354 64/64/64
f 354/354/354 66/66/66 355/355/355
f 356/356/356 344/344/344 347/347/347
f 344/344/344 356/356/356 353/353/353
f 357/357/357 356/356/356 347/347/347
f 356/356/356 357/357/357 353/353/353
f 351/351/351 358/358/358 327/327/327
f 358/358/358 351/351/351 359/359/359
f 358/358/358 329/329/329 327/327/327
f 329/329/329 358/358/358 359/359/359
f 349/349/349 360/360/360 347/347/347
f 360/360/360 357/357/357 347/347/347
f 360/360/360 349/349/349 361/361/361
f 357/357/357 360/360/360 361/361/361
f 66/66/66 362/362/362 355/355/355
f 362/362/362 363/363/363 355/355/355
f 362/362/362 66/66/66 68/68/68
f 363/363/363 362/362/362 68/68/68
f 351/351/351 364/364/364 359/359/359
f 364/364/364 365/365/365 359/359/359
f 364/364/364 351/351/351 353/353/353
f 365/365/365 364/364/364 353/353/353
f 349/349/349 366/366/366 361/361/361
f 366/366/366 349/349/349 355/355/355
f 367/367/367 366/366/366 355/355/355
f 366/366/366 367/367/367 361/361/361
f 357/357/357 368/368/368 353/353/353
f 368/368/368 365/365/365 353/353/353
f 368/368/368 357/357/357 369/369/369
f 365/365/365 368/368/368 369/369/369
f 370/370/370 363/363/363 68/68/68
f 363/363/363 370/370/370 371/371/371
f 70/70/70 370/370/370 68/68/68
f 370/370/370 70/70/70 371/371/371
f 372/372/372 367/367/367 355/355/355
f 363/363/363 372/372/372 355/355/355
f 372/372/372 363/363/363 373/373/373
f 367/367/367 372/372/372 373/373/373
f 374/374/374 357/357/357 361/361/361
f 357/357/357 374/374/374 369/369/369
f 375/375/375 374/374/374 361/361/361
f 374/374/374 375/375/375 369/369/369
f 376/376/376 363/363/363 371/371/371
f 363/363/363 376/376/376 373/373/373
f 377/377/377 376/376/376 371/371/371
f 376/376/376 377/377/377 373/373/373
f 70/70/70 378/378/378 371/371/371
f 378/378/378 379/379/379 371/371/371
f 378/378/378 70/70/70 72/72/72
f 379/379/379 378/378/378 72/72/72
f 367/367/367 380/380/380 361/361/361
f 380/380/380 375/375/375 361/361/361
f 380/380/380 367/367/367 381/381/381
f 375/375/375 380/380/380 381/381/381
f 382/382/382 367/367/367 373/373/373
f 367/367/367 382/382/382 381/381/381
f 383/383/383 382/382/382 373/373/373
f 382/382/382 383/383/383 381/381/381
f 377/377/377 384/384/384 373/373/373
f 384/384/384 383/383/383 373/373/373
f 384/384/384 377/377/377 385/385/385
f 383/383/383 384/384/384 385/385/385
f 379/379/379 386/386/386 371/371/371
f 386/386/386 377/377/377 371/371/371
f 377/377/377 386/386/386 387/387/387
f 386/386/386 379/379/379 387/387/387
f 377/377/377 388/388/388 385/385/385
f 388/388/388 377/377/377 387/387/387
f 388/388/388 389/389/389 385/385/385
f 389/389/389 388/388/388 387/387/387
f 390/390/390 375/375/375 381/381/381
f 391/391/391 390/390/390 381/381/381
f 375/375/375 390/390/390 392/392/392
f 390/390/390 391/391/391 392/392/392
f 383/383/383 393/393/393 381/381/381
f 393/393/393 391/391/391 381/381/381
f 393/393/393 383/383/383 394/394/394
f 391/391/391 393/393/393 394/394/394
f 395/395/395 383/383/383 385/385/385
f 383/383/383 395/395/395 394/394/394
f 396/396/396 395/395/395 385/385/385
f 395/395/395 396/396/396 394/394/394
f 389/389/389 397/397/397 385/385/385
f 397/397/397 396/396/396 385/385/385
f 397/397/397 389/389/389 398/398/398
f 396/396/396 397/397/397 398/398/398
f 399/399/399 375/375/375 392/392/392
f 400/400/400 399/399/399 392/392/392
f 375/375/375 399/399/399 369/369/369
f 399/399/399 400/400/400 369/369/369
f 400/400/400 401/401/401 369/369/369
f 401/401/401 400/400/400 402/402/402
f 401/401/401 365/365/365 369/369/369
f 365/365/365 401/401/401 402/402/402
f 403/403/403 365/365/365 402/402/402
f 404/404/404 403/403/403 402/402/402
f 365/365/365 403/403/403 359/359/359
f 403/403/403 404/404/404 359/359/359
f 404/404/404 405/405/405 359/359/359
f 405/405/405 329/329/329 359/359/359
f 329/329/329 405/405/405 406/406/406
f 405/405/405 404/404/404 406/406/406
f 407/407/407 329/329/329 406/406/406
f 408/408/408 407/407/407 406/406/406
f 329/329/329 407/407/407 319/319/319
f 407/407/407 408/408/408 319/319/319
f 404/404/404 409/409/409 406/406/406
f 409/409/409 408/408/408 406/406/406
f 409/409/409 404/404/404 410/410/410
f 408/408/408 409/409/409 410/410/410
f 411/411/411 404/404/404 402/402/402
f 404/404/404 411/411/411 410/410/410
f 412/412/412 411/411/411 402/402/402
f 411/411/411 412/412/412 410/410/410
f 408/408/408 413/413/413 319/319/319
f 413/413/413 408/408/408 414/414/414
f 413/413/413 313/313/313 319/319/319
f 313/313/313 413/413/413 414/414/414
f 415/415/415 412/412/412 402/402/402
f 412/412/412 415/415/415 416/416/416
f 400/400/400 415/415/415 402/402/402
f 415/415/415 400/400/400 416/416/416
f 417/417/417 408/408/408 410/410/410
f 408/408/408 417/417/417 414/414/414
f 418/418/418 417/417/417 410/410/410
f 417/417/417 418/418/418 414/414/414
f 419/419/419 313/313/313 414/414/414
f 313/313/313 419/419/419 307/307/307
f 419/419/419 315/315/315 307/307/307
f 315/315/315 419/419/419 414/414/414
f 420/420/420 315/315/315 414/414/414
f 418/418/418 420/420/420 414/414/414
f 315/315/315 420/420/420 317/317/317
f 420/420/420 418/418/418 317/317/317
f 412/412/412 421/421/421 410/410/410
f 421/421/421 418/418/418 410/410/410
f 421/421/421 412/412/412 422/422/422
f 418/418/418 421/421/421 422/422/422
f 418/418/418 423/423/423 317/317/317
f 423/423/423 418/418/418 422/422/422
f 423/423/423 424/424/424 317/317/317
f 424/424/424 423/423/423 422/422/422
f 412/412/412 425/425/425 422/422/422
f 425/425/425 426/426/426 422/422/422
f 425/425/425 412/412/412 416/416/416
f 426/426/426 425/425/425 416/416/416
f 424/424/424 427/427/427 317/317/317
f 427/427/427 424/424/424 428/428/428
f 427/427/427 311/311/311 317/317/317
f 311/311/311 427/427/427 428/428/428
f 429/429/429 424/424/424 422/422/422
f 426/426/426 429/429/429 422/422/422
f 424/424/424 429/429/429 430/430/430
f 429/429/429 426/426/426 430/430/430
f 424/424/424 431/431/431 428/428/428
f 431/431/431 424/424/424 430/430/430
f 432/432/432 431/431/431 430/430/430
f 431/431/431 432/432/432 428/428/428
f 433/433/433 311/311/311 428/428/428
f 434/434/434 433/433/433 428/428/428
f 311/311/311 433/433/433 305/305/305
f 433/433/433 434/434/434 305/305/305
f 426/426/426 435/435/435 430/430/430
f 435/435/435 432/432/432 430/430/430
f 435/435/435 426/426/426 436/436/436
f 432/432/432 435/435/435 436/436/436
f 432/432/432 437/437/437 428/428/428
f 437/437/437 434/434/434 428/428/428
f 437/437/437 432/432/432 438/438/438
f 434/434/434 437/437/437 438/438/438
f 434/434/434 439/439/439 305/305/305
f 439/439/439 434/434/434 440/440/440
f 439/439/439 299/299/299 305/305/305
f 299/299/299 439/439/439 440/440/440
f 426/426/426 441/441/441 436/436/436
f 441/441/441 442/442/442 436/436/436
f 441/441/441 426/426/426 416/416/416
f 442/442/442 441/441/441 416/416/416
f 432/432/432 443/443/443 438/438/438
f 443/443/443 432/432/432 436/436/436
f 444/444/444 443/443/443 436/436/436
f 443/443/443 444/444/444 438/438/438
f 434/434/434 445/445/445 440/440/440
f 445/445/445 434/434/434 438/438/438
f 446/446/446 445/445/445 438/438/438
f 445/445/445 446/446/446 440/440/440
f 447/447/447 299/299/299 440/440/440
f 448/448/448 447/447/447 440/440/440
f 299/299/299 447/447/447 292/292/292
f 447/447/447 448/448/448 292/292/292
f 449/449/449 442/442/442 416/416/416
f 400/400/400 449/449/449 416/416/416
f 449/449/449 400/400/400 392/392/392
f 442/442/442 449/449/449 392/392/392
f 444/444/444 450/450/450 438/438/438
f 450/450/450 446/446/446 438/438/438
f 450/450/450 444/444/444 451/451/451
f 446/446/446 450/450/450 451/451/451
f 446/446/446 452/452/452 440/440/440
f 452/452/452 448/448/448 440/440/440
f 452/452/452 446/446/446 453/453/453
f 448/448/448 452/452/452 453/453/453
f 448/448/448 454/454/454 292/292/292
f 454/454/454 448/448/448 455/455/455
f 454/454/454 177/177/177 292/292/292
f 177/177/177 454/454/454 455/455/455
f 456/456/456 442/442/442 392/392/392
f 442/442/442 456/456/456 457/457/457
f 391/391/391 456/456/456 392/392/392
f 456/456/456 391/391/391 457/457/457
f 458/458/458 446/446/446 451/451/451
f 446/446/446 458/458/458 453/453/453
f 459/459/459 458/458/458 451/451/451
f 458/458/458 459/459/459 453/453/453
f 460/460/460 448/448/448 453/453/453
f 448/448/448 460/460/460 455/455/455
f 461/461/461 460/460/460 453/453/453
f 460/460/460 461/461/461 455/455/455
f 462/462/462 177/177/177 455/455/455
f 463/463/463 462/462/462 455/455/455
f 177/177/177 462/462/462 152/152/152
f 462/462/462 463/463/463 152/152/152
f 391/391/391 464/464/464 457/457/457
f 464/464/464 465/465/465 457/457/457
f 464/464/464 391/391/391 394/394/394
f 465/465/465 464/464/464 394/394/394
f 459/459/459 466/466/466 453/453/453
f 466/466/466 461/461/461 453/453/453
f 466/466/466 459/459/459 467/467/467
f 461/461/461 466/466/466 467/467/467
f 461/461/461 468/468/468 455/455/455
f 468/468/468 463/463/463 455/455/455
f 468/468/468 461/461/461 469/469/469
f 463/463/463 468/468/468 469/469/469
f 463/463/463 470/470/470 152/152/152
f 470/470/470 463/463/463 471/471/471
f 470/470/470 154/154/154 152/152/152
f 154/154/154 470/470/470 471/471/471
f 472/472/472 465/465/465 394/394/394
f 465/465/465 472/472/472 473/473/473
f 396/396/396 472/472/472 394/394/394
f 472/472/472 396/396/396 473/473/473
f 474/474/474 461/461/461 467/467/467
f 461/461/461 474/474/474 469/469/469
f 474/474/474 475/475/475 469/469/469
f 475/475/475 474/474/474 467/467/467
f 476/476/476 463/463/463 469/469/469
f 463/463/463 476/476/476 471/471/471
f 475/475/475 476/476/476 469/469/469
f 476/476/476 475/475/475 471/471/471
f 477/477/477 154/154/154 471/471/471
f 478/478/478 477/477/477 471/471/471
f 154/154/154 477/477/477 156/156/156
f 477/477/477 478/478/478 156/156/156
f 396/396/396 479/479/479 473/473/473
f 479/479/479 480/480/480 473/473/473
f 479/479/479 396/396/396 398/398/398
f 480/480/480 479/479/479 398/398/398
f 475/475/475 481/481/481 471/471/471
f 481/481/481 478/478/478 471/471/471
f 481/481/481 475/475/475 482/482/482
f 478/478/478 481/481/481 482/482/482
f 478/478/478 483/483/483 156/156/156
f 483/483/483 478/478/478 484/484/484
f 483/483/483 96/96/96 156/156/156
f 96/96/96 483/483/483 484/484/484
f 475/475/475 485/485/485 482/482/482
f 485/485/485 480/480/480 482/482/482
f 485/485/485 475/475/475 467/467/467
f 480/480/480 485/485/485 467/467/467
f 478/478/478 486/486/486 484/484/484
f 486/486/486 478/478/478 482/482/482
f 487/487/487 486/486/486 482/482/482
f 486/486/486 487/487/487 484/484/484
f 488/488/488 96/96/96 484/484/484
f 489/489/489 488/488/488 484/484/484
f 96/96/96 488/488/488 85/85/85
f 488/488/488 489/489/489 85/85/85
f 490/490/490 480/480/480 467/467/467
f 459/459/459 490/490/490 467/467/467
f 480/480/480 491/491/491 482/482/482
f 491/491/491 487/487/487 482/482/482
f 480/480/480 490/490/490 473/473/473
f 490/490/490 459/459/459 473/473/473
f 491/491/491 480/480/480 398/398/398
f 487/487/487 491/491/491 398/398/398
f 459/459/459 492/492/492 473/473/473
f 492/492/492 465/465/465 473/473/473
f 492/492/492 459/459/459 451/451/451
f 465/465/465 492/492/492 451/451/451
f 493/493/493 465/465/465 451/451/451
f 444/444/444 493/493/493 451/451/451
f 465/465/465 493/493/493 457/457/457
f 493/493/493 444/444/444 457/457/457
f 444/444/444 494/494/494 457/457/457
f 494/494/494 442/442/442 457/457/457
f 494/494/494 444/444/444 436/436/436
f 442/442/442 494/494/494 436/436/436
f 495/495/495 487/487/487 398/398/398
f 487/487/487 495/495/495 496/496/496
f 389/389/389 495/495/495 398/398/398
f 495/495/495 389/389/389 496/496/496
f 497/497/497 487/487/487 496/496/496
f 487/487/487 497/497/497 484/484/484
f 497/497/497 489/489/489 484/484/484
f 489/489/489 497/497/497 496/496/496
f 389/389/389 498/498/498 496/496/496
f 498/498/498 499/499/499 496/496/496
f 498/498/498 389/389/389 387/387/387
f 499/499/499 498/498/498 387/387/387
f 500/500/500 489/489/489 496/496/496
f 499/499/499 500/500/500 496/496/496
f 489/489/489 500/500/500 501/501/501
f 500/500/500 499/499/499 501/501/501
f 502/502/502 499/499/499 387/387/387
f 379/379/379 502/502/502 387/387/387
f 499/499/499 502/502/502 503/503/503
f 502/502/502 379/379/379 503/503/503
f 504/504/504 489/489/489 501/501/501
f 489/489/489 504/504/504 85/85/85
f 504/504/504 87/87/87 85/85/85
f 87/87/87 504/504/504 501/501/501
f 499/499/499 505/505/505 501/501/501
f 505/505/505 499/499/499 503/503/503
f 505/505/505 87/87/87 501/501/501
f 87/87/87 505/505/505 503/503/503
f 379/379/379 506/506/506 503/503/503
f 506/506/506 87/87/87 503/503/503
f 506/506/506 379/379/379 72/72/72
f 87/87/87 506/506/506 72/72/72
f 509/509/509 508/508/508 507/507/507
f 510/510/510 509/509/509 507/507/507
f 511/511/511 510/510/510 507/507/507
f 512/512/512 511/511/511 507/507/507
f 511/511/511 512/512/512 513/513/513
f 509/509/509 510/510/510 514/514/514
f 510/510/510 511/511/511 514/514/514
f 515/515/515 509/509/509 514/514/514
f 516/516/516 515/515/515 514/514/514
f 517/517/517 511/511/511 513/513/513
f 518/518/518 517/517/517 513/513/513
f 511/511/511 517/517/517 519/519/519
f 517/517/517 518/518/518 519/519/519
f 520/520/520 518/518/518 513/513/513
f 518/518/518 520/520/520 521/521/521
f 511/511/511 522/522/522 514/514/514
f 522/522/522 511/511/511 519/519/519
f 522/522/522 523/523/523 514/514/514
f 523/523/523 522/522/522 519/519/519
f 524/524/524 516/516/516 514/514/514
f 525/525/525 524/524/524 514/514/514
f 516/516/516 524/524/524 526/526/526
f 524/524/524 525/525/525 526/526/526
f 527/527/527 516/516/516 526/526/526
f 528/528/528 527/527/527 526/526/526
f 529/529/529 528/528/528 526/526/526
f 525/525/525 529/529/529 526/526/526
f 528/528/528 529/529/529 530/530/530
f 529/529/529 525/525/525 530/530/530
f 531/531/531 528/528/528 530/530/530
f 532/532/532 531/531/531 530/530/530
f 523/523/523 533/533/533 514/514/514
f 533/533/533 525/525/525 514/514/514
f 525/525/525 533/533/533 534/534/534
f 533/533/533 523/523/523 534/534/534
f 525/525/525 535/535/535 530/530/530
f 535/535/535 525/525/525 534/534/534
f 535/535/535 536/536/536 530/530/530
f 536/536/536 535/535/535 534/534/534
f 537/537/537 532/532/532 530/530/530
f 538/538/538 537/537/537 530/530/530
f 532/532/532 537/537/537 539/539/539
f 537/537/537 538/538/538 539/539/539
f 540/540/540 532/532/532 539/539/539
f 541/541/541 540/540/540 539/539/539
f 542/542/542 541/541/541 539/539/539
f 538/538/538 542/542/542 539/539/539
f 541/541/541 542/542/542 543/543/543
f 542/542/542 538/538/538 543/543/543
f 544/544/544 541/541/541 543/543/543
f 545/545/545 544/544/544 543/543/543
f 546/546/546 545/545/545 543/543/543
f 538/538/538 546/546/546 543/543/543
f 545/545/545 546/546/546 547/547/547
f 546/546/546 538/538/538 547/547/547
f 548/548/548 545/545/545 547/547/547
f 549/549/549 548/548/548 547/547/547
f 550/550/550 538/538/538 530/530/530
f 538/538/538 550/550/550 547/547/547
f 536/536/536 550/550/550 530/530/530
f 550/550/550 536/536/536 547/547/547
f 551/551/551 549/549/549 547/547/547
f 549/549/549 551/551/551 552/552/552
f 553/553/553 551/551/551 547/547/547
f 551/551/551 553/553/553 552/552/552
f 554/554/554 549/549/549 552/552/552
f 555/555/555 554/554/554 552/552/552
f 536/536/536 556/556/556 547/547/547
f 556/556/556 553/553/553 547/547/547
f 556/556/556 536/536/536 557/557/557
f 553/553/553 556/556/556 557/557/557
f 536/536/536 558/558/558 557/557/557
f 558/558/558 559/559/559 557/557/557
f 558/558/558 536/536/536 534/534/534
f 559/559/559 558/558/558 534/534/534
f 560/560/560 559/559/559 534/534/534
f 559/559/559 560/560/560 561/561/561
f 523/523/523 560/560/560 534/534/534
f 560/560/560 523/523/523 561/561/561
f 523/523/523 562/562/562 561/561/561
f 562/562/562 563/563/563 561/561/561
f 562/562/562 523/523/523 519/519/519
f 563/563/563 562/562/562 519/519/519
f 564/564/564 563/563/563 519/519/519
f 563/563/563 564/564/564 565/565/565
f 518/518/518 564/564/564 519/519/519
f 564/564/564 518/518/518 565/565/565
f 518/518/518 566/566/566 565/565/565
f 566/566/566 567/567/567 565/565/565
f 566/566/566 518/518/518 521/521/521
f 567/567/567 566/566/566 521/521/521
f 568/568/568 567/567/567 521/521/521
f 567/567/567 568/568/568 569/569/569
f 570/570/570 567/567/567 569/569/569
f 570/570/570 569/569/569 571/571/571
f 572/572/572 570/570/570 571/571/571
f 573/573/573 572/572/572 571/571/571
f 570/570/570 572/572/572 573/573/573
f 573/573/573 571/571/571 574/574/574
f 575/575/575 573/573/573 574/574/574
f 576/576/576 573/573/573 575/575/575
f 577/577/577 576/576/576 575/575/575
f 567/567/567 570/570/570 578/578/578
f 578/578/578 570/570/570 573/573/573
f 567/567/567 579/579/579 565/565/565
f 579/579/579 567/567/567 578/578/578
f 579/579/579 580/580/580 565/565/565
f 580/580/580 579/579/579 578/578/578
f 581/581/581 578/578/578 573/573/573
f 581/581/581 580/580/580 578/578/578
f 576/576/576 582/582/582 573/573/573
f 582/582/582 581/581/581 573/573/573
f 581/581/581 582/582/582 576/576/576
f 576/576/576 577/577/577 583/583/583
f 577/577/577 584/584/584 583/583/583
f 585/585/585 581/581/581 576/576/576
f 580/580/580 581/581/581 585/585/585
f 580/580/580 586/586/586 565/565/565
f 586/586/586 580/580/580 587/587/587
f 586/586/586 563/563/563 565/565/565
f 563/563/563 586/586/586 587/587/587
f 588/588/588 576/576/576 583/583/583
f 576/576/576 588/588/588 585/585/585
f 588/588/588 583/583/583 589/589/589
f 583/583/583 584/584/584 590/590/590
f 584/584/584 591/591/591 590/590/590
f 592/592/592 580/580/580 585/585/585
f 580/580/580 592/592/592 587/587/587
f 593/593/593 592/592/592 585/585/585
f 592/592/592 593/593/593 587/587/587
f 588/588/588 594/594/594 585/585/585
f 594/594/594 588/588/588 589/589/589
f 594/594/594 593/593/593 585/585/585
f 593/593/593 594/594/594 589/589/589
f 595/595/595 563/563/563 587/587/587
f 596/596/596 595/595/595 587/587/587
f 563/563/563 595/595/595 561/561/561
f 595/595/595 596/596/596 561/561/561
f 583/583/583 597/597/597 589/589/589
f 597/597/597 583/583/583 590/590/590
f 597/597/597 590/590/590 598/598/598
f 599/599/599 597/597/597 598/598/598
f 597/597/597 599/599/599 589/589/589
f 600/600/600 599/599/599 598/598/598
f 599/599/599 600/600/600 589/589/589
f 593/593/593 601/601/601 587/587/587
f 601/601/601 596/596/596 587/587/587
f 602/602/602 593/593/593 589/589/589
f 600/600/600 602/602/602 589/589/589
f 601/601/601 593/593/593 603/603/603
f 593/593/593 602/602/602 603/603/603
f 596/596/596 601/601/601 603/603/603
f 602/602/602 600/600/600 603/603/603
f 596/596/596 604/604/604 561/561/561
f 604/604/604 559/559/559 561/561/561
f 604/604/604 596/596/596 605/605/605
f 559/559/559 604/604/604 605/605/605
f 596/596/596 606/606/606 605/605/605
f 606/606/606 596/596/596 603/603/603
f 600/600/600 606/606/606 603/603/603
f 606/606/606 600/600/600 605/605/605
f 607/607/607 600/600/600 598/598/598
f 600/600/600 607/607/607 605/605/605
f 608/608/608 607/607/607 598/598/598
f 607/607/607 608/608/608 605/605/605
f 609/609/609 559/559/559 605/605/605
f 559/559/559 609/609/609 557/557/557
f 610/610/610 609/609/609 605/605/605
f 609/609/609 610/610/610 557/557/557
f 608/608/608 611/611/611 605/605/605
f 611/611/611 610/610/610 605/605/605
f 610/610/610 611/611/611 612/612/612
f 611/611/611 608/608/608 612/612/612
f 610/610/610 613/613/613 557/557/557
f 613/613/613 610/610/610 612/612/612
f 613/613/613 553/553/553 557/557/557
f 553/553/553 613/613/613 612/612/612
f 614/614/614 553/553/553 612/612/612
f 615/615/615 614/614/614 612/612/612
f 553/553/553 614/614/614 552/552/552
f 614/614/614 615/615/615 552/552/552
f 608/608/608 616/616/616 612/612/612
f 616/616/616 615/615/615 612/612/612
f 616/616/616 608/608/608 617/617/617
f 615/615/615 616/616/616 617/617/617
f 615/615/615 618/618/618 552/552/552
f 618/618/618 615/615/615 619/619/619
f 618/618/618 555/555/555 552/552/552
f 555/555/555 618/618/618 619/619/619
f 620/620/620 555/555/555 619/619/619
f 621/621/621 620/620/620 619/619/619
f 608/608/608 622/622/622 617/617/617
f 622/622/622 623/623/623 617/617/617
f 622/622/622 608/608/608 598/598/598
f 623/623/623 622/622/622 598/598/598
f 624/624/624 615/615/615 617/617/617
f 615/615/615 624/624/624 619/619/619
f 623/623/623 624/624/624 617/617/617
f 624/624/624 623/623/623 619/619/619
f 625/625/625 621/621/621 619/619/619
f 623/623/623 625/625/625 619/619/619
f 621/621/621 625/625/625 626/626/626
f 625/625/625 623/623/623 626/626/626
f 627/627/627 621/621/621 626/626/626
f 628/628/628 627/627/627 626/626/626
f 629/629/629 628/628/628 626/626/626
f 630/630/630 623/623/623 598/598/598
f 623/623/623 630/630/630 626/626/626
f 631/631/631 630/630/630 598/598/598
f 630/630/630 631/631/631 626/626/626
f 631/631/631 629/629/629 626/626/626
f 590/590/590 631/631/631 598/598/598
f 631/631/631 590/590/590 629/629/629
f 590/590/590 591/591/591 629/629/629
f 591/591/591 632/632/632 629/629/629
f 635/635/635 634/634/634 633/633/633
f 636/636/636 635/635/635 633/633/633
f 637/637/637 636/636/636 633/633/633
f 638/638/638 637/637/637 633/633/633
f 637/637/637 638/638/638 639/639/639
f 635/635/635 636/636/636 640/640/640
f 636/636/636 637/637/637 640/640/640
f 641/641/641 635/635/635 640/640/640
f 642/642/642 641/641/641 640/640/640
f 643/643/643 637/637/637 639/639/639
f 644/644/644 643/643/643 639/639/639
f 637/637/637 643/643/643 645/645/645
f 643/643/643 644/644/644 645/645/645
f 646/646/646 644/644/644 639/639/639
f 644/644/644 646/646/646 647/647/647
f 637/637/637 648/648/648 640/640/640
f 648/648/648 637/637/637 645/645/645
f 648/648/648 649/649/649 640/640/640
f 649/649/649 648/648/648 645/645/645
f 650/650/650 642/642/642 640/640/640
f 642/642/642 650/650/650 651/651/651
f 652/652/652 650/650/650 640/640/640
f 650/650/650 652/652/652 651/651/651
f 653/653/653 642/642/642 651/651/651
f 654/654/654 653/653/653 651/651/651
f 649/649/649 655/655/655 640/640/640
f 655/655/655 652/652/652 640/640/640
f 655/655/655 649/649/649 656/656/656
f 652/652/652 655/655/655 656/656/656
f 657/657/657 644/644/644 647/647/647
f 658/658/658 657/657/657 647/647/647
f 644/644/644 657/657/657 659/659/659
f 657/657/657 658/658/658 659/659/659
f 660/660/660 658/658/658 647/647/647
f 658/658/658 660/660/660 661/661/661
f 662/662/662 644/644/644 659/659/659
f 663/663/663 662/662/662 659/659/659
f 644/644/644 662/662/662 645/645/645
f 662/662/662 663/663/663 645/645/645
f 664/664/664 649/649/649 645/645/645
f 663/663/663 664/664/664 645/645/645
f 649/649/649 664/664/664 665/665/665
f 664/664/664 663/663/663 665/665/665
f 649/649/649 666/666/666 656/656/656
f 666/666/666 649/649/649 665/665/665
f 666/666/666 667/667/667 656/656/656
f 667/667/667 666/666/666 665/665/665
f 667/667/667 668/668/668 656/656/656
f 668/668/668 667/667/667 669/669/669
f 668/668/668 652/652/652 656/656/656
f 652/652/652 668/668/668 669/669/669
f 670/670/670 652/652/652 669/669/669
f 671/671/671 670/670/670 669/669/669
f 652/652/652 670/670/670 651/651/651
f 670/670/670 671/671/671 651/651/651
f 671/671/671 672/672/672 651/651/651
f 672/672/672 654/654/654 651/651/651
f 654/654/654 672/672/672 673/673/673
f 672/672/672 671/671/671 673/673/673
f 674/674/674 654/654/654 673/673/673
f 675/675/675 674/674/674 673/673/673
f 676/676/676 675/675/675 673/673/673
f 675/675/675 676/676/676 677/677/677
f 678/678/678 676/676/676 673/673/673
f 676/676/676 678/678/678 677/677/677
f 679/679/679 675/675/675 677/677/677
f 680/680/680 679/679/679 677/677/677
f 681/681/681 680/680/680 677/677/677
f 682/682/682 681/681/681 677/677/677
f 680/680/680 681/681/681 683/683/683
f 681/681/681 682/682/682 683/683/683
f 684/684/684 680/680/680 683/683/683
f 684/684/684 683/683/683 685/685/685
f 686/686/686 684/684/684 685/685/685
f 678/678/678 687/687/687 677/677/677
f 687/687/687 682/682/682 677/677/677
f 687/687/687 678/678/678 688/688/688
f 682/682/682 687/687/687 688/688/688
f 682/682/682 689/689/689 683/683/683
f 683/683/683 689/689/689 685/685/685
f 689/689/689 690/690/690 685/685/685
f 690/690/690 691/691/691 685/685/685
f 690/690/690 689/689/689 691/691/691
f 685/685/685 691/691/691 692/692/692
f 691/691/691 693/693/693 692/692/692
f 691/691/691 694/694/694 693/693/693
f 694/694/694 695/695/695 693/693/693
f 694/694/694 696/696/696 695/695/695
f 696/696/696 697/697/697 695/695/695
f 696/696/696 698/698/698 697/697/697
f 698/698/698 699/699/699 697/697/697
f 700/700/700 699/699/699 698/698/698
f 701/701/701 700/700/700 698/698/698
f 702/702/702 700/700/700 701/701/701
f 703/703/703 702/702/702 701/701/701
f 704/704/704 702/702/702 703/703/703
f 705/705/705 704/704/704 703/703/703
f 703/703/703 706/706/706 705/705/705
f 706/706/706 707/707/707 705/705/705
f 707/707/707 706/706/706 708/708/708
f 709/709/709 706/706/706 703/703/703
f 706/706/706 709/709/709 708/708/708
f 709/709/709 710/710/710 708/708/708
f 711/711/711 709/709/709 703/703/703
f 710/710/710 709/709/709 711/711/711
f 703/703/703 701/701/701 712/712/712
f 711/711/711 703/703/703 712/712/712
f 710/710/710 713/713/713 708/708/708
f 713/713/713 710/710/710 714/714/714
f 713/713/713 715/715/715 708/708/708
f 716/716/716 713/713/713 714/714/714
f 717/717/717 716/716/716 714/714/714
f 718/718/718 717/717/717 714/714/714
f 716/716/716 717/717/717 719/719/719
f 717/717/717 718/718/718 719/719/719
f 718/718/718 720/720/720 719/719/719
f 720/720/720 718/718/718 721/721/721
f 701/701/701 722/722/722 712/712/712
f 723/723/723 711/711/711 712/712/712
f 722/722/722 723/723/723 712/712/712
f 723/723/723 724/724/724 711/711/711
f 724/724/724 723/723/723 722/722/722
f 718/718/718 725/725/725 721/721/721
f 725/725/725 726/726/726 721/721/721
f 725/725/725 718/718/718 727/727/727
f 726/726/726 725/725/725 727/727/727
f 726/726/726 728/728/728 721/721/721
f 728/728/728 726/726/726 729/729/729
f 718/718/718 730/730/730 727/727/727
f 730/730/730 731/731/731 727/727/727
f 730/730/730 718/718/718 714/714/714
f 731/731/731 730/730/730 714/714/714
f 732/732/732 731/731/731 714/714/714
f 710/710/710 732/732/732 714/714/714
f 732/732/732 710/710/710 733/733/733
f 731/731/731 732/732/732 733/733/733
f 710/710/710 734/734/734 733/733/733
f 734/734/734 735/735/735 733/733/733
f 734/734/734 710/710/710 711/711/711
f 735/735/735 734/734/734 711/711/711
f 736/736/736 731/731/731 733/733/733
f 735/735/735 736/736/736 733/733/733
f 731/731/731 736/736/736 737/737/737
f 736/736/736 735/735/735 737/737/737
f 738/738/738 731/731/731 737/737/737
f 731/731/731 738/738/738 727/727/727
f 738/738/738 739/739/739 727/727/727
f 739/739/739 738/738/738 737/737/737
f 740/740/740 735/735/735 711/711/711
f 735/735/735 740/740/740 741/741/741
f 724/724/724 740/740/740 711/711/711
f 740/740/740 724/724/724 741/741/741
f 739/739/739 742/742/742 727/727/727
f 742/742/742 739/739/739 743/743/743
f 742/742/742 726/726/726 727/727/727
f 726/726/726 742/742/742 743/743/743
f 735/735/735 744/744/744 737/737/737
f 744/744/744 735/735/735 741/741/741
f 744/744/744 745/745/745 737/737/737
f 745/745/745 744/744/744 741/741/741
f 746/746/746 726/726/726 743/743/743
f 747/747/747 746/746/746 743/743/743
f 726/726/726 746/746/746 729/729/729
f 746/746/746 747/747/747 729/729/729
f 747/747/747 748/748/748 729/729/729
f 748/748/748 747/747/747 749/749/749
f 747/747/747 750/750/750 749/749/749
f 750/750/750 751/751/751 749/749/749
f 750/750/750 747/747/747 752/752/752
f 751/751/751 750/750/750 752/752/752
f 751/751/751 753/753/753 749/749/749
f 753/753/753 751/751/751 754/754/754
f 755/755/755 747/747/747 743/743/743
f 747/747/747 755/755/755 752/752/752
f 756/756/756 755/755/755 743/743/743
f 755/755/755 756/756/756 752/752/752
f 757/757/757 756/756/756 743/743/743
f 756/756/756 757/757/757 758/758/758
f 739/739/739 757/757/757 743/743/743
f 757/757/757 739/739/739 758/758/758
f 739/739/739 759/759/759 758/758/758
f 759/759/759 760/760/760 758/758/758
f 759/759/759 739/739/739 737/737/737
f 760/760/760 759/759/759 737/737/737
f 761/761/761 760/760/760 737/737/737
f 745/745/745 761/761/761 737/737/737
f 760/760/760 761/761/761 762/762/762
f 761/761/761 745/745/745 762/762/762
f 763/763/763 751/751/751 752/752/752
f 764/764/764 763/763/763 752/752/752
f 751/751/751 763/763/763 765/765/765
f 763/763/763 764/764/764 765/765/765
f 756/756/756 766/766/766 752/752/752
f 766/766/766 764/764/764 752/752/752
f 766/766/766 756/756/756 767/767/767
f 764/764/764 766/766/766 767/767/767
f 768/768/768 756/756/756 758/758/758
f 756/756/756 768/768/768 767/767/767
f 769/769/769 768/768/768 758/758/758
f 768/768/768 769/769/769 767/767/767
f 760/760/760 770/770/770 758/758/758
f 770/770/770 769/769/769 758/758/758
f 770/770/770 760/760/760 771/771/771
f 769/769/769 770/770/770 771/771/771
f 772/772/772 751/751/751 765/765/765
f 773/773/773 772/772/772 765/765/765
f 751/751/751 772/772/772 754/754/754
f 772/772/772 773/773/773 754/754/754
f 773/773/773 774/774/774 754/754/754
f 774/774/774 773/773/773 775/775/775
f 760/760/760 776/776/776 771/771/771
f 776/776/776 777/777/777 771/771/771
f 776/776/776 760/760/760 762/762/762
f 777/777/777 776/776/776 762/762/762
f 778/778/778 777/777/777 762/762/762
f 777/777/777 778/778/778 779/779/779
f 745/745/745 778/778/778 762/762/762
f 778/778/778 745/745/745 779/779/779
f 745/745/745 780/780/780 779/779/779
f 780/780/780 781/781/781 779/779/779
f 780/780/780 745/745/745 741/741/741
f 781/781/781 780/780/780 741/741/741
f 782/782/782 781/781/781 741/741/741
f 724/724/724 782/782/782 741/741/741
f 782/782/782 724/724/724 783/783/783
f 781/781/781 782/782/782 783/783/783
f 724/724/724 784/784/784 783/783/783
f 784/784/784 785/785/785 783/783/783
f 784/784/784 724/724/724 722/722/722
f 785/785/785 784/784/784 722/722/722
f 786/786/786 785/785/785 722/722/722
f 786/786/786 722/722/722 701/701/701
f 787/787/787 786/786/786 701/701/701
f 787/787/787 701/701/701 698/698/698
f 786/786/786 787/787/787 698/698/698
f 785/785/785 786/786/786 788/788/788
f 788/788/788 786/786/786 698/698/698
f 789/789/789 788/788/788 698/698/698
f 789/789/789 790/790/790 788/788/788
f 791/791/791 789/789/789 698/698/698
f 791/791/791 698/698/698 696/696/696
f 789/789/789 791/791/791 696/696/696
f 792/792/792 785/785/785 788/788/788
f 790/790/790 792/792/792 788/788/788
f 785/785/785 792/792/792 793/793/793
f 792/792/792 790/790/790 793/793/793
f 785/785/785 794/794/794 783/783/783
f 794/794/794 785/785/785 793/793/793
f 794/794/794 795/795/795 783/783/783
f 795/795/795 794/794/794 793/793/793
f 796/796/796 789/789/789 696/696/696
f 790/790/790 789/789/789 796/796/796
f 797/797/797 796/796/796 696/696/696
f 797/797/797 798/798/798 796/796/796
f 799/799/799 797/797/797 696/696/696
f 799/799/799 696/696/696 694/694/694
f 797/797/797 799/799/799 694/694/694
f 800/800/800 790/790/790 796/796/796
f 798/798/798 800/800/800 796/796/796
f 790/790/790 800/800/800 801/801/801
f 800/800/800 798/798/798 801/801/801
f 790/790/790 802/802/802 793/793/793
f 802/802/802 790/790/790 801/801/801
f 802/802/802 803/803/803 793/793/793
f 803/803/803 802/802/802 801/801/801
f 804/804/804 795/795/795 793/793/793
f 803/803/803 804/804/804 793/793/793
f 805/805/805 797/797/797 694/694/694
f 798/798/798 797/797/797 805/805/805
f 795/795/795 804/804/804 806/806/806
f 804/804/804 803/803/803 806/806/806
f 807/807/807 805/805/805 694/694/694
f 807/807/807 808/808/808 805/805/805
f 809/809/809 807/807/807 694/694/694
f 809/809/809 694/694/694 691/691/691
f 807/807/807 809/809/809 691/691/691
f 810/810/810 807/807/807 691/691/691
f 808/808/808 807/807/807 810/810/810
f 689/689/689 810/810/810 691/691/691
f 689/689/689 682/682/682 810/810/810
f 682/682/682 811/811/811 810/810/810
f 811/811/811 808/808/808 810/810/810
f 811/811/811 682/682/682 688/688/688
f 808/808/808 811/811/811 688/688/688
f 812/812/812 798/798/798 805/805/805
f 808/808/808 812/812/812 805/805/805
f 798/798/798 812/812/812 813/813/813
f 812/812/812 808/808/808 813/813/813
f 814/814/814 798/798/798 813/813/813
f 815/815/815 814/814/814 813/813/813
f 798/798/798 814/814/814 801/801/801
f 814/814/814 815/815/815 801/801/801
f 816/816/816 808/808/808 688/688/688
f 808/808/808 816/816/816 813/813/813
f 817/817/817 816/816/816 688/688/688
f 816/816/816 817/817/817 813/813/813
f 815/815/815 818/818/818 801/801/801
f 818/818/818 815/815/815 819/819/819
f 818/818/818 803/803/803 801/801/801
f 803/803/803 818/818/818 819/819/819
f 820/820/820 817/817/817 688/688/688
f 817/817/817 820/820/820 821/821/821
f 678/678/678 820/820/820 688/688/688
f 820/820/820 678/678/678 821/821/821
f 822/822/822 803/803/803 819/819/819
f 823/823/823 822/822/822 819/819/819
f 803/803/803 822/822/822 806/806/806
f 822/822/822 823/823/823 806/806/806
f 678/678/678 824/824/824 821/821/821
f 824/824/824 825/825/825 821/821/821
f 824/824/824 678/678/678 673/673/673
f 825/825/825 824/824/824 673/673/673
f 823/823/823 826/826/826 806/806/806
f 826/826/826 823/823/823 827/827/827
f 826/826/826 795/795/795 806/806/806
f 795/795/795 826/826/826 827/827/827
f 828/828/828 825/825/825 673/673/673
f 825/825/825 828/828/828 829/829/829
f 671/671/671 828/828/828 673/673/673
f 828/828/828 671/671/671 829/829/829
f 830/830/830 795/795/795 827/827/827
f 831/831/831 830/830/830 827/827/827
f 795/795/795 830/830/830 783/783/783
f 830/830/830 831/831/831 783/783/783
f 671/671/671 832/832/832 829/829/829
f 832/832/832 833/833/833 829/829/829
f 832/832/832 671/671/671 669/669/669
f 833/833/833 832/832/832 669/669/669
f 831/831/831 834/834/834 783/783/783
f 834/834/834 781/781/781 783/783/783
f 781/781/781 834/834/834 835/835/835
f 834/834/834 831/831/831 835/835/835
f 836/836/836 833/833/833 669/669/669
f 833/833/833 836/836/836 837/837/837
f 667/667/667 836/836/836 669/669/669
f 836/836/836 667/667/667 837/837/837
f 838/838/838 781/781/781 835/835/835
f 839/839/839 838/838/838 835/835/835
f 781/781/781 838/838/838 779/779/779
f 838/838/838 839/839/839 779/779/779
f 831/831/831 840/840/840 835/835/835
f 840/840/840 839/839/839 835/835/835
f 840/840/840 831/831/831 841/841/841
f 839/839/839 840/840/840 841/841/841
f 667/667/667 842/842/842 837/837/837
f 842/842/842 843/843/843 837/837/837
f 842/842/842 667/667/667 665/665/665
f 843/843/843 842/842/842 665/665/665
f 839/839/839 844/844/844 779/779/779
f 844/844/844 777/777/777 779/779/779
f 844/844/844 839/839/839 845/845/845
f 777/777/777 844/844/844 845/845/845
f 839/839/839 846/846/846 845/845/845
f 846/846/846 839/839/839 841/841/841
f 846/846/846 847/847/847 845/845/845
f 847/847/847 846/846/846 841/841/841
f 831/831/831 848/848/848 841/841/841
f 848/848/848 849/849/849 841/841/841
f 848/848/848 831/831/831 827/827/827
f 849/849/849 848/848/848 827/827/827
f 850/850/850 843/843/843 665/665/665
f 843/843/843 850/850/850 851/851/851
f 663/663/663 850/850/850 665/665/665
f 850/850/850 663/663/663 851/851/851
f 852/852/852 777/777/777 845/845/845
f 853/853/853 852/852/852 845/845/845
f 777/777/777 852/852/852 771/771/771
f 852/852/852 853/853/853 771/771/771
f 854/854/854 847/847/847 841/841/841
f 849/849/849 854/854/854 841/841/841
f 847/847/847 854/854/854 855/855/855
f 854/854/854 849/849/849 855/855/855
f 663/663/663 856/856/856 851/851/851
f 856/856/856 857/857/857 851/851/851
f 856/856/856 663/663/663 659/659/659
f 857/857/857 856/856/856 659/659/659
f 853/853/853 858/858/858 771/771/771
f 858/858/858 853/853/853 859/859/859
f 858/858/858 769/769/769 771/771/771
f 769/769/769 858/858/858 859/859/859
f 860/860/860 857/857/857 659/659/659
f 857/857/857 860/860/860 861/861/861
f 658/658/658 860/860/860 659/659/659
f 860/860/860 658/658/658 861/861/861
f 862/862/862 769/769/769 859/859/859
f 863/863/863 862/862/862 859/859/859
f 769/769/769 862/862/862 767/767/767
f 862/862/862 863/863/863 767/767/767
f 658/658/658 864/864/864 861/861/861
f 864/864/864 865/865/865 861/861/861
f 864/864/864 658/658/658 661/661/661
f 865/865/865 864/864/864 661/661/661
f 866/866/866 865/865/865 661/661/661
f 865/865/865 866/866/866 867/867/867
f 863/863/863 868/868/868 767/767/767
f 868/868/868 863/863/863 869/869/869
f 868/868/868 764/764/764 767/767/767
f 764/764/764 868/868/868 869/869/869
f 870/870/870 764/764/764 869/869/869
f 871/871/871 870/870/870 869/869/869
f 764/764/764 870/870/870 765/765/765
f 870/870/870 871/871/871 765/765/765
f 871/871/871 872/872/872 765/765/765
f 872/872/872 773/773/773 765/765/765
f 773/773/773 872/872/872 873/873/873
f 872/872/872 871/871/871 873/873/873
f 874/874/874 773/773/773 873/873/873
f 875/875/875 874/874/874 873/873/873
f 773/773/773 874/874/874 775/775/775
f 874/874/874 875/875/875 775/775/775
f 875/875/875 876/876/876 775/775/775
f 876/876/876 875/875/875 877/877/877
f 875/875/875 878/878/878 877/877/877
f 878/878/878 879/879/879 877/877/877
f 878/878/878 875/875/875 880/880/880
f 879/879/879 878/878/878 880/880/880
f 879/879/879 881/881/881 877/877/877
f 881/881/881 879/879/879 882/882/882
f 883/883/883 875/875/875 873/873/873
f 875/875/875 883/883/883 880/880/880
f 884/884/884 883/883/883 873/873/873
f 883/883/883 884/884/884 880/880/880
f 879/879/879 885/885/885 882/882/882
f 885/885/885 886/886/886 882/882/882
f 885/885/885 879/879/879 887/887/887
f 886/886/886 885/885/885 887/887/887
f 886/886/886 888/888/888 882/882/882
f 888/888/888 886/886/886 867/867/867
f 889/889/889 879/879/879 880/880/880
f 879/879/879 889/889/889 887/887/887
f 890/890/890 889/889/889 880/880/880
f 889/889/889 890/890/890 887/887/887
f 884/884/884 891/891/891 880/880/880
f 891/891/891 890/890/890 880/880/880
f 891/891/891 884/884/884 892/892/892
f 890/890/890 891/891/891 892/892/892
f 886/886/886 893/893/893 867/867/867
f 893/893/893 886/886/886 894/894/894
f 893/893/893 865/865/865 867/867/867
f 865/865/865 893/893/893 894/894/894
f 895/895/895 886/886/886 887/887/887
f 886/886/886 895/895/895 894/894/894
f 896/896/896 895/895/895 887/887/887
f 895/895/895 896/896/896 894/894/894
f 890/890/890 897/897/897 887/887/887
f 897/897/897 896/896/896 887/887/887
f 897/897/897 890/890/890 898/898/898
f 896/896/896 897/897/897 898/898/898
f 899/899/899 890/890/890 892/892/892
f 890/890/890 899/899/899 898/898/898
f 900/900/900 899/899/899 892/892/892
f 899/899/899 900/900/900 898/898/898
f 901/901/901 865/865/865 894/894/894
f 902/902/902 901/901/901 894/894/894
f 865/865/865 901/901/901 861/861/861
f 901/901/901 902/902/902 861/861/861
f 896/896/896 903/903/903 894/894/894
f 903/903/903 902/902/902 894/894/894
f 903/903/903 896/896/896 904/904/904
f 902/902/902 903/903/903 904/904/904
f 905/905/905 896/896/896 898/898/898
f 896/896/896 905/905/905 904/904/904
f 906/906/906 905/905/905 898/898/898
f 905/905/905 906/906/906 904/904/904
f 900/900/900 907/907/907 898/898/898
f 907/907/907 906/906/906 898/898/898
f 907/907/907 900/900/900 908/908/908
f 906/906/906 907/907/907 908/908/908
f 902/902/902 909/909/909 861/861/861
f 909/909/909 902/902/902 910/910/910
f 909/909/909 857/857/857 861/861/861
f 857/857/857 909/909/909 910/910/910
f 911/911/911 902/902/902 904/904/904
f 902/902/902 911/911/911 910/910/910
f 912/912/912 911/911/911 904/904/904
f 911/911/911 912/912/912 910/910/910
f 906/906/906 913/913/913 904/904/904
f 913/913/913 912/912/912 904/904/904
f 913/913/913 906/906/906 914/914/914
f 912/912/912 913/913/913 914/914/914
f 915/915/915 906/906/906 908/908/908
f 906/906/906 915/915/915 914/914/914
f 915/915/915 916/916/916 914/914/914
f 916/916/916 915/915/915 908/908/908
f 917/917/917 857/857/857 910/910/910
f 918/918/918 917/917/917 910/910/910
f 857/857/857 917/917/917 851/851/851
f 917/917/917 918/918/918 851/851/851
f 919/919/919 912/912/912 914/914/914
f 916/916/916 919/919/919 914/914/914
f 912/912/912 920/920/920 910/910/910
f 920/920/920 918/918/918 910/910/910
f 912/912/912 919/919/919 921/921/921
f 920/920/920 912/912/912 921/921/921
f 919/919/919 916/916/916 921/921/921
f 918/918/918 920/920/920 921/921/921
f 916/916/916 922/922/922 921/921/921
f 922/922/922 916/916/916 923/923/923
f 922/922/922 924/924/924 921/921/921
f 924/924/924 922/922/922 923/923/923
f 925/925/925 916/916/916 908/908/908
f 916/916/916 925/925/925 923/923/923
f 926/926/926 925/925/925 908/908/908
f 925/925/925 926/926/926 923/923/923
f 918/918/918 927/927/927 851/851/851
f 927/927/927 843/843/843 851/851/851
f 927/927/927 918/918/918 928/928/928
f 843/843/843 927/927/927 928/928/928
f 929/929/929 918/918/918 921/921/921
f 918/918/918 929/929/929 928/928/928
f 929/929/929 930/930/930 928/928/928
f 930/930/930 929/929/929 921/921/921
f 931/931/931 843/843/843 928/928/928
f 930/930/930 931/931/931 928/928/928
f 843/843/843 931/931/931 837/837/837
f 931/931/931 930/930/930 837/837/837
f 932/932/932 926/926/926 908/908/908
f 926/926/926 932/932/932 933/933/933
f 900/900/900 932/932/932 908/908/908
f 932/932/932 900/900/900 933/933/933
f 930/930/930 934/934/934 837/837/837
f 934/934/934 930/930/930 935/935/935
f 934/934/934 833/833/833 837/837/837
f 833/833/833 934/934/934 935/935/935
f 936/936/936 930/930/930 921/921/921
f 930/930/930 936/936/936 935/935/935
f 937/937/937 936/936/936 921/921/921
f 936/936/936 937/937/937 935/935/935
f 900/900/900 938/938/938 933/933/933
f 938/938/938 939/939/939 933/933/933
f 938/938/938 900/900/900 892/892/892
f 939/939/939 938/938/938 892/892/892
f 940/940/940 833/833/833 935/935/935
f 941/941/941 940/940/940 935/935/935
f 833/833/833 940/940/940 829/829/829
f 940/940/940 941/941/941 829/829/829
f 942/942/942 937/937/937 921/921/921
f 937/937/937 942/942/942 943/943/943
f 924/924/924 942/942/942 921/921/921
f 942/942/942 924/924/924 943/943/943
f 944/944/944 939/939/939 892/892/892
f 884/884/884 944/944/944 892/892/892
f 944/944/944 884/884/884 945/945/945
f 939/939/939 944/944/944 945/945/945
f 937/937/937 946/946/946 935/935/935
f 946/946/946 941/941/941 935/935/935
f 946/946/946 937/937/937 947/947/947
f 941/941/941 946/946/946 947/947/947
f 941/941/941 948/948/948 829/829/829
f 948/948/948 941/941/941 949/949/949
f 948/948/948 825/825/825 829/829/829
f 825/825/825 948/948/948 949/949/949
f 884/884/884 950/950/950 945/945/945
f 950/950/950 951/951/951 945/945/945
f 950/950/950 884/884/884 873/873/873
f 951/951/951 950/950/950 873/873/873
f 952/952/952 939/939/939 945/945/945
f 951/951/951 952/952/952 945/945/945
f 939/939/939 952/952/952 953/953/953
f 952/952/952 951/951/951 953/953/953
f 937/937/937 954/954/954 947/947/947
f 954/954/954 955/955/955 947/947/947
f 954/954/954 937/937/937 943/943/943
f 955/955/955 954/954/954 943/943/943
f 956/956/956 825/825/825 949/949/949
f 957/957/957 956/956/956 949/949/949
f 825/825/825 956/956/956 821/821/821
f 956/956/956 957/957/957 821/821/821
f 958/958/958 939/939/939 953/953/953
f 959/959/959 958/958/958 953/953/953
f 939/939/939 958/958/958 933/933/933
f 958/958/958 959/959/959 933/933/933
f 957/957/957 960/960/960 821/821/821
f 960/960/960 817/817/817 821/821/821
f 817/817/817 960/960/960 961/961/961
f 960/960/960 957/957/957 961/961/961
f 962/962/962 817/817/817 961/961/961
f 963/963/963 962/962/962 961/961/961
f 817/817/817 962/962/962 813/813/813
f 962/962/962 963/963/963 813/813/813
f 959/959/959 964/964/964 933/933/933
f 964/964/964 959/959/959 965/965/965
f 964/964/964 926/926/926 933/933/933
f 926/926/926 964/964/964 965/965/965
f 963/963/963 966/966/966 813/813/813
f 966/966/966 815/815/815 813/813/813
f 815/815/815 966/966/966 967/967/967
f 966/966/966 963/963/963 967/967/967
f 968/968/968 926/926/926 965/965/965
f 969/969/969 968/968/968 965/965/965
f 926/926/926 968/968/968 923/923/923
f 968/968/968 969/969/969 923/923/923
f 970/970/970 815/815/815 967/967/967
f 971/971/971 970/970/970 967/967/967
f 815/815/815 970/970/970 819/819/819
f 970/970/970 971/971/971 819/819/819
f 963/963/963 972/972/972 967/967/967
f 972/972/972 971/971/971 967/967/967
f 972/972/972 963/963/963 973/973/973
f 971/971/971 972/972/972 973/973/973
f 969/969/969 974/974/974 923/923/923
f 974/974/974 924/924/924 923/923/923
f 924/924/924 974/974/974 975/975/975
f 974/974/974 969/969/969 975/975/975
f 976/976/976 924/924/924 975/975/975
f 977/977/977 976/976/976 975/975/975
f 924/924/924 976/976/976 943/943/943
f 976/976/976 977/977/977 943/943/943
f 971/971/971 978/978/978 819/819/819
f 978/978/978 971/971/971 979/979/979
f 978/978/978 823/823/823 819/819/819
f 823/823/823 978/978/978 979/979/979
f 963/963/963 980/980/980 973/973/973
f 980/980/980 981/981/981 973/973/973
f 980/980/980 963/963/963 961/961/961
f 981/981/981 980/980/980 961/961/961
f 977/977/977 982/982/982 943/943/943
f 982/982/982 955/955/955 943/943/943
f 982/982/982 977/977/977 983/983/983
f 955/955/955 982/982/982 983/983/983
f 981/981/981 984/984/984 983/983/983
f 984/984/984 981/981/981 961/961/961
f 985/985/985 984/984/984 961/961/961
f 984/984/984 985/985/985 983/983/983
f 986/986/986 823/823/823 979/979/979
f 823/823/823 986/986/986 827/827/827
f 986/986/986 849/849/849 827/827/827
f 849/849/849 986/986/986 979/979/979
f 987/987/987 985/985/985 961/961/961
f 957/957/957 987/987/987 961/961/961
f 987/987/987 957/957/957 988/988/988
f 985/985/985 987/987/987 988/988/988
f 989/989/989 849/849/849 979/979/979
f 990/990/990 989/989/989 979/979/979
f 849/849/849 989/989/989 855/855/855
f 989/989/989 990/990/990 855/855/855
f 957/957/957 991/991/991 988/988/988
f 991/991/991 992/992/992 988/988/988
f 991/991/991 957/957/957 949/949/949
f 992/992/992 991/991/991 949/949/949
f 993/993/993 985/985/985 988/988/988
f 992/992/992 993/993/993 988/988/988
f 985/985/985 993/993/993 994/994/994
f 993/993/993 992/992/992 994/994/994
f 995/995/995 990/990/990 979/979/979
f 971/971/971 995/995/995 979/979/979
f 995/995/995 971/971/971 973/973/973
f 990/990/990 995/995/995 973/973/973
f 996/996/996 992/992/992 949/949/949
f 941/941/941 996/996/996 949/949/949
f 996/996/996 941/941/941 947/947/947
f 992/992/992 996/996/996 947/947/947
f 997/997/997 992/992/992 947/947/947
f 992/992/992 997/997/997 994/994/994
f 955/955/955 997/997/997 947/947/947
f 997/997/997 955/955/955 994/994/994
f 998/998/998 985/985/985 994/994/994
f 955/955/955 998/998/998 994/994/994
f 985/985/985 998/998/998 983/983/983
f 998/998/998 955/955/955 983/983/983
f 999/999/999 990/990/990 973/973/973
f 990/990/990 999/999/999 1000/1000/1000
f 981/981/981 999/999/999 973/973/973
f 999/999/999 981/981/981 1000/1000/1000
f 1001/1001/1001 981/981/981 983/983/983
f 981/981/981 1001/1001/1001 1000/1000/1000
f 1002/1002/1002 1001/1001/1001 983/983/983
f 1001/1001/1001 1002/1002/1002 1000/1000/1000
f 1003/1003/1003 990/990/990 1000/1000/1000
f 1004/1004/1004 1003/1003/1003 1000/1000/1000
f 990/990/990 1003/1003/1003 855/855/855
f 1003/1003/1003 1004/1004/1004 855/855/855
f 1005/1005/1005 1002/1002/1002 983/983/983
f 1002/1002/1002 1005/1005/1005 1006/1006/1006
f 977/977/977 1005/1005/1005 983/983/983
f 1005/1005/1005 977/977/977 1006/1006/1006
f 1002/1002/1002 1007/1007/1007 1000/1000/1000
f 1007/1007/1007 1004/1004/1004 1000/1000/1000
f 1007/1007/1007 1002/1002/1002 1008/1008/1008
f 1004/1004/1004 1007/1007/1007 1008/1008/1008
f 1004/1004/1004 1009/1009/1009 855/855/855
f 1009/1009/1009 847/847/847 855/855/855
f 1009/1009/1009 1004/1004/1004 1010/1010/1010
f 847/847/847 1009/1009/1009 1010/1010/1010
f 977/977/977 1011/1011/1011 1006/1006/1006
f 1011/1011/1011 1012/1012/1012 1006/1006/1006
f 1011/1011/1011 977/977/977 975/975/975
f 1012/1012/1012 1011/1011/1011 975/975/975
f 1013/1013/1013 1002/1002/1002 1006/1006/1006
f 1002/1002/1002 1013/1013/1013 1008/1008/1008
f 1014/1014/1014 1013/1013/1013 1006/1006/1006
f 1013/1013/1013 1014/1014/1014 1008/1008/1008
f 1015/1015/1015 1004/1004/1004 1008/1008/1008
f 1004/1004/1004 1015/1015/1015 1010/1010/1010
f 1016/1016/1016 1015/1015/1015 1008/1008/1008
f 1015/1015/1015 1016/1016/1016 1010/1010/1010
f 1017/1017/1017 847/847/847 1010/1010/1010
f 1016/1016/1016 1017/1017/1017 1010/1010/1010
f 847/847/847 1017/1017/1017 845/845/845
f 1017/1017/1017 1016/1016/1016 845/845/845
f 1012/1012/1012 1018/1018/1018 1006/1006/1006
f 1018/1018/1018 1014/1014/1014 1006/1006/1006
f 1018/1018/1018 1012/1012/1012 1019/1019/1019
f 1014/1014/1014 1018/1018/1018 1019/1019/1019
f 1020/1020/1020 1016/1016/1016 1008/1008/1008
f 1014/1014/1014 1020/1020/1020 1008/1008/1008
f 1016/1016/1016 1020/1020/1020 1021/1021/1021
f 1020/1020/1020 1014/1014/1014 1021/1021/1021
f 1016/1016/1016 1022/1022/1022 845/845/845
f 1022/1022/1022 1016/1016/1016 1021/1021/1021
f 1022/1022/1022 853/853/853 845/845/845
f 853/853/853 1022/1022/1022 1021/1021/1021
f 1023/1023/1023 1014/1014/1014 1019/1019/1019
f 1014/1014/1014 1023/1023/1023 1021/1021/1021
f 1023/1023/1023 1024/1024/1024 1021/1021/1021
f 1024/1024/1024 1023/1023/1023 1019/1019/1019
f 1025/1025/1025 853/853/853 1021/1021/1021
f 1024/1024/1024 1025/1025/1025 1021/1021/1021
f 853/853/853 1025/1025/1025 859/859/859
f 1025/1025/1025 1024/1024/1024 859/859/859
f 1024/1024/1024 1026/1026/1026 859/859/859
f 1026/1026/1026 1024/1024/1024 1027/1027/1027
f 1026/1026/1026 863/863/863 859/859/859
f 863/863/863 1026/1026/1026 1027/1027/1027
f 1028/1028/1028 1024/1024/1024 1019/1019/1019
f 1024/1024/1024 1028/1028/1028 1027/1027/1027
f 1029/1029/1029 1028/1028/1028 1019/1019/1019
f 1028/1028/1028 1029/1029/1029 1027/1027/1027
f 1030/1030/1030 863/863/863 1027/1027/1027
f 1031/1031/1031 1030/1030/1030 1027/1027/1027
f 863/863/863 1030/1030/1030 869/869/869
f 1030/1030/1030 1031/1031/1031 869/869/869
f 1032/1032/1032 1029/1029/1029 1019/1019/1019
f 1029/1029/1029 1032/1032/1032 1033/1033/1033
f 1012/1012/1012 1032/1032/1032 1019/1019/1019
f 1032/1032/1032 1012/1012/1012 1033/1033/1033
f 1034/1034/1034 1031/1031/1031 1027/1027/1027
f 1029/1029/1029 1034/1034/1034 1027/1027/1027
f 1034/1034/1034 1029/1029/1029 1035/1035/1035
f 1031/1031/1031 1034/1034/1034 1035/1035/1035
f 1031/1031/1031 1036/1036/1036 869/869/869
f 1036/1036/1036 1031/1031/1031 1037/1037/1037
f 1036/1036/1036 871/871/871 869/869/869
f 871/871/871 1036/1036/1036 1037/1037/1037
f 1012/1012/1012 1038/1038/1038 1033/1033/1033
f 1038/1038/1038 1039/1039/1039 1033/1033/1033
f 1038/1038/1038 1012/1012/1012 975/975/975
f 1039/1039/1039 1038/1038/1038 975/975/975
f 1040/1040/1040 1029/1029/1029 1033/1033/1033
f 1029/1029/1029 1040/1040/1040 1035/1035/1035
f 1041/1041/1041 1040/1040/1040 1033/1033/1033
f 1040/1040/1040 1041/1041/1041 1035/1035/1035
f 1031/1031/1031 1042/1042/1042 1037/1037/1037
f 1042/1042/1042 1031/1031/1031 1035/1035/1035
f 1043/1043/1043 1042/1042/1042 1035/1035/1035
f 1042/1042/1042 1043/1043/1043 1037/1037/1037
f 1044/1044/1044 871/871/871 1037/1037/1037
f 871/871/871 1044/1044/1044 873/873/873
f 1044/1044/1044 951/951/951 873/873/873
f 951/951/951 1044/1044/1044 1037/1037/1037
f 1045/1045/1045 951/951/951 1037/1037/1037
f 1043/1043/1043 1045/1045/1045 1037/1037/1037
f 951/951/951 1045/1045/1045 953/953/953
f 1045/1045/1045 1043/1043/1043 953/953/953
f 1039/1039/1039 1046/1046/1046 1033/1033/1033
f 1046/1046/1046 1041/1041/1041 1033/1033/1033
f 1047/1047/1047 1043/1043/1043 1035/1035/1035
f 1041/1041/1041 1047/1047/1047 1035/1035/1035
f 1043/1043/1043 1047/1047/1047 1048/1048/1048
f 1047/1047/1047 1041/1041/1041 1048/1048/1048
f 1043/1043/1043 1049/1049/1049 953/953/953
f 1049/1049/1049 1043/1043/1043 1048/1048/1048
f 1049/1049/1049 959/959/959 953/953/953
f 959/959/959 1049/1049/1049 1048/1048/1048
f 1041/1041/1041 1046/1046/1046 1050/1050/1050
f 1046/1046/1046 1039/1039/1039 1050/1050/1050
f 1051/1051/1051 959/959/959 1048/1048/1048
f 1052/1052/1052 1051/1051/1051 1048/1048/1048
f 959/959/959 1051/1051/1051 965/965/965
f 1051/1051/1051 1052/1052/1052 965/965/965
f 1041/1041/1041 1053/1053/1053 1048/1048/1048
f 1053/1053/1053 1041/1041/1041 1050/1050/1050
f 1053/1053/1053 1052/1052/1052 1048/1048/1048
f 1052/1052/1052 1053/1053/1053 1050/1050/1050
f 1039/1039/1039 1054/1054/1054 1050/1050/1050
f 1054/1054/1054 1052/1052/1052 1050/1050/1050
f 1052/1052/1052 1055/1055/1055 965/965/965
f 1055/1055/1055 969/969/969 965/965/965
f 1052/1052/1052 1054/1054/1054 1056/1056/1056
f 1055/1055/1055 1052/1052/1052 1056/1056/1056
f 1054/1054/1054 1039/1039/1039 1056/1056/1056
f 969/969/969 1055/1055/1055 1056/1056/1056
f 1039/1039/1039 1057/1057/1057 1056/1056/1056
f 1057/1057/1057 969/969/969 1056/1056/1056
f 1057/1057/1057 1039/1039/1039 975/975/975
f 969/969/969 1057/1057/1057 975/975/975
f 1060/1060/1060 1059/1059/1059 1058/1058/1058
f 1059/1059/1059 1061/1061/1061 1058/1058/1058
f 1061/1061/1061 1062/1062/1062 1058/1058/1058
f 1062/1062/1062 1063/1063/1063 1058/1058/1058
f 1063/1063/1063 1062/1062/1062 1064/1064/1064
f 1061/1061/1061 1059/1059/1059 1065/1065/1065
f 1062/1062/1062 1061/1061/1061 1065/1065/1065
f 1059/1059/1059 1066/1066/1066 1065/1065/1065
f 1066/1066/1066 1067/1067/1067 1065/1065/1065
f 1067/1067/1067 1068/1068/1068 1065/1065/1065
f 1068/1068/1068 1062/1062/1062 1065/1065/1065
f 1068/1068/1068 1067/1067/1067 1069/1069/1069
f 1062/1062/1062 1068/1068/1068 1069/1069/1069
f 1067/1067/1067 1070/1070/1070 1069/1069/1069
f 1070/1070/1070 1071/1071/1071 1069/1069/1069
f 1062/1062/1062 1072/1072/1072 1064/1064/1064
f 1072/1072/1072 1062/1062/1062 1069/1069/1069
f 1072/1072/1072 1073/1073/1073 1064/1064/1064
f 1073/1073/1073 1072/1072/1072 1069/1069/1069
f 1073/1073/1073 1074/1074/1074 1064/1064/1064
f 1074/1074/1074 1073/1073/1073 1075/1075/1075
f 1071/1071/1071 1076/1076/1076 1069/1069/1069
f 1076/1076/1076 1071/1071/1071 1077/1077/1077
f 1076/1076/1076 1078/1078/1078 1069/1069/1069
f 1078/1078/1078 1076/1076/1076 1077/1077/1077
f 1071/1071/1071 1079/1079/1079 1077/1077/1077
f 1079/1079/1079 1080/1080/1080 1077/1077/1077
f 1081/1081/1081 1073/1073/1073 1069/1069/1069
f 1078/1078/1078 1081/1081/1081 1069/1069/1069
f 1073/1073/1073 1081/1081/1081 1082/1082/1082
f 1081/1081/1081 1078/1078/1078 1082/1082/1082
f 1073/1073/1073 1083/1083/1083 1075/1075/1075
f 1083/1083/1083 1073/1073/1073 1082/1082/1082
f 1083/1083/1083 1084/1084/1084 1075/1075/1075
f 1084/1084/1084 1083/1083/1083 1082/1082/1082
f 1084/1084/1084 1085/1085/1085 1075/1075/1075
f 1085/1085/1085 1084/1084/1084 1086/1086/1086
f 1084/1084/1084 1087/1087/1087 1086/1086/1086
f 1086/1086/1086 1087/1087/1087 1088/1088/1088
f 1080/1080/1080 1089/1089/1089 1077/1077/1077
f 1089/1089/1089 1080/1080/1080 1090/1090/1090
f 1089/1089/1089 1091/1091/1091 1077/1077/1077
f 1091/1091/1091 1089/1089/1089 1090/1090/1090
f 1080/1080/1080 1092/1092/1092 1090/1090/1090
f 1092/1092/1092 1093/1093/1093 1090/1090/1090
f 1091/1091/1091 1094/1094/1094 1077/1077/1077
f 1094/1094/1094 1091/1091/1091 1095/1095/1095
f 1094/1094/1094 1078/1078/1078 1077/1077/1077
f 1078/1078/1078 1094/1094/1094 1095/1095/1095
f 1096/1096/1096 1078/1078/1078 1095/1095/1095
f 1097/1097/1097 1096/1096/1096 1095/1095/1095
f 1078/1078/1078 1096/1096/1096 1082/1082/1082
f 1096/1096/1096 1097/1097/1097 1082/1082/1082
f 1097/1097/1097 1098/1098/1098 1082/1082/1082
f 1098/1098/1098 1084/1084/1084 1082/1082/1082
f 1084/1084/1084 1098/1098/1098 1099/1099/1099
f 1098/1098/1098 1097/1097/1097 1099/1099/1099
f 1087/1087/1087 1084/1084/1084 1099/1099/1099
f 1087/1087/1087 1099/1099/1099 1100/1100/1100
f 1101/1101/1101 1087/1087/1087 1100/1100/1100
f 1087/1087/1087 1101/1101/1101 1088/1088/1088
f 1088/1088/1088 1101/1101/1101 1100/1100/1100
f 1088/1088/1088 1100/1100/1100 1102/1102/1102
f 1103/1103/1103 1088/1088/1088 1102/1102/1102
f 1102/1102/1102 1100/1100/1100 1104/1104/1104
f 1100/1100/1100 1105/1105/1105 1104/1104/1104
f 1105/1105/1105 1106/1106/1106 1104/1104/1104
f 1106/1106/1106 1107/1107/1107 1104/1104/1104
f 1106/1106/1106 1108/1108/1108 1107/1107/1107
f 1108/1108/1108 1109/1109/1109 1107/1107/1107
f 1099/1099/1099 1110/1110/1110 1100/1100/1100
f 1097/1097/1097 1110/1110/1110 1099/1099/1099
f 1100/1100/1100 1111/1111/1111 1105/1105/1105
f 1110/1110/1110 1111/1111/1111 1100/1100/1100
f 1111/1111/1111 1110/1110/1110 1105/1105/1105
f 1108/1108/1108 1112/1112/1112 1109/1109/1109
f 1112/1112/1112 1113/1113/1113 1109/1109/1109
f 1114/1114/1114 1112/1112/1112 1108/1108/1108
f 1115/1115/1115 1114/1114/1114 1108/1108/1108
f 1110/1110/1110 1097/1097/1097 1116/1116/1116
f 1110/1110/1110 1116/1116/1116 1105/1105/1105
f 1117/1117/1117 1115/1115/1115 1108/1108/1108
f 1093/1093/1093 1115/1115/1115 1117/1117/1117
f 1097/1097/1097 1118/1118/1118 1116/1116/1116
f 1118/1118/1118 1119/1119/1119 1116/1116/1116
f 1118/1118/1118 1097/1097/1097 1095/1095/1095
f 1119/1119/1119 1118/1118/1118 1095/1095/1095
f 1116/1116/1116 1120/1120/1120 1105/1105/1105
f 1119/1119/1119 1120/1120/1120 1116/1116/1116
f 1120/1120/1120 1121/1121/1121 1105/1105/1105
f 1121/1121/1121 1106/1106/1106 1105/1105/1105
f 1121/1121/1121 1120/1120/1120 1106/1106/1106
f 1122/1122/1122 1093/1093/1093 1117/1117/1117
f 1123/1123/1123 1122/1122/1122 1117/1117/1117
f 1093/1093/1093 1122/1122/1122 1090/1090/1090
f 1122/1122/1122 1123/1123/1123 1090/1090/1090
f 1124/1124/1124 1117/1117/1117 1108/1108/1108
f 1124/1124/1124 1123/1123/1123 1117/1117/1117
f 1125/1125/1125 1108/1108/1108 1106/1106/1106
f 1125/1125/1125 1124/1124/1124 1108/1108/1108
f 1124/1124/1124 1125/1125/1125 1106/1106/1106
f 1120/1120/1120 1126/1126/1126 1106/1106/1106
f 1126/1126/1126 1124/1124/1124 1106/1106/1106
f 1120/1120/1120 1119/1119/1119 1126/1126/1126
f 1123/1123/1123 1124/1124/1124 1126/1126/1126
f 1123/1123/1123 1127/1127/1127 1090/1090/1090
f 1127/1127/1127 1091/1091/1091 1090/1090/1090
f 1128/1128/1128 1123/1123/1123 1126/1126/1126
f 1119/1119/1119 1128/1128/1128 1126/1126/1126
f 1127/1127/1127 1123/1123/1123 1129/1129/1129
f 1123/1123/1123 1128/1128/1128 1129/1129/1129
f 1091/1091/1091 1127/1127/1127 1129/1129/1129
f 1128/1128/1128 1119/1119/1119 1129/1129/1129
f 1130/1130/1130 1091/1091/1091 1129/1129/1129
f 1119/1119/1119 1130/1130/1130 1129/1129/1129
f 1091/1091/1091 1130/1130/1130 1095/1095/1095
f 1130/1130/1130 1119/1119/1119 1095/1095/1095
f 1133/1133/1133 1132/1132/1132 1131/1131/1131
f 1132/1132/1132 1134/1134/1134 1131/1131/1131
f 1132/1132/1132 1135/1135/1135 1134/1134/1134
f 1131/1131/1131 1134/1134/1134 1136/1136/1136
f 1135/1135/1135 1137/1137/1137 1134/1134/1134
f 1135/1135/1135 1138/1138/1138 1137/1137/1137
f 1134/1134/1134 1139/1139/1139 1136/1136/1136
f 1134/1134/1134 1137/1137/1137 1139/1139/1139
f 1138/1138/1138 1140/1140/1140 1137/1137/1137
f 1138/1138/1138 1141/1141/1141 1140/1140/1140
f 1136/1136/1136 1139/1139/1139 1142/1142/1142
f 1143/1143/1143 1136/1136/1136 1142/1142/1142
f 1137/1137/1137 1144/1144/1144 1139/1139/1139
f 1137/1137/1137 1140/1140/1140 1144/1144/1144
f 1142/1142/1142 1139/1139/1139 1145/1145/1145
f 1139/1139/1139 1144/1144/1144 1145/1145/1145
f 1143/1143/1143 1142/1142/1142 1146/1146/1146
f 1147/1147/1147 1143/1143/1143 1146/1146/1146
f 1148/1148/1148 1147/1147/1147 1146/1146/1146
f 1146/1146/1146 1142/1142/1142 1149/1149/1149
f 1142/1142/1142 1145/1145/1145 1149/1149/1149
f 1149/1149/1149 1145/1145/1145 1150/1150/1150
f 1151/1151/1151 1148/1148/1148 1146/1146/1146
f 1151/1151/1151 1146/1146/1146 1149/1149/1149
f 1152/1152/1152 1148/1148/1148 1151/1151/1151
f 1153/1153/1153 1152/1152/1152 1151/1151/1151
f 1154/1154/1154 1151/1151/1151 1149/1149/1149
f 1153/1153/1153 1151/1151/1151 1154/1154/1154
f 1154/1154/1154 1149/1149/1149 1150/1150/1150
f 1155/1155/1155 1153/1153/1153 1154/1154/1154
f 1155/1155/1155 1154/1154/1154 1156/1156/1156
f 1156/1156/1156 1154/1154/1154 1150/1150/1150
f 1157/1157/1157 1155/1155/1155 1156/1156/1156
f 1157/1157/1157 1156/1156/1156 1158/1158/1158
f 1156/1156/1156 1159/1159/1159 1158/1158/1158
f 1156/1156/1156 1150/1150/1150 1159/1159/1159
f 1145/1145/1145 1160/1160/1160 1150/1150/1150
f 1145/1145/1145 1144/1144/1144 1160/1160/1160
f 1144/1144/1144 1161/1161/1161 1160/1160/1160
f 1140/1140/1140 1161/1161/1161 1144/1144/1144
f 1150/1150/1150 1160/1160/1160 1162/1162/1162
f 1160/1160/1160 1161/1161/1161 1162/1162/1162
f 1140/1140/1140 1163/1163/1163 1161/1161/1161
f 1141/1141/1141 1163/1163/1163 1140/1140/1140
f 1158/1158/1158 1159/1159/1159 1164/1164/1164
f 1164/1164/1164 1159/1159/1159 1165/1165/1165
f 1166/1166/1166 1158/1158/1158 1164/1164/1164
f 1150/1150/1150 1167/1167/1167 1159/1159/1159
f 1167/1167/1167 1150/1150/1150 1162/1162/1162
f 1159/1159/1159 1167/1167/1167 1165/1165/1165
f 1167/1167/1167 1162/1162/1162 1165/1165/1165
f 1161/1161/1161 1168/1168/1168 1162/1162/1162
f 1163/1163/1163 1168/1168/1168 1161/1161/1161
f 1162/1162/1162 1168/1168/1168 1165/1165/1165
f 1165/1165/1165 1168/1168/1168 1163/1163/1163
f 1169/1169/1169 1163/1163/1163 1141/1141/1141
f 1169/1169/1169 1165/1165/1165 1163/1163/1163
f 1170/1170/1170 1169/1169/1169 1141/1141/1141
f 1169/1169/1169 1170/1170/1170 1171/1171/1171
f 1164/1164/1164 1165/1165/1165 1172/1172/1172
f 1166/1166/1166 1164/1164/1164 1172/1172/1172
f 1165/1165/1165 1169/1169/1169 1172/1172/1172
f 1172/1172/1172 1169/1169/1169 1171/1171/1171
f 1173/1173/1173 1166/1166/1166 1172/1172/1172
f 1173/1173/1173 1172/1172/1172 1171/1171/1171
f 1174/1174/1174 1173/1173/1173 1171/1171/1171
f 1177/1177/1177 1176/1176/1176 1175/1175/1175
f 1176/1176/1176 1178/1178/1178 1175/1175/1175
f 1176/1176/1176 1179/1179/1179 1178/1178/1178
f 1175/1175/1175 1178/1178/1178 1180/1180/1180
f 1181/1181/1181 1175/1175/1175 1180/1180/1180
f 1180/1180/1180 1182/1182/1182 1181/1181/1181
f 1182/1182/1182 1180/1180/1180 1183/1183/1183
f 1184/1184/1184 1182/1182/1182 1183/1183/1183
f 1183/1183/1183 1185/1185/1185 1184/1184/1184
f 1179/1179/1179 1186/1186/1186 1178/1178/1178
f 1178/1178/1178 1186/1186/1186 1180/1180/1180
f 1179/1179/1179 1187/1187/1187 1186/1186/1186
f 1186/1186/1186 1188/1188/1188 1180/1180/1180
f 1180/1180/1180 1188/1188/1188 1183/1183/1183
f 1187/1187/1187 1189/1189/1189 1186/1186/1186
f 1186/1186/1186 1189/1189/1189 1188/1188/1188
f 1185/1185/1185 1183/1183/1183 1190/1190/1190
f 1191/1191/1191 1185/1185/1185 1190/1190/1190
f 1192/1192/1192 1189/1189/1189 1187/1187/1187
f 1193/1193/1193 1192/1192/1192 1187/1187/1187
f 1191/1191/1191 1190/1190/1190 1194/1194/1194
f 1195/1195/1195 1191/1191/1191 1194/1194/1194
f 1195/1195/1195 1194/1194/1194 1196/1196/1196
f 1194/1194/1194 1197/1197/1197 1196/1196/1196
f 1196/1196/1196 1197/1197/1197 1198/1198/1198
f 1197/1197/1197 1199/1199/1199 1198/1198/1198
f 1194/1194/1194 1190/1190/1190 1200/1200/1200
f 1194/1194/1194 1200/1200/1200 1197/1197/1197
f 1197/1197/1197 1201/1201/1201 1199/1199/1199
f 1200/1200/1200 1201/1201/1201 1197/1197/1197
f 1201/1201/1201 1202/1202/1202 1199/1199/1199
f 1201/1201/1201 1203/1203/1203 1202/1202/1202
f 1203/1203/1203 1204/1204/1204 1202/1202/1202
f 1205/1205/1205 1204/1204/1204 1203/1203/1203
f 1206/1206/1206 1203/1203/1203 1201/1201/1201
f 1200/1200/1200 1206/1206/1206 1201/1201/1201
f 1190/1190/1190 1207/1207/1207 1200/1200/1200
f 1190/1190/1190 1183/1183/1183 1207/1207/1207
f 1208/1208/1208 1205/1205/1205 1203/1203/1203
f 1208/1208/1208 1203/1203/1203 1206/1206/1206
f 1200/1200/1200 1207/1207/1207 1209/1209/1209
f 1206/1206/1206 1200/1200/1200 1209/1209/1209
f 1183/1183/1183 1210/1210/1210 1207/1207/1207
f 1207/1207/1207 1210/1210/1210 1209/1209/1209
f 1188/1188/1188 1210/1210/1210 1183/1183/1183
f 1206/1206/1206 1209/1209/1209 1211/1211/1211
f 1211/1211/1211 1208/1208/1208 1206/1206/1206
f 1208/1208/1208 1212/1212/1212 1205/1205/1205
f 1212/1212/1212 1213/1213/1213 1205/1205/1205
f 1210/1210/1210 1214/1214/1214 1209/1209/1209
f 1209/1209/1209 1214/1214/1214 1211/1211/1211
f 1188/1188/1188 1215/1215/1215 1210/1210/1210
f 1215/1215/1215 1214/1214/1214 1210/1210/1210
f 1211/1211/1211 1214/1214/1214 1215/1215/1215
f 1189/1189/1189 1215/1215/1215 1188/1188/1188
f 1211/1211/1211 1216/1216/1216 1208/1208/1208
f 1216/1216/1216 1211/1211/1211 1215/1215/1215
f 1216/1216/1216 1215/1215/1215 1189/1189/1189
f 1216/1216/1216 1212/1212/1212 1208/1208/1208
f 1192/1192/1192 1216/1216/1216 1189/1189/1189
f 1216/1216/1216 1192/1192/1192 1212/1212/1212
f 1212/1212/1212 1217/1217/1217 1213/1213/1213
f 1192/1192/1192 1217/1217/1217 1212/1212/1212
f 1192/1192/1192 1193/1193/1193 1217/1217/1217
f 1217/1217/1217 1218/1218/1218 1213/1213/1213
f 1193/1193/1193 1219/1219/1219 1217/1217/1217
f 1217/1217/1217 1219/1219/1219 1218/1218/1218
f 1219/1219/1219 1220/1220/1220 1218/1218/1218
f 1223/1223/1223 1222/1222/1222 1221/1221/1221
f 1222/1222/1222 1224/1224/1224 1221/1221/1221
f 1221/1221/1221 1224/1224/1224 1225/1225/1225
f 1226/1226/1226 1221/1221/1221 1225/1225/1225
f 1226/1226/1226 1225/1225/1225 1227/1227/1227
f 1225/1225/1225 1228/1228/1228 1227/1227/1227
f 1227/1227/1227 1228/1228/1228 1229/1229/1229
f 1230/1230/1230 1227/1227/1227 1229/1229/1229
f 1230/1230/1230 1229/1229/1229 1231/1231/1231
f 1229/1229/1229 1232/1232/1232 1231/1231/1231
f 1231/1231/1231 1232/1232/1232 1233/1233/1233
f 1234/1234/1234 1231/1231/1231 1233/1233/1233
f 1234/1234/1234 1233/1233/1233 1235/1235/1235
f 1236/1236/1236 1234/1234/1234 1235/1235/1235
f 1236/1236/1236 1235/1235/1235 1237/1237/1237
f 1235/1235/1235 1238/1238/1238 1237/1237/1237
f 1237/1237/1237 1238/1238/1238 1239/1239/1239
f 1238/1238/1238 1240/1240/1240 1239/1239/1239
f 1243/1243/1243 1242/1242/1242 1241/1241/1241
f 1244/1244/1244 1243/1243/1243 1241/1241/1241
f 1245/1245/1245 1243/1243/1243 1244/1244/1244
f 1246/1246/1246 1245/1245/1245 1244/1244/1244
f 1247/1247/1247 1245/1245/1245 1246/1246/1246
f 1248/1248/1248 1247/1247/1247 1246/1246/1246
f 1247/1247/1247 1248/1248/1248 1249/1249/1249
f 1248/1248/1248 1250/1250/1250 1249/1249/1249
f 1249/1249/1249 1250/1250/1250 1251/1251/1251
f 1250/1250/1250 1252/1252/1252 1251/1251/1251
f 1255/1255/1255 1254/1254/1254 1253/1253/1253
f 1254/1254/1254 1256/1256/1256 1253/1253/1253
f 1253/1253/1253 1256/1256/1256 1257/1257/1257
f 1256/1256/1256 1258/1258/1258 1257/1257/1257
f 1257/1257/1257 1258/1258/1258 1259/1259/1259
f 1258/1258/1258 1260/1260/1260 1259/1259/1259
f 1259/1259/1259 1260/1260/1260 1261/1261/1261
f 1262/1262/1262 1259/1259/1259 1261/1261/1261
f 1262/1262/1262 1261/1261/1261 1263/1263/1263
f 1264/1264/1264 1262/1262/1262 1263/1263/1263
f 1264/1264/1264 1263/1263/1263 1265/1265/1265
f 1266/1266/1266 1264/1264/1264 1265/1265/1265
f 1266/1266/1266 1265/1265/1265 1267/1267/1267
f 1268/1268/1268 1266/1266/1266 1267/1267/1267
f 1271/1271/1271 1270/1270/1270 1269/1269/1269
f 1272/1272/1272 1271/1271/1271 1269/1269/1269
f 1272/1272/1272 1269/1269/1269 1273/1273/1273
f 1274/1274/1274 1271/1271/1271 1272/1272/1272
f 1275/1275/1275 1272/1272/1272 1273/1273/1273
f 1275/1275/1275 1273/1273/1273 1276/1276/1276
f 1277/1277/1277 1274/1274/1274 1272/1272/1272
f 1277/1277/1277 1272/1272/1272 1275/1275/1275
f 1274/1274/1274 1277/1277/1277 1278/1278/1278
f 1279/1279/1279 1275/1275/1275 1276/1276/1276
f 1279/1279/1279 1276/1276/1276 1280/1280/1280
f 1277/1277/1277 1281/1281/1281 1278/1278/1278
f 1278/1278/1278 1281/1281/1281 1282/1282/1282
f 1283/1283/1283 1277/1277/1277 1275/1275/1275
f 1283/1283/1283 1275/1275/1275 1279/1279/1279
f 1277/1277/1277 1283/1283/1283 1281/1281/1281
f 1284/1284/1284 1279/1279/1279 1280/1280/1280
f 1284/1284/1284 1280/1280/1280 1285/1285/1285
f 1286/1286/1286 1284/1284/1284 1285/1285/1285
f 1281/1281/1281 1287/1287/1287 1282/1282/1282
f 1282/1282/1282 1287/1287/1287 1288/1288/1288
f 1287/1287/1287 1289/1289/1289 1288/1288/1288
f 1290/1290/1290 1283/1283/1283 1279/1279/1279
f 1290/1290/1290 1279/1279/1279 1284/1284/1284
f 1291/1291/1291 1284/1284/1284 1286/1286/1286
f 1291/1291/1291 1290/1290/1290 1284/1284/1284
f 1292/1292/1292 1291/1291/1291 1286/1286/1286
f 1283/1283/1283 1293/1293/1293 1281/1281/1281
f 1281/1281/1281 1293/1293/1293 1287/1287/1287
f 1283/1283/1283 1290/1290/1290 1293/1293/1293
f 1287/1287/1287 1294/1294/1294 1289/1289/1289
f 1293/1293/1293 1294/1294/1294 1287/1287/1287
f 1294/1294/1294 1295/1295/1295 1289/1289/1289
f 1290/1290/1290 1296/1296/1296 1293/1293/1293
f 1290/1290/1290 1291/1291/1291 1296/1296/1296
f 1293/1293/1293 1296/1296/1296 1294/1294/1294
f 1291/1291/1291 1292/1292/1292 1297/1297/1297
f 1291/1291/1291 1297/1297/1297 1296/1296/1296
f 1296/1296/1296 1297/1297/1297 1294/1294/1294
f 1294/1294/1294 1297/1297/1297 1295/1295/1295
f 1292/1292/1292 1298/1298/1298 1297/1297/1297
f 1297/1297/1297 1298/1298/1298 1295/1295/1295
f 1301/1301/1301 1300/1300/1300 1299/1299/1299
f 1300/1300/1300 1302/1302/1302 1299/1299/1299
f 1300/1300/1300 1303/1303/1303 1302/1302/1302
f 1299/1299/1299 1302/1302/1302 1304/1304/1304
f 1303/1303/1303 1305/1305/1305 1302/1302/1302
f 1303/1303/1303 1306/1306/1306 1305/1305/1305
f 1302/1302/1302 1307/1307/1307 1304/1304/1304
f 1302/1302/1302 1305/1305/1305 1307/1307/1307
f 1306/1306/1306 1308/1308/1308 1305/1305/1305
f 1306/1306/1306 1309/1309/1309 1308/1308/1308
f 1307/1307/1307 1310/1310/1310 1304/1304/1304
f 1310/1310/1310 1311/1311/1311 1304/1304/1304
f 1305/1305/1305 1312/1312/1312 1307/1307/1307
f 1305/1305/1305 1308/1308/1308 1312/1312/1312
f 1309/1309/1309 1313/1313/1313 1308/1308/1308
f 1309/1309/1309 1314/1314/1314 1313/1313/1313
f 1314/1314/1314 1315/1315/1315 1313/1313/1313
f 1312/1312/1312 1316/1316/1316 1307/1307/1307
f 1316/1316/1316 1310/1310/1310 1307/1307/1307
f 1308/1308/1308 1317/1317/1317 1312/1312/1312
f 1308/1308/1308 1313/1313/1313 1317/1317/1317
f 1312/1312/1312 1317/1317/1317 1316/1316/1316
f 1313/1313/1313 1315/1315/1315 1318/1318/1318
f 1313/1313/1313 1318/1318/1318 1317/1317/1317
f 1315/1315/1315 1319/1319/1319 1318/1318/1318
f 1319/1319/1319 1320/1320/1320 1318/1318/1318
f 1320/1320/1320 1321/1321/1321 1318/1318/1318
f 1318/1318/1318 1321/1321/1321 1317/1317/1317
f 1320/1320/1320 1322/1322/1322 1321/1321/1321
f 1317/1317/1317 1323/1323/1323 1316/1316/1316
f 1316/1316/1316 1323/1323/1323 1310/1310/1310
f 1321/1321/1321 1323/1323/1323 1317/1317/1317
f 1322/1322/1322 1324/1324/1324 1321/1321/1321
f 1321/1321/1321 1324/1324/1324 1323/1323/1323
f 1322/1322/1322 1325/1325/1325 1324/1324/1324
f 1325/1325/1325 1326/1326/1326 1324/1324/1324
f 1323/1323/1323 1327/1327/1327 1310/1310/1310
f 1324/1324/1324 1327/1327/1327 1323/1323/1323
f 1324/1324/1324 1326/1326/1326 1327/1327/1327
f 1310/1310/1310 1327/1327/1327 1311/1311/1311
f 1326/1326/1326 1328/1328/1328 1327/1327/1327
f 1327/1327/1327 1328/1328/1328 1311/1311/1311
f 1331/1331/1331 1330/1330/1330 1329/1329/1329
f 1330/1330/1330 1332/1332/1332 1329/1329/1329
f 1332/1332/1332 1333/1333/1333 1329/1329/1329
f 1332/1332/1332 1330/1330/1330 1334/1334/1334
f 1333/1333/1333 1332/1332/1332 1334/1334/1334
f 1333/1333/1333 1335/1335/1335 1329/1329/1329
f 1335/1335/1335 1333/1333/1333 1336/1336/1336
f 1330/1330/1330 1337/1337/1337 1334/1334/1334
f 1337/1337/1337 1338/1338/1338 1334/1334/1334
f 1337/1337/1337 1330/1330/1330 1339/1339/1339
f 1338/1338/1338 1337/1337/1337 1339/1339/1339
f 1330/1330/1330 1340/1340/1340 1339/1339/1339
f 1340/1340/1340 1341/1341/1341 1339/1339/1339
f 1341/1341/1341 1342/1342/1342 1339/1339/1339
f 1342/1342/1342 1341/1341/1341 1343/1343/1343
f 1344/1344/1344 1338/1338/1338 1339/1339/1339
f 1342/1342/1342 1344/1344/1344 1339/1339/1339
f 1338/1338/1338 1344/1344/1344 1345/1345/1345
f 1344/1344/1344 1342/1342/1342 1345/1345/1345
f 1346/1346/1346 1342/1342/1342 1343/1343/1343
f 1342/1342/1342 1346/1346/1346 1347/1347/1347
f 1348/1348/1348 1346/1346/1346 1343/1343/1343
f 1346/1346/1346 1348/1348/1348 1347/1347/1347
f 1342/1342/1342 1349/1349/1349 1345/1345/1345
f 1349/1349/1349 1342/1342/1342 1347/1347/1347
f 1349/1349/1349 1350/1350/1350 1345/1345/1345
f 1350/1350/1350 1349/1349/1349 1347/1347/1347
f 1348/1348/1348 1351/1351/1351 1347/1347/1347
f 1351/1351/1351 1348/1348/1348 1352/1352/1352
f 1351/1351/1351 1353/1353/1353 1347/1347/1347
f 1353/1353/1353 1351/1351/1351 1352/1352/1352
f 1348/1348/1348 1354/1354/1354 1352/1352/1352
f 1354/1354/1354 1355/1355/1355 1352/1352/1352
f 1356/1356/1356 1350/1350/1350 1347/1347/1347
f 1353/1353/1353 1356/1356/1356 1347/1347/1347
f 1350/1350/1350 1356/1356/1356 1357/1357/1357
f 1356/1356/1356 1353/1353/1353 1357/1357/1357
f 1355/1355/1355 1358/1358/1358 1352/1352/1352
f 1358/1358/1358 1355/1355/1355 1359/1359/1359
f 1358/1358/1358 1360/1360/1360 1352/1352/1352
f 1360/1360/1360 1358/1358/1358 1359/1359/1359
f 1355/1355/1355 1361/1361/1361 1359/1359/1359
f 1361/1361/1361 1362/1362/1362 1359/1359/1359
f 1363/1363/1363 1353/1353/1353 1352/1352/1352
f 1360/1360/1360 1363/1363/1363 1352/1352/1352
f 1353/1353/1353 1363/1363/1363 1364/1364/1364
f 1363/1363/1363 1360/1360/1360 1364/1364/1364
f 1353/1353/1353 1365/1365/1365 1357/1357/1357
f 1365/1365/1365 1353/1353/1353 1364/1364/1364
f 1365/1365/1365 1366/1366/1366 1357/1357/1357
f 1366/1366/1366 1365/1365/1365 1364/1364/1364
f 1362/1362/1362 1367/1367/1367 1359/1359/1359
f 1367/1367/1367 1368/1368/1368 1359/1359/1359
f 1367/1367/1367 1362/1362/1362 1369/1369/1369
f 1368/1368/1368 1367/1367/1367 1369/1369/1369
f 1370/1370/1370 1360/1360/1360 1359/1359/1359
f 1368/1368/1368 1370/1370/1370 1359/1359/1359
f 1360/1360/1360 1370/1370/1370 1371/1371/1371
f 1370/1370/1370 1368/1368/1368 1371/1371/1371
f 1360/1360/1360 1372/1372/1372 1364/1364/1364
f 1372/1372/1372 1360/1360/1360 1371/1371/1371
f 1372/1372/1372 1373/1373/1373 1364/1364/1364
f 1373/1373/1373 1372/1372/1372 1371/1371/1371
f 1374/1374/1374 1366/1366/1366 1364/1364/1364
f 1373/1373/1373 1374/1374/1374 1364/1364/1364
f 1375/1375/1375 1368/1368/1368 1369/1369/1369
f 1368/1368/1368 1375/1375/1375 1376/1376/1376
f 1377/1377/1377 1375/1375/1375 1369/1369/1369
f 1375/1375/1375 1377/1377/1377 1376/1376/1376
f 1368/1368/1368 1378/1378/1378 1371/1371/1371
f 1378/1378/1378 1368/1368/1368 1376/1376/1376
f 1378/1378/1378 1379/1379/1379 1371/1371/1371
f 1379/1379/1379 1378/1378/1378 1376/1376/1376
f 1366/1366/1366 1374/1374/1374 1380/1380/1380
f 1374/1374/1374 1373/1373/1373 1380/1380/1380
f 1377/1377/1377 1381/1381/1381 1376/1376/1376
f 1381/1381/1381 1382/1382/1382 1376/1376/1376
f 1381/1381/1381 1377/1377/1377 1383/1383/1383
f 1382/1382/1382 1381/1381/1381 1383/1383/1383
f 1384/1384/1384 1382/1382/1382 1383/1383/1383
f 1382/1382/1382 1384/1384/1384 1385/1385/1385
f 1386/1386/1386 1373/1373/1373 1371/1371/1371
f 1379/1379/1379 1386/1386/1386 1371/1371/1371
f 1373/1373/1373 1386/1386/1386 1387/1387/1387
f 1386/1386/1386 1379/1379/1379 1387/1387/1387
f 1373/1373/1373 1388/1388/1388 1380/1380/1380
f 1388/1388/1388 1373/1373/1373 1387/1387/1387
f 1388/1388/1388 1389/1389/1389 1380/1380/1380
f 1389/1389/1389 1388/1388/1388 1387/1387/1387
f 1382/1382/1382 1390/1390/1390 1376/1376/1376
f 1390/1390/1390 1379/1379/1379 1376/1376/1376
f 1390/1390/1390 1382/1382/1382 1391/1391/1391
f 1379/1379/1379 1390/1390/1390 1391/1391/1391
f 1392/1392/1392 1382/1382/1382 1385/1385/1385
f 1382/1382/1382 1392/1392/1392 1391/1391/1391
f 1393/1393/1393 1392/1392/1392 1385/1385/1385
f 1392/1392/1392 1393/1393/1393 1391/1391/1391
f 1394/1394/1394 1393/1393/1393 1385/1385/1385
f 1393/1393/1393 1394/1394/1394 1395/1395/1395
f 1389/1389/1389 1396/1396/1396 1380/1380/1380
f 1396/1396/1396 1389/1389/1389 1397/1397/1397
f 1396/1396/1396 1366/1366/1366 1380/1380/1380
f 1366/1366/1366 1396/1396/1396 1397/1397/1397
f 1398/1398/1398 1379/1379/1379 1391/1391/1391
f 1399/1399/1399 1398/1398/1398 1391/1391/1391
f 1379/1379/1379 1398/1398/1398 1387/1387/1387
f 1398/1398/1398 1399/1399/1399 1387/1387/1387
f 1393/1393/1393 1400/1400/1400 1391/1391/1391
f 1400/1400/1400 1399/1399/1399 1391/1391/1391
f 1400/1400/1400 1393/1393/1393 1401/1401/1401
f 1399/1399/1399 1400/1400/1400 1401/1401/1401
f 1402/1402/1402 1393/1393/1393 1395/1395/1395
f 1393/1393/1393 1402/1402/1402 1401/1401/1401
f 1403/1403/1403 1402/1402/1402 1395/1395/1395
f 1402/1402/1402 1403/1403/1403 1401/1401/1401
f 1404/1404/1404 1403/1403/1403 1395/1395/1395
f 1403/1403/1403 1404/1404/1404 1405/1405/1405
f 1406/1406/1406 1366/1366/1366 1397/1397/1397
f 1407/1407/1407 1406/1406/1406 1397/1397/1397
f 1366/1366/1366 1406/1406/1406 1357/1357/1357
f 1406/1406/1406 1407/1407/1407 1357/1357/1357
f 1407/1407/1407 1408/1408/1408 1357/1357/1357
f 1408/1408/1408 1407/1407/1407 1409/1409/1409
f 1408/1408/1408 1350/1350/1350 1357/1357/1357
f 1350/1350/1350 1408/1408/1408 1409/1409/1409
f 1410/1410/1410 1350/1350/1350 1409/1409/1409
f 1411/1411/1411 1410/1410/1410 1409/1409/1409
f 1350/1350/1350 1410/1410/1410 1345/1345/1345
f 1410/1410/1410 1411/1411/1411 1345/1345/1345
f 1411/1411/1411 1412/1412/1412 1345/1345/1345
f 1412/1412/1412 1411/1411/1411 1413/1413/1413
f 1412/1412/1412 1338/1338/1338 1345/1345/1345
f 1338/1338/1338 1412/1412/1412 1413/1413/1413
f 1414/1414/1414 1338/1338/1338 1413/1413/1413
f 1415/1415/1415 1414/1414/1414 1413/1413/1413
f 1338/1338/1338 1414/1414/1414 1334/1334/1334
f 1414/1414/1414 1415/1415/1415 1334/1334/1334
f 1415/1415/1415 1416/1416/1416 1334/1334/1334
f 1416/1416/1416 1415/1415/1415 1417/1417/1417
f 1416/1416/1416 1333/1333/1333 1334/1334/1334
f 1333/1333/1333 1416/1416/1416 1417/1417/1417
f 1418/1418/1418 1333/1333/1333 1417/1417/1417
f 1419/1419/1419 1418/1418/1418 1417/1417/1417
f 1333/1333/1333 1418/1418/1418 1336/1336/1336
f 1418/1418/1418 1419/1419/1419 1336/1336/1336
f 1419/1419/1419 1420/1420/1420 1336/1336/1336
f 1420/1420/1420 1419/1419/1419 1421/1421/1421
f 1419/1419/1419 1422/1422/1422 1421/1421/1421
f 1422/1422/1422 1423/1423/1423 1421/1421/1421
f 1422/1422/1422 1419/1419/1419 1424/1424/1424
f 1423/1423/1423 1422/1422/1422 1424/1424/1424
f 1423/1423/1423 1425/1425/1425 1421/1421/1421
f 1425/1425/1425 1423/1423/1423 1426/1426/1426
f 1427/1427/1427 1419/1419/1419 1417/1417/1417
f 1419/1419/1419 1427/1427/1427 1424/1424/1424
f 1428/1428/1428 1427/1427/1427 1417/1417/1417
f 1427/1427/1427 1428/1428/1428 1424/1424/1424
f 1429/1429/1429 1428/1428/1428 1417/1417/1417
f 1428/1428/1428 1429/1429/1429 1430/1430/1430
f 1415/1415/1415 1429/1429/1429 1417/1417/1417
f 1429/1429/1429 1415/1415/1415 1430/1430/1430
f 1415/1415/1415 1431/1431/1431 1430/1430/1430
f 1431/1431/1431 1432/1432/1432 1430/1430/1430
f 1431/1431/1431 1415/1415/1415 1413/1413/1413
f 1432/1432/1432 1431/1431/1431 1413/1413/1413
f 1433/1433/1433 1432/1432/1432 1413/1413/1413
f 1432/1432/1432 1433/1433/1433 1434/1434/1434
f 1411/1411/1411 1433/1433/1433 1413/1413/1413
f 1433/1433/1433 1411/1411/1411 1434/1434/1434
f 1411/1411/1411 1435/1435/1435 1434/1434/1434
f 1435/1435/1435 1436/1436/1436 1434/1434/1434
f 1435/1435/1435 1411/1411/1411 1409/1409/1409
f 1436/1436/1436 1435/1435/1435 1409/1409/1409
f 1437/1437/1437 1436/1436/1436 1409/1409/1409
f 1436/1436/1436 1437/1437/1437 1438/1438/1438
f 1407/1407/1407 1437/1437/1437 1409/1409/1409
f 1437/1437/1437 1407/1407/1407 1438/1438/1438
f 1407/1407/1407 1439/1439/1439 1438/1438/1438
f 1439/1439/1439 1440/1440/1440 1438/1438/1438
f 1439/1439/1439 1407/1407/1407 1397/1397/1397
f 1440/1440/1440 1439/1439/1439 1397/1397/1397
f 1441/1441/1441 1440/1440/1440 1397/1397/1397
f 1440/1440/1440 1441/1441/1441 1442/1442/1442
f 1389/1389/1389 1441/1441/1441 1397/1397/1397
f 1441/1441/1441 1389/1389/1389 1442/1442/1442
f 1389/1389/1389 1443/1443/1443 1442/1442/1442
f 1443/1443/1443 1389/1389/1389 1387/1387/1387
f 1399/1399/1399 1443/1443/1443 1387/1387/1387
f 1443/1443/1443 1399/1399/1399 1442/1442/1442
f 1399/1399/1399 1444/1444/1444 1442/1442/1442
f 1444/1444/1444 1445/1445/1445 1442/1442/1442
f 1444/1444/1444 1399/1399/1399 1401/1401/1401
f 1445/1445/1445 1444/1444/1444 1401/1401/1401
f 1446/1446/1446 1440/1440/1440 1442/1442/1442
f 1445/1445/1445 1446/1446/1446 1442/1442/1442
f 1440/1440/1440 1446/1446/1446 1447/1447/1447
f 1446/1446/1446 1445/1445/1445 1447/1447/1447
f 1440/1440/1440 1448/1448/1448 1438/1438/1438
f 1448/1448/1448 1440/1440/1440 1447/1447/1447
f 1448/1448/1448 1449/1449/1449 1438/1438/1438
f 1449/1449/1449 1448/1448/1448 1447/1447/1447
f 1450/1450/1450 1445/1445/1445 1401/1401/1401
f 1445/1445/1445 1450/1450/1450 1451/1451/1451
f 1403/1403/1403 1450/1450/1450 1401/1401/1401
f 1450/1450/1450 1403/1403/1403 1451/1451/1451
f 1449/1449/1449 1452/1452/1452 1438/1438/1438
f 1452/1452/1452 1449/1449/1449 1453/1453/1453
f 1452/1452/1452 1436/1436/1436 1438/1438/1438
f 1436/1436/1436 1452/1452/1452 1453/1453/1453
f 1445/1445/1445 1454/1454/1454 1447/1447/1447
f 1454/1454/1454 1445/1445/1445 1451/1451/1451
f 1454/1454/1454 1455/1455/1455 1447/1447/1447
f 1455/1455/1455 1454/1454/1454 1451/1451/1451
f 1403/1403/1403 1456/1456/1456 1451/1451/1451
f 1456/1456/1456 1457/1457/1457 1451/1451/1451
f 1456/1456/1456 1403/1403/1403 1405/1405/1405
f 1457/1457/1457 1456/1456/1456 1405/1405/1405
f 1458/1458/1458 1457/1457/1457 1405/1405/1405
f 1457/1457/1457 1458/1458/1458 1459/1459/1459
f 1460/1460/1460 1449/1449/1449 1447/1447/1447
f 1455/1455/1455 1460/1460/1460 1447/1447/1447
f 1449/1449/1449 1460/1460/1460 1461/1461/1461
f 1460/1460/1460 1455/1455/1455 1461/1461/1461
f 1457/1457/1457 1462/1462/1462 1451/1451/1451
f 1462/1462/1462 1455/1455/1455 1451/1451/1451
f 1462/1462/1462 1457/1457/1457 1463/1463/1463
f 1455/1455/1455 1462/1462/1462 1463/1463/1463
f 1464/1464/1464 1457/1457/1457 1459/1459/1459
f 1457/1457/1457 1464/1464/1464 1463/1463/1463
f 1465/1465/1465 1464/1464/1464 1459/1459/1459
f 1464/1464/1464 1465/1465/1465 1463/1463/1463
f 1466/1466/1466 1465/1465/1465 1459/1459/1459
f 1465/1465/1465 1466/1466/1466 1467/1467/1467
f 1468/1468/1468 1449/1449/1449 1461/1461/1461
f 1469/1469/1469 1468/1468/1468 1461/1461/1461
f 1449/1449/1449 1468/1468/1468 1453/1453/1453
f 1468/1468/1468 1469/1469/1469 1453/1453/1453
f 1470/1470/1470 1455/1455/1455 1463/1463/1463
f 1455/1455/1455 1470/1470/1470 1461/1461/1461
f 1471/1471/1471 1470/1470/1470 1463/1463/1463
f 1470/1470/1470 1471/1471/1471 1461/1461/1461
f 1465/1465/1465 1472/1472/1472 1463/1463/1463
f 1472/1472/1472 1471/1471/1471 1463/1463/1463
f 1472/1472/1472 1465/1465/1465 1473/1473/1473
f 1471/1471/1471 1472/1472/1472 1473/1473/1473
f 1474/1474/1474 1465/1465/1465 1467/1467/1467
f 1465/1465/1465 1474/1474/1474 1473/1473/1473
f 1475/1475/1475 1474/1474/1474 1467/1467/1467
f 1474/1474/1474 1475/1475/1475 1473/1473/1473
f 1476/1476/1476 1475/1475/1475 1467/1467/1467
f 1475/1475/1475 1476/1476/1476 1477/1477/1477
f 1478/1478/1478 1469/1469/1469 1461/1461/1461
f 1471/1471/1471 1478/1478/1478 1461/1461/1461
f 1478/1478/1478 1471/1471/1471 1479/1479/1479
f 1469/1469/1469 1478/1478/1478 1479/1479/1479
f 1480/1480/1480 1471/1471/1471 1473/1473/1473
f 1471/1471/1471 1480/1480/1480 1479/1479/1479
f 1481/1481/1481 1480/1480/1480 1473/1473/1473
f 1480/1480/1480 1481/1481/1481 1479/1479/1479
f 1475/1475/1475 1482/1482/1482 1473/1473/1473
f 1482/1482/1482 1481/1481/1481 1473/1473/1473
f 1482/1482/1482 1475/1475/1475 1483/1483/1483
f 1481/1481/1481 1482/1482/1482 1483/1483/1483
f 1484/1484/1484 1475/1475/1475 1477/1477/1477
f 1475/1475/1475 1484/1484/1484 1483/1483/1483
f 1485/1485/1485 1484/1484/1484 1477/1477/1477
f 1484/1484/1484 1485/1485/1485 1483/1483/1483
f 1486/1486/1486 1485/1485/1485 1477/1477/1477
f 1485/1485/1485 1486/1486/1486 1487/1487/1487
f 1488/1488/1488 1485/1485/1485 1487/1487/1487
f 1489/1489/1489 1488/1488/1488 1487/1487/1487
f 1485/1485/1485 1488/1488/1488 1490/1490/1490
f 1488/1488/1488 1489/1489/1489 1490/1490/1490
f 1491/1491/1491 1489/1489/1489 1487/1487/1487
f 1489/1489/1489 1491/1491/1491 1492/1492/1492
f 1485/1485/1485 1493/1493/1493 1483/1483/1483
f 1493/1493/1493 1485/1485/1485 1490/1490/1490
f 1493/1493/1493 1494/1494/1494 1483/1483/1483
f 1494/1494/1494 1493/1493/1493 1490/1490/1490
f 1495/1495/1495 1481/1481/1481 1483/1483/1483
f 1494/1494/1494 1495/1495/1495 1483/1483/1483
f 1481/1481/1481 1495/1495/1495 1496/1496/1496
f 1495/1495/1495 1494/1494/1494 1496/1496/1496
f 1497/1497/1497 1481/1481/1481 1496/1496/1496
f 1498/1498/1498 1497/1497/1497 1496/1496/1496
f 1481/1481/1481 1497/1497/1497 1479/1479/1479
f 1497/1497/1497 1498/1498/1498 1479/1479/1479
f 1498/1498/1498 1499/1499/1499 1479/1479/1479
f 1499/1499/1499 1469/1469/1469 1479/1479/1479
f 1469/1469/1469 1499/1499/1499 1500/1500/1500
f 1499/1499/1499 1498/1498/1498 1500/1500/1500
f 1501/1501/1501 1469/1469/1469 1500/1500/1500
f 1502/1502/1502 1501/1501/1501 1500/1500/1500
f 1469/1469/1469 1501/1501/1501 1453/1453/1453
f 1501/1501/1501 1502/1502/1502 1453/1453/1453
f 1498/1498/1498 1503/1503/1503 1500/1500/1500
f 1503/1503/1503 1502/1502/1502 1500/1500/1500
f 1503/1503/1503 1498/1498/1498 1504/1504/1504
f 1502/1502/1502 1503/1503/1503 1504/1504/1504
f 1505/1505/1505 1498/1498/1498 1496/1496/1496
f 1498/1498/1498 1505/1505/1505 1504/1504/1504
f 1506/1506/1506 1505/1505/1505 1496/1496/1496
f 1505/1505/1505 1506/1506/1506 1504/1504/1504
f 1502/1502/1502 1507/1507/1507 1453/1453/1453
f 1507/1507/1507 1436/1436/1436 1453/1453/1453
f 1436/1436/1436 1507/1507/1507 1434/1434/1434
f 1507/1507/1507 1502/1502/1502 1434/1434/1434
f 1502/1502/1502 1508/1508/1508 1434/1434/1434
f 1508/1508/1508 1502/1502/1502 1504/1504/1504
f 1508/1508/1508 1432/1432/1432 1434/1434/1434
f 1432/1432/1432 1508/1508/1508 1504/1504/1504
f 1509/1509/1509 1432/1432/1432 1504/1504/1504
f 1506/1506/1506 1509/1509/1509 1504/1504/1504
f 1432/1432/1432 1509/1509/1509 1430/1430/1430
f 1509/1509/1509 1506/1506/1506 1430/1430/1430
f 1510/1510/1510 1506/1506/1506 1496/1496/1496
f 1506/1506/1506 1510/1510/1510 1511/1511/1511
f 1494/1494/1494 1510/1510/1510 1496/1496/1496
f 1510/1510/1510 1494/1494/1494 1511/1511/1511
f 1506/1506/1506 1512/1512/1512 1430/1430/1430
f 1512/1512/1512 1506/1506/1506 1511/1511/1511
f 1512/1512/1512 1428/1428/1428 1430/1430/1430
f 1428/1428/1428 1512/1512/1512 1511/1511/1511
f 1494/1494/1494 1513/1513/1513 1511/1511/1511
f 1513/1513/1513 1514/1514/1514 1511/1511/1511
f 1513/1513/1513 1494/1494/1494 1490/1490/1490
f 1514/1514/1514 1513/1513/1513 1490/1490/1490
f 1515/1515/1515 1428/1428/1428 1511/1511/1511
f 1514/1514/1514 1515/1515/1515 1511/1511/1511
f 1428/1428/1428 1515/1515/1515 1424/1424/1424
f 1515/1515/1515 1514/1514/1514 1424/1424/1424
f 1516/1516/1516 1514/1514/1514 1490/1490/1490
f 1514/1514/1514 1516/1516/1516 1517/1517/1517
f 1489/1489/1489 1516/1516/1516 1490/1490/1490
f 1516/1516/1516 1489/1489/1489 1517/1517/1517
f 1514/1514/1514 1518/1518/1518 1424/1424/1424
f 1518/1518/1518 1514/1514/1514 1517/1517/1517
f 1518/1518/1518 1423/1423/1423 1424/1424/1424
f 1423/1423/1423 1518/1518/1518 1517/1517/1517
f 1489/1489/1489 1519/1519/1519 1517/1517/1517
f 1519/1519/1519 1520/1520/1520 1517/1517/1517
f 1519/1519/1519 1489/1489/1489 1492/1492/1492
f 1520/1520/1520 1519/1519/1519 1492/1492/1492
f 1521/1521/1521 1520/1520/1520 1492/1492/1492
f 1520/1520/1520 1521/1521/1521 1522/1522/1522
f 1523/1523/1523 1520/1520/1520 1522/1522/1522
f 1520/1520/1520 1523/1523/1523 1426/1426/1426
f 1423/1423/1423 1524/1524/1524 1426/1426/1426
f 1524/1524/1524 1423/1423/1423 1517/1517/1517
f 1524/1524/1524 1520/1520/1520 1426/1426/1426
f 1520/1520/1520 1524/1524/1524 1517/1517/1517
f 1527/1527/1527 1526/1526/1526 1525/1525/1525
f 1528/1528/1528 1527/1527/1527 1525/1525/1525
f 1529/1529/1529 1528/1528/1528 1525/1525/1525
f 1529/1529/1529 1530/1530/1530 1528/1528/1528
f 1530/1530/1530 1531/1531/1531 1528/1528/1528
f 1531/1531/1531 1530/1530/1530 1532/1532/1532
f 1530/1530/1530 1533/1533/1533 1532/1532/1532
f 1533/1533/1533 1534/1534/1534 1532/1532/1532
f 1534/1534/1534 1535/1535/1535 1532/1532/1532
f 1534/1534/1534 1536/1536/1536 1535/1535/1535
f 1536/1536/1536 1537/1537/1537 1535/1535/1535
f 1537/1537/1537 1536/1536/1536 1538/1538/1538
f 1539/1539/1539 1537/1537/1537 1538/1538/1538
f 1539/1539/1539 1538/1538/1538 1540/1540/1540
f 1541/1541/1541 1539/1539/1539 1540/1540/1540
f 1542/1542/1542 1541/1541/1541 1540/1540/1540
f 1543/1543/1543 1542/1542/1542 1540/1540/1540
f 1544/1544/1544 1542/1542/1542 1543/1543/1543
f 1545/1545/1545 1544/1544/1544 1543/1543/1543
f 1544/1544/1544 1545/1545/1545 1546/1546/1546
f 1545/1545/1545 1547/1547/1547 1546/1546/1546
f 1546/1546/1546 1547/1547/1547 1548/1548/1548
f 1547/1547/1547 1549/1549/1549 1548/1548/1548
f 1550/1550/1550 1548/1548/1548 1549/1549/1549
f 1551/1551/1551 1550/1550/1550 1549/1549/1549
f 1550/1550/1550 1551/1551/1551 1552/1552/1552
f 1551/1551/1551 1553/1553/1553 1552/1552/1552
f 1552/1552/1552 1553/1553/1553 1554/1554/1554
f 1555/1555/1555 1552/1552/1552 1554/1554/1554
f 1558/1558/1558 1557/1557/1557 1556/1556/1556
f 1557/1557/1557 1559/1559/1559 1556/1556/1556
f 1560/1560/1560 1556/1556/1556 1559/1559/1559
f 1561/1561/1561 1559/1559/1559 1557/1557/1557
f 1562/1562/1562 1561/1561/1561 1557/1557/1557
f 1561/1561/1561 1562/1562/1562 1563/1563/1563
f 1562/1562/1562 1564/1564/1564 1563/1563/1563
f 1564/1564/1564 1565/1565/1565 1563/1563/1563
f 1559/1559/1559 1561/1561/1561 1566/1566/1566
f 1566/1566/1566 1561/1561/1561 1563/1563/1563
f 1567/1567/1567 1560/1560/1560 1559/1559/1559
f 1567/1567/1567 1559/1559/1559 1566/1566/1566
f 1565/1565/1565 1568/1568/1568 1563/1563/1563
f 1568/1568/1568 1565/1565/1565 1569/1569/1569
f 1560/1560/1560 1567/1567/1567 1570/1570/1570
f 1571/1571/1571 1560/1560/1560 1570/1570/1570
f 1571/1571/1571 1570/1570/1570 1572/1572/1572
f 1573/1573/1573 1571/1571/1571 1572/1572/1572
f 1574/1574/1574 1573/1573/1573 1572/1572/1572
f 1570/1570/1570 1567/1567/1567 1575/1575/1575
f 1567/1567/1567 1566/1566/1566 1575/1575/1575
f 1570/1570/1570 1575/1575/1575 1572/1572/1572
f 1576/1576/1576 1566/1566/1566 1563/1563/1563
f 1576/1576/1576 1563/1563/1563 1568/1568/1568
f 1566/1566/1566 1576/1576/1576 1575/1575/1575
f 1577/1577/1577 1568/1568/1568 1569/1569/1569
f 1569/1569/1569 1578/1578/1578 1577/1577/1577
f 1579/1579/1579 1574/1574/1574 1572/1572/1572
f 1580/1580/1580 1574/1574/1574 1579/1579/1579
f 1578/1578/1578 1581/1581/1581 1577/1577/1577
f 1581/1581/1581 1582/1582/1582 1577/1577/1577
f 1578/1578/1578 1583/1583/1583 1581/1581/1581
f 1577/1577/1577 1584/1584/1584 1568/1568/1568
f 1582/1582/1582 1584/1584/1584 1577/1577/1577
f 1583/1583/1583 1585/1585/1585 1581/1581/1581
f 1582/1582/1582 1581/1581/1581 1585/1585/1585
f 1586/1586/1586 1585/1585/1585 1583/1583/1583
f 1587/1587/1587 1586/1586/1586 1583/1583/1583
f 1586/1586/1586 1587/1587/1587 1588/1588/1588
f 1584/1584/1584 1589/1589/1589 1568/1568/1568
f 1589/1589/1589 1576/1576/1576 1568/1568/1568
f 1589/1589/1589 1584/1584/1584 1590/1590/1590
f 1576/1576/1576 1589/1589/1589 1590/1590/1590
f 1584/1584/1584 1582/1582/1582 1591/1591/1591
f 1584/1584/1584 1591/1591/1591 1590/1590/1590
f 1592/1592/1592 1576/1576/1576 1590/1590/1590
f 1576/1576/1576 1592/1592/1592 1575/1575/1575
f 1593/1593/1593 1582/1582/1582 1585/1585/1585
f 1593/1593/1593 1585/1585/1585 1586/1586/1586
f 1594/1594/1594 1586/1586/1586 1588/1588/1588
f 1594/1594/1594 1588/1588/1588 1595/1595/1595
f 1590/1590/1590 1591/1591/1591 1596/1596/1596
f 1592/1592/1592 1590/1590/1590 1596/1596/1596
f 1575/1575/1575 1592/1592/1592 1597/1597/1597
f 1575/1575/1575 1597/1597/1597 1572/1572/1572
f 1592/1592/1592 1598/1598/1598 1597/1597/1597
f 1598/1598/1598 1592/1592/1592 1596/1596/1596
f 1572/1572/1572 1597/1597/1597 1599/1599/1599
f 1599/1599/1599 1597/1597/1597 1598/1598/1598
f 1579/1579/1579 1572/1572/1572 1599/1599/1599
f 1600/1600/1600 1598/1598/1598 1596/1596/1596
f 1600/1600/1600 1599/1599/1599 1598/1598/1598
f 1591/1591/1591 1601/1601/1601 1596/1596/1596
f 1601/1601/1601 1600/1600/1600 1596/1596/1596
f 1579/1579/1579 1599/1599/1599 1602/1602/1602
f 1602/1602/1602 1580/1580/1580 1579/1579/1579
f 1603/1603/1603 1599/1599/1599 1600/1600/1600
f 1599/1599/1599 1603/1603/1603 1602/1602/1602
f 1580/1580/1580 1602/1602/1602 1604/1604/1604
f 1605/1605/1605 1580/1580/1580 1604/1604/1604
f 1591/1591/1591 1606/1606/1606 1601/1601/1601
f 1582/1582/1582 1606/1606/1606 1591/1591/1591
f 1607/1607/1607 1600/1600/1600 1601/1601/1601
f 1607/1607/1607 1603/1603/1603 1600/1600/1600
f 1603/1603/1603 1608/1608/1608 1602/1602/1602
f 1608/1608/1608 1604/1604/1604 1602/1602/1602
f 1605/1605/1605 1604/1604/1604 1609/1609/1609
f 1610/1610/1610 1605/1605/1605 1609/1609/1609
f 1611/1611/1611 1610/1610/1610 1609/1609/1609
f 1609/1609/1609 1604/1604/1604 1612/1612/1612
f 1604/1604/1604 1608/1608/1608 1612/1612/1612
f 1613/1613/1613 1611/1611/1611 1609/1609/1609
f 1613/1613/1613 1609/1609/1609 1612/1612/1612
f 1614/1614/1614 1611/1611/1611 1613/1613/1613
f 1608/1608/1608 1603/1603/1603 1615/1615/1615
f 1603/1603/1603 1607/1607/1607 1615/1615/1615
f 1616/1616/1616 1607/1607/1607 1601/1601/1601
f 1606/1606/1606 1616/1616/1616 1601/1601/1601
f 1607/1607/1607 1616/1616/1616 1617/1617/1617
f 1616/1616/1616 1606/1606/1606 1617/1617/1617
f 1615/1615/1615 1607/1607/1607 1617/1617/1617
f 1615/1615/1615 1617/1617/1617 1618/1618/1618
f 1608/1608/1608 1615/1615/1615 1619/1619/1619
f 1612/1612/1612 1608/1608/1608 1619/1619/1619
f 1619/1619/1619 1615/1615/1615 1618/1618/1618
f 1606/1606/1606 1620/1620/1620 1617/1617/1617
f 1617/1617/1617 1620/1620/1620 1618/1618/1618
f 1606/1606/1606 1582/1582/1582 1620/1620/1620
f 1582/1582/1582 1593/1593/1593 1620/1620/1620
f 1619/1619/1619 1621/1621/1621 1612/1612/1612
f 1621/1621/1621 1619/1619/1619 1618/1618/1618
f 1620/1620/1620 1593/1593/1593 1622/1622/1622
f 1620/1620/1620 1622/1622/1622 1618/1618/1618
f 1621/1621/1621 1623/1623/1623 1612/1612/1612
f 1621/1621/1621 1624/1624/1624 1623/1623/1623
f 1623/1623/1623 1613/1613/1613 1612/1612/1612
f 1625/1625/1625 1621/1621/1621 1618/1618/1618
f 1624/1624/1624 1621/1621/1621 1625/1625/1625
f 1623/1623/1623 1626/1626/1626 1613/1613/1613
f 1624/1624/1624 1626/1626/1626 1623/1623/1623
f 1626/1626/1626 1627/1627/1627 1613/1613/1613
f 1627/1627/1627 1614/1614/1614 1613/1613/1613
f 1626/1626/1626 1628/1628/1628 1627/1627/1627
f 1626/1626/1626 1624/1624/1624 1628/1628/1628
f 1614/1614/1614 1627/1627/1627 1629/1629/1629
f 1628/1628/1628 1629/1629/1629 1627/1627/1627
f 1630/1630/1630 1614/1614/1614 1629/1629/1629
f 1630/1630/1630 1629/1629/1629 1631/1631/1631
f 1632/1632/1632 1630/1630/1630 1631/1631/1631
f 1633/1633/1633 1632/1632/1632 1631/1631/1631
f 1628/1628/1628 1634/1634/1634 1629/1629/1629
f 1634/1634/1634 1631/1631/1631 1629/1629/1629
f 1635/1635/1635 1633/1633/1633 1631/1631/1631
f 1635/1635/1635 1631/1631/1631 1634/1634/1634
f 1636/1636/1636 1633/1633/1633 1635/1635/1635
f 1624/1624/1624 1637/1637/1637 1628/1628/1628
f 1628/1628/1628 1637/1637/1637 1634/1634/1634
f 1638/1638/1638 1635/1635/1635 1634/1634/1634
f 1637/1637/1637 1639/1639/1639 1634/1634/1634
f 1638/1638/1638 1634/1634/1634 1639/1639/1639
f 1640/1640/1640 1636/1636/1636 1635/1635/1635
f 1638/1638/1638 1641/1641/1641 1635/1635/1635
f 1641/1641/1641 1640/1640/1640 1635/1635/1635
f 1642/1642/1642 1638/1638/1638 1639/1639/1639
f 1641/1641/1641 1638/1638/1638 1642/1642/1642
f 1639/1639/1639 1637/1637/1637 1643/1643/1643
f 1642/1642/1642 1639/1639/1639 1643/1643/1643
f 1637/1637/1637 1624/1624/1624 1644/1644/1644
f 1637/1637/1637 1644/1644/1644 1643/1643/1643
f 1636/1636/1636 1640/1640/1640 1645/1645/1645
f 1646/1646/1646 1636/1636/1636 1645/1645/1645
f 1646/1646/1646 1645/1645/1645 1647/1647/1647
f 1645/1645/1645 1648/1648/1648 1647/1647/1647
f 1649/1649/1649 1645/1645/1645 1640/1640/1640
f 1645/1645/1645 1649/1649/1649 1648/1648/1648
f 1641/1641/1641 1649/1649/1649 1640/1640/1640
f 1649/1649/1649 1650/1650/1650 1648/1648/1648
f 1649/1649/1649 1651/1651/1651 1650/1650/1650
f 1649/1649/1649 1641/1641/1641 1651/1651/1651
f 1651/1651/1651 1652/1652/1652 1650/1650/1650
f 1653/1653/1653 1641/1641/1641 1642/1642/1642
f 1641/1641/1641 1653/1653/1653 1651/1651/1651
f 1651/1651/1651 1654/1654/1654 1652/1652/1652
f 1651/1651/1651 1653/1653/1653 1654/1654/1654
f 1654/1654/1654 1655/1655/1655 1652/1652/1652
f 1653/1653/1653 1642/1642/1642 1656/1656/1656
f 1656/1656/1656 1642/1642/1642 1643/1643/1643
f 1654/1654/1654 1657/1657/1657 1655/1655/1655
f 1657/1657/1657 1658/1658/1658 1655/1655/1655
f 1653/1653/1653 1659/1659/1659 1654/1654/1654
f 1659/1659/1659 1653/1653/1653 1656/1656/1656
f 1659/1659/1659 1660/1660/1660 1654/1654/1654
f 1660/1660/1660 1659/1659/1659 1656/1656/1656
f 1660/1660/1660 1657/1657/1657 1654/1654/1654
f 1660/1660/1660 1661/1661/1661 1657/1657/1657
f 1662/1662/1662 1656/1656/1656 1643/1643/1643
f 1662/1662/1662 1660/1660/1660 1656/1656/1656
f 1661/1661/1661 1660/1660/1660 1662/1662/1662
f 1644/1644/1644 1662/1662/1662 1643/1643/1643
f 1657/1657/1657 1663/1663/1663 1658/1658/1658
f 1661/1661/1661 1663/1663/1663 1657/1657/1657
f 1663/1663/1663 1595/1595/1595 1658/1658/1658
f 1663/1663/1663 1594/1594/1594 1595/1595/1595
f 1663/1663/1663 1661/1661/1661 1594/1594/1594
f 1664/1664/1664 1662/1662/1662 1644/1644/1644
f 1664/1664/1664 1661/1661/1661 1662/1662/1662
f 1661/1661/1661 1665/1665/1665 1594/1594/1594
f 1594/1594/1594 1665/1665/1665 1586/1586/1586
f 1666/1666/1666 1664/1664/1664 1644/1644/1644
f 1624/1624/1624 1666/1666/1666 1644/1644/1644
f 1666/1666/1666 1624/1624/1624 1625/1625/1625
f 1664/1664/1664 1666/1666/1666 1625/1625/1625
f 1661/1661/1661 1664/1664/1664 1667/1667/1667
f 1667/1667/1667 1664/1664/1664 1625/1625/1625
f 1665/1665/1665 1661/1661/1661 1667/1667/1667
f 1667/1667/1667 1625/1625/1625 1618/1618/1618
f 1622/1622/1622 1667/1667/1667 1618/1618/1618
f 1665/1665/1665 1667/1667/1667 1622/1622/1622
f 1665/1665/1665 1668/1668/1668 1586/1586/1586
f 1668/1668/1668 1665/1665/1665 1622/1622/1622
f 1668/1668/1668 1593/1593/1593 1586/1586/1586
f 1593/1593/1593 1668/1668/1668 1622/1622/1622
f 1671/1671/1671 1670/1670/1670 1669/1669/1669
f 1672/1672/1672 1671/1671/1671 1669/1669/1669
f 1672/1672/1672 1669/1669/1669 1673/1673/1673
f 1674/1674/1674 1671/1671/1671 1672/1672/1672
f 1675/1675/1675 1672/1672/1672 1673/1673/1673
f 1675/1675/1675 1673/1673/1673 1676/1676/1676
f 1677/1677/1677 1674/1674/1674 1672/1672/1672
f 1677/1677/1677 1672/1672/1672 1675/1675/1675
f 1678/1678/1678 1675/1675/1675 1676/1676/1676
f 1676/1676/1676 1679/1679/1679 1678/1678/1678
f 1679/1679/1679 1680/1680/1680 1678/1678/1678
f 1681/1681/1681 1675/1675/1675 1678/1678/1678
f 1681/1681/1681 1677/1677/1677 1675/1675/1675
f 1678/1678/1678 1680/1680/1680 1682/1682/1682
f 1682/1682/1682 1681/1681/1681 1678/1678/1678
f 1680/1680/1680 1683/1683/1683 1682/1682/1682
f 1677/1677/1677 1684/1684/1684 1674/1674/1674
f 1684/1684/1684 1685/1685/1685 1674/1674/1674
f 1681/1681/1681 1686/1686/1686 1677/1677/1677
f 1686/1686/1686 1681/1681/1681 1682/1682/1682
f 1686/1686/1686 1684/1684/1684 1677/1677/1677
f 1682/1682/1682 1683/1683/1683 1687/1687/1687
f 1687/1687/1687 1686/1686/1686 1682/1682/1682
f 1683/1683/1683 1688/1688/1688 1687/1687/1687
f 1689/1689/1689 1687/1687/1687 1688/1688/1688
f 1687/1687/1687 1689/1689/1689 1686/1686/1686
f 1690/1690/1690 1689/1689/1689 1688/1688/1688
f 1684/1684/1684 1691/1691/1691 1685/1685/1685
f 1691/1691/1691 1692/1692/1692 1685/1685/1685
f 1686/1686/1686 1693/1693/1693 1684/1684/1684
f 1689/1689/1689 1693/1693/1693 1686/1686/1686
f 1693/1693/1693 1691/1691/1691 1684/1684/1684
f 1689/1689/1689 1690/1690/1690 1694/1694/1694
f 1689/1689/1689 1694/1694/1694 1693/1693/1693
f 1690/1690/1690 1695/1695/1695 1694/1694/1694
f 1691/1691/1691 1696/1696/1696 1692/1692/1692
f 1696/1696/1696 1697/1697/1697 1692/1692/1692
f 1693/1693/1693 1698/1698/1698 1691/1691/1691
f 1694/1694/1694 1698/1698/1698 1693/1693/1693
f 1698/1698/1698 1696/1696/1696 1691/1691/1691
f 1699/1699/1699 1694/1694/1694 1695/1695/1695
f 1694/1694/1694 1699/1699/1699 1698/1698/1698
f 1700/1700/1700 1699/1699/1699 1695/1695/1695
f 1696/1696/1696 1701/1701/1701 1697/1697/1697
f 1701/1701/1701 1702/1702/1702 1697/1697/1697
f 1698/1698/1698 1703/1703/1703 1696/1696/1696
f 1699/1699/1699 1703/1703/1703 1698/1698/1698
f 1703/1703/1703 1701/1701/1701 1696/1696/1696
f 1699/1699/1699 1700/1700/1700 1704/1704/1704
f 1699/1699/1699 1704/1704/1704 1703/1703/1703
f 1700/1700/1700 1705/1705/1705 1704/1704/1704
f 1701/1701/1701 1706/1706/1706 1702/1702/1702
f 1706/1706/1706 1707/1707/1707 1702/1702/1702
f 1703/1703/1703 1708/1708/1708 1701/1701/1701
f 1704/1704/1704 1708/1708/1708 1703/1703/1703
f 1708/1708/1708 1706/1706/1706 1701/1701/1701
f 1709/1709/1709 1704/1704/1704 1705/1705/1705
f 1704/1704/1704 1709/1709/1709 1708/1708/1708
f 1710/1710/1710 1709/1709/1709 1705/1705/1705
f 1709/1709/1709 1711/1711/1711 1708/1708/1708
f 1708/1708/1708 1711/1711/1711 1706/1706/1706
f 1711/1711/1711 1712/1712/1712 1706/1706/1706
f 1706/1706/1706 1712/1712/1712 1707/1707/1707
f 1712/1712/1712 1713/1713/1713 1707/1707/1707
f 1716/1716/1716 1715/1715/1715 1714/1714/1714
f 1717/1717/1717 1716/1716/1716 1714/1714/1714
f 1714/1714/1714 1718/1718/1718 1717/1717/1717
f 1719/1719/1719 1716/1716/1716 1717/1717/1717
f 1718/1718/1718 1720/1720/1720 1717/1717/1717
f 1718/1718/1718 1721/1721/1721 1720/1720/1720
f 1722/1722/1722 1719/1719/1719 1717/1717/1717
f 1717/1717/1717 1720/1720/1720 1722/1722/1722
f 1723/1723/1723 1719/1719/1719 1722/1722/1722
f 1721/1721/1721 1724/1724/1724 1720/1720/1720
f 1721/1721/1721 1725/1725/1725 1724/1724/1724
f 1725/1725/1725 1726/1726/1726 1724/1724/1724
f 1720/1720/1720 1724/1724/1724 1727/1727/1727
f 1720/1720/1720 1727/1727/1727 1722/1722/1722
f 1724/1724/1724 1726/1726/1726 1728/1728/1728
f 1724/1724/1724 1728/1728/1728 1727/1727/1727
f 1726/1726/1726 1729/1729/1729 1728/1728/1728
f 1728/1728/1728 1729/1729/1729 1730/1730/1730
f 1731/1731/1731 1728/1728/1728 1730/1730/1730
f 1727/1727/1727 1728/1728/1728 1731/1731/1731
f 1731/1731/1731 1730/1730/1730 1732/1732/1732
f 1733/1733/1733 1723/1723/1723 1722/1722/1722
f 1723/1723/1723 1733/1733/1733 1734/1734/1734
f 1722/1722/1722 1727/1727/1727 1735/1735/1735
f 1735/1735/1735 1727/1727/1727 1731/1731/1731
f 1733/1733/1733 1722/1722/1722 1735/1735/1735
f 1736/1736/1736 1731/1731/1731 1732/1732/1732
f 1735/1735/1735 1731/1731/1731 1736/1736/1736
f 1736/1736/1736 1732/1732/1732 1737/1737/1737
f 1733/1733/1733 1738/1738/1738 1734/1734/1734
f 1739/1739/1739 1734/1734/1734 1738/1738/1738
f 1733/1733/1733 1735/1735/1735 1740/1740/1740
f 1740/1740/1740 1735/1735/1735 1736/1736/1736
f 1738/1738/1738 1733/1733/1733 1740/1740/1740
f 1741/1741/1741 1736/1736/1736 1737/1737/1737
f 1740/1740/1740 1736/1736/1736 1741/1741/1741
f 1741/1741/1741 1737/1737/1737 1742/1742/1742
f 1743/1743/1743 1739/1739/1739 1738/1738/1738
f 1739/1739/1739 1743/1743/1743 1744/1744/1744
f 1738/1738/1738 1740/1740/1740 1745/1745/1745
f 1745/1745/1745 1740/1740/1740 1741/1741/1741
f 1743/1743/1743 1738/1738/1738 1745/1745/1745
f 1746/1746/1746 1741/1741/1741 1742/1742/1742
f 1745/1745/1745 1741/1741/1741 1746/1746/1746
f 1746/1746/1746 1742/1742/1742 1747/1747/1747
f 1748/1748/1748 1746/1746/1746 1747/1747/1747
f 1749/1749/1749 1745/1745/1745 1746/1746/1746
f 1749/1749/1749 1746/1746/1746 1748/1748/1748
f 1743/1743/1743 1745/1745/1745 1749/1749/1749
f 1750/1750/1750 1749/1749/1749 1748/1748/1748
f 1743/1743/1743 1751/1751/1751 1744/1744/1744
f 1751/1751/1751 1743/1743/1743 1749/1749/1749
f 1751/1751/1751 1749/1749/1749 1750/1750/1750
f 1752/1752/1752 1744/1744/1744 1751/1751/1751
f 1753/1753/1753 1751/1751/1751 1750/1750/1750
f 1753/1753/1753 1752/1752/1752 1751/1751/1751
f 1756/1756/1756 1755/1755/1755 1754/1754/1754
f 1755/1755/1755 1757/1757/1757 1754/1754/1754
f 1754/1754/1754 1757/1757/1757 1758/1758/1758
f 1757/1757/1757 1759/1759/1759 1758/1758/1758
f 1759/1759/1759 1760/1760/1760 1758/1758/1758
f 1760/1760/1760 1761/1761/1761 1758/1758/1758
f 1760/1760/1760 1762/1762/1762 1761/1761/1761
f 1762/1762/1762 1763/1763/1763 1761/1761/1761
f 1762/1762/1762 1764/1764/1764 1763/1763/1763
f 1764/1764/1764 1765/1765/1765 1763/1763/1763
f 1768/1768/1768 1767/1767/1767 1766/1766/1766
f 1769/1769/1769 1768/1768/1768 1766/1766/1766
f 1767/1767/1767 1768/1768/1768 1770/1770/1770
f 1768/1768/1768 1769/1769/1769 1771/1771/1771
f 1768/1768/1768 1772/1772/1772 1770/1770/1770
f 1772/1772/1772 1773/1773/1773 1770/1770/1770
f 1772/1772/1772 1768/1768/1768 1774/1774/1774
f 1773/1773/1773 1772/1772/1772 1774/1774/1774
f 1773/1773/1773 1775/1775/1775 1770/1770/1770
f 1775/1775/1775 1773/1773/1773 1776/1776/1776
f 1777/1777/1777 1768/1768/1768 1771/1771/1771
f 1768/1768/1768 1777/1777/1777 1774/1774/1774
f 1778/1778/1778 1777/1777/1777 1771/1771/1771
f 1777/1777/1777 1778/1778/1778 1774/1774/1774
f 1779/1779/1779 1778/1778/1778 1771/1771/1771
f 1778/1778/1778 1779/1779/1779 1780/1780/1780
f 1781/1781/1781 1778/1778/1778 1780/1780/1780
f 1778/1778/1778 1781/1781/1781 1782/1782/1782
f 1783/1783/1783 1778/1778/1778 1782/1782/1782
f 1778/1778/1778 1783/1783/1783 1774/1774/1774
f 1784/1784/1784 1783/1783/1783 1782/1782/1782
f 1783/1783/1783 1784/1784/1784 1774/1774/1774
f 1785/1785/1785 1784/1784/1784 1782/1782/1782
f 1784/1784/1784 1785/1785/1785 1786/1786/1786
f 1787/1787/1787 1773/1773/1773 1774/1774/1774
f 1784/1784/1784 1787/1787/1787 1774/1774/1774
f 1773/1773/1773 1787/1787/1787 1788/1788/1788
f 1787/1787/1787 1784/1784/1784 1788/1788/1788
f 1789/1789/1789 1784/1784/1784 1786/1786/1786
f 1784/1784/1784 1789/1789/1789 1788/1788/1788
f 1790/1790/1790 1789/1789/1789 1786/1786/1786
f 1789/1789/1789 1790/1790/1790 1788/1788/1788
f 1791/1791/1791 1790/1790/1790 1786/1786/1786
f 1790/1790/1790 1791/1791/1791 1792/1792/1792
f 1793/1793/1793 1790/1790/1790 1792/1792/1792
f 1790/1790/1790 1793/1793/1793 1776/1776/1776
f 1773/1773/1773 1794/1794/1794 1776/1776/1776
f 1794/1794/1794 1773/1773/1773 1788/1788/1788
f 1790/1790/1790 1794/1794/1794 1788/1788/1788
f 1794/1794/1794 1790/1790/1790 1776/1776/1776
f 1797/1797/1797 1796/1796/1796 1795/1795/1795
f 1798/1798/1798 1797/1797/1797 1795/1795/1795
f 1796/1796/1796 1797/1797/1797 1799/1799/1799
f 1797/1797/1797 1798/1798/1798 1800/1800/1800
f 1797/1797/1797 1801/1801/1801 1799/1799/1799
f 1801/1801/1801 1802/1802/1802 1799/1799/1799
f 1801/1801/1801 1797/1797/1797 1803/1803/1803
f 1802/1802/1802 1801/1801/1801 1803/1803/1803
f 1802/1802/1802 1804/1804/1804 1799/1799/1799
f 1804/1804/1804 1802/1802/1802 1805/1805/1805
f 1802/1802/1802 1806/1806/1806 1805/1805/1805
f 1806/1806/1806 1802/1802/1802 1807/1807/1807
f 1808/1808/1808 1797/1797/1797 1800/1800/1800
f 1797/1797/1797 1808/1808/1808 1803/1803/1803
f 1809/1809/1809 1808/1808/1808 1800/1800/1800
f 1808/1808/1808 1809/1809/1809 1803/1803/1803
f 1810/1810/1810 1809/1809/1809 1800/1800/1800
f 1809/1809/1809 1810/1810/1810 1811/1811/1811
f 1802/1802/1802 1812/1812/1812 1807/1807/1807
f 1812/1812/1812 1802/1802/1802 1803/1803/1803
f 1812/1812/1812 1813/1813/1813 1807/1807/1807
f 1813/1813/1813 1812/1812/1812 1803/1803/1803
f 1813/1813/1813 1814/1814/1814 1807/1807/1807
f 1814/1814/1814 1813/1813/1813 1815/1815/1815
f 1809/1809/1809 1816/1816/1816 1803/1803/1803
f 1816/1816/1816 1813/1813/1813 1803/1803/1803
f 1816/1816/1816 1809/1809/1809 1817/1817/1817
f 1813/1813/1813 1816/1816/1816 1817/1817/1817
f 1818/1818/1818 1809/1809/1809 1811/1811/1811
f 1809/1809/1809 1818/1818/1818 1817/1817/1817
f 1819/1819/1819 1818/1818/1818 1811/1811/1811
f 1818/1818/1818 1819/1819/1819 1817/1817/1817
f 1820/1820/1820 1819/1819/1819 1811/1811/1811
f 1819/1819/1819 1820/1820/1820 1821/1821/1821
f 1822/1822/1822 1819/1819/1819 1821/1821/1821
f 1819/1819/1819 1822/1822/1822 1815/1815/1815
f 1813/1813/1813 1823/1823/1823 1815/1815/1815
f 1823/1823/1823 1813/1813/1813 1817/1817/1817
f 1823/1823/1823 1819/1819/1819 1815/1815/1815
f 1819/1819/1819 1823/1823/1823 1817/1817/1817
f 1826/1826/1826 1825/1825/1825 1824/1824/1824
f 1827/1827/1827 1826/1826/1826 1824/1824/1824
f 1825/1825/1825 1826/1826/1826 1828/1828/1828
f 1826/1826/1826 1827/1827/1827 1829/1829/1829
f 1826/1826/1826 1830/1830/1830 1828/1828/1828
f 1831/1831/1831 1826/1826/1826 1829/1829/1829
f 1830/1830/1830 1826/1826/1826 1832/1832/1832
f 1826/1826/1826 1831/1831/1831 1832/1832/1832
f 1835/1835/1835 1834/1834/1834 1833/1833/1833
f 1834/1834/1834 1836/1836/1836 1833/1833/1833
f 1834/1834/1834 1835/1835/1835 1837/1837/1837
f 1836/1836/1836 1834/1834/1834 1838/1838/1838
f 1839/1839/1839 1834/1834/1834 1837/1837/1837
f 1834/1834/1834 1840/1840/1840 1838/1838/1838
f 1834/1834/1834 1839/1839/1839 1841/1841/1841
f 1840/1840/1840 1834/1834/1834 1841/1841/1841
f 1844/1844/1844 1843/1843/1843 1842/1842/1842
f 1844/1844/1844 1842/1842/1842 1845/1845/1845
f 1842/1842/1842 1846/1846/1846 1845/1845/1845
f 1847/1847/1847 1845/1845/1845 1846/1846/1846
f 1848/1848/1848 1847/1847/1847 1846/1846/1846
f 1849/1849/1849 1848/1848/1848 1846/1846/1846
f 1850/1850/1850 1849/1849/1849 1846/1846/1846
f 1849/1849/1849 1850/1850/1850 1851/1851/1851
f 1842/1842/1842 1852/1852/1852 1846/1846/1846
f 1852/1852/1852 1850/1850/1850 1846/1846/1846
f 1850/1850/1850 1853/1853/1853 1851/1851/1851
f 1853/1853/1853 1850/1850/1850 1852/1852/1852
f 1854/1854/1854 1851/1851/1851 1853/1853/1853
f 1843/1843/1843 1855/1855/1855 1842/1842/1842
f 1852/1852/1852 1842/1842/1842 1855/1855/1855
f 1856/1856/1856 1854/1854/1854 1853/1853/1853
f 1857/1857/1857 1854/1854/1854 1856/1856/1856
f 1855/1855/1855 1843/1843/1843 1858/1858/1858
f 1843/1843/1843 1859/1859/1859 1858/1858/1858
f 1859/1859/1859 1860/1860/1860 1858/1858/1858
f 1861/1861/1861 1852/1852/1852 1855/1855/1855
f 1855/1855/1855 1858/1858/1858 1861/1861/1861
f 1862/1862/1862 1853/1853/1853 1852/1852/1852
f 1853/1853/1853 1862/1862/1862 1856/1856/1856
f 1852/1852/1852 1861/1861/1861 1862/1862/1862
f 1860/1860/1860 1863/1863/1863 1858/1858/1858
f 1860/1860/1860 1864/1864/1864 1863/1863/1863
f 1858/1858/1858 1865/1865/1865 1861/1861/1861
f 1865/1865/1865 1858/1858/1858 1863/1863/1863
f 1864/1864/1864 1866/1866/1866 1863/1863/1863
f 1867/1867/1867 1865/1865/1865 1863/1863/1863
f 1867/1867/1867 1863/1863/1863 1866/1866/1866
f 1865/1865/1865 1868/1868/1868 1861/1861/1861
f 1865/1865/1865 1867/1867/1867 1868/1868/1868
f 1866/1866/1866 1864/1864/1864 1869/1869/1869
f 1864/1864/1864 1870/1870/1870 1869/1869/1869
f 1871/1871/1871 1867/1867/1867 1866/1866/1866
f 1871/1871/1871 1866/1866/1866 1869/1869/1869
f 1869/1869/1869 1870/1870/1870 1872/1872/1872
f 1870/1870/1870 1873/1873/1873 1872/1872/1872
f 1873/1873/1873 1874/1874/1874 1872/1872/1872
f 1868/1868/1868 1875/1875/1875 1861/1861/1861
f 1861/1861/1861 1875/1875/1875 1862/1862/1862
f 1867/1867/1867 1876/1876/1876 1868/1868/1868
f 1867/1867/1867 1871/1871/1871 1876/1876/1876
f 1877/1877/1877 1875/1875/1875 1868/1868/1868
f 1875/1875/1875 1877/1877/1877 1862/1862/1862
f 1876/1876/1876 1877/1877/1877 1868/1868/1868
f 1878/1878/1878 1877/1877/1877 1876/1876/1876
f 1877/1877/1877 1879/1879/1879 1862/1862/1862
f 1877/1877/1877 1878/1878/1878 1879/1879/1879
f 1862/1862/1862 1879/1879/1879 1856/1856/1856
f 1856/1856/1856 1879/1879/1879 1880/1880/1880
f 1878/1878/1878 1880/1880/1880 1879/1879/1879
f 1881/1881/1881 1856/1856/1856 1880/1880/1880
f 1881/1881/1881 1857/1857/1857 1856/1856/1856
f 1881/1881/1881 1880/1880/1880 1882/1882/1882
f 1880/1880/1880 1878/1878/1878 1882/1882/1882
f 1857/1857/1857 1881/1881/1881 1883/1883/1883
f 1883/1883/1883 1881/1881/1881 1882/1882/1882
f 1883/1883/1883 1882/1882/1882 1884/1884/1884
f 1885/1885/1885 1857/1857/1857 1883/1883/1883
f 1885/1885/1885 1883/1883/1883 1884/1884/1884
f 1886/1886/1886 1885/1885/1885 1884/1884/1884
f 1887/1887/1887 1886/1886/1886 1884/1884/1884
f 1888/1888/1888 1878/1878/1878 1876/1876/1876
f 1871/1871/1871 1888/1888/1888 1876/1876/1876
f 1878/1878/1878 1888/1888/1888 1889/1889/1889
f 1888/1888/1888 1871/1871/1871 1889/1889/1889
f 1878/1878/1878 1890/1890/1890 1882/1882/1882
f 1890/1890/1890 1878/1878/1878 1889/1889/1889
f 1891/1891/1891 1887/1887/1887 1884/1884/1884
f 1892/1892/1892 1887/1887/1887 1891/1891/1891
f 1882/1882/1882 1893/1893/1893 1884/1884/1884
f 1882/1882/1882 1890/1890/1890 1893/1893/1893
f 1871/1871/1871 1894/1894/1894 1889/1889/1889
f 1894/1894/1894 1871/1871/1871 1869/1869/1869
f 1894/1894/1894 1869/1869/1869 1872/1872/1872
f 1894/1894/1894 1895/1895/1895 1889/1889/1889
f 1895/1895/1895 1894/1894/1894 1872/1872/1872
f 1890/1890/1890 1889/1889/1889 1896/1896/1896
f 1895/1895/1895 1896/1896/1896 1889/1889/1889
f 1895/1895/1895 1872/1872/1872 1897/1897/1897
f 1874/1874/1874 1897/1897/1897 1872/1872/1872
f 1874/1874/1874 1898/1898/1898 1897/1897/1897
f 1884/1884/1884 1893/1893/1893 1899/1899/1899
f 1891/1891/1891 1884/1884/1884 1899/1899/1899
f 1890/1890/1890 1900/1900/1900 1893/1893/1893
f 1900/1900/1900 1890/1890/1890 1896/1896/1896
f 1895/1895/1895 1901/1901/1901 1896/1896/1896
f 1901/1901/1901 1895/1895/1895 1897/1897/1897
f 1901/1901/1901 1897/1897/1897 1902/1902/1902
f 1901/1901/1901 1903/1903/1903 1896/1896/1896
f 1900/1900/1900 1896/1896/1896 1903/1903/1903
f 1901/1901/1901 1902/1902/1902 1903/1903/1903
f 1900/1900/1900 1904/1904/1904 1893/1893/1893
f 1904/1904/1904 1900/1900/1900 1903/1903/1903
f 1904/1904/1904 1899/1899/1899 1893/1893/1893
f 1898/1898/1898 1905/1905/1905 1897/1897/1897
f 1897/1897/1897 1905/1905/1905 1902/1902/1902
f 1905/1905/1905 1898/1898/1898 1906/1906/1906
f 1902/1902/1902 1905/1905/1905 1906/1906/1906
f 1898/1898/1898 1907/1907/1907 1906/1906/1906
f 1906/1906/1906 1907/1907/1907 1908/1908/1908
f 1907/1907/1907 1909/1909/1909 1908/1908/1908
f 1909/1909/1909 1910/1910/1910 1908/1908/1908
f 1904/1904/1904 1903/1903/1903 1911/1911/1911
f 1902/1902/1902 1911/1911/1911 1903/1903/1903
f 1904/1904/1904 1912/1912/1912 1899/1899/1899
f 1912/1912/1912 1904/1904/1904 1911/1911/1911
f 1913/1913/1913 1902/1902/1902 1906/1906/1906
f 1913/1913/1913 1906/1906/1906 1908/1908/1908
f 1911/1911/1911 1902/1902/1902 1914/1914/1914
f 1912/1912/1912 1911/1911/1911 1914/1914/1914
f 1902/1902/1902 1913/1913/1913 1914/1914/1914
f 1912/1912/1912 1915/1915/1915 1899/1899/1899
f 1891/1891/1891 1899/1899/1899 1915/1915/1915
f 1916/1916/1916 1891/1891/1891 1915/1915/1915
f 1916/1916/1916 1892/1892/1892 1891/1891/1891
f 1915/1915/1915 1912/1912/1912 1917/1917/1917
f 1916/1916/1916 1915/1915/1915 1917/1917/1917
f 1892/1892/1892 1916/1916/1916 1918/1918/1918
f 1918/1918/1918 1916/1916/1916 1917/1917/1917
f 1918/1918/1918 1917/1917/1917 1919/1919/1919
f 1920/1920/1920 1892/1892/1892 1918/1918/1918
f 1920/1920/1920 1918/1918/1918 1919/1919/1919
f 1921/1921/1921 1920/1920/1920 1919/1919/1919
f 1922/1922/1922 1921/1921/1921 1919/1919/1919
f 1923/1923/1923 1912/1912/1912 1914/1914/1914
f 1912/1912/1912 1923/1923/1923 1917/1917/1917
f 1914/1914/1914 1913/1913/1913 1924/1924/1924
f 1923/1923/1923 1914/1914/1914 1924/1924/1924
f 1917/1917/1917 1923/1923/1923 1925/1925/1925
f 1917/1917/1917 1925/1925/1925 1919/1919/1919
f 1926/1926/1926 1922/1922/1922 1919/1919/1919
f 1922/1922/1922 1926/1926/1926 1927/1927/1927
f 1928/1928/1928 1926/1926/1926 1919/1919/1919
f 1925/1925/1925 1928/1928/1928 1919/1919/1919
f 1929/1929/1929 1928/1928/1928 1925/1925/1925
f 1923/1923/1923 1930/1930/1930 1925/1925/1925
f 1930/1930/1930 1923/1923/1923 1924/1924/1924
f 1930/1930/1930 1929/1929/1929 1925/1925/1925
f 1930/1930/1930 1924/1924/1924 1929/1929/1929
f 1913/1913/1913 1931/1931/1931 1924/1924/1924
f 1924/1924/1924 1931/1931/1931 1929/1929/1929
f 1931/1931/1931 1913/1913/1913 1908/1908/1908
f 1931/1931/1931 1908/1908/1908 1929/1929/1929
f 1926/1926/1926 1932/1932/1932 1927/1927/1927
f 1932/1932/1932 1926/1926/1926 1928/1928/1928
f 1933/1933/1933 1927/1927/1927 1932/1932/1932
f 1934/1934/1934 1933/1933/1933 1932/1932/1932
f 1935/1935/1935 1932/1932/1932 1928/1928/1928
f 1934/1934/1934 1932/1932/1932 1935/1935/1935
f 1928/1928/1928 1929/1929/1929 1935/1935/1935
f 1935/1935/1935 1936/1936/1936 1934/1934/1934
f 1910/1910/1910 1936/1936/1936 1935/1935/1935
f 1910/1910/1910 1937/1937/1937 1908/1908/1908
f 1908/1908/1908 1937/1937/1937 1929/1929/1929
f 1937/1937/1937 1910/1910/1910 1935/1935/1935
f 1929/1929/1929 1937/1937/1937 1935/1935/1935
f 1940/1940/1940 1939/1939/1939 1938/1938/1938
f 1939/1939/1939 1940/1940/1940 1941/1941/1941
f 1942/1942/1942 1940/1940/1940 1938/1938/1938
f 1943/1943/1943 1942/1942/1942 1938/1938/1938
f 1940/1940/1940 1942/1942/1942 1944/1944/1944
f 1942/1942/1942 1943/1943/1943 1944/1944/1944
f 1945/1945/1945 1943/1943/1943 1938/1938/1938
f 1943/1943/1943 1945/1945/1945 1946/1946/1946
f 1940/1940/1940 1947/1947/1947 1941/1941/1941
f 1947/1947/1947 1948/1948/1948 1941/1941/1941
f 1947/1947/1947 1940/1940/1940 1949/1949/1949
f 1948/1948/1948 1947/1947/1947 1949/1949/1949
f 1948/1948/1948 1950/1950/1950 1941/1941/1941
f 1950/1950/1950 1948/1948/1948 1951/1951/1951
f 1948/1948/1948 1952/1952/1952 1951/1951/1951
f 1952/1952/1952 1948/1948/1948 1953/1953/1953
f 1948/1948/1948 1954/1954/1954 1953/1953/1953
f 1954/1954/1954 1948/1948/1948 1949/1949/1949
f 1954/1954/1954 1955/1955/1955 1953/1953/1953
f 1955/1955/1955 1954/1954/1954 1949/1949/1949
f 1955/1955/1955 1956/1956/1956 1953/1953/1953
f 1956/1956/1956 1955/1955/1955 1957/1957/1957
f 1940/1940/1940 1958/1958/1958 1949/1949/1949
f 1958/1958/1958 1959/1959/1959 1949/1949/1949
f 1958/1958/1958 1940/1940/1940 1944/1944/1944
f 1959/1959/1959 1958/1958/1958 1944/1944/1944
f 1960/1960/1960 1955/1955/1955 1949/1949/1949
f 1959/1959/1959 1960/1960/1960 1949/1949/1949
f 1955/1955/1955 1960/1960/1960 1961/1961/1961
f 1960/1960/1960 1959/1959/1959 1961/1961/1961
f 1955/1955/1955 1962/1962/1962 1957/1957/1957
f 1962/1962/1962 1955/1955/1955 1961/1961/1961
f 1962/1962/1962 1963/1963/1963 1957/1957/1957
f 1963/1963/1963 1962/1962/1962 1961/1961/1961
f 1963/1963/1963 1964/1964/1964 1957/1957/1957
f 1964/1964/1964 1963/1963/1963 1965/1965/1965
f 1963/1963/1963 1966/1966/1966 1965/1965/1965
f 1966/1966/1966 1967/1967/1967 1965/1965/1965
f 1966/1966/1966 1963/1963/1963 1968/1968/1968
f 1967/1967/1967 1966/1966/1966 1968/1968/1968
f 1967/1967/1967 1969/1969/1969 1965/1965/1965
f 1969/1969/1969 1967/1967/1967 1970/1970/1970
f 1971/1971/1971 1963/1963/1963 1961/1961/1961
f 1963/1963/1963 1971/1971/1971 1968/1968/1968
f 1972/1972/1972 1971/1971/1971 1961/1961/1961
f 1971/1971/1971 1972/1972/1972 1968/1968/1968
f 1959/1959/1959 1973/1973/1973 1961/1961/1961
f 1973/1973/1973 1972/1972/1972 1961/1961/1961
f 1973/1973/1973 1959/1959/1959 1974/1974/1974
f 1972/1972/1972 1973/1973/1973 1974/1974/1974
f 1959/1959/1959 1975/1975/1975 1974/1974/1974
f 1975/1975/1975 1976/1976/1976 1974/1974/1974
f 1975/1975/1975 1959/1959/1959 1944/1944/1944
f 1976/1976/1976 1975/1975/1975 1944/1944/1944
f 1977/1977/1977 1972/1972/1972 1974/1974/1974
f 1976/1976/1976 1977/1977/1977 1974/1974/1974
f 1972/1972/1972 1977/1977/1977 1978/1978/1978
f 1977/1977/1977 1976/1976/1976 1978/1978/1978
f 1972/1972/1972 1979/1979/1979 1968/1968/1968
f 1979/1979/1979 1972/1972/1972 1978/1978/1978
f 1979/1979/1979 1980/1980/1980 1968/1968/1968
f 1980/1980/1980 1979/1979/1979 1978/1978/1978
f 1981/1981/1981 1976/1976/1976 1944/1944/1944
f 1976/1976/1976 1981/1981/1981 1982/1982/1982
f 1943/1943/1943 1981/1981/1981 1944/1944/1944
f 1981/1981/1981 1943/1943/1943 1982/1982/1982
f 1980/1980/1980 1983/1983/1983 1968/1968/1968
f 1983/1983/1983 1980/1980/1980 1984/1984/1984
f 1983/1983/1983 1967/1967/1967 1968/1968/1968
f 1967/1967/1967 1983/1983/1983 1984/1984/1984
f 1976/1976/1976 1985/1985/1985 1978/1978/1978
f 1985/1985/1985 1976/1976/1976 1982/1982/1982
f 1985/1985/1985 1986/1986/1986 1978/1978/1978
f 1986/1986/1986 1985/1985/1985 1982/1982/1982
f 1943/1943/1943 1987/1987/1987 1982/1982/1982
f 1987/1987/1987 1988/1988/1988 1982/1982/1982
f 1987/1987/1987 1943/1943/1943 1946/1946/1946
f 1988/1988/1988 1987/1987/1987 1946/1946/1946
f 1989/1989/1989 1988/1988/1988 1946/1946/1946
f 1988/1988/1988 1989/1989/1989 1990/1990/1990
f 1991/1991/1991 1980/1980/1980 1978/1978/1978
f 1986/1986/1986 1991/1991/1991 1978/1978/1978
f 1980/1980/1980 1991/1991/1991 1992/1992/1992
f 1991/1991/1991 1986/1986/1986 1992/1992/1992
f 1988/1988/1988 1993/1993/1993 1982/1982/1982
f 1993/1993/1993 1986/1986/1986 1982/1982/1982
f 1993/1993/1993 1988/1988/1988 1994/1994/1994
f 1986/1986/1986 1993/1993/1993 1994/1994/1994
f 1995/1995/1995 1988/1988/1988 1990/1990/1990
f 1988/1988/1988 1995/1995/1995 1994/1994/1994
f 1996/1996/1996 1995/1995/1995 1990/1990/1990
f 1995/1995/1995 1996/1996/1996 1994/1994/1994
f 1997/1997/1997 1996/1996/1996 1990/1990/1990
f 1996/1996/1996 1997/1997/1997 1998/1998/1998
f 1999/1999/1999 1980/1980/1980 1992/1992/1992
f 2000/2000/2000 1999/1999/1999 1992/1992/1992
f 1980/1980/1980 1999/1999/1999 1984/1984/1984
f 1999/1999/1999 2000/2000/2000 1984/1984/1984
f 1986/1986/1986 2001/2001/2001 1992/1992/1992
f 2001/2001/2001 1986/1986/1986 1994/1994/1994
f 2001/2001/2001 2002/2002/2002 1992/1992/1992
f 2002/2002/2002 2001/2001/2001 1994/1994/1994
f 1996/1996/1996 2003/2003/2003 1994/1994/1994
f 2003/2003/2003 2002/2002/2002 1994/1994/1994
f 2003/2003/2003 1996/1996/1996 2004/2004/2004
f 2002/2002/2002 2003/2003/2003 2004/2004/2004
f 2005/2005/2005 1996/1996/1996 1998/1998/1998
f 1996/1996/1996 2005/2005/2005 2004/2004/2004
f 2006/2006/2006 2005/2005/2005 1998/1998/1998
f 2005/2005/2005 2006/2006/2006 2004/2004/2004
f 2007/2007/2007 2006/2006/2006 1998/1998/1998
f 2006/2006/2006 2007/2007/2007 2008/2008/2008
f 2009/2009/2009 2006/2006/2006 2008/2008/2008
f 2006/2006/2006 2009/2009/2009 2010/2010/2010
f 2011/2011/2011 2006/2006/2006 2010/2010/2010
f 2006/2006/2006 2011/2011/2011 2004/2004/2004
f 2012/2012/2012 2011/2011/2011 2010/2010/2010
f 2011/2011/2011 2012/2012/2012 2004/2004/2004
f 2013/2013/2013 2012/2012/2012 2010/2010/2010
f 2012/2012/2012 2013/2013/2013 2014/2014/2014
f 2015/2015/2015 2002/2002/2002 2004/2004/2004
f 2012/2012/2012 2015/2015/2015 2004/2004/2004
f 2002/2002/2002 2015/2015/2015 2016/2016/2016
f 2015/2015/2015 2012/2012/2012 2016/2016/2016
f 2017/2017/2017 2012/2012/2012 2014/2014/2014
f 2012/2012/2012 2017/2017/2017 2016/2016/2016
f 2018/2018/2018 2017/2017/2017 2014/2014/2014
f 2017/2017/2017 2018/2018/2018 2016/2016/2016
f 2019/2019/2019 2018/2018/2018 2014/2014/2014
f 2018/2018/2018 2019/2019/2019 2020/2020/2020
f 2021/2021/2021 2002/2002/2002 2016/2016/2016
f 2002/2002/2002 2021/2021/2021 1992/1992/1992
f 2021/2021/2021 2000/2000/2000 1992/1992/1992
f 2000/2000/2000 2021/2021/2021 2016/2016/2016
f 2018/2018/2018 2022/2022/2022 2016/2016/2016
f 2022/2022/2022 2000/2000/2000 2016/2016/2016
f 2022/2022/2022 2018/2018/2018 2023/2023/2023
f 2000/2000/2000 2022/2022/2022 2023/2023/2023
f 2024/2024/2024 2018/2018/2018 2020/2020/2020
f 2018/2018/2018 2024/2024/2024 2023/2023/2023
f 2025/2025/2025 2024/2024/2024 2020/2020/2020
f 2024/2024/2024 2025/2025/2025 2023/2023/2023
f 2026/2026/2026 2025/2025/2025 2020/2020/2020
f 2025/2025/2025 2026/2026/2026 2027/2027/2027
f 2028/2028/2028 2025/2025/2025 2027/2027/2027
f 2025/2025/2025 2028/2028/2028 2029/2029/2029
f 2030/2030/2030 2025/2025/2025 2029/2029/2029
f 2025/2025/2025 2030/2030/2030 2023/2023/2023
f 2031/2031/2031 2030/2030/2030 2029/2029/2029
f 2030/2030/2030 2031/2031/2031 2023/2023/2023
f 2032/2032/2032 2031/2031/2031 2029/2029/2029
f 2031/2031/2031 2032/2032/2032 1970/1970/1970
f 2033/2033/2033 2000/2000/2000 2023/2023/2023
f 2031/2031/2031 2033/2033/2033 2023/2023/2023
f 2000/2000/2000 2033/2033/2033 1984/1984/1984
f 2033/2033/2033 2031/2031/2031 1984/1984/1984
f 2034/2034/2034 2031/2031/2031 1970/1970/1970
f 2031/2031/2031 2034/2034/2034 1984/1984/1984
f 1967/1967/1967 2034/2034/2034 1970/1970/1970
f 2034/2034/2034 1967/1967/1967 1984/1984/1984
f 2037/2037/2037 2036/2036/2036 2035/2035/2035
f 2036/2036/2036 2037/2037/2037 2038/2038/2038
f 2039/2039/2039 2037/2037/2037 2035/2035/2035
f 2040/2040/2040 2039/2039/2039 2035/2035/2035
f 2037/2037/2037 2039/2039/2039 2041/2041/2041
f 2039/2039/2039 2040/2040/2040 2041/2041/2041
f 2042/2042/2042 2040/2040/2040 2035/2035/2035
f 2040/2040/2040 2042/2042/2042 2043/2043/2043
f 2037/2037/2037 2044/2044/2044 2038/2038/2038
f 2044/2044/2044 2045/2045/2045 2038/2038/2038
f 2044/2044/2044 2037/2037/2037 2046/2046/2046
f 2045/2045/2045 2044/2044/2044 2046/2046/2046
f 2045/2045/2045 2047/2047/2047 2038/2038/2038
f 2047/2047/2047 2045/2045/2045 2048/2048/2048
f 2045/2045/2045 2049/2049/2049 2048/2048/2048
f 2049/2049/2049 2045/2045/2045 2050/2050/2050
f 2045/2045/2045 2051/2051/2051 2050/2050/2050
f 2051/2051/2051 2045/2045/2045 2046/2046/2046
f 2051/2051/2051 2052/2052/2052 2050/2050/2050
f 2052/2052/2052 2051/2051/2051 2046/2046/2046
f 2052/2052/2052 2053/2053/2053 2050/2050/2050
f 2053/2053/2053 2052/2052/2052 2054/2054/2054
f 2037/2037/2037 2055/2055/2055 2046/2046/2046
f 2055/2055/2055 2056/2056/2056 2046/2046/2046
f 2055/2055/2055 2037/2037/2037 2041/2041/2041
f 2056/2056/2056 2055/2055/2055 2041/2041/2041
f 2057/2057/2057 2052/2052/2052 2046/2046/2046
f 2056/2056/2056 2057/2057/2057 2046/2046/2046
f 2052/2052/2052 2057/2057/2057 2058/2058/2058
f 2057/2057/2057 2056/2056/2056 2058/2058/2058
f 2052/2052/2052 2059/2059/2059 2054/2054/2054
f 2059/2059/2059 2052/2052/2052 2058/2058/2058
f 2059/2059/2059 2060/2060/2060 2054/2054/2054
f 2060/2060/2060 2059/2059/2059 2058/2058/2058
f 2060/2060/2060 2061/2061/2061 2054/2054/2054
f 2061/2061/2061 2060/2060/2060 2062/2062/2062
f 2060/2060/2060 2063/2063/2063 2062/2062/2062
f 2063/2063/2063 2064/2064/2064 2062/2062/2062
f 2063/2063/2063 2060/2060/2060 2065/2065/2065
f 2064/2064/2064 2063/2063/2063 2065/2065/2065
f 2064/2064/2064 2066/2066/2066 2062/2062/2062
f 2066/2066/2066 2064/2064/2064 2067/2067/2067
f 2068/2068/2068 2060/2060/2060 2058/2058/2058
f 2060/2060/2060 2068/2068/2068 2065/2065/2065
f 2069/2069/2069 2068/2068/2068 2058/2058/2058
f 2068/2068/2068 2069/2069/2069 2065/2065/2065
f 2056/2056/2056 2070/2070/2070 2058/2058/2058
f 2070/2070/2070 2069/2069/2069 2058/2058/2058
f 2070/2070/2070 2056/2056/2056 2071/2071/2071
f 2069/2069/2069 2070/2070/2070 2071/2071/2071
f 2056/2056/2056 2072/2072/2072 2071/2071/2071
f 2072/2072/2072 2073/2073/2073 2071/2071/2071
f 2072/2072/2072 2056/2056/2056 2041/2041/2041
f 2073/2073/2073 2072/2072/2072 2041/2041/2041
f 2074/2074/2074 2069/2069/2069 2071/2071/2071
f 2073/2073/2073 2074/2074/2074 2071/2071/2071
f 2069/2069/2069 2074/2074/2074 2075/2075/2075
f 2074/2074/2074 2073/2073/2073 2075/2075/2075
f 2069/2069/2069 2076/2076/2076 2065/2065/2065
f 2076/2076/2076 2069/2069/2069 2075/2075/2075
f 2076/2076/2076 2077/2077/2077 2065/2065/2065
f 2077/2077/2077 2076/2076/2076 2075/2075/2075
f 2078/2078/2078 2073/2073/2073 2041/2041/2041
f 2073/2073/2073 2078/2078/2078 2079/2079/2079
f 2040/2040/2040 2078/2078/2078 2041/2041/2041
f 2078/2078/2078 2040/2040/2040 2079/2079/2079
f 2077/2077/2077 2080/2080/2080 2065/2065/2065
f 2080/2080/2080 2077/2077/2077 2081/2081/2081
f 2080/2080/2080 2064/2064/2064 2065/2065/2065
f 2064/2064/2064 2080/2080/2080 2081/2081/2081
f 2073/2073/2073 2082/2082/2082 2075/2075/2075
f 2082/2082/2082 2073/2073/2073 2079/2079/2079
f 2082/2082/2082 2083/2083/2083 2075/2075/2075
f 2083/2083/2083 2082/2082/2082 2079/2079/2079
f 2040/2040/2040 2084/2084/2084 2079/2079/2079
f 2084/2084/2084 2085/2085/2085 2079/2079/2079
f 2084/2084/2084 2040/2040/2040 2043/2043/2043
f 2085/2085/2085 2084/2084/2084 2043/2043/2043
f 2086/2086/2086 2085/2085/2085 2043/2043/2043
f 2085/2085/2085 2086/2086/2086 2087/2087/2087
f 2088/2088/2088 2077/2077/2077 2075/2075/2075
f 2083/2083/2083 2088/2088/2088 2075/2075/2075
f 2077/2077/2077 2088/2088/2088 2089/2089/2089
f 2088/2088/2088 2083/2083/2083 2089/2089/2089
f 2085/2085/2085 2090/2090/2090 2079/2079/2079
f 2090/2090/2090 2083/2083/2083 2079/2079/2079
f 2090/2090/2090 2085/2085/2085 2091/2091/2091
f 2083/2083/2083 2090/2090/2090 2091/2091/2091
f 2092/2092/2092 2085/2085/2085 2087/2087/2087
f 2085/2085/2085 2092/2092/2092 2091/2091/2091
f 2093/2093/2093 2092/2092/2092 2087/2087/2087
f 2092/2092/2092 2093/2093/2093 2091/2091/2091
f 2094/2094/2094 2093/2093/2093 2087/2087/2087
f 2093/2093/2093 2094/2094/2094 2095/2095/2095
f 2096/2096/2096 2077/2077/2077 2089/2089/2089
f 2097/2097/2097 2096/2096/2096 2089/2089/2089
f 2077/2077/2077 2096/2096/2096 2081/2081/2081
f 2096/2096/2096 2097/2097/2097 2081/2081/2081
f 2083/2083/2083 2098/2098/2098 2089/2089/2089
f 2098/2098/2098 2083/2083/2083 2091/2091/2091
f 2098/2098/2098 2099/2099/2099 2089/2089/2089
f 2099/2099/2099 2098/2098/2098 2091/2091/2091
f 2093/2093/2093 2100/2100/2100 2091/2091/2091
f 2100/2100/2100 2099/2099/2099 2091/2091/2091
f 2100/2100/2100 2093/2093/2093 2101/2101/2101
f 2099/2099/2099 2100/2100/2100 2101/2101/2101
f 2102/2102/2102 2093/2093/2093 2095/2095/2095
f 2093/2093/2093 2102/2102/2102 2101/2101/2101
f 2103/2103/2103 2102/2102/2102 2095/2095/2095
f 2102/2102/2102 2103/2103/2103 2101/2101/2101
f 2104/2104/2104 2103/2103/2103 2095/2095/2095
f 2103/2103/2103 2104/2104/2104 2105/2105/2105
f 2106/2106/2106 2103/2103/2103 2105/2105/2105
f 2103/2103/2103 2106/2106/2106 2107/2107/2107
f 2108/2108/2108 2103/2103/2103 2107/2107/2107
f 2103/2103/2103 2108/2108/2108 2101/2101/2101
f 2109/2109/2109 2108/2108/2108 2107/2107/2107
f 2108/2108/2108 2109/2109/2109 2101/2101/2101
f 2110/2110/2110 2109/2109/2109 2107/2107/2107
f 2109/2109/2109 2110/2110/2110 2111/2111/2111
f 2112/2112/2112 2099/2099/2099 2101/2101/2101
f 2109/2109/2109 2112/2112/2112 2101/2101/2101
f 2099/2099/2099 2112/2112/2112 2113/2113/2113
f 2112/2112/2112 2109/2109/2109 2113/2113/2113
f 2114/2114/2114 2109/2109/2109 2111/2111/2111
f 2109/2109/2109 2114/2114/2114 2113/2113/2113
f 2115/2115/2115 2114/2114/2114 2111/2111/2111
f 2114/2114/2114 2115/2115/2115 2113/2113/2113
f 2116/2116/2116 2115/2115/2115 2111/2111/2111
f 2115/2115/2115 2116/2116/2116 2117/2117/2117
f 2118/2118/2118 2099/2099/2099 2113/2113/2113
f 2099/2099/2099 2118/2118/2118 2089/2089/2089
f 2118/2118/2118 2097/2097/2097 2089/2089/2089
f 2097/2097/2097 2118/2118/2118 2113/2113/2113
f 2115/2115/2115 2119/2119/2119 2113/2113/2113
f 2119/2119/2119 2097/2097/2097 2113/2113/2113
f 2119/2119/2119 2115/2115/2115 2120/2120/2120
f 2097/2097/2097 2119/2119/2119 2120/2120/2120
f 2121/2121/2121 2115/2115/2115 2117/2117/2117
f 2115/2115/2115 2121/2121/2121 2120/2120/2120
f 2122/2122/2122 2121/2121/2121 2117/2117/2117
f 2121/2121/2121 2122/2122/2122 2120/2120/2120
f 2123/2123/2123 2122/2122/2122 2117/2117/2117
f 2122/2122/2122 2123/2123/2123 2124/2124/2124
f 2125/2125/2125 2122/2122/2122 2124/2124/2124
f 2122/2122/2122 2125/2125/2125 2126/2126/2126
f 2127/2127/2127 2122/2122/2122 2126/2126/2126
f 2122/2122/2122 2127/2127/2127 2120/2120/2120
f 2128/2128/2128 2127/2127/2127 2126/2126/2126
f 2127/2127/2127 2128/2128/2128 2120/2120/2120
f 2129/2129/2129 2128/2128/2128 2126/2126/2126
f 2128/2128/2128 2129/2129/2129 2067/2067/2067
f 2130/2130/2130 2097/2097/2097 2120/2120/2120
f 2128/2128/2128 2130/2130/2130 2120/2120/2120
f 2097/2097/2097 2130/2130/2130 2081/2081/2081
f 2130/2130/2130 2128/2128/2128 2081/2081/2081
f 2131/2131/2131 2128/2128/2128 2067/2067/2067
f 2128/2128/2128 2131/2131/2131 2081/2081/2081
f 2064/2064/2064 2131/2131/2131 2067/2067/2067
f 2131/2131/2131 2064/2064/2064 2081/2081/2081
f 2134/2134/2134 2133/2133/2133 2132/2132/2132
f 2133/2133/2133 2134/2134/2134 2135/2135/2135
f 2136/2136/2136 2134/2134/2134 2132/2132/2132
f 2137/2137/2137 2136/2136/2136 2132/2132/2132
f 2134/2134/2134 2136/2136/2136 2138/2138/2138
f 2136/2136/2136 2137/2137/2137 2138/2138/2138
f 2139/2139/2139 2137/2137/2137 2132/2132/2132
f 2137/2137/2137 2139/2139/2139 2140/2140/2140
f 2134/2134/2134 2141/2141/2141 2135/2135/2135
f 2141/2141/2141 2142/2142/2142 2135/2135/2135
f 2141/2141/2141 2134/2134/2134 2143/2143/2143
f 2142/2142/2142 2141/2141/2141 2143/2143/2143
f 2142/2142/2142 2144/2144/2144 2135/2135/2135
f 2144/2144/2144 2142/2142/2142 2145/2145/2145
f 2142/2142/2142 2146/2146/2146 2145/2145/2145
f 2146/2146/2146 2142/2142/2142 2147/2147/2147
f 2142/2142/2142 2148/2148/2148 2147/2147/2147
f 2148/2148/2148 2142/2142/2142 2143/2143/2143
f 2148/2148/2148 2149/2149/2149 2147/2147/2147
f 2149/2149/2149 2148/2148/2148 2143/2143/2143
f 2149/2149/2149 2150/2150/2150 2147/2147/2147
f 2150/2150/2150 2149/2149/2149 2151/2151/2151
f 2134/2134/2134 2152/2152/2152 2143/2143/2143
f 2152/2152/2152 2153/2153/2153 2143/2143/2143
f 2152/2152/2152 2134/2134/2134 2138/2138/2138
f 2153/2153/2153 2152/2152/2152 2138/2138/2138
f 2154/2154/2154 2149/2149/2149 2143/2143/2143
f 2153/2153/2153 2154/2154/2154 2143/2143/2143
f 2149/2149/2149 2154/2154/2154 2155/2155/2155
f 2154/2154/2154 2153/2153/2153 2155/2155/2155
f 2149/2149/2149 2156/2156/2156 2151/2151/2151
f 2156/2156/2156 2149/2149/2149 2155/2155/2155
f 2156/2156/2156 2157/2157/2157 2151/2151/2151
f 2157/2157/2157 2156/2156/2156 2155/2155/2155
f 2157/2157/2157 2158/2158/2158 2151/2151/2151
f 2158/2158/2158 2157/2157/2157 2159/2159/2159
f 2157/2157/2157 2160/2160/2160 2159/2159/2159
f 2160/2160/2160 2161/2161/2161 2159/2159/2159
f 2160/2160/2160 2157/2157/2157 2162/2162/2162
f 2161/2161/2161 2160/2160/2160 2162/2162/2162
f 2161/2161/2161 2163/2163/2163 2159/2159/2159
f 2163/2163/2163 2161/2161/2161 2164/2164/2164
f 2165/2165/2165 2157/2157/2157 2155/2155/2155
f 2157/2157/2157 2165/2165/2165 2162/2162/2162
f 2166/2166/2166 2165/2165/2165 2155/2155/2155
f 2165/2165/2165 2166/2166/2166 2162/2162/2162
f 2153/2153/2153 2167/2167/2167 2155/2155/2155
f 2167/2167/2167 2166/2166/2166 2155/2155/2155
f 2167/2167/2167 2153/2153/2153 2168/2168/2168
f 2166/2166/2166 2167/2167/2167 2168/2168/2168
f 2153/2153/2153 2169/2169/2169 2168/2168/2168
f 2169/2169/2169 2170/2170/2170 2168/2168/2168
f 2169/2169/2169 2153/2153/2153 2138/2138/2138
f 2170/2170/2170 2169/2169/2169 2138/2138/2138
f 2171/2171/2171 2166/2166/2166 2168/2168/2168
f 2170/2170/2170 2171/2171/2171 2168/2168/2168
f 2166/2166/2166 2171/2171/2171 2172/2172/2172
f 2171/2171/2171 2170/2170/2170 2172/2172/2172
f 2166/2166/2166 2173/2173/2173 2162/2162/2162
f 2173/2173/2173 2166/2166/2166 2172/2172/2172
f 2173/2173/2173 2174/2174/2174 2162/2162/2162
f 2174/2174/2174 2173/2173/2173 2172/2172/2172
f 2175/2175/2175 2170/2170/2170 2138/2138/2138
f 2170/2170/2170 2175/2175/2175 2176/2176/2176
f 2137/2137/2137 2175/2175/2175 2138/2138/2138
f 2175/2175/2175 2137/2137/2137 2176/2176/2176
f 2174/2174/2174 2177/2177/2177 2162/2162/2162
f 2177/2177/2177 2174/2174/2174 2178/2178/2178
f 2177/2177/2177 2161/2161/2161 2162/2162/2162
f 2161/2161/2161 2177/2177/2177 2178/2178/2178
f 2170/2170/2170 2179/2179/2179 2172/2172/2172
f 2179/2179/2179 2170/2170/2170 2176/2176/2176
f 2179/2179/2179 2180/2180/2180 2172/2172/2172
f 2180/2180/2180 2179/2179/2179 2176/2176/2176
f 2137/2137/2137 2181/2181/2181 2176/2176/2176
f 2181/2181/2181 2182/2182/2182 2176/2176/2176
f 2181/2181/2181 2137/2137/2137 2140/2140/2140
f 2182/2182/2182 2181/2181/2181 2140/2140/2140
f 2183/2183/2183 2182/2182/2182 2140/2140/2140
f 2182/2182/2182 2183/2183/2183 2184/2184/2184
f 2185/2185/2185 2174/2174/2174 2172/2172/2172
f 2180/2180/2180 2185/2185/2185 2172/2172/2172
f 2174/2174/2174 2185/2185/2185 2186/2186/2186
f 2185/2185/2185 2180/2180/2180 2186/2186/2186
f 2182/2182/2182 2187/2187/2187 2176/2176/2176
f 2187/2187/2187 2180/2180/2180 2176/2176/2176
f 2187/2187/2187 2182/2182/2182 2188/2188/2188
f 2180/2180/2180 2187/2187/2187 2188/2188/2188
f 2189/2189/2189 2182/2182/2182 2184/2184/2184
f 2182/2182/2182 2189/2189/2189 2188/2188/2188
f 2190/2190/2190 2189/2189/2189 2184/2184/2184
f 2189/2189/2189 2190/2190/2190 2188/2188/2188
f 2191/2191/2191 2190/2190/2190 2184/2184/2184
f 2190/2190/2190 2191/2191/2191 2192/2192/2192
f 2193/2193/2193 2174/2174/2174 2186/2186/2186
f 2194/2194/2194 2193/2193/2193 2186/2186/2186
f 2174/2174/2174 2193/2193/2193 2178/2178/2178
f 2193/2193/2193 2194/2194/2194 2178/2178/2178
f 2180/2180/2180 2195/2195/2195 2186/2186/2186
f 2195/2195/2195 2180/2180/2180 2188/2188/2188
f 2195/2195/2195 2196/2196/2196 2186/2186/2186
f 2196/2196/2196 2195/2195/2195 2188/2188/2188
f 2190/2190/2190 2197/2197/2197 2188/2188/2188
f 2197/2197/2197 2196/2196/2196 2188/2188/2188
f 2197/2197/2197 2190/2190/2190 2198/2198/2198
f 2196/2196/2196 2197/2197/2197 2198/2198/2198
f 2199/2199/2199 2190/2190/2190 2192/2192/2192
f 2190/2190/2190 2199/2199/2199 2198/2198/2198
f 2200/2200/2200 2199/2199/2199 2192/2192/2192
f 2199/2199/2199 2200/2200/2200 2198/2198/2198
f 2201/2201/2201 2200/2200/2200 2192/2192/2192
f 2200/2200/2200 2201/2201/2201 2202/2202/2202
f 2203/2203/2203 2200/2200/2200 2202/2202/2202
f 2200/2200/2200 2203/2203/2203 2204/2204/2204
f 2205/2205/2205 2200/2200/2200 2204/2204/2204
f 2200/2200/2200 2205/2205/2205 2198/2198/2198
f 2206/2206/2206 2205/2205/2205 2204/2204/2204
f 2205/2205/2205 2206/2206/2206 2198/2198/2198
f 2207/2207/2207 2206/2206/2206 2204/2204/2204
f 2206/2206/2206 2207/2207/2207 2208/2208/2208
f 2209/2209/2209 2196/2196/2196 2198/2198/2198
f 2206/2206/2206 2209/2209/2209 2198/2198/2198
f 2196/2196/2196 2209/2209/2209 2210/2210/2210
f 2209/2209/2209 2206/2206/2206 2210/2210/2210
f 2211/2211/2211 2206/2206/2206 2208/2208/2208
f 2206/2206/2206 2211/2211/2211 2210/2210/2210
f 2212/2212/2212 2211/2211/2211 2208/2208/2208
f 2211/2211/2211 2212/2212/2212 2210/2210/2210
f 2213/2213/2213 2212/2212/2212 2208/2208/2208
f 2212/2212/2212 2213/2213/2213 2214/2214/2214
f 2215/2215/2215 2196/2196/2196 2210/2210/2210
f 2196/2196/2196 2215/2215/2215 2186/2186/2186
f 2215/2215/2215 2194/2194/2194 2186/2186/2186
f 2194/2194/2194 2215/2215/2215 2210/2210/2210
f 2212/2212/2212 2216/2216/2216 2210/2210/2210
f 2216/2216/2216 2194/2194/2194 2210/2210/2210
f 2216/2216/2216 2212/2212/2212 2217/2217/2217
f 2194/2194/2194 2216/2216/2216 2217/2217/2217
f 2218/2218/2218 2212/2212/2212 2214/2214/2214
f 2212/2212/2212 2218/2218/2218 2217/2217/2217
f 2219/2219/2219 2218/2218/2218 2214/2214/2214
f 2218/2218/2218 2219/2219/2219 2217/2217/2217
f 2220/2220/2220 2219/2219/2219 2214/2214/2214
f 2219/2219/2219 2220/2220/2220 2221/2221/2221
f 2222/2222/2222 2219/2219/2219 2221/2221/2221
f 2219/2219/2219 2222/2222/2222 2223/2223/2223
f 2224/2224/2224 2219/2219/2219 2223/2223/2223
f 2219/2219/2219 2224/2224/2224 2217/2217/2217
f 2225/2225/2225 2224/2224/2224 2223/2223/2223
f 2224/2224/2224 2225/2225/2225 2217/2217/2217
f 2226/2226/2226 2225/2225/2225 2223/2223/2223
f 2225/2225/2225 2226/2226/2226 2164/2164/2164
f 2227/2227/2227 2194/2194/2194 2217/2217/2217
f 2225/2225/2225 2227/2227/2227 2217/2217/2217
f 2194/2194/2194 2227/2227/2227 2178/2178/2178
f 2227/2227/2227 2225/2225/2225 2178/2178/2178
f 2228/2228/2228 2225/2225/2225 2164/2164/2164
f 2225/2225/2225 2228/2228/2228 2178/2178/2178
f 2161/2161/2161 2228/2228/2228 2164/2164/2164
f 2228/2228/2228 2161/2161/2161 2178/2178/2178
f 2231/2231/2231 2230/2230/2230 2229/2229/2229
f 2230/2230/2230 2232/2232/2232 2229/2229/2229
f 2230/2230/2230 2231/2231/2231 2233/2233/2233
f 2232/2232/2232 2230/2230/2230 2234/2234/2234
f 2235/2235/2235 2230/2230/2230 2233/2233/2233
f 2236/2236/2236 2235/2235/2235 2233/2233/2233
f 2230/2230/2230 2235/2235/2235 2237/2237/2237
f 2235/2235/2235 2236/2236/2236 2237/2237/2237
f 2238/2238/2238 2236/2236/2236 2233/2233/2233
f 2236/2236/2236 2238/2238/2238 2239/2239/2239
f 2230/2230/2230 2240/2240/2240 2234/2234/2234
f 2240/2240/2240 2230/2230/2230 2237/2237/2237
f 2240/2240/2240 2241/2241/2241 2234/2234/2234
f 2241/2241/2241 2240/2240/2240 2237/2237/2237
f 2241/2241/2241 2242/2242/2242 2234/2234/2234
f 2242/2242/2242 2241/2241/2241 2243/2243/2243
f 2244/2244/2244 2236/2236/2236 2239/2239/2239
f 2245/2245/2245 2244/2244/2244 2239/2239/2239
f 2236/2236/2236 2244/2244/2244 2246/2246/2246
f 2244/2244/2244 2245/2245/2245 2246/2246/2246
f 2247/2247/2247 2245/2245/2245 2239/2239/2239
f 2245/2245/2245 2247/2247/2247 2248/2248/2248
f 2236/2236/2236 2249/2249/2249 2237/2237/2237
f 2249/2249/2249 2236/2236/2236 2246/2246/2246
f 2249/2249/2249 2250/2250/2250 2237/2237/2237
f 2250/2250/2250 2249/2249/2249 2246/2246/2246
f 2251/2251/2251 2241/2241/2241 2237/2237/2237
f 2250/2250/2250 2251/2251/2251 2237/2237/2237
f 2241/2241/2241 2251/2251/2251 2252/2252/2252
f 2251/2251/2251 2250/2250/2250 2252/2252/2252
f 2241/2241/2241 2253/2253/2253 2243/2243/2243
f 2253/2253/2253 2241/2241/2241 2252/2252/2252
f 2253/2253/2253 2254/2254/2254 2243/2243/2243
f 2254/2254/2254 2253/2253/2253 2252/2252/2252
f 2254/2254/2254 2255/2255/2255 2243/2243/2243
f 2255/2255/2255 2254/2254/2254 2256/2256/2256
f 2257/2257/2257 2245/2245/2245 2248/2248/2248
f 2258/2258/2258 2257/2257/2257 2248/2248/2248
f 2245/2245/2245 2257/2257/2257 2259/2259/2259
f 2257/2257/2257 2258/2258/2258 2259/2259/2259
f 2260/2260/2260 2258/2258/2258 2248/2248/2248
f 2258/2258/2258 2260/2260/2260 2261/2261/2261
f 2262/2262/2262 2258/2258/2258 2261/2261/2261
f 2258/2258/2258 2262/2262/2262 2263/2263/2263
f 2264/2264/2264 2258/2258/2258 2263/2263/2263
f 2258/2258/2258 2264/2264/2264 2259/2259/2259
f 2265/2265/2265 2264/2264/2264 2263/2263/2263
f 2264/2264/2264 2265/2265/2265 2259/2259/2259
f 2266/2266/2266 2265/2265/2265 2263/2263/2263
f 2265/2265/2265 2266/2266/2266 2267/2267/2267
f 2268/2268/2268 2245/2245/2245 2259/2259/2259
f 2269/2269/2269 2268/2268/2268 2259/2259/2259
f 2245/2245/2245 2268/2268/2268 2246/2246/2246
f 2268/2268/2268 2269/2269/2269 2246/2246/2246
f 2265/2265/2265 2270/2270/2270 2259/2259/2259
f 2270/2270/2270 2269/2269/2269 2259/2259/2259
f 2270/2270/2270 2265/2265/2265 2271/2271/2271
f 2269/2269/2269 2270/2270/2270 2271/2271/2271
f 2272/2272/2272 2265/2265/2265 2267/2267/2267
f 2265/2265/2265 2272/2272/2272 2271/2271/2271
f 2273/2273/2273 2272/2272/2272 2267/2267/2267
f 2272/2272/2272 2273/2273/2273 2271/2271/2271
f 2274/2274/2274 2273/2273/2273 2267/2267/2267
f 2273/2273/2273 2274/2274/2274 2275/2275/2275
f 2269/2269/2269 2276/2276/2276 2246/2246/2246
f 2276/2276/2276 2269/2269/2269 2277/2277/2277
f 2276/2276/2276 2250/2250/2250 2246/2246/2246
f 2250/2250/2250 2276/2276/2276 2277/2277/2277
f 2278/2278/2278 2269/2269/2269 2271/2271/2271
f 2269/2269/2269 2278/2278/2278 2277/2277/2277
f 2279/2279/2279 2278/2278/2278 2271/2271/2271
f 2278/2278/2278 2279/2279/2279 2277/2277/2277
f 2273/2273/2273 2280/2280/2280 2271/2271/2271
f 2280/2280/2280 2279/2279/2279 2271/2271/2271
f 2280/2280/2280 2273/2273/2273 2281/2281/2281
f 2279/2279/2279 2280/2280/2280 2281/2281/2281
f 2282/2282/2282 2273/2273/2273 2275/2275/2275
f 2273/2273/2273 2282/2282/2282 2281/2281/2281
f 2283/2283/2283 2282/2282/2282 2275/2275/2275
f 2282/2282/2282 2283/2283/2283 2281/2281/2281
f 2284/2284/2284 2283/2283/2283 2275/2275/2275
f 2283/2283/2283 2284/2284/2284 2285/2285/2285
f 2286/2286/2286 2250/2250/2250 2277/2277/2277
f 2287/2287/2287 2286/2286/2286 2277/2277/2277
f 2250/2250/2250 2286/2286/2286 2252/2252/2252
f 2286/2286/2286 2287/2287/2287 2252/2252/2252
f 2279/2279/2279 2288/2288/2288 2277/2277/2277
f 2288/2288/2288 2287/2287/2287 2277/2277/2277
f 2288/2288/2288 2279/2279/2279 2289/2289/2289
f 2287/2287/2287 2288/2288/2288 2289/2289/2289
f 2290/2290/2290 2279/2279/2279 2281/2281/2281
f 2279/2279/2279 2290/2290/2290 2289/2289/2289
f 2291/2291/2291 2290/2290/2290 2281/2281/2281
f 2290/2290/2290 2291/2291/2291 2289/2289/2289
f 2283/2283/2283 2292/2292/2292 2281/2281/2281
f 2292/2292/2292 2291/2291/2291 2281/2281/2281
f 2292/2292/2292 2283/2283/2283 2293/2293/2293
f 2291/2291/2291 2292/2292/2292 2293/2293/2293
f 2294/2294/2294 2283/2283/2283 2285/2285/2285
f 2283/2283/2283 2294/2294/2294 2293/2293/2293
f 2295/2295/2295 2294/2294/2294 2285/2285/2285
f 2294/2294/2294 2295/2295/2295 2293/2293/2293
f 2296/2296/2296 2295/2295/2295 2285/2285/2285
f 2295/2295/2295 2296/2296/2296 2297/2297/2297
f 2298/2298/2298 2295/2295/2295 2297/2297/2297
f 2299/2299/2299 2298/2298/2298 2297/2297/2297
f 2295/2295/2295 2298/2298/2298 2300/2300/2300
f 2298/2298/2298 2299/2299/2299 2300/2300/2300
f 2301/2301/2301 2299/2299/2299 2297/2297/2297
f 2299/2299/2299 2301/2301/2301 2302/2302/2302
f 2303/2303/2303 2299/2299/2299 2302/2302/2302
f 2299/2299/2299 2303/2303/2303 2304/2304/2304
f 2305/2305/2305 2299/2299/2299 2304/2304/2304
f 2299/2299/2299 2305/2305/2305 2300/2300/2300
f 2306/2306/2306 2305/2305/2305 2304/2304/2304
f 2305/2305/2305 2306/2306/2306 2300/2300/2300
f 2307/2307/2307 2306/2306/2306 2304/2304/2304
f 2306/2306/2306 2307/2307/2307 2308/2308/2308
f 2309/2309/2309 2295/2295/2295 2300/2300/2300
f 2310/2310/2310 2309/2309/2309 2300/2300/2300
f 2295/2295/2295 2309/2309/2309 2293/2293/2293
f 2309/2309/2309 2310/2310/2310 2293/2293/2293
f 2306/2306/2306 2311/2311/2311 2300/2300/2300
f 2311/2311/2311 2310/2310/2310 2300/2300/2300
f 2311/2311/2311 2306/2306/2306 2312/2312/2312
f 2310/2310/2310 2311/2311/2311 2312/2312/2312
f 2313/2313/2313 2306/2306/2306 2308/2308/2308
f 2306/2306/2306 2313/2313/2313 2312/2312/2312
f 2314/2314/2314 2313/2313/2313 2308/2308/2308
f 2313/2313/2313 2314/2314/2314 2312/2312/2312
f 2315/2315/2315 2314/2314/2314 2308/2308/2308
f 2314/2314/2314 2315/2315/2315 2256/2256/2256
f 2310/2310/2310 2316/2316/2316 2293/2293/2293
f 2316/2316/2316 2291/2291/2291 2293/2293/2293
f 2316/2316/2316 2310/2310/2310 2317/2317/2317
f 2291/2291/2291 2316/2316/2316 2317/2317/2317
f 2318/2318/2318 2310/2310/2310 2312/2312/2312
f 2310/2310/2310 2318/2318/2318 2317/2317/2317
f 2319/2319/2319 2318/2318/2318 2312/2312/2312
f 2318/2318/2318 2319/2319/2319 2317/2317/2317
f 2320/2320/2320 2291/2291/2291 2317/2317/2317
f 2319/2319/2319 2320/2320/2320 2317/2317/2317
f 2291/2291/2291 2320/2320/2320 2289/2289/2289
f 2320/2320/2320 2319/2319/2319 2289/2289/2289
f 2321/2321/2321 2314/2314/2314 2256/2256/2256
f 2314/2314/2314 2321/2321/2321 2322/2322/2322
f 2254/2254/2254 2321/2321/2321 2256/2256/2256
f 2321/2321/2321 2254/2254/2254 2322/2322/2322
f 2314/2314/2314 2323/2323/2323 2312/2312/2312
f 2323/2323/2323 2319/2319/2319 2312/2312/2312
f 2323/2323/2323 2314/2314/2314 2322/2322/2322
f 2319/2319/2319 2323/2323/2323 2322/2322/2322
f 2319/2319/2319 2324/2324/2324 2289/2289/2289
f 2324/2324/2324 2319/2319/2319 2322/2322/2322
f 2324/2324/2324 2287/2287/2287 2289/2289/2289
f 2287/2287/2287 2324/2324/2324 2322/2322/2322
f 2254/2254/2254 2325/2325/2325 2322/2322/2322
f 2325/2325/2325 2287/2287/2287 2322/2322/2322
f 2325/2325/2325 2254/2254/2254 2252/2252/2252
f 2287/2287/2287 2325/2325/2325 2252/2252/2252
f 2328/2328/2328 2327/2327/2327 2326/2326/2326
f 2329/2329/2329 2328/2328/2328 2326/2326/2326
f 2327/2327/2327 2328/2328/2328 2330/2330/2330
f 2328/2328/2328 2329/2329/2329 2331/2331/2331
f 2328/2328/2328 2332/2332/2332 2330/2330/2330
f 2332/2332/2332 2333/2333/2333 2330/2330/2330
f 2332/2332/2332 2328/2328/2328 2334/2334/2334
f 2333/2333/2333 2332/2332/2332 2334/2334/2334
f 2333/2333/2333 2335/2335/2335 2330/2330/2330
f 2335/2335/2335 2333/2333/2333 2336/2336/2336
f 2333/2333/2333 2337/2337/2337 2336/2336/2336
f 2337/2337/2337 2333/2333/2333 2338/2338/2338
f 2339/2339/2339 2328/2328/2328 2331/2331/2331
f 2328/2328/2328 2339/2339/2339 2334/2334/2334
f 2340/2340/2340 2339/2339/2339 2331/2331/2331
f 2339/2339/2339 2340/2340/2340 2334/2334/2334
f 2341/2341/2341 2340/2340/2340 2331/2331/2331
f 2340/2340/2340 2341/2341/2341 2342/2342/2342
f 2343/2343/2343 2340/2340/2340 2342/2342/2342
f 2340/2340/2340 2343/2343/2343 2344/2344/2344
f 2333/2333/2333 2345/2345/2345 2338/2338/2338
f 2345/2345/2345 2333/2333/2333 2334/2334/2334
f 2345/2345/2345 2346/2346/2346 2338/2338/2338
f 2346/2346/2346 2345/2345/2345 2334/2334/2334
f 2346/2346/2346 2347/2347/2347 2338/2338/2338
f 2347/2347/2347 2346/2346/2346 2348/2348/2348
f 2346/2346/2346 2349/2349/2349 2348/2348/2348
f 2349/2349/2349 2346/2346/2346 2344/2344/2344
f 2350/2350/2350 2340/2340/2340 2344/2344/2344
f 2340/2340/2340 2350/2350/2350 2334/2334/2334
f 2350/2350/2350 2346/2346/2346 2334/2334/2334
f 2346/2346/2346 2350/2350/2350 2344/2344/2344
f 2353/2353/2353 2352/2352/2352 2351/2351/2351
f 2354/2354/2354 2353/2353/2353 2351/2351/2351
f 2352/2352/2352 2353/2353/2353 2355/2355/2355
f 2353/2353/2353 2354/2354/2354 2356/2356/2356
f 2353/2353/2353 2357/2357/2357 2355/2355/2355
f 2357/2357/2357 2358/2358/2358 2355/2355/2355
f 2357/2357/2357 2353/2353/2353 2359/2359/2359
f 2358/2358/2358 2357/2357/2357 2359/2359/2359
f 2358/2358/2358 2360/2360/2360 2355/2355/2355
f 2360/2360/2360 2358/2358/2358 2361/2361/2361
f 2358/2358/2358 2362/2362/2362 2361/2361/2361
f 2362/2362/2362 2358/2358/2358 2363/2363/2363
f 2364/2364/2364 2353/2353/2353 2356/2356/2356
f 2353/2353/2353 2364/2364/2364 2359/2359/2359
f 2365/2365/2365 2364/2364/2364 2356/2356/2356
f 2364/2364/2364 2365/2365/2365 2359/2359/2359
f 2366/2366/2366 2365/2365/2365 2356/2356/2356
f 2365/2365/2365 2366/2366/2366 2367/2367/2367
f 2368/2368/2368 2365/2365/2365 2367/2367/2367
f 2365/2365/2365 2368/2368/2368 2369/2369/2369
f 2358/2358/2358 2370/2370/2370 2363/2363/2363
f 2370/2370/2370 2358/2358/2358 2359/2359/2359
f 2370/2370/2370 2371/2371/2371 2363/2363/2363
f 2371/2371/2371 2370/2370/2370 2359/2359/2359
f 2371/2371/2371 2372/2372/2372 2363/2363/2363
f 2372/2372/2372 2371/2371/2371 2373/2373/2373
f 2371/2371/2371 2374/2374/2374 2373/2373/2373
f 2374/2374/2374 2371/2371/2371 2369/2369/2369
f 2375/2375/2375 2365/2365/2365 2369/2369/2369
f 2365/2365/2365 2375/2375/2375 2359/2359/2359
f 2375/2375/2375 2371/2371/2371 2359/2359/2359
f 2371/2371/2371 2375/2375/2375 2369/2369/2369
f 2378/2378/2378 2377/2377/2377 2376/2376/2376
f 2379/2379/2379 2378/2378/2378 2376/2376/2376
f 2377/2377/2377 2378/2378/2378 2380/2380/2380
f 2378/2378/2378 2379/2379/2379 2381/2381/2381
f 2378/2378/2378 2382/2382/2382 2380/2380/2380
f 2382/2382/2382 2383/2383/2383 2380/2380/2380
f 2382/2382/2382 2378/2378/2378 2384/2384/2384
f 2383/2383/2383 2382/2382/2382 2384/2384/2384
f 2383/2383/2383 2385/2385/2385 2380/2380/2380
f 2385/2385/2385 2383/2383/2383 2386/2386/2386
f 2383/2383/2383 2387/2387/2387 2386/2386/2386
f 2387/2387/2387 2383/2383/2383 2388/2388/2388
f 2389/2389/2389 2378/2378/2378 2381/2381/2381
f 2378/2378/2378 2389/2389/2389 2384/2384/2384
f 2390/2390/2390 2389/2389/2389 2381/2381/2381
f 2389/2389/2389 2390/2390/2390 2384/2384/2384
f 2391/2391/2391 2390/2390/2390 2381/2381/2381
f 2390/2390/2390 2391/2391/2391 2392/2392/2392
f 2393/2393/2393 2390/2390/2390 2392/2392/2392
f 2390/2390/2390 2393/2393/2393 2394/2394/2394
f 2383/2383/2383 2395/2395/2395 2388/2388/2388
f 2395/2395/2395 2383/2383/2383 2384/2384/2384
f 2395/2395/2395 2396/2396/2396 2388/2388/2388
f 2396/2396/2396 2395/2395/2395 2384/2384/2384
f 2396/2396/2396 2397/2397/2397 2388/2388/2388
f 2397/2397/2397 2396/2396/2396 2398/2398/2398
f 2396/2396/2396 2399/2399/2399 2398/2398/2398
f 2399/2399/2399 2396/2396/2396 2394/2394/2394
f 2400/2400/2400 2390/2390/2390 2394/2394/2394
f 2390/2390/2390 2400/2400/2400 2384/2384/2384
f 2400/2400/2400 2396/2396/2396 2384/2384/2384
f 2396/2396/2396 2400/2400/2400 2394/2394/2394
f 2403/2403/2403 2402/2402/2402 2401/2401/2401
f 2404/2404/2404 2403/2403/2403 2401/2401/2401
f 2402/2402/2402 2403/2403/2403 2405/2405/2405
f 2403/2403/2403 2404/2404/2404 2406/2406/2406
f 2403/2403/2403 2407/2407/2407 2405/2405/2405
f 2407/2407/2407 2408/2408/2408 2405/2405/2405
f 2407/2407/2407 2403/2403/2403 2409/2409/2409
f 2408/2408/2408 2407/2407/2407 2409/2409/2409
f 2408/2408/2408 2410/2410/2410 2405/2405/2405
f 2410/2410/2410 2408/2408/2408 2411/2411/2411
f 2408/2408/2408 2412/2412/2412 2411/2411/2411
f 2412/2412/2412 2408/2408/2408 2413/2413/2413
f 2414/2414/2414 2403/2403/2403 2406/2406/2406
f 2403/2403/2403 2414/2414/2414 2409/2409/2409
f 2415/2415/2415 2414/2414/2414 2406/2406/2406
f 2414/2414/2414 2415/2415/2415 2409/2409/2409
f 2416/2416/2416 2415/2415/2415 2406/2406/2406
f 2415/2415/2415 2416/2416/2416 2417/2417/2417
f 2418/2418/2418 2415/2415/2415 2417/2417/2417
f 2415/2415/2415 2418/2418/2418 2419/2419/2419
f 2408/2408/2408 2420/2420/2420 2413/2413/2413
f 2420/2420/2420 2408/2408/2408 2409/2409/2409
f 2420/2420/2420 2421/2421/2421 2413/2413/2413
f 2421/2421/2421 2420/2420/2420 2409/2409/2409
f 2421/2421/2421 2422/2422/2422 2413/2413/2413
f 2422/2422/2422 2421/2421/2421 2423/2423/2423
f 2421/2421/2421 2424/2424/2424 2423/2423/2423
f 2424/2424/2424 2421/2421/2421 2419/2419/2419
f 2425/2425/2425 2415/2415/2415 2419/2419/2419
f 2415/2415/2415 2425/2425/2425 2409/2409/2409
f 2425/2425/2425 2421/2421/2421 2409/2409/2409
f 2421/2421/2421 2425/2425/2425 2419/2419/2419
g S_Cat_1
f 2428/2428/2428 2427/2427/2427 2426/2426/2426
f 2427/2427/2427 2429/2429/2429 2426/2426/2426
f 2429/2429/2429 2427/2427/2427 2430/2430/2430
f 2431/2431/2431 2429/2429/2429 2430/2430/2430
f 2432/2432/2432 2431/2431/2431 2430/2430/2430
f 2433/2433/2433 2432/2432/2432 2430/2430/2430
f 2432/2432/2432 2433/2433/2433 2434/2434/2434
f 2433/2433/2433 2435/2435/2435 2434/2434/2434
f 2435/2435/2435 2436/2436/2436 2434/2434/2434
f 2436/2436/2436 2437/2437/2437 2434/2434/2434
f 2437/2437/2437 2436/2436/2436 2438/2438/2438
f 2436/2436/2436 2439/2439/2439 2438/2438/2438
f 2439/2439/2439 2440/2440/2440 2438/2438/2438
f 2440/2440/2440 2441/2441/2441 2438/2438/2438
f 2441/2441/2441 2440/2440/2440 2442/2442/2442
f 2440/2440/2440 2443/2443/2443 2442/2442/2442
f 2446/2446/2446 2445/2445/2445 2444/2444/2444
f 2447/2447/2447 2446/2446/2446 2444/2444/2444
f 2446/2446/2446 2447/2447/2447 2448/2448/2448
f 2447/2447/2447 2449/2449/2449 2448/2448/2448
f 2449/2449/2449 2450/2450/2450 2448/2448/2448
f 2450/2450/2450 2451/2451/2451 2448/2448/2448
f 2451/2451/2451 2450/2450/2450 2452/2452/2452
f 2453/2453/2453 2451/2451/2451 2452/2452/2452
f 2454/2454/2454 2453/2453/2453 2452/2452/2452
f 2455/2455/2455 2454/2454/2454 2452/2452/2452
f 2454/2454/2454 2455/2455/2455 2456/2456/2456
f 2457/2457/2457 2454/2454/2454 2456/2456/2456
f 2456/2456/2456 2458/2458/2458 2457/2457/2457
f 2458/2458/2458 2459/2459/2459 2457/2457/2457
f 2459/2459/2459 2458/2458/2458 2460/2460/2460
f 2458/2458/2458 2461/2461/2461 2460/2460/2460
f 2464/2464/2464 2463/2463/2463 2462/2462/2462
f 2463/2463/2463 2465/2465/2465 2462/2462/2462
f 2465/2465/2465 2466/2466/2466 2462/2462/2462
f 2466/2466/2466 2467/2467/2467 2462/2462/2462
f 2465/2465/2465 2463/2463/2463 2468/2468/2468
f 2467/2467/2467 2466/2466/2466 2469/2469/2469
f 2470/2470/2470 2465/2465/2465 2468/2468/2468
f 2466/2466/2466 2465/2465/2465 2470/2470/2470
f 2468/2468/2468 2471/2471/2471 2470/2470/2470
f 2471/2471/2471 2472/2472/2472 2470/2470/2470
f 2472/2472/2472 2466/2466/2466 2470/2470/2470
f 2472/2472/2472 2471/2471/2471 2473/2473/2473
f 2466/2466/2466 2472/2472/2472 2473/2473/2473
f 2471/2471/2471 2474/2474/2474 2473/2473/2473
f 2474/2474/2474 2475/2475/2475 2473/2473/2473
f 2466/2466/2466 2476/2476/2476 2469/2469/2469
f 2476/2476/2476 2466/2466/2466 2473/2473/2473
f 2476/2476/2476 2477/2477/2477 2469/2469/2469
f 2477/2477/2477 2476/2476/2476 2473/2473/2473
f 2477/2477/2477 2478/2478/2478 2469/2469/2469
f 2478/2478/2478 2477/2477/2477 2479/2479/2479
f 2475/2475/2475 2480/2480/2480 2473/2473/2473
f 2480/2480/2480 2477/2477/2477 2473/2473/2473
f 2480/2480/2480 2475/2475/2475 2481/2481/2481
f 2477/2477/2477 2482/2482/2482 2479/2479/2479
f 2479/2479/2479 2482/2482/2482 2483/2483/2483
f 2482/2482/2482 2484/2484/2484 2483/2483/2483
f 2484/2484/2484 2482/2482/2482 2481/2481/2481
f 2477/2477/2477 2480/2480/2480 2485/2485/2485
f 2485/2485/2485 2480/2480/2480 2481/2481/2481
f 2482/2482/2482 2477/2477/2477 2485/2485/2485
f 2482/2482/2482 2485/2485/2485 2481/2481/2481
f 2488/2488/2488 2487/2487/2487 2486/2486/2486
f 2489/2489/2489 2488/2488/2488 2486/2486/2486
f 2490/2490/2490 2489/2489/2489 2486/2486/2486
f 2491/2491/2491 2490/2490/2490 2486/2486/2486
f 2490/2490/2490 2491/2491/2491 2492/2492/2492
f 2488/2488/2488 2489/2489/2489 2493/2493/2493
f 2489/2489/2489 2490/2490/2490 2493/2493/2493
f 2494/2494/2494 2488/2488/2488 2493/2493/2493
f 2493/2493/2493 2495/2495/2495 2494/2494/2494
f 2490/2490/2490 2495/2495/2495 2493/2493/2493
f 2495/2495/2495 2496/2496/2496 2494/2494/2494
f 2496/2496/2496 2495/2495/2495 2497/2497/2497
f 2495/2495/2495 2498/2498/2498 2497/2497/2497
f 2495/2495/2495 2490/2490/2490 2498/2498/2498
f 2499/2499/2499 2497/2497/2497 2498/2498/2498
f 2500/2500/2500 2490/2490/2490 2492/2492/2492
f 2490/2490/2490 2500/2500/2500 2498/2498/2498
f 2501/2501/2501 2500/2500/2500 2492/2492/2492
f 2500/2500/2500 2501/2501/2501 2498/2498/2498
f 2502/2502/2502 2501/2501/2501 2492/2492/2492
f 2501/2501/2501 2502/2502/2502 2503/2503/2503
f 2504/2504/2504 2499/2499/2499 2498/2498/2498
f 2501/2501/2501 2504/2504/2504 2498/2498/2498
f 2499/2499/2499 2504/2504/2504 2505/2505/2505
f 2504/2504/2504 2501/2501/2501 2505/2505/2505
f 2506/2506/2506 2499/2499/2499 2505/2505/2505
f 2507/2507/2507 2506/2506/2506 2505/2505/2505
f 2508/2508/2508 2501/2501/2501 2503/2503/2503
f 2501/2501/2501 2508/2508/2508 2505/2505/2505
f 2508/2508/2508 2507/2507/2507 2505/2505/2505
f 2508/2508/2508 2503/2503/2503 2509/2509/2509
f 2507/2507/2507 2508/2508/2508 2509/2509/2509
g S_Cat_2
f 2512/2512/2512 2511/2511/2511 2510/2510/2510
f 2515/2515/2515 2514/2514/2514 2513/2513/2513
f 2513/2513/2513 2516/2516/2516 2515/2515/2515
f 2513/2513/2513 2517/2517/2517 2516/2516/2516
f 2513/2513/2513 2518/2518/2518 2517/2517/2517
f 2518/2518/2518 2513/2513/2513 2519/2519/2519
f 2513/2513/2513 2520/2520/2520 2519/2519/2519
f 2519/2519/2519 2520/2520/2520 2521/2521/2521
f 2521/2521/2521 2522/2522/2522 2519/2519/2519
f 2522/2522/2522 2523/2523/2523 2519/2519/2519
f 2523/2523/2523 2524/2524/2524 2519/2519/2519
f 2524/2524/2524 2525/2525/2525 2519/2519/2519
f 2519/2519/2519 2525/2525/2525 2518/2518/2518
f 2525/2525/2525 2524/2524/2524 2526/2526/2526
f 2518/2518/2518 2527/2527/2527 2517/2517/2517
f 2525/2525/2525 2527/2527/2527 2518/2518/2518
f 2527/2527/2527 2528/2528/2528 2517/2517/2517
f 2527/2527/2527 2529/2529/2529 2528/2528/2528
f 2527/2527/2527 2525/2525/2525 2529/2529/2529
f 2529/2529/2529 2530/2530/2530 2528/2528/2528
f 2531/2531/2531 2525/2525/2525 2526/2526/2526
f 2525/2525/2525 2531/2531/2531 2529/2529/2529
f 2529/2529/2529 2532/2532/2532 2530/2530/2530
f 2529/2529/2529 2531/2531/2531 2532/2532/2532
f 2532/2532/2532 2533/2533/2533 2530/2530/2530
f 2531/2531/2531 2526/2526/2526 2534/2534/2534
f 2531/2531/2531 2534/2534/2534 2532/2532/2532
f 2526/2526/2526 2535/2535/2535 2534/2534/2534
f 2534/2534/2534 2535/2535/2535 2536/2536/2536
f 2532/2532/2532 2537/2537/2537 2533/2533/2533
f 2537/2537/2537 2538/2538/2538 2533/2533/2533
f 2538/2538/2538 2537/2537/2537 2539/2539/2539
f 2534/2534/2534 2540/2540/2540 2532/2532/2532
f 2540/2540/2540 2534/2534/2534 2536/2536/2536
f 2540/2540/2540 2537/2537/2537 2532/2532/2532
f 2540/2540/2540 2536/2536/2536 2541/2541/2541
f 2540/2540/2540 2541/2541/2541 2537/2537/2537
f 2536/2536/2536 2542/2542/2542 2541/2541/2541
f 2541/2541/2541 2542/2542/2542 2543/2543/2543
f 2537/2537/2537 2544/2544/2544 2539/2539/2539
f 2541/2541/2541 2544/2544/2544 2537/2537/2537
f 2539/2539/2539 2544/2544/2544 2545/2545/2545
f 2546/2546/2546 2541/2541/2541 2543/2543/2543
f 2546/2546/2546 2543/2543/2543 2547/2547/2547
f 2544/2544/2544 2541/2541/2541 2548/2548/2548
f 2544/2544/2544 2548/2548/2548 2545/2545/2545
f 2541/2541/2541 2546/2546/2546 2548/2548/2548
f 2545/2545/2545 2548/2548/2548 2549/2549/2549
f 2549/2549/2549 2548/2548/2548 2546/2546/2546
f 2550/2550/2550 2545/2545/2545 2549/2549/2549
f 2549/2549/2549 2551/2551/2551 2550/2550/2550
f 2552/2552/2552 2549/2549/2549 2546/2546/2546
f 2547/2547/2547 2552/2552/2552 2546/2546/2546
f 2547/2547/2547 2553/2553/2553 2552/2552/2552
f 1725/1725/1725 2554/2554/2554 1726/1726/1726
f 2554/2554/2554 2555/2555/2555 1726/1726/1726
f 2556/2556/2556 2555/2555/2555 2554/2554/2554
f 2557/2557/2557 2556/2556/2556 2554/2554/2554
f 1726/1726/1726 2555/2555/2555 1729/1729/1729
f 2557/2557/2557 2558/2558/2558 2556/2556/2556
f 2555/2555/2555 2559/2559/2559 1729/1729/1729
f 2555/2555/2555 2556/2556/2556 2559/2559/2559
f 1729/1729/1729 2559/2559/2559 2560/2560/2560
f 1730/1730/1730 1729/1729/1729 2560/2560/2560
f 1730/1730/1730 2560/2560/2560 2561/2561/2561
f 1732/1732/1732 1730/1730/1730 2561/2561/2561
f 1732/1732/1732 2561/2561/2561 2562/2562/2562
f 1737/1737/1737 1732/1732/1732 2562/2562/2562
f 2563/2563/2563 2561/2561/2561 2560/2560/2560
f 2562/2562/2562 2561/2561/2561 2563/2563/2563
f 1737/1737/1737 2562/2562/2562 2564/2564/2564
f 2564/2564/2564 2562/2562/2562 2565/2565/2565
f 1742/1742/1742 1737/1737/1737 2564/2564/2564
f 1742/1742/1742 2564/2564/2564 2566/2566/2566
f 2566/2566/2566 2564/2564/2564 2565/2565/2565
f 1747/1747/1747 1742/1742/1742 2566/2566/2566
f 2565/2565/2565 2567/2567/2567 2566/2566/2566
f 2565/2565/2565 2568/2568/2568 2567/2567/2567
f 2567/2567/2567 2568/2568/2568 2569/2569/2569
f 2569/2569/2569 2568/2568/2568 2570/2570/2570
f 2568/2568/2568 2571/2571/2571 2570/2570/2570
f 2568/2568/2568 2565/2565/2565 2571/2571/2571
f 2572/2572/2572 2570/2570/2570 2571/2571/2571
f 2573/2573/2573 2572/2572/2572 2571/2571/2571
f 2573/2573/2573 2574/2574/2574 2572/2572/2572
f 2565/2565/2565 2575/2575/2575 2571/2571/2571
f 2573/2573/2573 2571/2571/2571 2575/2575/2575
f 2574/2574/2574 2573/2573/2573 2576/2576/2576
f 2576/2576/2576 2573/2573/2573 2575/2575/2575
f 2576/2576/2576 2577/2577/2577 2574/2574/2574
f 2565/2565/2565 2578/2578/2578 2575/2575/2575
f 2562/2562/2562 2578/2578/2578 2565/2565/2565
f 2579/2579/2579 2578/2578/2578 2562/2562/2562
f 2563/2563/2563 2579/2579/2579 2562/2562/2562
f 2578/2578/2578 2580/2580/2580 2575/2575/2575
f 2578/2578/2578 2579/2579/2579 2580/2580/2580
f 2581/2581/2581 2576/2576/2576 2575/2575/2575
f 2580/2580/2580 2581/2581/2581 2575/2575/2575
f 2579/2579/2579 2582/2582/2582 2580/2580/2580
f 2581/2581/2581 2580/2580/2580 2582/2582/2582
f 2576/2576/2576 2581/2581/2581 2583/2583/2583
f 2576/2576/2576 2583/2583/2583 2577/2577/2577
f 2583/2583/2583 2581/2581/2581 2582/2582/2582
f 2563/2563/2563 2584/2584/2584 2579/2579/2579
f 2579/2579/2579 2584/2584/2584 2582/2582/2582
f 2585/2585/2585 2584/2584/2584 2563/2563/2563
f 2585/2585/2585 2563/2563/2563 2560/2560/2560
f 2584/2584/2584 2586/2586/2586 2582/2582/2582
f 2582/2582/2582 2586/2586/2586 2583/2583/2583
f 2584/2584/2584 2585/2585/2585 2586/2586/2586
f 2560/2560/2560 2587/2587/2587 2585/2585/2585
f 2560/2560/2560 2559/2559/2559 2587/2587/2587
f 2585/2585/2585 2588/2588/2588 2586/2586/2586
f 2585/2585/2585 2587/2587/2587 2588/2588/2588
f 2586/2586/2586 2589/2589/2589 2583/2583/2583
f 2586/2586/2586 2588/2588/2588 2589/2589/2589
f 2583/2583/2583 2590/2590/2590 2577/2577/2577
f 2589/2589/2589 2590/2590/2590 2583/2583/2583
f 2559/2559/2559 2591/2591/2591 2587/2587/2587
f 2556/2556/2556 2591/2591/2591 2559/2559/2559
f 2587/2587/2587 2591/2591/2591 2592/2592/2592
f 2587/2587/2587 2592/2592/2592 2588/2588/2588
f 2588/2588/2588 2593/2593/2593 2589/2589/2589
f 2593/2593/2593 2590/2590/2590 2589/2589/2589
f 2594/2594/2594 2593/2593/2593 2588/2588/2588
f 2592/2592/2592 2594/2594/2594 2588/2588/2588
f 2590/2590/2590 2593/2593/2593 2594/2594/2594
f 2591/2591/2591 2595/2595/2595 2592/2592/2592
f 2591/2591/2591 2556/2556/2556 2595/2595/2595
f 2594/2594/2594 2592/2592/2592 2595/2595/2595
f 2590/2590/2590 2596/2596/2596 2577/2577/2577
f 2577/2577/2577 2596/2596/2596 2558/2558/2558
f 2558/2558/2558 2597/2597/2597 2556/2556/2556
f 2556/2556/2556 2597/2597/2597 2595/2595/2595
f 2596/2596/2596 2597/2597/2597 2558/2558/2558
f 2594/2594/2594 2598/2598/2598 2590/2590/2590
f 2598/2598/2598 2594/2594/2594 2595/2595/2595
f 2598/2598/2598 2595/2595/2595 2597/2597/2597
f 2598/2598/2598 2596/2596/2596 2590/2590/2590
f 2596/2596/2596 2598/2598/2598 2597/2597/2597
f 2601/2601/2601 2600/2600/2600 2599/2599/2599
f 2601/2601/2601 2599/2599/2599 2602/2602/2602
f 2602/2602/2602 2599/2599/2599 2603/2603/2603
f 2603/2603/2603 2599/2599/2599 2604/2604/2604
f 2599/2599/2599 2605/2605/2605 2604/2604/2604
f 2601/2601/2601 2602/2602/2602 2606/2606/2606
f 2606/2606/2606 2607/2607/2607 2601/2601/2601
f 2608/2608/2608 2601/2601/2601 2607/2607/2607
f 2608/2608/2608 2607/2607/2607 2609/2609/2609
f 2606/2606/2606 2602/2602/2602 2610/2610/2610
f 2607/2607/2607 2606/2606/2606 2610/2610/2610
f 2607/2607/2607 2611/2611/2611 2609/2609/2609
f 2611/2611/2611 2607/2607/2607 2610/2610/2610
f 2612/2612/2612 2609/2609/2609 2611/2611/2611
f 2613/2613/2613 2612/2612/2612 2611/2611/2611
f 2613/2613/2613 2611/2611/2611 2610/2610/2610
f 2614/2614/2614 2612/2612/2612 2613/2613/2613
f 2602/2602/2602 2615/2615/2615 2610/2610/2610
f 2615/2615/2615 2602/2602/2602 2603/2603/2603
f 2616/2616/2616 2613/2613/2613 2610/2610/2610
f 2616/2616/2616 2610/2610/2610 2615/2615/2615
f 2614/2614/2614 2613/2613/2613 2617/2617/2617
f 2613/2613/2613 2616/2616/2616 2617/2617/2617
f 2617/2617/2617 2618/2618/2618 2614/2614/2614
f 1713/1713/1713 2618/2618/2618 2617/2617/2617
f 1707/1707/1707 1713/1713/1713 2617/2617/2617
f 1707/1707/1707 2617/2617/2617 2619/2619/2619
f 2617/2617/2617 2616/2616/2616 2619/2619/2619
f 1702/1702/1702 1707/1707/1707 2619/2619/2619
f 2620/2620/2620 2616/2616/2616 2615/2615/2615
f 2616/2616/2616 2620/2620/2620 2619/2619/2619
f 2620/2620/2620 2615/2615/2615 2603/2603/2603
f 1702/1702/1702 2619/2619/2619 2621/2621/2621
f 2621/2621/2621 2619/2619/2619 2620/2620/2620
f 1697/1697/1697 1702/1702/1702 2621/2621/2621
f 2622/2622/2622 2620/2620/2620 2603/2603/2603
f 2620/2620/2620 2622/2622/2622 2621/2621/2621
f 1697/1697/1697 2621/2621/2621 2623/2623/2623
f 1692/1692/1692 1697/1697/1697 2623/2623/2623
f 2622/2622/2622 2603/2603/2603 2624/2624/2624
f 2624/2624/2624 2603/2603/2603 2604/2604/2604
f 2622/2622/2622 2625/2625/2625 2621/2621/2621
f 2623/2623/2623 2621/2621/2621 2625/2625/2625
f 1692/1692/1692 2623/2623/2623 2626/2626/2626
f 1685/1685/1685 1692/1692/1692 2626/2626/2626
f 2626/2626/2626 2627/2627/2627 1685/1685/1685
f 2627/2627/2627 1674/1674/1674 1685/1685/1685
f 1674/1674/1674 2627/2627/2627 1671/1671/1671
f 2626/2626/2626 2623/2623/2623 2628/2628/2628
f 2626/2626/2626 2628/2628/2628 2627/2627/2627
f 2624/2624/2624 2604/2604/2604 2629/2629/2629
f 2604/2604/2604 2605/2605/2605 2629/2629/2629
f 2630/2630/2630 2622/2622/2622 2624/2624/2624
f 2622/2622/2622 2630/2630/2630 2625/2625/2625
f 2631/2631/2631 2623/2623/2623 2625/2625/2625
f 2623/2623/2623 2631/2631/2631 2628/2628/2628
f 2632/2632/2632 2624/2624/2624 2629/2629/2629
f 2630/2630/2630 2624/2624/2624 2632/2632/2632
f 2625/2625/2625 2630/2630/2630 2633/2633/2633
f 2625/2625/2625 2633/2633/2633 2631/2631/2631
f 2633/2633/2633 2630/2630/2630 2632/2632/2632
f 2634/2634/2634 2629/2629/2629 2605/2605/2605
f 2629/2629/2629 2634/2634/2634 2632/2632/2632
f 2605/2605/2605 2635/2635/2635 2634/2634/2634
f 2636/2636/2636 2635/2635/2635 2605/2605/2605
f 2635/2635/2635 2636/2636/2636 2637/2637/2637
f 2633/2633/2633 2632/2632/2632 2638/2638/2638
f 2631/2631/2631 2633/2633/2633 2638/2638/2638
f 2634/2634/2634 2638/2638/2638 2632/2632/2632
f 2631/2631/2631 2638/2638/2638 2639/2639/2639
f 2638/2638/2638 2634/2634/2634 2639/2639/2639
f 2628/2628/2628 2631/2631/2631 2639/2639/2639
f 2628/2628/2628 2639/2639/2639 2640/2640/2640
f 2634/2634/2634 2641/2641/2641 2639/2639/2639
f 2635/2635/2635 2641/2641/2641 2634/2634/2634
f 2639/2639/2639 2641/2641/2641 2640/2640/2640
f 2635/2635/2635 2642/2642/2642 2641/2641/2641
f 2641/2641/2641 2642/2642/2642 2640/2640/2640
f 2642/2642/2642 2635/2635/2635 2640/2640/2640
f 2643/2643/2643 2635/2635/2635 2637/2637/2637
f 2635/2635/2635 2643/2643/2643 2640/2640/2640
f 2644/2644/2644 2643/2643/2643 2637/2637/2637
f 2640/2640/2640 2643/2643/2643 2644/2644/2644
f 2645/2645/2645 2644/2644/2644 2637/2637/2637
f 2644/2644/2644 2645/2645/2645 2646/2646/2646
f 2647/2647/2647 2628/2628/2628 2640/2640/2640
f 2647/2647/2647 2640/2640/2640 2644/2644/2644
f 2628/2628/2628 2647/2647/2647 2627/2627/2627
f 2647/2647/2647 2644/2644/2644 2627/2627/2627
f 2648/2648/2648 2644/2644/2644 2646/2646/2646
f 2644/2644/2644 2648/2648/2648 2627/2627/2627
f 2648/2648/2648 2646/2646/2646 1670/1670/1670
f 2627/2627/2627 2648/2648/2648 1671/1671/1671
f 1671/1671/1671 2648/2648/2648 1670/1670/1670
f 2651/2651/2651 2650/2650/2650 2649/2649/2649
f 2652/2652/2652 2650/2650/2650 2651/2651/2651
f 2651/2651/2651 2653/2653/2653 2652/2652/2652
f 2654/2654/2654 2652/2652/2652 2653/2653/2653
f 2655/2655/2655 2652/2652/2652 2654/2654/2654
f 2652/2652/2652 2655/2655/2655 2656/2656/2656
f 2656/2656/2656 2657/2657/2657 2652/2652/2652
f 2652/2652/2652 2658/2658/2658 2650/2650/2650
f 2657/2657/2657 2658/2658/2658 2652/2652/2652
f 2658/2658/2658 2659/2659/2659 2650/2650/2650
f 2658/2658/2658 2657/2657/2657 1828/1828/1828
f 2659/2659/2659 2658/2658/2658 1832/1832/1832
f 1830/1830/1830 2658/2658/2658 1828/1828/1828
f 2658/2658/2658 1830/1830/1830 1832/1832/1832
f 2662/2662/2662 2661/2661/2661 2660/2660/2660
f 2663/2663/2663 2662/2662/2662 2660/2660/2660
f 2662/2662/2662 2663/2663/2663 2664/2664/2664
f 2665/2665/2665 2663/2663/2663 2660/2660/2660
f 2666/2666/2666 2665/2665/2665 2660/2660/2660
f 2665/2665/2665 2666/2666/2666 2667/2667/2667
f 2663/2663/2663 2668/2668/2668 2664/2664/2664
f 2663/2663/2663 2665/2665/2665 2668/2668/2668
f 2669/2669/2669 2664/2664/2664 2668/2668/2668
f 2670/2670/2670 2665/2665/2665 2667/2667/2667
f 2670/2670/2670 2667/2667/2667 2671/2671/2671
f 2672/2672/2672 2669/2669/2669 2668/2668/2668
f 2669/2669/2669 2672/2672/2672 2673/2673/2673
f 2665/2665/2665 2674/2674/2674 2668/2668/2668
f 2665/2665/2665 2670/2670/2670 2674/2674/2674
f 2675/2675/2675 2672/2672/2672 2668/2668/2668
f 2674/2674/2674 2675/2675/2675 2668/2668/2668
f 2672/2672/2672 2675/2675/2675 2673/2673/2673
f 2676/2676/2676 2670/2670/2670 2671/2671/2671
f 2676/2676/2676 2671/2671/2671 2677/2677/2677
f 2670/2670/2670 2678/2678/2678 2674/2674/2674
f 2675/2675/2675 2674/2674/2674 2678/2678/2678
f 2670/2670/2670 2676/2676/2676 2678/2678/2678
f 2675/2675/2675 2679/2679/2679 2673/2673/2673
f 2679/2679/2679 2680/2680/2680 2673/2673/2673
f 2680/2680/2680 2681/2681/2681 2673/2673/2673
f 2681/2681/2681 2680/2680/2680 1821/1821/1821
f 2680/2680/2680 1822/1822/1822 1821/1821/1821
f 1822/1822/1822 2680/2680/2680 1815/1815/1815
f 2682/2682/2682 2675/2675/2675 2678/2678/2678
f 2675/2675/2675 2682/2682/2682 2679/2679/2679
f 2682/2682/2682 2678/2678/2678 2683/2683/2683
f 2676/2676/2676 2683/2683/2683 2678/2678/2678
f 2683/2683/2683 2676/2676/2676 2684/2684/2684
f 2685/2685/2685 2682/2682/2682 2683/2683/2683
f 2682/2682/2682 2685/2685/2685 2679/2679/2679
f 2685/2685/2685 2683/2683/2683 2684/2684/2684
f 2680/2680/2680 2679/2679/2679 2686/2686/2686
f 2679/2679/2679 2685/2685/2685 2686/2686/2686
f 2680/2680/2680 2687/2687/2687 1815/1815/1815
f 2687/2687/2687 2680/2680/2680 2686/2686/2686
f 2687/2687/2687 2688/2688/2688 1815/1815/1815
f 2688/2688/2688 2687/2687/2687 2686/2686/2686
f 2688/2688/2688 1814/1814/1814 1815/1815/1815
f 1814/1814/1814 2688/2688/2688 1807/1807/1807
f 2685/2685/2685 2689/2689/2689 2686/2686/2686
f 2689/2689/2689 2685/2685/2685 2684/2684/2684
f 2689/2689/2689 2688/2688/2688 2686/2686/2686
f 2688/2688/2688 2689/2689/2689 2684/2684/2684
f 2688/2688/2688 2690/2690/2690 1807/1807/1807
f 2690/2690/2690 2688/2688/2688 2684/2684/2684
f 2690/2690/2690 2691/2691/2691 1807/1807/1807
f 2691/2691/2691 2690/2690/2690 2684/2684/2684
f 2691/2691/2691 1806/1806/1806 1807/1807/1807
f 1806/1806/1806 2691/2691/2691 1805/1805/1805
f 2691/2691/2691 2692/2692/2692 1805/1805/1805
f 2692/2692/2692 2691/2691/2691 2677/2677/2677
f 2693/2693/2693 2691/2691/2691 2684/2684/2684
f 2691/2691/2691 2693/2693/2693 2677/2677/2677
f 2676/2676/2676 2693/2693/2693 2684/2684/2684
f 2693/2693/2693 2676/2676/2676 2677/2677/2677
f 2696/2696/2696 2695/2695/2695 2694/2694/2694
f 2697/2697/2697 2694/2694/2694 2695/2695/2695
f 2695/2695/2695 2698/2698/2698 2697/2697/2697
f 2697/2697/2697 2698/2698/2698 2699/2699/2699
f 2699/2699/2699 2698/2698/2698 2700/2700/2700
f 2701/2701/2701 2700/2700/2700 2698/2698/2698
f 2695/2695/2695 2702/2702/2702 2698/2698/2698
f 2698/2698/2698 2703/2703/2703 2701/2701/2701
f 2702/2702/2702 2704/2704/2704 2698/2698/2698
f 2698/2698/2698 2704/2704/2704 2703/2703/2703
f 2704/2704/2704 2702/2702/2702 1833/1833/1833
f 2703/2703/2703 2704/2704/2704 1838/1838/1838
f 1836/1836/1836 2704/2704/2704 1833/1833/1833
f 2704/2704/2704 1836/1836/1836 1838/1838/1838
f 2707/2707/2707 2706/2706/2706 2705/2705/2705
f 2706/2706/2706 2707/2707/2707 2708/2708/2708
f 2706/2706/2706 2709/2709/2709 2705/2705/2705
f 2710/2710/2710 2705/2705/2705 2709/2709/2709
f 2711/2711/2711 2706/2706/2706 2708/2708/2708
f 2706/2706/2706 2711/2711/2711 2709/2709/2709
f 2712/2712/2712 2710/2710/2710 2709/2709/2709
f 2710/2710/2710 2712/2712/2712 2713/2713/2713
f 2712/2712/2712 2714/2714/2714 2713/2713/2713
f 2712/2712/2712 2715/2715/2715 2714/2714/2714
f 2715/2715/2715 2712/2712/2712 2709/2709/2709
f 2715/2715/2715 2716/2716/2716 2714/2714/2714
f 2711/2711/2711 2717/2717/2717 2709/2709/2709
f 2717/2717/2717 2715/2715/2715 2709/2709/2709
f 2715/2715/2715 2718/2718/2718 2716/2716/2716
f 2718/2718/2718 2719/2719/2719 2716/2716/2716
f 2715/2715/2715 2717/2717/2717 2720/2720/2720
f 2718/2718/2718 2715/2715/2715 2720/2720/2720
f 2711/2711/2711 2721/2721/2721 2717/2717/2717
f 2721/2721/2721 2720/2720/2720 2717/2717/2717
f 2722/2722/2722 2711/2711/2711 2708/2708/2708
f 2721/2721/2721 2711/2711/2711 2722/2722/2722
f 2723/2723/2723 2722/2722/2722 2708/2708/2708
f 2724/2724/2724 2723/2723/2723 2708/2708/2708
f 2723/2723/2723 2724/2724/2724 1792/1792/1792
f 1791/1791/1791 2723/2723/2723 1792/1792/1792
f 2723/2723/2723 1791/1791/1791 1786/1786/1786
f 2718/2718/2718 2725/2725/2725 2719/2719/2719
f 2725/2725/2725 2726/2726/2726 2719/2719/2719
f 2726/2726/2726 2725/2725/2725 2727/2727/2727
f 2718/2718/2718 2720/2720/2720 2728/2728/2728
f 2725/2725/2725 2718/2718/2718 2728/2728/2728
f 2725/2725/2725 2728/2728/2728 2729/2729/2729
f 2721/2721/2721 2730/2730/2730 2720/2720/2720
f 2730/2730/2730 2728/2728/2728 2720/2720/2720
f 2728/2728/2728 2730/2730/2730 2729/2729/2729
f 2730/2730/2730 2721/2721/2721 2722/2722/2722
f 2722/2722/2722 2723/2723/2723 2731/2731/2731
f 2730/2730/2730 2722/2722/2722 2731/2731/2731
f 2732/2732/2732 2723/2723/2723 1786/1786/1786
f 2723/2723/2723 2732/2732/2732 2731/2731/2731
f 2733/2733/2733 2732/2732/2732 1786/1786/1786
f 2732/2732/2732 2733/2733/2733 2731/2731/2731
f 1785/1785/1785 2733/2733/2733 1786/1786/1786
f 2733/2733/2733 1785/1785/1785 1782/1782/1782
f 2734/2734/2734 2730/2730/2730 2731/2731/2731
f 2730/2730/2730 2734/2734/2734 2729/2729/2729
f 2733/2733/2733 2734/2734/2734 2731/2731/2731
f 2734/2734/2734 2733/2733/2733 2729/2729/2729
f 2735/2735/2735 2733/2733/2733 1782/1782/1782
f 2733/2733/2733 2735/2735/2735 2729/2729/2729
f 2736/2736/2736 2735/2735/2735 1782/1782/1782
f 2735/2735/2735 2736/2736/2736 2729/2729/2729
f 1781/1781/1781 2736/2736/2736 1782/1782/1782
f 2736/2736/2736 1781/1781/1781 1780/1780/1780
f 2737/2737/2737 2736/2736/2736 1780/1780/1780
f 2736/2736/2736 2737/2737/2737 2727/2727/2727
f 2736/2736/2736 2738/2738/2738 2729/2729/2729
f 2738/2738/2738 2736/2736/2736 2727/2727/2727
f 2738/2738/2738 2725/2725/2725 2729/2729/2729
f 2725/2725/2725 2738/2738/2738 2727/2727/2727
f 2741/2741/2741 2740/2740/2740 2739/2739/2739
f 2742/2742/2742 2741/2741/2741 2739/2739/2739
f 2740/2740/2740 2743/2743/2743 2739/2739/2739
f 2739/2739/2739 2744/2744/2744 2742/2742/2742
f 2744/2744/2744 2745/2745/2745 2742/2742/2742
f 2743/2743/2743 2746/2746/2746 2739/2739/2739
f 2744/2744/2744 2739/2739/2739 2746/2746/2746
f 2746/2746/2746 2743/2743/2743 2747/2747/2747
f 2748/2748/2748 2746/2746/2746 2747/2747/2747
f 2748/2748/2748 2749/2749/2749 2746/2746/2746
f 2749/2749/2749 2750/2750/2750 2746/2746/2746
f 2750/2750/2750 2744/2744/2744 2746/2746/2746
f 2749/2749/2749 2751/2751/2751 2750/2750/2750
f 2751/2751/2751 2752/2752/2752 2750/2750/2750
f 2744/2744/2744 2750/2750/2750 2752/2752/2752
f 2751/2751/2751 2753/2753/2753 2752/2752/2752
f 2744/2744/2744 2754/2754/2754 2745/2745/2745
f 2754/2754/2754 2744/2744/2744 2752/2752/2752
f 2754/2754/2754 2755/2755/2755 2745/2745/2745
f 2753/2753/2753 2756/2756/2756 2752/2752/2752
f 2754/2754/2754 2752/2752/2752 2756/2756/2756
f 2754/2754/2754 2757/2757/2757 2755/2755/2755
f 2757/2757/2757 2754/2754/2754 2756/2756/2756
f 2757/2757/2757 2758/2758/2758 2755/2755/2755
f 2758/2758/2758 2757/2757/2757 2759/2759/2759
f 2757/2757/2757 2760/2760/2760 2759/2759/2759
f 2760/2760/2760 2757/2757/2757 2756/2756/2756
f 2759/2759/2759 2760/2760/2760 2761/2761/2761
f 2762/2762/2762 2756/2756/2756 2753/2753/2753
f 2762/2762/2762 2760/2760/2760 2756/2756/2756
f 2763/2763/2763 2762/2762/2762 2753/2753/2753
f 2763/2763/2763 2764/2764/2764 2762/2762/2762
f 2760/2760/2760 2765/2765/2765 2761/2761/2761
f 2765/2765/2765 2760/2760/2760 2762/2762/2762
f 2764/2764/2764 2766/2766/2766 2762/2762/2762
f 2766/2766/2766 2765/2765/2765 2762/2762/2762
f 2764/2764/2764 2767/2767/2767 2766/2766/2766
f 2767/2767/2767 2768/2768/2768 2766/2766/2766
f 2765/2765/2765 2766/2766/2766 2768/2768/2768
f 2767/2767/2767 2769/2769/2769 2768/2768/2768
f 2769/2769/2769 2770/2770/2770 2768/2768/2768
f 2770/2770/2770 2771/2771/2771 2768/2768/2768
f 2761/2761/2761 2765/2765/2765 2772/2772/2772
f 2772/2772/2772 2765/2765/2765 2768/2768/2768
f 2771/2771/2771 2772/2772/2772 2768/2768/2768
f 2773/2773/2773 2761/2761/2761 2772/2772/2772
f 2772/2772/2772 2771/2771/2771 2774/2774/2774
f 2773/2773/2773 2772/2772/2772 2774/2774/2774
